id_candidato,nombre_candidato,sexo,region,circunscripcion,pacto,subpacto,sigla_partido,partido,gasto_total_declarado,num_transacciones_gasto,estado_cuenta_auditoria,declara_gasto,outlier_gasto_iqr
FERNANDO_ALEX_FERNANDEZ_BARRAZA__ARICA,FERNANDO ALEX FERNANDEZ BARRAZA,H,REGIÓN DE ARICA Y PARINACOTA,ARICA,IZQUIERDA ECOLOGISTA POPULAR,No aplica,POPULAR,POPULAR,300000,1,Aprueba,Sí,No
SERGIO_LEANDRO_MORALES_IMANA__ARICA,SERGIO LEANDRO MORALES IMAÑA,H,REGIÓN DE ARICA Y PARINACOTA,ARICA,IZQUIERDA ECOLOGISTA POPULAR,No aplica,PH,PARTIDO HUMANISTA,610000,8,Aprueba,Sí,No
ANTONIO_LUCIO_MAITA_FLORES__ARICA,ANTONIO LUCIO MAITA FLORES,H,REGIÓN DE ARICA Y PARINACOTA,ARICA,IZQUIERDA ECOLOGISTA POPULAR,No aplica,PH,PARTIDO HUMANISTA,1340008,7,Aprueba con Observaciones,Sí,No
DAVID_JORGE_ANTONIO_PADILLA_RAMIREZ__ARICA,DAVID JORGE ANTONIO PADILLA RAMIREZ,H,REGIÓN DE ARICA Y PARINACOTA,ARICA,IZQUIERDA ECOLOGISTA POPULAR,No aplica,PH,PARTIDO HUMANISTA,370000,2,Aprueba con Observaciones,Sí,No
ALEXANDRA_CASTILLO_BACIAN__ARICA,ALEXANDRA CASTILLO BACIAN,M,REGIÓN DE ARICA Y PARINACOTA,ARICA,IZQUIERDA ECOLOGISTA POPULAR,No aplica,PH,PARTIDO HUMANISTA,2100000,18,Aprueba,Sí,No
ANDREA_ROSITA_CHELLEW_STAMBUK__ARICA,ANDREA ROSITA CHELLEW STAMBUK,M,REGIÓN DE ARICA Y PARINACOTA,ARICA,IZQUIERDA ECOLOGISTA POPULAR,No aplica,PH,PARTIDO HUMANISTA,5274668,34,Aprueba,Sí,No
CARLOS_JORGE_OJEDA_MURILLO__ARICA,CARLOS JORGE OJEDA MURILLO,H,REGIÓN DE ARICA Y PARINACOTA,ARICA,IZQUIERDA ECOLOGISTA POPULAR,No aplica,PH,PARTIDO HUMANISTA,6996546,30,Aprueba con Observaciones,Sí,No
IVAN_MARTIN_ROMERO_MENACHO__ARICA,IVAN MARTIN ROMERO MENACHO,H,REGIÓN DE ARICA Y PARINACOTA,ARICA,IZQUIERDA ECOLOGISTA POPULAR,No aplica,IND,INDEPENDIENTES,1350000,3,Aprueba con Observaciones,Sí,No
INGRID_GISELA_ROBLES_ARAYA__ARICA,INGRID GISELA ROBLES ARAYA,M,REGIÓN DE ARICA Y PARINACOTA,ARICA,IZQUIERDA ECOLOGISTA POPULAR,No aplica,IND,INDEPENDIENTES,12611237,156,Aprueba con Observaciones,Sí,No
SUSANA_ALEJANDRA_PALLERES_FLORES__ARICA,SUSANA ALEJANDRA PALLERES FLORES,M,REGIÓN DE ARICA Y PARINACOTA,ARICA,IZQUIERDA ECOLOGISTA POPULAR,No aplica,IND,INDEPENDIENTES,500000,1,Aprueba,Sí,No
SILVIA_JOCELYN_MUNOZ_DONOSO__ARICA,SILVIA JOCELYN MUÑOZ DONOSO,M,REGIÓN DE ARICA Y PARINACOTA,ARICA,IZQUIERDA ECOLOGISTA POPULAR,No aplica,IND,INDEPENDIENTES,500000,1,Aprueba,Sí,No
ALFREDO_ENRIQUE_TAPIA_CONTRERAS__ARICA,ALFREDO ENRIQUE TAPIA CONTRERAS,H,REGIÓN DE ARICA Y PARINACOTA,ARICA,TODAS Y TODOS POR CHILE,PARTIDO COMUNISTA E INDEPENDIENTES,PCCH,PARTIDO COMUNISTA DE CHILE,4558903,18,Aprueba,Sí,No
MARIA_JOSE_VICTORIANO_CAUTIVO__ARICA,MARIA JOSE VICTORIANO CAUTIVO,M,REGIÓN DE ARICA Y PARINACOTA,ARICA,TODAS Y TODOS POR CHILE,PARTIDO COMUNISTA E INDEPENDIENTES,PCCH,PARTIDO COMUNISTA DE CHILE,2024925,13,Aprueba con Observaciones,Sí,No
PAUL_GABRIEL_GONZALEZ_CARRASCO__ARICA,PAUL GABRIEL GONZALEZ CARRASCO,H,REGIÓN DE ARICA Y PARINACOTA,ARICA,TODAS Y TODOS POR CHILE,PARTIDO COMUNISTA E INDEPENDIENTES,PCCH,PARTIDO COMUNISTA DE CHILE,2426550,7,Aprueba con Observaciones,Sí,No
FANNY_JEANETTE_BARRIENTOS_CRUZATT__ARICA,FANNY JEANETTE BARRIENTOS CRUZATT,M,REGIÓN DE ARICA Y PARINACOTA,ARICA,TODAS Y TODOS POR CHILE,PARTIDO COMUNISTA E INDEPENDIENTES,PCCH,PARTIDO COMUNISTA DE CHILE,0,0,Rechaza,No,No
HANS_ALEX_NEIRA_MALUENDA__ARICA,HANS ALEX NEIRA MALUENDA,H,REGIÓN DE ARICA Y PARINACOTA,ARICA,TODAS Y TODOS POR CHILE,PARTIDO COMUNISTA E INDEPENDIENTES,PCCH,PARTIDO COMUNISTA DE CHILE,934350,2,Aprueba con Observaciones,Sí,No
SABINA_BERTA_PONCE_CANCINO__ARICA,SABINA BERTA PONCE CANCINO,M,REGIÓN DE ARICA Y PARINACOTA,ARICA,TODAS Y TODOS POR CHILE,PARTIDO COMUNISTA E INDEPENDIENTES,PCCH,PARTIDO COMUNISTA DE CHILE,2414350,15,Aprueba con Observaciones,Sí,No
CONSTANZA_BARRAZA_HONORATO__ARICA,CONSTANZA BARRAZA HONORATO,M,REGIÓN DE ARICA Y PARINACOTA,ARICA,TODAS Y TODOS POR CHILE,ACCION HUMANISTA E INDEPENDIENTES,AH,PARTIDO ACCIÓN HUMANISTA,1780000,5,Aprueba con Observaciones,Sí,No
PAUL_CARVAJAL_QUIROZ__ARICA,PAUL CARVAJAL QUIROZ,H,REGIÓN DE ARICA Y PARINACOTA,ARICA,TODAS Y TODOS POR CHILE,ACCION HUMANISTA E INDEPENDIENTES,IND,INDEPENDIENTES,2740000,11,Aprueba,Sí,No
IVAN_PAREDES_FIERRO__ARICA,IVAN PAREDES FIERRO,H,REGIÓN DE ARICA Y PARINACOTA,ARICA,TODAS Y TODOS POR CHILE,ACCION HUMANISTA E INDEPENDIENTES,IND,INDEPENDIENTES,9722740,9,Aprueba,Sí,No
PAULA_CONCHA_PALACIOS__ARICA,PAULA CONCHA PALACIOS,M,REGIÓN DE ARICA Y PARINACOTA,ARICA,TODAS Y TODOS POR CHILE,ACCION HUMANISTA E INDEPENDIENTES,IND,INDEPENDIENTES,1280000,4,Aprueba,Sí,No
FERNANDO_CABRALES_GOMEZ__ARICA,FERNANDO CABRALES GOMEZ,H,REGIÓN DE ARICA Y PARINACOTA,ARICA,TODAS Y TODOS POR CHILE,ACCION HUMANISTA E INDEPENDIENTES,IND,INDEPENDIENTES,820000,3,Aprueba,Sí,No
SOLEDAD_ELVIRA_LARA_QUINTANA__ARICA,SOLEDAD ELVIRA LARA QUINTANA,M,REGIÓN DE ARICA Y PARINACOTA,ARICA,PARTIDO SOCIAL CRISTIANO E INDEPENDIENTES,No aplica,PSC,PARTIDO SOCIAL CRISTIANO,1882365,13,Aprueba con Observaciones,Sí,No
NATALY_CRUZ_PLAZA__ARICA,NATALY CRUZ PLAZA,M,REGIÓN DE ARICA Y PARINACOTA,ARICA,PARTIDO SOCIAL CRISTIANO E INDEPENDIENTES,No aplica,PSC,PARTIDO SOCIAL CRISTIANO,2494700,10,Aprueba con Observaciones,Sí,No
ALEJANDRO_AVALOS_AVILES__ARICA,ALEJANDRO AVALOS AVILES,H,REGIÓN DE ARICA Y PARINACOTA,ARICA,PARTIDO SOCIAL CRISTIANO E INDEPENDIENTES,No aplica,PSC,PARTIDO SOCIAL CRISTIANO,1442400,4,Aprueba,Sí,No
ARIEL_RICARDO_PARADA_JIMENEZ__ARICA,ARIEL RICARDO PARADA JIMENEZ,H,REGIÓN DE ARICA Y PARINACOTA,ARICA,PARTIDO SOCIAL CRISTIANO E INDEPENDIENTES,No aplica,IND,INDEPENDIENTES,1102400,4,Aprueba con Observaciones,Sí,No
IRENE_DEL_CARMEN_AGUIRRE_FLORES__ARICA,IRENE DEL CARMEN AGUIRRE FLORES,M,REGIÓN DE ARICA Y PARINACOTA,ARICA,PARTIDO SOCIAL CRISTIANO E INDEPENDIENTES,No aplica,IND,INDEPENDIENTES,3545000,6,Rechaza,Sí,No
DIEGO_ENRIQUE_ALMARZA_REYES__ARICA,DIEGO ENRIQUE ALMARZA REYES,H,REGIÓN DE ARICA Y PARINACOTA,ARICA,PARTIDO SOCIAL CRISTIANO E INDEPENDIENTES,No aplica,IND,INDEPENDIENTES,1326000,5,Aprueba,Sí,No
JUAN_FRANCISCO_MERUVIA_MERUVIA__ARICA,JUAN FRANCISCO MERUVIA MERUVIA,H,REGIÓN DE ARICA Y PARINACOTA,ARICA,PARTIDO SOCIAL CRISTIANO E INDEPENDIENTES,No aplica,IND,INDEPENDIENTES,4250000,2,Aprueba,Sí,No
CRISTIAN_GODOFREDO_VILLANUEVA_ROSALES__ARICA,CRISTIAN GODOFREDO VILLANUEVA ROSALES,H,REGIÓN DE ARICA Y PARINACOTA,ARICA,PARTIDO SOCIAL CRISTIANO E INDEPENDIENTES,No aplica,IND,INDEPENDIENTES,1524400,4,Aprueba,Sí,No
MARIO_LUZA_ESPINOZA__ARICA,MARIO LUZA ESPINOZA,H,REGIÓN DE ARICA Y PARINACOTA,ARICA,PARTIDO SOCIAL CRISTIANO E INDEPENDIENTES,No aplica,IND,INDEPENDIENTES,626615,4,Aprueba,Sí,No
LEONARDO_BORQUEZ_CASTILLO__ARICA,LEONARDO BORQUEZ CASTILLO,H,REGIÓN DE ARICA Y PARINACOTA,ARICA,CHILE VAMOS RENOVACION NACIONAL - INDEPENDIENTES,No aplica,RN,RENOVACION NACIONAL,3823244,23,Rechaza,Sí,No
SOFIA_CLAVIJO_MEDALLA__ARICA,SOFIA CLAVIJO MEDALLA,M,REGIÓN DE ARICA Y PARINACOTA,ARICA,CHILE VAMOS RENOVACION NACIONAL - INDEPENDIENTES,No aplica,RN,RENOVACION NACIONAL,4825655,16,Aprueba,Sí,No
SEBASTIAN_ARAYA_ARAVENA__ARICA,SEBASTIAN ARAYA ARAVENA,H,REGIÓN DE ARICA Y PARINACOTA,ARICA,CHILE VAMOS RENOVACION NACIONAL - INDEPENDIENTES,No aplica,RN,RENOVACION NACIONAL,8384397,7,Aprueba,Sí,No
KAREN_ROCHA_VILLALBA__ARICA,KAREN ROCHA VILLALBA,M,REGIÓN DE ARICA Y PARINACOTA,ARICA,CHILE VAMOS RENOVACION NACIONAL - INDEPENDIENTES,No aplica,RN,RENOVACION NACIONAL,5155655,33,Aprueba,Sí,No
MARCELO_SOTO_GONZALEZ__ARICA,MARCELO SOTO GONZALEZ,H,REGIÓN DE ARICA Y PARINACOTA,ARICA,CHILE VAMOS RENOVACION NACIONAL - INDEPENDIENTES,No aplica,RN,RENOVACION NACIONAL,1472500,3,Aprueba,Sí,No
NEIL_CASTILLO_LILLO__ARICA,NEIL CASTILLO LILLO,H,REGIÓN DE ARICA Y PARINACOTA,ARICA,CHILE VAMOS RENOVACION NACIONAL - INDEPENDIENTES,No aplica,RN,RENOVACION NACIONAL,2025635,16,Rechaza,Sí,No
SERGIO_LOZANO_GALINDO__ARICA,SERGIO LOZANO GALINDO,H,REGIÓN DE ARICA Y PARINACOTA,ARICA,CHILE VAMOS RENOVACION NACIONAL - INDEPENDIENTES,No aplica,RN,RENOVACION NACIONAL,1853616,27,Aprueba con Observaciones,Sí,No
RICARDO_GODOY_ORDONEZ__ARICA,RICARDO GODOY ORDOÑEZ,H,REGIÓN DE ARICA Y PARINACOTA,ARICA,CHILE VAMOS RENOVACION NACIONAL - INDEPENDIENTES,No aplica,RN,RENOVACION NACIONAL,1474843,15,Aprueba,Sí,No
MANUEL_DIAZ_VASQUEZ__ARICA,MANUEL DIAZ VASQUEZ,H,REGIÓN DE ARICA Y PARINACOTA,ARICA,CHILE VAMOS RENOVACION NACIONAL - INDEPENDIENTES,No aplica,IND,INDEPENDIENTES,1936345,30,Aprueba con Observaciones,Sí,No
DINA_DURAN_FLORES__ARICA,DINA DURAN FLORES,M,REGIÓN DE ARICA Y PARINACOTA,ARICA,CHILE VAMOS RENOVACION NACIONAL - INDEPENDIENTES,No aplica,IND,INDEPENDIENTES,2624603,14,Rechaza,Sí,No
CATALINA_FERNANDEZ_VALCARCE__ARICA,CATALINA FERNANDEZ VALCARCE,M,REGIÓN DE ARICA Y PARINACOTA,ARICA,CHILE VAMOS RENOVACION NACIONAL - INDEPENDIENTES,No aplica,IND,INDEPENDIENTES,7030120,12,Aprueba con Observaciones,Sí,No
DAVID_HECTOR_ZAPATA_VALENZUELA__ARICA,DAVID HECTOR ZAPATA VALENZUELA,H,REGIÓN DE ARICA Y PARINACOTA,ARICA,TU REGION RADICAL,No aplica,PR,PARTIDO RADICAL DE CHILE,2625307,10,Rechaza,Sí,No
ORLANDO_SEBASTIAN_COFRE_CORTES__ARICA,ORLANDO SEBASTIAN COFRE CORTES,H,REGIÓN DE ARICA Y PARINACOTA,ARICA,TU REGION RADICAL,No aplica,PR,PARTIDO RADICAL DE CHILE,689900,2,Aprueba con Observaciones,Sí,No
CECILIA_IRENE_PALLERES_VEAS__ARICA,CECILIA IRENE PALLERES VEAS,M,REGIÓN DE ARICA Y PARINACOTA,ARICA,TU REGION RADICAL,No aplica,PR,PARTIDO RADICAL DE CHILE,1606000,5,Aprueba con Observaciones,Sí,No
CAROLINA_ANDREA_CASTILLO_TAPIA__ARICA,CAROLINA ANDREA CASTILLO TAPIA,M,REGIÓN DE ARICA Y PARINACOTA,ARICA,TU REGION RADICAL,No aplica,PR,PARTIDO RADICAL DE CHILE,642118,4,Aprueba con Observaciones,Sí,No
ERNESTINA_SILVA_VILLEGAS__ARICA,ERNESTINA SILVA VILLEGAS,M,REGIÓN DE ARICA Y PARINACOTA,ARICA,TU REGION RADICAL,No aplica,PR,PARTIDO RADICAL DE CHILE,638771,4,Aprueba con Observaciones,Sí,No
OSCAR_RODRIGO_FUENTES_PALAVECINOS__ARICA,OSCAR RODRIGO FUENTES PALAVECINOS,H,REGIÓN DE ARICA Y PARINACOTA,ARICA,TU REGION RADICAL,No aplica,PR,PARTIDO RADICAL DE CHILE,680449,25,Aprueba con Observaciones,Sí,No
ANGELO_ENRIQUE_RODRIGUEZ_ORTIZ__ARICA,ANGELO ENRIQUE RODRIGUEZ ORTIZ,H,REGIÓN DE ARICA Y PARINACOTA,ARICA,TU REGION RADICAL,No aplica,IND,INDEPENDIENTES,1900000,1,Rechaza,Sí,No
CLAUDIA_VERONICA_VERA_CARLOS__ARICA,CLAUDIA VERONICA VERA CARLOS,M,REGIÓN DE ARICA Y PARINACOTA,ARICA,TU REGION RADICAL,No aplica,IND,INDEPENDIENTES,600000,2,Aprueba,Sí,No
HERNAN_IPAX_MERY_AHUMADA__ARICA,HERNAN IPAX MERY AHUMADA,H,REGIÓN DE ARICA Y PARINACOTA,ARICA,TU REGION RADICAL,No aplica,IND,INDEPENDIENTES,0,0,Rechaza,No,No
OSCAR_PANTOJA_RIVERA__ARICA,OSCAR PANTOJA RIVERA,H,REGIÓN DE ARICA Y PARINACOTA,ARICA,REGIONES VERDES LIBERALES,No aplica,PL,PARTIDO LIBERAL DE CHILE,7045001,62,Aprueba con Observaciones,Sí,No
EDGAR_MUNOZ_RETAMALES__ARICA,EDGAR MUÑOZ RETAMALES,H,REGIÓN DE ARICA Y PARINACOTA,ARICA,REGIONES VERDES LIBERALES,No aplica,PL,PARTIDO LIBERAL DE CHILE,6845000,23,Aprueba con Observaciones,Sí,No
CESAR_ANTONIO_SANTIS_ZUNIGA__ARICA,CESAR ANTONIO SANTIS ZUÑIGA,H,REGIÓN DE ARICA Y PARINACOTA,ARICA,REGIONES VERDES LIBERALES,No aplica,PL,PARTIDO LIBERAL DE CHILE,2152281,10,Aprueba con Observaciones,Sí,No
PATRICIO_MOYA_MUNOZ__ARICA,PATRICIO MOYA MUÑOZ,H,REGIÓN DE ARICA Y PARINACOTA,ARICA,REGIONES VERDES LIBERALES,No aplica,FREVS,FEDERACION REGIONALISTA VERDE SOCIAL,1845122,9,Aprueba con Observaciones,Sí,No
LISETTE_VERONICA_SULANTAY_HERNAEZ__ARICA,LISETTE VERONICA SULANTAY HERNAEZ,M,REGIÓN DE ARICA Y PARINACOTA,ARICA,REGIONES VERDES LIBERALES,No aplica,FREVS,FEDERACION REGIONALISTA VERDE SOCIAL,2700000,7,Aprueba con Observaciones,Sí,No
LORENA_MUSSA_VALENZUELA__ARICA,LORENA MUSSA VALENZUELA,M,REGIÓN DE ARICA Y PARINACOTA,ARICA,REGIONES VERDES LIBERALES,No aplica,IND,INDEPENDIENTES,5185404,16,Aprueba,Sí,No
YEAN_MIGUEL_PASTEN_GALVEZ__ARICA,YEAN MIGUEL PASTEN GALVEZ,H,REGIÓN DE ARICA Y PARINACOTA,ARICA,REGIONES VERDES LIBERALES,No aplica,IND,INDEPENDIENTES,3290000,10,Aprueba,Sí,No
MIGUEL_ANGEL_LEIVA_PIZARRO__ARICA,MIGUEL ANGEL LEIVA PIZARRO,H,REGIÓN DE ARICA Y PARINACOTA,ARICA,REGIONES VERDES LIBERALES,No aplica,IND,INDEPENDIENTES,728674,4,Aprueba con Observaciones,Sí,No
CLAUDIO_ANDRES_PAZ_FUENTES__ARICA,CLAUDIO ANDRES PAZ FUENTES,H,REGIÓN DE ARICA Y PARINACOTA,ARICA,REGIONES VERDES LIBERALES,No aplica,IND,INDEPENDIENTES,2195122,3,Aprueba con Observaciones,Sí,No
ALEJANDRO_ESTEBAN_DIAZ_CARVAJAL__ARICA,ALEJANDRO ESTEBAN DIAZ CARVAJAL,H,REGIÓN DE ARICA Y PARINACOTA,ARICA,LO MEJOR PARA CHILE,PS E INDEPENDIENTES,PS,PARTIDO SOCIALISTA DE CHILE,4829947,56,Aprueba,Sí,No
LORY_BERNIE_ESCUDERO_GUARDIA__ARICA,LORY BERNIE ESCUDERO GUARDIA,M,REGIÓN DE ARICA Y PARINACOTA,ARICA,LO MEJOR PARA CHILE,PS E INDEPENDIENTES,PS,PARTIDO SOCIALISTA DE CHILE,3500000,33,Aprueba,Sí,No
SOHEL_LEONARDO_HERESI_FLORES__ARICA,SOHEL LEONARDO HERESI FLORES,H,REGIÓN DE ARICA Y PARINACOTA,ARICA,LO MEJOR PARA CHILE,PS E INDEPENDIENTES,IND,INDEPENDIENTES,0,0,Rechaza,No,No
DENISSE_ANDREA_MORALES_FLORES__ARICA,DENISSE ANDREA MORALES FLORES,M,REGIÓN DE ARICA Y PARINACOTA,ARICA,LO MEJOR PARA CHILE,PS E INDEPENDIENTES,IND,INDEPENDIENTES,4546400,5,Rechaza,Sí,No
LINO_EUSTAQUIO_MAMANI_VICENTE__ARICA,LINO EUSTAQUIO MAMANI VICENTE,H,REGIÓN DE ARICA Y PARINACOTA,ARICA,LO MEJOR PARA CHILE,PPD E INDEPENDIENTES,PPD,PARTIDO POR LA DEMOCRACIA,604087,3,Aprueba con Observaciones,Sí,No
MARIANELA_DEL_ROSARIO_TAPIA_CARVAJAL__ARICA,MARIANELA DEL ROSARIO TAPIA CARVAJAL,M,REGIÓN DE ARICA Y PARINACOTA,ARICA,LO MEJOR PARA CHILE,PPD E INDEPENDIENTES,PPD,PARTIDO POR LA DEMOCRACIA,814584,12,Aprueba,Sí,No
EMILIO_JOSE_JIMENEZ_CACERES__ARICA,EMILIO JOSE JIMENEZ CACERES,H,REGIÓN DE ARICA Y PARINACOTA,ARICA,LO MEJOR PARA CHILE,PPD E INDEPENDIENTES,PPD,PARTIDO POR LA DEMOCRACIA,6035502,10,Aprueba con Observaciones,Sí,No
VIVIANA_ORTIZ_VILDOSO__ARICA,VIVIANA ORTIZ VILDOSO,M,REGIÓN DE ARICA Y PARINACOTA,ARICA,LO MEJOR PARA CHILE,PPD E INDEPENDIENTES,IND,INDEPENDIENTES,476000,1,Aprueba con Observaciones,Sí,No
RAUL_ROLANDO_OSSANDON_VASQUEZ__ARICA,RAUL ROLANDO OSSANDON VASQUEZ,H,REGIÓN DE ARICA Y PARINACOTA,ARICA,LO MEJOR PARA CHILE,PPD E INDEPENDIENTES,IND,INDEPENDIENTES,671000,1,Aprueba,Sí,No
CAROLINA_ANDREA_EMPARAN_RAMIREZ__ARICA,CAROLINA ANDREA EMPARAN RAMIREZ,M,REGIÓN DE ARICA Y PARINACOTA,ARICA,PARTIDO DE LA GENTE E INDEPENDIENTES,No aplica,PDG,PARTIDO DE LA GENTE,550000,5,Aprueba,Sí,No
JULIE_ALEJANDRA_DURAN_LOPEZ__ARICA,JULIE ALEJANDRA DURAN LOPEZ,M,REGIÓN DE ARICA Y PARINACOTA,ARICA,PARTIDO DE LA GENTE E INDEPENDIENTES,No aplica,PDG,PARTIDO DE LA GENTE,490218,6,Aprueba con Observaciones,Sí,No
GONZALO_DANIEL_CAMPUSANO_YANEZ__ARICA,GONZALO DANIEL CAMPUSANO YAÑEZ,H,REGIÓN DE ARICA Y PARINACOTA,ARICA,PARTIDO DE LA GENTE E INDEPENDIENTES,No aplica,PDG,PARTIDO DE LA GENTE,3413000,8,Aprueba con Observaciones,Sí,No
FRIEDRICH_RENARD_MENCIA_POCONI__ARICA,FRIEDRICH RENARD MENCIA POCONI,H,REGIÓN DE ARICA Y PARINACOTA,ARICA,PARTIDO DE LA GENTE E INDEPENDIENTES,No aplica,PDG,PARTIDO DE LA GENTE,936000,4,Aprueba con Observaciones,Sí,No
IVAN_ANDRES_OSORIO_CORTES__ARICA,IVAN ANDRES OSORIO CORTES,H,REGIÓN DE ARICA Y PARINACOTA,ARICA,PARTIDO DE LA GENTE E INDEPENDIENTES,No aplica,PDG,PARTIDO DE LA GENTE,404740,4,Aprueba con Observaciones,Sí,No
KLAUS_ABDIEL_NEVERMANN_BU_ANTUN__ARICA,KLAUS ABDIEL NEVERMANN BU-ANTUN,H,REGIÓN DE ARICA Y PARINACOTA,ARICA,PARTIDO DE LA GENTE E INDEPENDIENTES,No aplica,IND,INDEPENDIENTES,295000,3,Sin información,Sí,No
MARCELO_EMMANUEL_GONZALEZ_OLIVARES__ARICA,MARCELO EMMANUEL GONZALEZ OLIVARES,H,REGIÓN DE ARICA Y PARINACOTA,ARICA,POR UN CHILE MEJOR,No aplica,PDC,PARTIDO DEMOCRATA CRISTIANO,4364831,21,Aprueba con Observaciones,Sí,No
VIOLETA_CLEISY_CASTILLO_QUISPE__ARICA,VIOLETA CLEISY CASTILLO QUISPE,M,REGIÓN DE ARICA Y PARINACOTA,ARICA,POR UN CHILE MEJOR,No aplica,PDC,PARTIDO DEMOCRATA CRISTIANO,2575000,3,Aprueba,Sí,No
CAROLINA_MABEL_MUNOZ_DROGUETT__ARICA,CAROLINA MABEL MUÑOZ DROGUETT,M,REGIÓN DE ARICA Y PARINACOTA,ARICA,POR UN CHILE MEJOR,No aplica,IND,INDEPENDIENTES,1875000,14,Aprueba,Sí,No
ROCIO_BELEN_MOLLO_CAICONTE__ARICA,ROCIO BELEN MOLLO CAICONTE,M,REGIÓN DE ARICA Y PARINACOTA,ARICA,POR UN CHILE MEJOR,No aplica,IND,INDEPENDIENTES,3183373,17,Rechaza,Sí,No
MONICA_ROSA_AZOCAR_SILES__ARICA,MONICA ROSA AZOCAR SILES,M,REGIÓN DE ARICA Y PARINACOTA,ARICA,POR UN CHILE MEJOR,No aplica,IND,INDEPENDIENTES,1360000,7,Aprueba con Observaciones,Sí,No
ROMULO_RUIZ_GUZMAN__ARICA,ROMULO RUIZ GUZMAN,H,REGIÓN DE ARICA Y PARINACOTA,ARICA,POR UN CHILE MEJOR,No aplica,IND,INDEPENDIENTES,1307986,13,Aprueba con Observaciones,Sí,No
RODOLFO_IGNACIO_GONZALEZ_FLORES__ARICA,RODOLFO IGNACIO GONZALEZ FLORES,H,REGIÓN DE ARICA Y PARINACOTA,ARICA,POR UN CHILE MEJOR,No aplica,IND,INDEPENDIENTES,4723072,34,Aprueba con Observaciones,Sí,No
ANA_MARICELA_SUPANTA_AYCA__ARICA,ANA MARICELA SUPANTA AYCA,M,REGIÓN DE ARICA Y PARINACOTA,ARICA,POR UN CHILE MEJOR,No aplica,IND,INDEPENDIENTES,2875000,10,Aprueba con Observaciones,Sí,No
ELIZABETH_ROSSANA_OSSES_FAUNDEZ__ARICA,ELIZABETH ROSSANA OSSES FAUNDEZ,M,REGIÓN DE ARICA Y PARINACOTA,ARICA,POR UN CHILE MEJOR,No aplica,IND,INDEPENDIENTES,4063709,7,Aprueba,Sí,No
NINO_SEGUNDO_ESTAY_ESPINOZA__ARICA,NINO SEGUNDO ESTAY ESPINOZA,H,REGIÓN DE ARICA Y PARINACOTA,ARICA,CENTRO DEMOCRATICO,DEMOCRATAS E INDEPENDIENTES,DEMOCRATAS,PARTIDO DEMOCRATAS CHILE,2383400,9,Aprueba con Observaciones,Sí,No
JAVIER_ENRIQUE_DIAZ_CALDERON__ARICA,JAVIER ENRIQUE DIAZ CALDERON,H,REGIÓN DE ARICA Y PARINACOTA,ARICA,CENTRO DEMOCRATICO,DEMOCRATAS E INDEPENDIENTES,IND,INDEPENDIENTES,0,0,Aprueba,No,No
CARLOS_ENRIQUE_FERRY_CAMPODONICO__ARICA,CARLOS ENRIQUE FERRY CAMPODONICO,H,REGIÓN DE ARICA Y PARINACOTA,ARICA,CENTRO DEMOCRATICO,DEMOCRATAS E INDEPENDIENTES,IND,INDEPENDIENTES,2049740,7,Aprueba con Observaciones,Sí,No
ARIELLE_JESUS_PALMA_LOPEZ__ARICA,ARIELLE JESUS PALMA LOPEZ,M,REGIÓN DE ARICA Y PARINACOTA,ARICA,CENTRO DEMOCRATICO,DEMOCRATAS E INDEPENDIENTES,IND,INDEPENDIENTES,0,0,Aprueba con Observaciones,No,No
CLAUDIA_ROSARIO_MIRANDA_TORRES__ARICA,CLAUDIA ROSARIO MIRANDA TORRES,M,REGIÓN DE ARICA Y PARINACOTA,ARICA,CENTRO DEMOCRATICO,DEMOCRATAS E INDEPENDIENTES,IND,INDEPENDIENTES,90440,1,Aprueba,Sí,No
NAKITA_FERNANDA_ALCORCE_HUAMAN__ARICA,NAKITA FERNANDA ALCORCE HUAMAN,M,REGIÓN DE ARICA Y PARINACOTA,ARICA,CENTRO DEMOCRATICO,DEMOCRATAS E INDEPENDIENTES,IND,INDEPENDIENTES,5396504,34,Aprueba con Observaciones,Sí,No
GASTON_ERNESTO_PADILLA_RAMIREZ__ARICA,GASTON ERNESTO PADILLA RAMIREZ,H,REGIÓN DE ARICA Y PARINACOTA,ARICA,CENTRO DEMOCRATICO,DEMOCRATAS E INDEPENDIENTES,IND,INDEPENDIENTES,0,0,Rechaza,No,No
PAULINA_BRAVIN_DIAZ__ARICA,PAULINA BRAVIN DIAZ,M,REGIÓN DE ARICA Y PARINACOTA,ARICA,CENTRO DEMOCRATICO,DEMOCRATAS E INDEPENDIENTES,IND,INDEPENDIENTES,2215000,5,Aprueba con Observaciones,Sí,No
LUIS_MIGUEL_CEBALLOS_MERINO__ARICA,LUIS MIGUEL CEBALLOS MERIÑO,H,REGIÓN DE ARICA Y PARINACOTA,ARICA,CENTRO DEMOCRATICO,DEMOCRATAS E INDEPENDIENTES,IND,INDEPENDIENTES,685000,3,Aprueba con Observaciones,Sí,No
JORGE_SOCRATES_CASTILLO_ORIZOLA__ARICA,JORGE SOCRATES CASTILLO ORIZOLA,H,REGIÓN DE ARICA Y PARINACOTA,ARICA,CENTRO DEMOCRATICO,DEMOCRATAS E INDEPENDIENTES,IND,INDEPENDIENTES,0,0,Aprueba,No,No
MILENE_ROSSINA_MOLINA_ARANCIBIA__ARICA,MILENE ROSSINA MOLINA ARANCIBIA,M,REGIÓN DE ARICA Y PARINACOTA,ARICA,FRENTE AMPLIO,FRENTE AMPLIO E INDEPENDIENTES,FA,FRENTE AMPLIO,4767892,88,Aprueba con Observaciones,Sí,No
MARICELA_MARA_TRUJILLO_OSORIO__ARICA,MARICELA MARA TRUJILLO OSORIO,M,REGIÓN DE ARICA Y PARINACOTA,ARICA,FRENTE AMPLIO,FRENTE AMPLIO E INDEPENDIENTES,FA,FRENTE AMPLIO,0,0,Aprueba,No,No
GALIA_LENOSHKA_RAMIREZ_CERDA__ARICA,GALIA LENOSHKA RAMIREZ CERDA,M,REGIÓN DE ARICA Y PARINACOTA,ARICA,FRENTE AMPLIO,FRENTE AMPLIO E INDEPENDIENTES,FA,FRENTE AMPLIO,260000,1,Aprueba con Observaciones,Sí,No
JAVIER_IGNACIO_VILLARROEL_GARCIA__ARICA,JAVIER IGNACIO VILLARROEL GARCIA,H,REGIÓN DE ARICA Y PARINACOTA,ARICA,FRENTE AMPLIO,FRENTE AMPLIO E INDEPENDIENTES,IND,INDEPENDIENTES,300000,3,Aprueba,Sí,No
MARITSSA_ELIZABETH_CASTILLO_MORGADO__ARICA,MARITSSA ELIZABETH CASTILLO MORGADO,M,REGIÓN DE ARICA Y PARINACOTA,ARICA,FRENTE AMPLIO,FRENTE AMPLIO E INDEPENDIENTES,IND,INDEPENDIENTES,1122867,5,Aprueba con Observaciones,Sí,No
PATRICIA_ROMINA_RIVERA_PINTO__ARICA,PATRICIA ROMINA RIVERA PINTO,M,REGIÓN DE ARICA Y PARINACOTA,ARICA,FRENTE AMPLIO,FRENTE AMPLIO E INDEPENDIENTES,IND,INDEPENDIENTES,305000,3,Aprueba,Sí,No
RODRIGO_ALBERTO_VASQUEZ_SANTIBANEZ__ARICA,RODRIGO ALBERTO VASQUEZ SANTIBAÑEZ,H,REGIÓN DE ARICA Y PARINACOTA,ARICA,FRENTE AMPLIO,FRENTE AMPLIO E INDEPENDIENTES,IND,INDEPENDIENTES,1125000,32,Aprueba,Sí,No
JORGE_WILLIAMS_TAPIA_SAAVEDRA__ARICA,JORGE WILLIAMS TAPIA SAAVEDRA,H,REGIÓN DE ARICA Y PARINACOTA,ARICA,FRENTE AMPLIO,FRENTE AMPLIO E INDEPENDIENTES,IND,INDEPENDIENTES,0,0,Aprueba con Observaciones,No,No
MARLY_CECILIA_VARGAS_PALMA__ARICA,MARLY CECILIA VARGAS PALMA,M,REGIÓN DE ARICA Y PARINACOTA,ARICA,FRENTE AMPLIO,FRENTE AMPLIO E INDEPENDIENTES,IND,INDEPENDIENTES,0,0,Rechaza,No,No
ANDREA_ELIZABETH_PEREZ_CORTES__ARICA,ANDREA ELIZABETH PEREZ CORTES,M,REGIÓN DE ARICA Y PARINACOTA,ARICA,FRENTE AMPLIO,FRENTE AMPLIO E INDEPENDIENTES,IND,INDEPENDIENTES,6328434,55,Aprueba con Observaciones,Sí,No
SEBASTIAN_NICOLAS_GODOY_LEAL__ARICA,SEBASTIAN NICOLAS GODOY LEAL,H,REGIÓN DE ARICA Y PARINACOTA,ARICA,FRENTE AMPLIO,FRENTE AMPLIO E INDEPENDIENTES,IND,INDEPENDIENTES,5038558,19,Aprueba con Observaciones,Sí,No
ROBERTO_ERPEL_SEGUEL__ARICA,ROBERTO ERPEL SEGUEL,H,REGIÓN DE ARICA Y PARINACOTA,ARICA,CHILE VAMOS UDI - INDEPENDIENTES,No aplica,UDI,UNION DEMOCRATA INDEPENDIENTE,3762286,12,Aprueba con Observaciones,Sí,No
JORGE_CARTAGENA_CHAVEZ__ARICA,JORGE CARTAGENA CHAVEZ,H,REGIÓN DE ARICA Y PARINACOTA,ARICA,CHILE VAMOS UDI - INDEPENDIENTES,No aplica,UDI,UNION DEMOCRATA INDEPENDIENTE,0,0,Rechaza,No,No
CARMEN_ZAPATA_LEIVA__ARICA,CARMEN ZAPATA LEIVA,M,REGIÓN DE ARICA Y PARINACOTA,ARICA,CHILE VAMOS UDI - INDEPENDIENTES,No aplica,UDI,UNION DEMOCRATA INDEPENDIENTE,1862550,20,Aprueba con Observaciones,Sí,No
SEGUNDO_SEGUEL_GUARACHI__ARICA,SEGUNDO SEGUEL GUARACHI,H,REGIÓN DE ARICA Y PARINACOTA,ARICA,CHILE VAMOS UDI - INDEPENDIENTES,No aplica,UDI,UNION DEMOCRATA INDEPENDIENTE,500000,2,Aprueba con Observaciones,Sí,No
EDITH_SUAZO_BARRAZA__ARICA,EDITH SUAZO BARRAZA,M,REGIÓN DE ARICA Y PARINACOTA,ARICA,CHILE VAMOS UDI - INDEPENDIENTES,No aplica,UDI,UNION DEMOCRATA INDEPENDIENTE,3415000,23,Aprueba,Sí,No
CRISTIAN_PRADENAS_SOTO__ARICA,CRISTIAN PRADENAS SOTO,H,REGIÓN DE ARICA Y PARINACOTA,ARICA,CHILE VAMOS UDI - INDEPENDIENTES,No aplica,IND,INDEPENDIENTES,3931673,8,Aprueba con Observaciones,Sí,No
BEATRIZ_CHAVEZ_VICENTELO__ARICA,BEATRIZ CHAVEZ VICENTELO,M,REGIÓN DE ARICA Y PARINACOTA,ARICA,CHILE VAMOS UDI - INDEPENDIENTES,No aplica,IND,INDEPENDIENTES,2664748,38,Aprueba con Observaciones,Sí,No
GUILLERMO_BERETTA_RIQUELME__ARICA,GUILLERMO BERETTA RIQUELME,H,REGIÓN DE ARICA Y PARINACOTA,ARICA,CHILE VAMOS UDI - INDEPENDIENTES,No aplica,IND,INDEPENDIENTES,2348067,15,Aprueba con Observaciones,Sí,No
RODRIGO_PAREDES_JIMENEZ__ARICA,RODRIGO PAREDES JIMENEZ,H,REGIÓN DE ARICA Y PARINACOTA,ARICA,CHILE VAMOS UDI - INDEPENDIENTES,No aplica,IND,INDEPENDIENTES,0,0,Rechaza,No,No
FRANCISCO_RODRIGUEZ_DE_LA_RIVA__ARICA,FRANCISCO RODRIGUEZ DE LA RIVA,H,REGIÓN DE ARICA Y PARINACOTA,ARICA,CHILE VAMOS UDI - INDEPENDIENTES,No aplica,IND,INDEPENDIENTES,520000,4,Aprueba,Sí,No
IGNACIO_ALFREDO_GOMEZ_GUTIERREZ__ARICA,IGNACIO ALFREDO GOMEZ GUTIERREZ,H,REGIÓN DE ARICA Y PARINACOTA,ARICA,REPUBLICANOS E INDEPENDIENTES,No aplica,REPUBLICANO,PARTIDO REPUBLICANO DE CHILE,3803875,8,Aprueba con Observaciones,Sí,No
ROMINA_CECILIA_CIFUENTES_GONZALEZ__ARICA,ROMINA CECILIA CIFUENTES GONZALEZ,M,REGIÓN DE ARICA Y PARINACOTA,ARICA,REPUBLICANOS E INDEPENDIENTES,No aplica,REPUBLICANO,PARTIDO REPUBLICANO DE CHILE,605000,2,Aprueba,Sí,No
ELENA_MARCELA_FORNES_CARCAMO__ARICA,ELENA MARCELA FORNES CARCAMO,M,REGIÓN DE ARICA Y PARINACOTA,ARICA,REPUBLICANOS E INDEPENDIENTES,No aplica,REPUBLICANO,PARTIDO REPUBLICANO DE CHILE,2589955,5,Aprueba,Sí,No
NESTOR_ANGEL_PINTO_RIOS__ARICA,NESTOR ANGEL PINTO RIOS,H,REGIÓN DE ARICA Y PARINACOTA,ARICA,REPUBLICANOS E INDEPENDIENTES,No aplica,REPUBLICANO,PARTIDO REPUBLICANO DE CHILE,0,0,Aprueba,No,No
MARCELO_ENRIQUE_VILLARROEL_SARMIENTO__ARICA,MARCELO ENRIQUE VILLARROEL SARMIENTO,H,REGIÓN DE ARICA Y PARINACOTA,ARICA,REPUBLICANOS E INDEPENDIENTES,No aplica,REPUBLICANO,PARTIDO REPUBLICANO DE CHILE,2953081,10,Aprueba,Sí,No
CARLOS_ANDRES_OPAZO_OLAVARRIA__ARICA,CARLOS ANDRES OPAZO OLAVARRIA,H,REGIÓN DE ARICA Y PARINACOTA,ARICA,REPUBLICANOS E INDEPENDIENTES,No aplica,REPUBLICANO,PARTIDO REPUBLICANO DE CHILE,3806000,9,Aprueba,Sí,No
LIN_KIU_ODILA_LY_FUMEY__ARICA,LIN-KIU ODILA LY FUMEY,M,REGIÓN DE ARICA Y PARINACOTA,ARICA,REPUBLICANOS E INDEPENDIENTES,No aplica,REPUBLICANO,PARTIDO REPUBLICANO DE CHILE,5858244,51,Sin información,Sí,No
RICARDO_ORLANDO_PORTILLA_MONSALVE__ARICA,RICARDO ORLANDO PORTILLA MONSALVE,H,REGIÓN DE ARICA Y PARINACOTA,ARICA,REPUBLICANOS E INDEPENDIENTES,No aplica,REPUBLICANO,PARTIDO REPUBLICANO DE CHILE,500000,8,Aprueba,Sí,No
LUIS_FRANCISCO_ARAYA_VALDECCHY__ARICA,LUIS FRANCISCO ARAYA VALDECCHY,H,REGIÓN DE ARICA Y PARINACOTA,ARICA,REPUBLICANOS E INDEPENDIENTES,No aplica,REPUBLICANO,PARTIDO REPUBLICANO DE CHILE,5452453,23,Aprueba con Observaciones,Sí,No
CRISTHIAN_ABDON_SALAS_TORRICO__ARICA,CRISTHIAN ABDON SALAS TORRICO,H,REGIÓN DE ARICA Y PARINACOTA,ARICA,REPUBLICANOS E INDEPENDIENTES,No aplica,REPUBLICANO,PARTIDO REPUBLICANO DE CHILE,0,1,Aprueba,No,No
ALEJANDRO_FIDEL_MORALES_IMANA__PARINACOTA,ALEJANDRO FIDEL MORALES IMAÑA,H,REGIÓN DE ARICA Y PARINACOTA,PARINACOTA,IZQUIERDA ECOLOGISTA POPULAR,No aplica,IND,INDEPENDIENTES,1002065,14,Aprueba con Observaciones,Sí,No
LORENA_VENTURA_VASQUEZ__PARINACOTA,LORENA VENTURA VASQUEZ,M,REGIÓN DE ARICA Y PARINACOTA,PARINACOTA,CHILE VAMOS RENOVACION NACIONAL - INDEPENDIENTES,No aplica,RN,RENOVACION NACIONAL,1878305,13,Aprueba con Observaciones,Sí,No
CARLOS_FERNANDEZ_BLANCO__PARINACOTA,CARLOS FERNANDEZ BLANCO,H,REGIÓN DE ARICA Y PARINACOTA,PARINACOTA,CHILE VAMOS RENOVACION NACIONAL - INDEPENDIENTES,No aplica,RN,RENOVACION NACIONAL,1130155,9,Aprueba,Sí,No
ANTONY_CHAMBILLA_VILLALOBOS__PARINACOTA,ANTONY CHAMBILLA VILLALOBOS,H,REGIÓN DE ARICA Y PARINACOTA,PARINACOTA,CHILE VAMOS RENOVACION NACIONAL - INDEPENDIENTES,No aplica,RN,RENOVACION NACIONAL,1040155,5,Rechaza,Sí,No
DINA_HUANCA_PAIRO__PARINACOTA,DINA HUANCA PAIRO,M,REGIÓN DE ARICA Y PARINACOTA,PARINACOTA,REGIONES VERDES LIBERALES,No aplica,IND,INDEPENDIENTES,0,0,Rechaza,No,No
FREDDY_ANGEL_FLORES_CONDORI__PARINACOTA,FREDDY ANGEL FLORES CONDORI,H,REGIÓN DE ARICA Y PARINACOTA,PARINACOTA,REGIONES VERDES LIBERALES,No aplica,IND,INDEPENDIENTES,260000,1,Aprueba,Sí,No
BERNARDA_SENOVIA_MAMANI_MAMANI__PARINACOTA,BERNARDA SENOVIA MAMANI MAMANI,M,REGIÓN DE ARICA Y PARINACOTA,PARINACOTA,REGIONES VERDES LIBERALES,No aplica,IND,INDEPENDIENTES,104000,1,Aprueba con Observaciones,Sí,No
MIGUEL_ERIK_SUPANTA_CASTILLO__PARINACOTA,MIGUEL ERIK SUPANTA CASTILLO,H,REGIÓN DE ARICA Y PARINACOTA,PARINACOTA,LO MEJOR PARA CHILE,PPD E INDEPENDIENTES,IND,INDEPENDIENTES,0,0,Rechaza,No,No
SERGIO_LOPEZ_VILLAZON__PARINACOTA,SERGIO LOPEZ VILLAZON,H,REGIÓN DE ARICA Y PARINACOTA,PARINACOTA,LO MEJOR PARA CHILE,PS E INDEPENDIENTES,PS,PARTIDO SOCIALISTA DE CHILE,509990,7,Aprueba con Observaciones,Sí,No
EDGARD_GUSTAVO_PAREDES_CHOQUE__PARINACOTA,EDGARD GUSTAVO PAREDES CHOQUE,H,REGIÓN DE ARICA Y PARINACOTA,PARINACOTA,PARTIDO DE LA GENTE E INDEPENDIENTES,No aplica,PDG,PARTIDO DE LA GENTE,1160000,7,Aprueba con Observaciones,Sí,No
CRISTIAN_ANDRES_BILBAO_APATA__PARINACOTA,CRISTIAN ANDRES BILBAO APATA,H,REGIÓN DE ARICA Y PARINACOTA,PARINACOTA,POR UN CHILE MEJOR,No aplica,PDC,PARTIDO DEMOCRATA CRISTIANO,1310000,10,Aprueba,Sí,No
FLORENCIO_MARTIN_VILLANUEVA_SARCO__PARINACOTA,FLORENCIO MARTIN VILLANUEVA SARCO,H,REGIÓN DE ARICA Y PARINACOTA,PARINACOTA,POR UN CHILE MEJOR,No aplica,IND,INDEPENDIENTES,1210010,6,Aprueba con Observaciones,Sí,No
ENRIQUE_MANUEL_PEREZ_INQUILTUPA__PARINACOTA,ENRIQUE MANUEL PEREZ INQUILTUPA,H,REGIÓN DE ARICA Y PARINACOTA,PARINACOTA,CENTRO DEMOCRATICO,DEMOCRATAS E INDEPENDIENTES,IND,INDEPENDIENTES,610001,3,Aprueba con Observaciones,Sí,No
DANIEL_ALEXIS_LINARES_ZEGARRA__PARINACOTA,DANIEL ALEXIS LINARES ZEGARRA,H,REGIÓN DE ARICA Y PARINACOTA,PARINACOTA,CENTRO DEMOCRATICO,DEMOCRATAS E INDEPENDIENTES,IND,INDEPENDIENTES,3498834,8,Aprueba,Sí,No
JAVIER_EDWIN_LLUSCO_AJATA__PARINACOTA,JAVIER EDWIN LLUSCO AJATA,H,REGIÓN DE ARICA Y PARINACOTA,PARINACOTA,CENTRO DEMOCRATICO,DEMOCRATAS E INDEPENDIENTES,IND,INDEPENDIENTES,150000,2,Aprueba con Observaciones,Sí,No
CAROLA_VICTORIA_SANTOS_CONDORI__PARINACOTA,CAROLA VICTORIA SANTOS CONDORI,M,REGIÓN DE ARICA Y PARINACOTA,PARINACOTA,FRENTE AMPLIO,FRENTE AMPLIO E INDEPENDIENTES,FA,FRENTE AMPLIO,1283340,6,Aprueba con Observaciones,Sí,No
LORETO_MARCELA_DELGADO_MOLLO__PARINACOTA,LORETO MARCELA DELGADO MOLLO,M,REGIÓN DE ARICA Y PARINACOTA,PARINACOTA,FRENTE AMPLIO,FRENTE AMPLIO E INDEPENDIENTES,FA,FRENTE AMPLIO,414940,9,Aprueba con Observaciones,Sí,No
HERMES_GOMEZ_GALLARDO__PARINACOTA,HERMES GOMEZ GALLARDO,H,REGIÓN DE ARICA Y PARINACOTA,PARINACOTA,CHILE VAMOS UDI - INDEPENDIENTES,No aplica,IND,INDEPENDIENTES,310001,2,Aprueba con Observaciones,Sí,No
DIANA_POMA_CASTRO__PARINACOTA,DIANA POMA CASTRO,M,REGIÓN DE ARICA Y PARINACOTA,PARINACOTA,CHILE VAMOS UDI - INDEPENDIENTES,No aplica,IND,INDEPENDIENTES,0,0,Rechaza,No,No
JUAN_MANUEL_MUNOZ_CABRERA__PARINACOTA,JUAN MANUEL MUÑOZ CABRERA,H,REGIÓN DE ARICA Y PARINACOTA,PARINACOTA,CHILE VAMOS UDI - INDEPENDIENTES,No aplica,IND,INDEPENDIENTES,240460,2,Aprueba con Observaciones,Sí,No
MACARENA_PAOLA_VALENZUELA_CORTES__PARINACOTA,MACARENA PAOLA VALENZUELA CORTES,M,REGIÓN DE ARICA Y PARINACOTA,PARINACOTA,REPUBLICANOS E INDEPENDIENTES,No aplica,IND,INDEPENDIENTES,20320,1,Aprueba,Sí,No
ELBA_NORFA_VALDERRAMA_ARANCIBIA__IQUIQUE,ELBA NORFA VALDERRAMA ARANCIBIA,M,REGIÓN DE TARAPACÁ,IQUIQUE,IZQUIERDA ECOLOGISTA POPULAR,No aplica,POPULAR,POPULAR,170000,1,Aprueba con Observaciones,Sí,No
JUAN_CARLOS_HUERTA_MORAGA__IQUIQUE,JUAN CARLOS HUERTA MORAGA,H,REGIÓN DE TARAPACÁ,IQUIQUE,IZQUIERDA ECOLOGISTA POPULAR,No aplica,PH,PARTIDO HUMANISTA,1584000,9,Aprueba con Observaciones,Sí,No
PIERA_DANIELLA_BUCCIONI_MALDONADO__IQUIQUE,PIERA DANIELLA BUCCIONI MALDONADO,M,REGIÓN DE TARAPACÁ,IQUIQUE,IZQUIERDA ECOLOGISTA POPULAR,No aplica,IND,INDEPENDIENTES,1276000,14,Aprueba con Observaciones,Sí,No
ESTER_ELISA_SOTO_ALEGRIA__IQUIQUE,ESTER ELISA SOTO ALEGRIA,M,REGIÓN DE TARAPACÁ,IQUIQUE,IZQUIERDA ECOLOGISTA POPULAR,No aplica,IND,INDEPENDIENTES,100000,1,Aprueba con Observaciones,Sí,No
ANDRES_FELIPE_HUME_TURRES__IQUIQUE,ANDRES FELIPE HUME TURRES,H,REGIÓN DE TARAPACÁ,IQUIQUE,IZQUIERDA ECOLOGISTA POPULAR,No aplica,IND,INDEPENDIENTES,100000,1,Aprueba con Observaciones,Sí,No
RAUL_HERNAN_JARA_RODRIGUEZ__IQUIQUE,RAUL HERNAN JARA RODRIGUEZ,H,REGIÓN DE TARAPACÁ,IQUIQUE,IZQUIERDA ECOLOGISTA POPULAR,No aplica,IND,INDEPENDIENTES,100000,1,Aprueba,Sí,No
OCTAVIO_LOPEZ_AVALOS__IQUIQUE,OCTAVIO LOPEZ AVALOS,H,REGIÓN DE TARAPACÁ,IQUIQUE,TODAS Y TODOS POR CHILE,ACCION HUMANISTA E INDEPENDIENTES,AH,PARTIDO ACCIÓN HUMANISTA,1746184,10,Aprueba con Observaciones,Sí,No
ANTONIO_MAMANI_MAMANI__IQUIQUE,ANTONIO MAMANI MAMANI,H,REGIÓN DE TARAPACÁ,IQUIQUE,TODAS Y TODOS POR CHILE,ACCION HUMANISTA E INDEPENDIENTES,IND,INDEPENDIENTES,8134085,21,Aprueba con Observaciones,Sí,No
RUBEN_ROJO_SEMBLER__IQUIQUE,RUBEN ROJO SEMBLER,H,REGIÓN DE TARAPACÁ,IQUIQUE,TODAS Y TODOS POR CHILE,ACCION HUMANISTA E INDEPENDIENTES,IND,INDEPENDIENTES,1500100,8,Aprueba,Sí,No
ISABEL_NOVOA_MACAYA__IQUIQUE,ISABEL NOVOA MACAYA,M,REGIÓN DE TARAPACÁ,IQUIQUE,TODAS Y TODOS POR CHILE,ACCION HUMANISTA E INDEPENDIENTES,IND,INDEPENDIENTES,3801300,19,Aprueba con Observaciones,Sí,No
RUBEN_JOAQUIN_MORAGA_MAMANI__IQUIQUE,RUBEN JOAQUIN MORAGA MAMANI,H,REGIÓN DE TARAPACÁ,IQUIQUE,TODAS Y TODOS POR CHILE,PARTIDO COMUNISTA E INDEPENDIENTES,PCCH,PARTIDO COMUNISTA DE CHILE,5748520,21,Aprueba,Sí,No
VARINIA_LENA_SALAMANCA_GALINDO__IQUIQUE,VARINIA LENA SALAMANCA GALINDO,M,REGIÓN DE TARAPACÁ,IQUIQUE,TODAS Y TODOS POR CHILE,PARTIDO COMUNISTA E INDEPENDIENTES,PCCH,PARTIDO COMUNISTA DE CHILE,300000,2,Aprueba,Sí,No
BAIRON_MANUEL_ARANCIBIA_ROJAS__IQUIQUE,BAIRON MANUEL ARANCIBIA ROJAS,H,REGIÓN DE TARAPACÁ,IQUIQUE,TODAS Y TODOS POR CHILE,PARTIDO COMUNISTA E INDEPENDIENTES,PCCH,PARTIDO COMUNISTA DE CHILE,3539721,18,Aprueba con Observaciones,Sí,No
PEDRO_ARMANDO_CISTERNAS_FLORES__IQUIQUE,PEDRO ARMANDO CISTERNAS FLORES,H,REGIÓN DE TARAPACÁ,IQUIQUE,TODAS Y TODOS POR CHILE,PARTIDO COMUNISTA E INDEPENDIENTES,PCCH,PARTIDO COMUNISTA DE CHILE,3083845,17,Rechaza,Sí,No
SOLANGE_JIMENEZ_DINAMARCA__IQUIQUE,SOLANGE JIMENEZ DINAMARCA,M,REGIÓN DE TARAPACÁ,IQUIQUE,PARTIDO SOCIAL CRISTIANO E INDEPENDIENTES,No aplica,PSC,PARTIDO SOCIAL CRISTIANO,5164450,74,Rechaza,Sí,No
MANUEL_JESUS_OTEIZA_ARENA__IQUIQUE,MANUEL JESUS OTEIZA ARENA,H,REGIÓN DE TARAPACÁ,IQUIQUE,PARTIDO SOCIAL CRISTIANO E INDEPENDIENTES,No aplica,PSC,PARTIDO SOCIAL CRISTIANO,1225000,3,Aprueba con Observaciones,Sí,No
CRISTIAN_ANDRES_DURAN_BORQUEZ__IQUIQUE,CRISTIAN ANDRES DURAN BORQUEZ,H,REGIÓN DE TARAPACÁ,IQUIQUE,PARTIDO SOCIAL CRISTIANO E INDEPENDIENTES,No aplica,PSC,PARTIDO SOCIAL CRISTIANO,490400,3,Aprueba,Sí,No
ANA_BETZABE_RODRIGUEZ_FIERRO__IQUIQUE,ANA BETZABE RODRIGUEZ FIERRO,M,REGIÓN DE TARAPACÁ,IQUIQUE,PARTIDO SOCIAL CRISTIANO E INDEPENDIENTES,No aplica,IND,INDEPENDIENTES,0,0,Rechaza,No,No
JOSE_LUIS_FARIAS_DAVALOS__IQUIQUE,JOSE LUIS FARIAS DAVALOS,H,REGIÓN DE TARAPACÁ,IQUIQUE,PARTIDO SOCIAL CRISTIANO E INDEPENDIENTES,No aplica,IND,INDEPENDIENTES,0,0,Rechaza,No,No
PAULINA_POBLETE_UGARTE__IQUIQUE,PAULINA POBLETE UGARTE,M,REGIÓN DE TARAPACÁ,IQUIQUE,PARTIDO SOCIAL CRISTIANO E INDEPENDIENTES,No aplica,IND,INDEPENDIENTES,1500000,1,Rechaza,Sí,No
MARGARITA_BAVESTRELLO_MARTINEZ__IQUIQUE,MARGARITA BAVESTRELLO MARTINEZ,M,REGIÓN DE TARAPACÁ,IQUIQUE,PARTIDO SOCIAL CRISTIANO E INDEPENDIENTES,No aplica,IND,INDEPENDIENTES,2635482,6,Aprueba con Observaciones,Sí,No
OSCAR_HUMBERTO_MENESES_AGUILERA__IQUIQUE,OSCAR HUMBERTO MENESES AGUILERA,H,REGIÓN DE TARAPACÁ,IQUIQUE,PARTIDO SOCIAL CRISTIANO E INDEPENDIENTES,No aplica,IND,INDEPENDIENTES,690400,2,Aprueba,Sí,No
GIOVANNA_TRINCADO_AVILES__IQUIQUE,GIOVANNA TRINCADO AVILES,M,REGIÓN DE TARAPACÁ,IQUIQUE,CHILE VAMOS RENOVACION NACIONAL - INDEPENDIENTES,No aplica,RN,RENOVACION NACIONAL,9433750,13,Aprueba,Sí,No
CHRISTIAAN_VALDES_MILLA__IQUIQUE,CHRISTIAAN VALDES MILLA,H,REGIÓN DE TARAPACÁ,IQUIQUE,CHILE VAMOS RENOVACION NACIONAL - INDEPENDIENTES,No aplica,RN,RENOVACION NACIONAL,4235471,28,Aprueba,Sí,No
NESTOR_JOFRE_NUNEZ__IQUIQUE,NESTOR JOFRE NUÑEZ,H,REGIÓN DE TARAPACÁ,IQUIQUE,CHILE VAMOS RENOVACION NACIONAL - INDEPENDIENTES,No aplica,RN,RENOVACION NACIONAL,10537845,11,Aprueba con Observaciones,Sí,No
PAOLA_CARO_GALLARDO__IQUIQUE,PAOLA CARO GALLARDO,M,REGIÓN DE TARAPACÁ,IQUIQUE,CHILE VAMOS RENOVACION NACIONAL - INDEPENDIENTES,No aplica,RN,RENOVACION NACIONAL,2250000,3,Aprueba con Observaciones,Sí,No
ENZO_PEREZ_JIMENEZ__IQUIQUE,ENZO PEREZ JIMENEZ,H,REGIÓN DE TARAPACÁ,IQUIQUE,CHILE VAMOS RENOVACION NACIONAL - INDEPENDIENTES,No aplica,RN,RENOVACION NACIONAL,2000000,3,Rechaza,Sí,No
CRISTIAN_GARCIA_MARIN__IQUIQUE,CRISTIAN GARCIA MARIN,H,REGIÓN DE TARAPACÁ,IQUIQUE,CHILE VAMOS RENOVACION NACIONAL - INDEPENDIENTES,No aplica,RN,RENOVACION NACIONAL,1600000,4,Aprueba con Observaciones,Sí,No
ROSARIO_ILAJA_CAYO__IQUIQUE,ROSARIO ILAJA CAYO,M,REGIÓN DE TARAPACÁ,IQUIQUE,CHILE VAMOS RENOVACION NACIONAL - INDEPENDIENTES,No aplica,RN,RENOVACION NACIONAL,1650000,11,Aprueba,Sí,No
REINALDO_LAFUENTE_BERRIOS__IQUIQUE,REINALDO LAFUENTE BERRIOS,H,REGIÓN DE TARAPACÁ,IQUIQUE,CHILE VAMOS RENOVACION NACIONAL - INDEPENDIENTES,No aplica,RN,RENOVACION NACIONAL,1640155,2,Aprueba,Sí,No
VICTOR_VEGA_VILLENA__IQUIQUE,VICTOR VEGA VILLENA,H,REGIÓN DE TARAPACÁ,IQUIQUE,CHILE VAMOS RENOVACION NACIONAL - INDEPENDIENTES,No aplica,IND,INDEPENDIENTES,0,0,Rechaza,No,No
FRESIA_NAVARRETE_VILLEGAS__IQUIQUE,FRESIA NAVARRETE VILLEGAS,M,REGIÓN DE TARAPACÁ,IQUIQUE,CHILE VAMOS RENOVACION NACIONAL - INDEPENDIENTES,No aplica,IND,INDEPENDIENTES,1760000,19,Aprueba con Observaciones,Sí,No
SERGIO_ASSERELLA_ALVARADO__IQUIQUE,SERGIO ASSERELLA ALVARADO,H,REGIÓN DE TARAPACÁ,IQUIQUE,TU REGION RADICAL,No aplica,PR,PARTIDO RADICAL DE CHILE,3500002,17,Aprueba,Sí,No
FRANCISCA_MARIA_SALAZAR_CALLASAYA__IQUIQUE,FRANCISCA MARIA SALAZAR CALLASAYA,M,REGIÓN DE TARAPACÁ,IQUIQUE,TU REGION RADICAL,No aplica,PR,PARTIDO RADICAL DE CHILE,1675000,5,Aprueba,Sí,No
GERMAN_QUIROZ_CANCINO__IQUIQUE,GERMAN QUIROZ CANCINO,H,REGIÓN DE TARAPACÁ,IQUIQUE,TU REGION RADICAL,No aplica,IND,INDEPENDIENTES,1949400,2,Aprueba con Observaciones,Sí,No
LUIS_RODOLFO_CARVAJAL_VELIZ__IQUIQUE,LUIS RODOLFO CARVAJAL VELIZ,H,REGIÓN DE TARAPACÁ,IQUIQUE,TU REGION RADICAL,No aplica,IND,INDEPENDIENTES,6993420,9,Rechaza,Sí,No
MARISEL_QUINTANA_GERALDO__IQUIQUE,MARISEL QUINTANA GERALDO,M,REGIÓN DE TARAPACÁ,IQUIQUE,TU REGION RADICAL,No aplica,IND,INDEPENDIENTES,2940160,14,Aprueba con Observaciones,Sí,No
MAURO_ZARRICUETA_ROJAS__IQUIQUE,MAURO ZARRICUETA ROJAS,H,REGIÓN DE TARAPACÁ,IQUIQUE,TU REGION RADICAL,No aplica,IND,INDEPENDIENTES,2773750,21,Aprueba,Sí,No
IRMA_DEL_CARMEN_ROMAN_GARNETT__IQUIQUE,IRMA DEL CARMEN ROMAN GARNETT,M,REGIÓN DE TARAPACÁ,IQUIQUE,TU REGION RADICAL,No aplica,IND,INDEPENDIENTES,750000,18,Aprueba,Sí,No
RICARDO_PABLO_VALLES_CORDOVA__IQUIQUE,RICARDO PABLO VALLES CORDOVA,H,REGIÓN DE TARAPACÁ,IQUIQUE,TU REGION RADICAL,No aplica,IND,INDEPENDIENTES,1711340,8,Aprueba,Sí,No
MIGUEL_ARTUR_SEGOVIA_RIVERA__IQUIQUE,MIGUEL ARTUR SEGOVIA RIVERA,H,REGIÓN DE TARAPACÁ,IQUIQUE,TU REGION RADICAL,No aplica,IND,INDEPENDIENTES,2159883,22,Aprueba,Sí,No
JUAN_PABLO_SEBASTIAN_SEGOVIA_RIVERA__IQUIQUE,JUAN PABLO SEBASTIAN SEGOVIA RIVERA,H,REGIÓN DE TARAPACÁ,IQUIQUE,TU REGION RADICAL,No aplica,IND,INDEPENDIENTES,740118,10,Aprueba,Sí,No
RODRIGO_SOTO_MALDONADO__IQUIQUE,RODRIGO SOTO MALDONADO,H,REGIÓN DE TARAPACÁ,IQUIQUE,TU REGION RADICAL,No aplica,IND,INDEPENDIENTES,551779,7,Aprueba,Sí,No
MANUEL_JONATHAN_GARCES_PINTO__IQUIQUE,MANUEL JONATHAN GARCES PINTO,H,REGIÓN DE TARAPACÁ,IQUIQUE,REGIONES VERDES LIBERALES,No aplica,FREVS,FEDERACION REGIONALISTA VERDE SOCIAL,761600,1,Aprueba con Observaciones,Sí,No
ALEJANDRA_ESTER_OLIVARES_ZAMORA__IQUIQUE,ALEJANDRA ESTER OLIVARES ZAMORA,M,REGIÓN DE TARAPACÁ,IQUIQUE,REGIONES VERDES LIBERALES,No aplica,FREVS,FEDERACION REGIONALISTA VERDE SOCIAL,1315780,11,Aprueba con Observaciones,Sí,No
LUIS_HUMBERTO_CORTES_REYES__IQUIQUE,LUIS HUMBERTO CORTES REYES,H,REGIÓN DE TARAPACÁ,IQUIQUE,REGIONES VERDES LIBERALES,No aplica,FREVS,FEDERACION REGIONALISTA VERDE SOCIAL,0,0,Aprueba con Observaciones,No,No
BERTH_ISABEL_FERNANDEZ_ARAVENA__IQUIQUE,BERTH ISABEL FERNANDEZ ARAVENA,M,REGIÓN DE TARAPACÁ,IQUIQUE,REGIONES VERDES LIBERALES,No aplica,IND,INDEPENDIENTES,0,0,Aprueba,No,No
TITO_ALEJANDRO_RODRIGUEZ_ELGUETA__IQUIQUE,TITO ALEJANDRO RODRIGUEZ ELGUETA,H,REGIÓN DE TARAPACÁ,IQUIQUE,REGIONES VERDES LIBERALES,No aplica,IND,INDEPENDIENTES,1234917,5,Aprueba con Observaciones,Sí,No
DARKO_HUMBERTO_MARINOVIC_MARINOVIC__IQUIQUE,DARKO HUMBERTO MARINOVIC MARINOVIC,H,REGIÓN DE TARAPACÁ,IQUIQUE,REGIONES VERDES LIBERALES,No aplica,IND,INDEPENDIENTES,0,0,Aprueba,No,No
ANA_PATRICIA_CORAIL_URQUETA__IQUIQUE,ANA PATRICIA CORAIL URQUETA,M,REGIÓN DE TARAPACÁ,IQUIQUE,REGIONES VERDES LIBERALES,No aplica,IND,INDEPENDIENTES,14000,3,Aprueba con Observaciones,Sí,No
CARLOS_EDUARDO_SANTELICES_LAGOS__IQUIQUE,CARLOS EDUARDO SANTELICES LAGOS,H,REGIÓN DE TARAPACÁ,IQUIQUE,REGIONES VERDES LIBERALES,No aplica,IND,INDEPENDIENTES,0,0,Rechaza,No,No
RODRIGO_ANDRES_MENDOZA_ARACENA__IQUIQUE,RODRIGO ANDRES MENDOZA ARACENA,H,REGIÓN DE TARAPACÁ,IQUIQUE,REGIONES VERDES LIBERALES,No aplica,IND,INDEPENDIENTES,802276,4,Aprueba con Observaciones,Sí,No
VIDLIN_JUSTINIANO_SALAZAR__IQUIQUE,VIDLIN JUSTINIANO SALAZAR,M,REGIÓN DE TARAPACÁ,IQUIQUE,REGIONES VERDES LIBERALES,No aplica,IND,INDEPENDIENTES,542040,9,Aprueba,Sí,No
LORENZO_CORTEZ_DAZA__IQUIQUE,LORENZO CORTEZ DAZA,H,REGIÓN DE TARAPACÁ,IQUIQUE,REGIONES VERDES LIBERALES,No aplica,IND,INDEPENDIENTES,3611931,10,Aprueba,Sí,No
FRANCISCO_JAVIER_ARANCIBIA_CORTES__IQUIQUE,FRANCISCO JAVIER ARANCIBIA CORTES,H,REGIÓN DE TARAPACÁ,IQUIQUE,LO MEJOR PARA CHILE,PPD E INDEPENDIENTES,PPD,PARTIDO POR LA DEMOCRACIA,3208001,6,Aprueba con Observaciones,Sí,No
CATERINA_JAVIERA_ALVARADO_OLCAY__IQUIQUE,CATERINA JAVIERA ALVARADO OLCAY,M,REGIÓN DE TARAPACÁ,IQUIQUE,LO MEJOR PARA CHILE,PPD E INDEPENDIENTES,PPD,PARTIDO POR LA DEMOCRACIA,2800000,4,Aprueba con Observaciones,Sí,No
JUAN_LUIS_MARROQUIN_GUZMAN__IQUIQUE,JUAN LUIS MARROQUIN GUZMAN,H,REGIÓN DE TARAPACÁ,IQUIQUE,LO MEJOR PARA CHILE,PPD E INDEPENDIENTES,PPD,PARTIDO POR LA DEMOCRACIA,788000,3,Aprueba con Observaciones,Sí,No
JORGE_ARACENA_CERDA__IQUIQUE,JORGE ARACENA CERDA,H,REGIÓN DE TARAPACÁ,IQUIQUE,LO MEJOR PARA CHILE,PPD E INDEPENDIENTES,PPD,PARTIDO POR LA DEMOCRACIA,1768745,12,Aprueba,Sí,No
BYRON_ROMERO_ARANCIBIA__IQUIQUE,BYRON ROMERO ARANCIBIA,H,REGIÓN DE TARAPACÁ,IQUIQUE,LO MEJOR PARA CHILE,PPD E INDEPENDIENTES,IND,INDEPENDIENTES,11371593,19,Aprueba con Observaciones,Sí,No
LAUTARO_ENRIQUE_LOBOS_LARA__IQUIQUE,LAUTARO ENRIQUE LOBOS LARA,H,REGIÓN DE TARAPACÁ,IQUIQUE,LO MEJOR PARA CHILE,PPD E INDEPENDIENTES,IND,INDEPENDIENTES,8763233,41,Aprueba con Observaciones,Sí,No
IVAN_VALENZUELA_ESPINOZA__IQUIQUE,IVAN VALENZUELA ESPINOZA,H,REGIÓN DE TARAPACÁ,IQUIQUE,LO MEJOR PARA CHILE,PS E INDEPENDIENTES,PS,PARTIDO SOCIALISTA DE CHILE,0,0,Rechaza,No,No
JACQUELINE_NOGALES_ROSALES__IQUIQUE,JACQUELINE NOGALES ROSALES,M,REGIÓN DE TARAPACÁ,IQUIQUE,LO MEJOR PARA CHILE,PS E INDEPENDIENTES,PS,PARTIDO SOCIALISTA DE CHILE,1658892,20,Aprueba,Sí,No
ESTEBAN_CERDA_ARAYA__IQUIQUE,ESTEBAN CERDA ARAYA,H,REGIÓN DE TARAPACÁ,IQUIQUE,LO MEJOR PARA CHILE,PS E INDEPENDIENTES,PS,PARTIDO SOCIALISTA DE CHILE,2012430,14,Aprueba con Observaciones,Sí,No
PAOLA_PENA_ARANCIBIA__IQUIQUE,PAOLA PEÑA ARANCIBIA,M,REGIÓN DE TARAPACÁ,IQUIQUE,LO MEJOR PARA CHILE,PS E INDEPENDIENTES,IND,INDEPENDIENTES,3410101,8,Rechaza,Sí,No
BERNARDO_ILAJA_VALDIVIA__IQUIQUE,BERNARDO ILAJA VALDIVIA,H,REGIÓN DE TARAPACÁ,IQUIQUE,LO MEJOR PARA CHILE,PS E INDEPENDIENTES,IND,INDEPENDIENTES,1745311,9,Aprueba con Observaciones,Sí,No
YONATAN_PAUL_ESQUIVEL_MORALES__IQUIQUE,YONATAN PAUL ESQUIVEL MORALES,H,REGIÓN DE TARAPACÁ,IQUIQUE,PARTIDO DE LA GENTE E INDEPENDIENTES,No aplica,PDG,PARTIDO DE LA GENTE,1000050,5,Aprueba,Sí,No
CARLOS_ALBERTO_MELLA_LATORRE__IQUIQUE,CARLOS ALBERTO MELLA LATORRE,H,REGIÓN DE TARAPACÁ,IQUIQUE,PARTIDO DE LA GENTE E INDEPENDIENTES,No aplica,PDG,PARTIDO DE LA GENTE,7195000,8,Aprueba con Observaciones,Sí,No
LUIS_DOMINGO_MILLA_RAMIREZ__IQUIQUE,LUIS DOMINGO MILLA RAMIREZ,H,REGIÓN DE TARAPACÁ,IQUIQUE,PARTIDO DE LA GENTE E INDEPENDIENTES,No aplica,PDG,PARTIDO DE LA GENTE,4162200,7,Aprueba,Sí,No
EDSON_JAVIER_JOAO_PEREZ_ORIAS__IQUIQUE,EDSON JAVIER JOAO PEREZ ORIAS,H,REGIÓN DE TARAPACÁ,IQUIQUE,PARTIDO DE LA GENTE E INDEPENDIENTES,No aplica,PDG,PARTIDO DE LA GENTE,630000,7,Aprueba con Observaciones,Sí,No
AGUSTIN_ESTEBAN_RENDIC_GALLEGUILLOS__IQUIQUE,AGUSTIN ESTEBAN RENDIC GALLEGUILLOS,H,REGIÓN DE TARAPACÁ,IQUIQUE,PARTIDO DE LA GENTE E INDEPENDIENTES,No aplica,PDG,PARTIDO DE LA GENTE,2309944,5,Aprueba,Sí,No
CLAUDIA_EVELYN_VILLEGAS_CARVAJAL__IQUIQUE,CLAUDIA EVELYN VILLEGAS CARVAJAL,M,REGIÓN DE TARAPACÁ,IQUIQUE,PARTIDO DE LA GENTE E INDEPENDIENTES,No aplica,PDG,PARTIDO DE LA GENTE,4089217,16,Aprueba,Sí,No
JAIRO_ELIAS_VIVANCO_FUENTEALBA__IQUIQUE,JAIRO ELIAS VIVANCO FUENTEALBA,H,REGIÓN DE TARAPACÁ,IQUIQUE,PARTIDO DE LA GENTE E INDEPENDIENTES,No aplica,PDG,PARTIDO DE LA GENTE,999500,17,Aprueba,Sí,No
CRISTOBAL_ALBERTO_ESPINOZA_BLANCO__IQUIQUE,CRISTOBAL ALBERTO ESPINOZA BLANCO,H,REGIÓN DE TARAPACÁ,IQUIQUE,PARTIDO DE LA GENTE E INDEPENDIENTES,No aplica,IND,INDEPENDIENTES,265001,5,Aprueba,Sí,No
CLAUDIA_ANDREA_MELLADO_SANHUEZA__IQUIQUE,CLAUDIA ANDREA MELLADO SANHUEZA,M,REGIÓN DE TARAPACÁ,IQUIQUE,POR UN CHILE MEJOR,No aplica,PDC,PARTIDO DEMOCRATA CRISTIANO,1800000,8,Aprueba,Sí,No
HECTOR_HUMBERTO_ARAYA_CERDA__IQUIQUE,HECTOR HUMBERTO ARAYA CERDA,H,REGIÓN DE TARAPACÁ,IQUIQUE,POR UN CHILE MEJOR,No aplica,PDC,PARTIDO DEMOCRATA CRISTIANO,4408298,24,Aprueba con Observaciones,Sí,No
KAREN_JUDITH_GONZALEZ_GARCIA__IQUIQUE,KAREN JUDITH GONZALEZ GARCIA,M,REGIÓN DE TARAPACÁ,IQUIQUE,POR UN CHILE MEJOR,No aplica,PDC,PARTIDO DEMOCRATA CRISTIANO,832021,18,Aprueba con Observaciones,Sí,No
ANALLY_PATRICIA_FERREIRA_HERRERA__IQUIQUE,ANALLY PATRICIA FERREIRA HERRERA,M,REGIÓN DE TARAPACÁ,IQUIQUE,POR UN CHILE MEJOR,No aplica,PDC,PARTIDO DEMOCRATA CRISTIANO,25978925,27,Aprueba con Observaciones,Sí,Sí
MIGUEL_ANGEL_ALBORNOZ_ORDINOLA__IQUIQUE,MIGUEL ANGEL ALBORNOZ ORDINOLA,H,REGIÓN DE TARAPACÁ,IQUIQUE,POR UN CHILE MEJOR,No aplica,PDC,PARTIDO DEMOCRATA CRISTIANO,4640000,11,Aprueba,Sí,No
MIGUEL_ANGEL_PAINENAHUEL_GARCES__IQUIQUE,MIGUEL ANGEL PAINENAHUEL GARCES,H,REGIÓN DE TARAPACÁ,IQUIQUE,POR UN CHILE MEJOR,No aplica,PDC,PARTIDO DEMOCRATA CRISTIANO,6104320,22,Aprueba,Sí,No
RICARDO_JARA_SEPULVEDA__IQUIQUE,RICARDO JARA SEPULVEDA,H,REGIÓN DE TARAPACÁ,IQUIQUE,POR UN CHILE MEJOR,No aplica,PDC,PARTIDO DEMOCRATA CRISTIANO,2579711,10,Aprueba con Observaciones,Sí,No
KAREN_DEL_CARMEN_LEPE_AEDO__IQUIQUE,KAREN DEL CARMEN LEPE AEDO,M,REGIÓN DE TARAPACÁ,IQUIQUE,POR UN CHILE MEJOR,No aplica,PDC,PARTIDO DEMOCRATA CRISTIANO,1075000,2,Aprueba,Sí,No
CARLOS_DANIEL_MANCILLA_RIVEROS__IQUIQUE,CARLOS DANIEL MANCILLA RIVEROS,H,REGIÓN DE TARAPACÁ,IQUIQUE,POR UN CHILE MEJOR,No aplica,IND,INDEPENDIENTES,8310213,16,Aprueba,Sí,No
JULIO_ALEJANDRO_PEREZ_AYALA__IQUIQUE,JULIO ALEJANDRO PEREZ AYALA,H,REGIÓN DE TARAPACÁ,IQUIQUE,POR UN CHILE MEJOR,No aplica,IND,INDEPENDIENTES,1610000,4,Aprueba,Sí,No
IVAN_JIMENEZ_CORREA__IQUIQUE,IVAN JIMENEZ CORREA,H,REGIÓN DE TARAPACÁ,IQUIQUE,CENTRO DEMOCRATICO,DEMOCRATAS E INDEPENDIENTES,DEMOCRATAS,PARTIDO DEMOCRATAS CHILE,1573889,5,Aprueba con Observaciones,Sí,No
RICARDO_TABILO_SILVA__IQUIQUE,RICARDO TABILO SILVA,H,REGIÓN DE TARAPACÁ,IQUIQUE,CENTRO DEMOCRATICO,DEMOCRATAS E INDEPENDIENTES,IND,INDEPENDIENTES,1158333,8,Aprueba,Sí,No
LUIS_MARABOLI_NOVOA__IQUIQUE,LUIS MARABOLI NOVOA,H,REGIÓN DE TARAPACÁ,IQUIQUE,CENTRO DEMOCRATICO,DEMOCRATAS E INDEPENDIENTES,IND,INDEPENDIENTES,875500,1,Aprueba con Observaciones,Sí,No
FRANCISCO_LINCHEO_TORREJON__IQUIQUE,FRANCISCO LINCHEO TORREJON,H,REGIÓN DE TARAPACÁ,IQUIQUE,CENTRO DEMOCRATICO,DEMOCRATAS E INDEPENDIENTES,IND,INDEPENDIENTES,2635000,4,Rechaza,Sí,No
ISIDORO_SAAVEDRA_CONTRERAS__IQUIQUE,ISIDORO SAAVEDRA CONTRERAS,H,REGIÓN DE TARAPACÁ,IQUIQUE,CENTRO DEMOCRATICO,DEMOCRATAS E INDEPENDIENTES,IND,INDEPENDIENTES,125998,6,Aprueba con Observaciones,Sí,No
MARTA_GONZALEZ_BARRAZA__IQUIQUE,MARTA GONZALEZ BARRAZA,M,REGIÓN DE TARAPACÁ,IQUIQUE,CENTRO DEMOCRATICO,DEMOCRATAS E INDEPENDIENTES,IND,INDEPENDIENTES,2648500,14,Aprueba con Observaciones,Sí,No
BRUNETTO_SCIARAFFIA_ESTRADA__IQUIQUE,BRUNETTO SCIARAFFIA ESTRADA,H,REGIÓN DE TARAPACÁ,IQUIQUE,CENTRO DEMOCRATICO,DEMOCRATAS E INDEPENDIENTES,IND,INDEPENDIENTES,2116836,3,Aprueba con Observaciones,Sí,No
OSVALDO_BRAVO_MORALES__IQUIQUE,OSVALDO BRAVO MORALES,H,REGIÓN DE TARAPACÁ,IQUIQUE,CENTRO DEMOCRATICO,DEMOCRATAS E INDEPENDIENTES,IND,INDEPENDIENTES,0,0,Aprueba,No,No
CLAUDIO_PORTILLA_CORTES__IQUIQUE,CLAUDIO PORTILLA CORTES,H,REGIÓN DE TARAPACÁ,IQUIQUE,CENTRO DEMOCRATICO,DEMOCRATAS E INDEPENDIENTES,IND,INDEPENDIENTES,0,0,Aprueba,No,No
CAMILA_ANDREA_NAVARRO_PINO__IQUIQUE,CAMILA ANDREA NAVARRO PINO,M,REGIÓN DE TARAPACÁ,IQUIQUE,FRENTE AMPLIO,FRENTE AMPLIO E INDEPENDIENTES,FA,FRENTE AMPLIO,8533703,21,Aprueba,Sí,No
SERGIO_ANDRES_FIGUEROA_SEPULVEDA__IQUIQUE,SERGIO ANDRES FIGUEROA SEPULVEDA,H,REGIÓN DE TARAPACÁ,IQUIQUE,FRENTE AMPLIO,FRENTE AMPLIO E INDEPENDIENTES,FA,FRENTE AMPLIO,623999,3,Aprueba con Observaciones,Sí,No
MARIA_JOSE_RAMIREZ_OSSA__IQUIQUE,MARIA JOSE RAMIREZ OSSA,M,REGIÓN DE TARAPACÁ,IQUIQUE,FRENTE AMPLIO,FRENTE AMPLIO E INDEPENDIENTES,FA,FRENTE AMPLIO,1202211,6,Aprueba con Observaciones,Sí,No
EXEQUIEL_ENRIQUE_ARANGUIZ_LOZAN__IQUIQUE,EXEQUIEL ENRIQUE ARANGUIZ LOZAN,H,REGIÓN DE TARAPACÁ,IQUIQUE,FRENTE AMPLIO,FRENTE AMPLIO E INDEPENDIENTES,FA,FRENTE AMPLIO,1155650,6,Aprueba con Observaciones,Sí,No
CLARA_ELIZABETH_GALLEGUILLOS_VALENZUELA__IQUIQUE,CLARA ELIZABETH GALLEGUILLOS VALENZUELA,M,REGIÓN DE TARAPACÁ,IQUIQUE,FRENTE AMPLIO,FRENTE AMPLIO E INDEPENDIENTES,FA,FRENTE AMPLIO,2725457,20,Aprueba con Observaciones,Sí,No
CARLOS_ANDRES_MOYA_RIVERA__IQUIQUE,CARLOS ANDRES MOYA RIVERA,H,REGIÓN DE TARAPACÁ,IQUIQUE,FRENTE AMPLIO,FRENTE AMPLIO E INDEPENDIENTES,FA,FRENTE AMPLIO,1932490,12,Aprueba con Observaciones,Sí,No
MARIA_VERONICA_BRETON_PORTAL__IQUIQUE,MARIA VERONICA BRETON PORTAL,M,REGIÓN DE TARAPACÁ,IQUIQUE,FRENTE AMPLIO,FRENTE AMPLIO E INDEPENDIENTES,FA,FRENTE AMPLIO,791433,20,Aprueba con Observaciones,Sí,No
RODOLFO_FABIAN_MIRANDA_MESIAS__IQUIQUE,RODOLFO FABIAN MIRANDA MESIAS,H,REGIÓN DE TARAPACÁ,IQUIQUE,FRENTE AMPLIO,FRENTE AMPLIO E INDEPENDIENTES,FA,FRENTE AMPLIO,300000,1,Aprueba con Observaciones,Sí,No
MARCELA_AURORA_TAPIA_LADINO__IQUIQUE,MARCELA AURORA TAPIA LADINO,M,REGIÓN DE TARAPACÁ,IQUIQUE,FRENTE AMPLIO,FRENTE AMPLIO E INDEPENDIENTES,IND,INDEPENDIENTES,6251644,24,Aprueba con Observaciones,Sí,No
MAURICIO_SCHMIDT_SILVA__IQUIQUE,MAURICIO SCHMIDT SILVA,H,REGIÓN DE TARAPACÁ,IQUIQUE,CHILE VAMOS UDI - INDEPENDIENTES,No aplica,UDI,UNION DEMOCRATA INDEPENDIENTE,2235615,6,Aprueba con Observaciones,Sí,No
CARLOS_ELGUETA_MORALES__IQUIQUE,CARLOS ELGUETA MORALES,H,REGIÓN DE TARAPACÁ,IQUIQUE,CHILE VAMOS UDI - INDEPENDIENTES,No aplica,UDI,UNION DEMOCRATA INDEPENDIENTE,1000000,5,Aprueba con Observaciones,Sí,No
MAURICIO_ALEJANDRO_PRIETO_ROJAS__IQUIQUE,MAURICIO ALEJANDRO PRIETO ROJAS,H,REGIÓN DE TARAPACÁ,IQUIQUE,CHILE VAMOS UDI - INDEPENDIENTES,No aplica,UDI,UNION DEMOCRATA INDEPENDIENTE,1300001,4,Aprueba con Observaciones,Sí,No
CLAUDIA_HERNANDEZ_PEREZ__IQUIQUE,CLAUDIA HERNANDEZ PEREZ,M,REGIÓN DE TARAPACÁ,IQUIQUE,CHILE VAMOS UDI - INDEPENDIENTES,No aplica,IND,INDEPENDIENTES,674770,3,Aprueba con Observaciones,Sí,No
JHON_SEBASTIAN_BURG_SEPULVEDA__IQUIQUE,JHON SEBASTIAN BURG SEPULVEDA,H,REGIÓN DE TARAPACÁ,IQUIQUE,CHILE VAMOS UDI - INDEPENDIENTES,No aplica,IND,INDEPENDIENTES,2081780,3,Aprueba con Observaciones,Sí,No
MARCELO_ISRAEL_HUANCHICAY_CELEDON__IQUIQUE,MARCELO ISRAEL HUANCHICAY CELEDON,H,REGIÓN DE TARAPACÁ,IQUIQUE,CHILE VAMOS UDI - INDEPENDIENTES,No aplica,IND,INDEPENDIENTES,1171200,4,Aprueba con Observaciones,Sí,No
LUIS_TOBAR_TOLEDO__IQUIQUE,LUIS TOBAR TOLEDO,H,REGIÓN DE TARAPACÁ,IQUIQUE,CHILE VAMOS UDI - INDEPENDIENTES,No aplica,IND,INDEPENDIENTES,1300000,11,Aprueba,Sí,No
AMELIA_ORTIZ_ROJAS__IQUIQUE,AMELIA ORTIZ ROJAS,M,REGIÓN DE TARAPACÁ,IQUIQUE,CHILE VAMOS UDI - INDEPENDIENTES,No aplica,IND,INDEPENDIENTES,700000,4,Aprueba,Sí,No
ANDRES_UGARTE_ESCOBEDO__IQUIQUE,ANDRES UGARTE ESCOBEDO,H,REGIÓN DE TARAPACÁ,IQUIQUE,CHILE VAMOS UDI - INDEPENDIENTES,No aplica,IND,INDEPENDIENTES,1000000,2,Aprueba,Sí,No
RAFAEL_ALEJANDRO_MONTES_GONZALEZ__IQUIQUE,RAFAEL ALEJANDRO MONTES GONZALEZ,H,REGIÓN DE TARAPACÁ,IQUIQUE,CHILE VAMOS UDI - INDEPENDIENTES,No aplica,IND,INDEPENDIENTES,3882910,18,Aprueba con Observaciones,Sí,No
GRACE_CATHERINE_GREEVEN_FRANK__IQUIQUE,GRACE CATHERINE GREEVEN FRANK,M,REGIÓN DE TARAPACÁ,IQUIQUE,CHILE VAMOS UDI - INDEPENDIENTES,No aplica,IND,INDEPENDIENTES,2039788,14,Aprueba con Observaciones,Sí,No
GIORGIO_STEFANO_LANATA_MIRANDA__IQUIQUE,GIORGIO STEFANO LANATA MIRANDA,H,REGIÓN DE TARAPACÁ,IQUIQUE,CHILE VAMOS EVOPOLI - INDEPENDIENTES,No aplica,IND,INDEPENDIENTES,1305100,9,Aprueba con Observaciones,Sí,No
LORENA_ANDREA_RAMIREZ_PALMA__IQUIQUE,LORENA ANDREA RAMIREZ PALMA,M,REGIÓN DE TARAPACÁ,IQUIQUE,REPUBLICANOS E INDEPENDIENTES,No aplica,REPUBLICANO,PARTIDO REPUBLICANO DE CHILE,1117585,6,Rechaza,Sí,No
JORGE_MARIANO_MUNOZ_GONZALEZ__IQUIQUE,JORGE MARIANO MUÑOZ GONZALEZ,H,REGIÓN DE TARAPACÁ,IQUIQUE,REPUBLICANOS E INDEPENDIENTES,No aplica,REPUBLICANO,PARTIDO REPUBLICANO DE CHILE,5967682,6,Rechaza,Sí,No
KAREN_ROSE_HEYNE_BOLADOS__IQUIQUE,KAREN ROSE HEYNE BOLADOS,M,REGIÓN DE TARAPACÁ,IQUIQUE,REPUBLICANOS E INDEPENDIENTES,No aplica,REPUBLICANO,PARTIDO REPUBLICANO DE CHILE,727319,4,Aprueba con Observaciones,Sí,No
FREDDY_MARCOS_ARANEDA_BARAHONA__IQUIQUE,FREDDY MARCOS ARANEDA BARAHONA,H,REGIÓN DE TARAPACÁ,IQUIQUE,REPUBLICANOS E INDEPENDIENTES,No aplica,REPUBLICANO,PARTIDO REPUBLICANO DE CHILE,5239901,5,Aprueba,Sí,No
ENRIQUE_BENITO_MARTINEZ_ARTEAGA__IQUIQUE,ENRIQUE BENITO MARTINEZ ARTEAGA,H,REGIÓN DE TARAPACÁ,IQUIQUE,REPUBLICANOS E INDEPENDIENTES,No aplica,REPUBLICANO,PARTIDO REPUBLICANO DE CHILE,2478836,5,Aprueba con Observaciones,Sí,No
ALVARO_MAURICIO_GARAY_FIERRO__IQUIQUE,ALVARO MAURICIO GARAY FIERRO,H,REGIÓN DE TARAPACÁ,IQUIQUE,REPUBLICANOS E INDEPENDIENTES,No aplica,REPUBLICANO,PARTIDO REPUBLICANO DE CHILE,1138885,3,Aprueba con Observaciones,Sí,No
ANTONIO_EMILIO_GATTAVARA_FERNANDEZ__IQUIQUE,ANTONIO EMILIO GATTAVARA FERNANDEZ,H,REGIÓN DE TARAPACÁ,IQUIQUE,REPUBLICANOS E INDEPENDIENTES,No aplica,REPUBLICANO,PARTIDO REPUBLICANO DE CHILE,746177,3,Rechaza,Sí,No
JAMAL_SALEM_EL_ALAM_QISIEH__IQUIQUE,JAMAL SALEM EL ALAM QISIEH,H,REGIÓN DE TARAPACÁ,IQUIQUE,REPUBLICANOS E INDEPENDIENTES,No aplica,REPUBLICANO,PARTIDO REPUBLICANO DE CHILE,60000,1,Aprueba con Observaciones,Sí,No
FRANCO_ANTONIO_FERNANDEZ_CISTERNAS__IQUIQUE,FRANCO ANTONIO FERNANDEZ CISTERNAS,H,REGIÓN DE TARAPACÁ,IQUIQUE,REPUBLICANOS E INDEPENDIENTES,No aplica,REPUBLICANO,PARTIDO REPUBLICANO DE CHILE,0,0,Aprueba,No,No
ANDRES_ALBERTO_SANYOUR_MAYORGA__IQUIQUE,ANDRES ALBERTO SANYOUR MAYORGA,H,REGIÓN DE TARAPACÁ,IQUIQUE,REPUBLICANOS E INDEPENDIENTES,No aplica,IND,INDEPENDIENTES,0,0,Aprueba,No,No
PABLO_EDUARDO_REYES_HIDALGO__IQUIQUE,PABLO EDUARDO REYES HIDALGO,H,REGIÓN DE TARAPACÁ,IQUIQUE,REPUBLICANOS E INDEPENDIENTES,No aplica,IND,INDEPENDIENTES,1500000,2,Aprueba,Sí,No
FRANCISCO_JAVIER_SEPULVEDA_NUNEZ__TAMARUGAL,FRANCISCO JAVIER SEPULVEDA NUÑEZ,H,REGIÓN DE TARAPACÁ,TAMARUGAL,TODAS Y TODOS POR CHILE,PARTIDO COMUNISTA E INDEPENDIENTES,PCCH,PARTIDO COMUNISTA DE CHILE,2920000,9,Aprueba,Sí,No
JORGE_SANCHEZ_CHAU__TAMARUGAL,JORGE SANCHEZ CHAU,H,REGIÓN DE TARAPACÁ,TAMARUGAL,PARTIDO SOCIAL CRISTIANO E INDEPENDIENTES,No aplica,PSC,PARTIDO SOCIAL CRISTIANO,0,0,Aprueba,No,No
CONSTANZA_MAGDALENA_AYAVIRI_MOSCOSO__TAMARUGAL,CONSTANZA MAGDALENA AYAVIRI MOSCOSO,M,REGIÓN DE TARAPACÁ,TAMARUGAL,PARTIDO SOCIAL CRISTIANO E INDEPENDIENTES,No aplica,PSC,PARTIDO SOCIAL CRISTIANO,190400,1,Aprueba,Sí,No
EDUARDO_MAMANI_MAMANI__TAMARUGAL,EDUARDO MAMANI MAMANI,H,REGIÓN DE TARAPACÁ,TAMARUGAL,CHILE VAMOS RENOVACION NACIONAL - INDEPENDIENTES,No aplica,RN,RENOVACION NACIONAL,1083138,3,Aprueba con Observaciones,Sí,No
CECILIA_NUNEZ_NAVARRETE__TAMARUGAL,CECILIA NUÑEZ NAVARRETE,M,REGIÓN DE TARAPACÁ,TAMARUGAL,CHILE VAMOS RENOVACION NACIONAL - INDEPENDIENTES,No aplica,RN,RENOVACION NACIONAL,2790155,23,Aprueba con Observaciones,Sí,No
PABLO_ESPINOZA_CAQUEO__TAMARUGAL,PABLO ESPINOZA CAQUEO,H,REGIÓN DE TARAPACÁ,TAMARUGAL,CHILE VAMOS RENOVACION NACIONAL - INDEPENDIENTES,No aplica,RN,RENOVACION NACIONAL,1444101,34,Aprueba,Sí,No
RICARDO_ANTONIO_SANZ_CARVAJAL__TAMARUGAL,RICARDO ANTONIO SANZ CARVAJAL,H,REGIÓN DE TARAPACÁ,TAMARUGAL,TU REGION RADICAL,No aplica,IND,INDEPENDIENTES,650000,15,Aprueba con Observaciones,Sí,No
YILMAR_ARGOTE_CHALLAPA__TAMARUGAL,YILMAR ARGOTE CHALLAPA,H,REGIÓN DE TARAPACÁ,TAMARUGAL,TU REGION RADICAL,No aplica,IND,INDEPENDIENTES,2630000,10,Aprueba con Observaciones,Sí,No
LAURA_CHAMACA_VILCHES__TAMARUGAL,LAURA CHAMACA VILCHES,M,REGIÓN DE TARAPACÁ,TAMARUGAL,REGIONES VERDES LIBERALES,No aplica,FREVS,FEDERACION REGIONALISTA VERDE SOCIAL,0,0,Aprueba con Observaciones,No,No
DARIO_HUMBERTO_QUINTANILLA_CORTES__TAMARUGAL,DARIO HUMBERTO QUINTANILLA CORTES,H,REGIÓN DE TARAPACÁ,TAMARUGAL,REGIONES VERDES LIBERALES,No aplica,IND,INDEPENDIENTES,0,0,Aprueba,No,No
MARY_TRINY_ALVAREZ_GONZALEZ__TAMARUGAL,MARY TRINY ALVAREZ GONZALEZ,M,REGIÓN DE TARAPACÁ,TAMARUGAL,LO MEJOR PARA CHILE,PS E INDEPENDIENTES,PS,PARTIDO SOCIALISTA DE CHILE,1050000,13,Aprueba,Sí,No
MARCO_HERNANDEZ_CLARCK__TAMARUGAL,MARCO HERNANDEZ CLARCK,H,REGIÓN DE TARAPACÁ,TAMARUGAL,LO MEJOR PARA CHILE,PS E INDEPENDIENTES,IND,INDEPENDIENTES,1841773,13,Aprueba,Sí,No
HUGO_NICOLAS_ESTICA_ESTEBAN__TAMARUGAL,HUGO NICOLAS ESTICA ESTEBAN,H,REGIÓN DE TARAPACÁ,TAMARUGAL,POR UN CHILE MEJOR,No aplica,IND,INDEPENDIENTES,12721974,55,Rechaza,Sí,No
HONORIO_HILARIO_MAMANI_CASTRO__TAMARUGAL,HONORIO HILARIO MAMANI CASTRO,H,REGIÓN DE TARAPACÁ,TAMARUGAL,POR UN CHILE MEJOR,No aplica,IND,INDEPENDIENTES,2502402,13,Aprueba con Observaciones,Sí,No
LUCERO_ISABEL_CALLPA_FLORES__TAMARUGAL,LUCERO ISABEL CALLPA FLORES,M,REGIÓN DE TARAPACÁ,TAMARUGAL,POR UN CHILE MEJOR,No aplica,IND,INDEPENDIENTES,2228418,12,Aprueba con Observaciones,Sí,No
DEMETRIA_MAMANI_GARCIA__TAMARUGAL,DEMETRIA MAMANI GARCIA,M,REGIÓN DE TARAPACÁ,TAMARUGAL,CENTRO DEMOCRATICO,DEMOCRATAS E INDEPENDIENTES,IND,INDEPENDIENTES,755000,9,Aprueba con Observaciones,Sí,No
DIETER_CASTRO_PEREZ__TAMARUGAL,DIETER CASTRO PEREZ,H,REGIÓN DE TARAPACÁ,TAMARUGAL,CENTRO DEMOCRATICO,DEMOCRATAS E INDEPENDIENTES,IND,INDEPENDIENTES,1069074,18,Aprueba,Sí,No
GONZALO_MAMANI_MAMANI__TAMARUGAL,GONZALO MAMANI MAMANI,H,REGIÓN DE TARAPACÁ,TAMARUGAL,CENTRO DEMOCRATICO,DEMOCRATAS E INDEPENDIENTES,IND,INDEPENDIENTES,0,0,Rechaza,No,No
CONSTANZA_DANIELA_TICUNA_GONZALEZ__TAMARUGAL,CONSTANZA DANIELA TICUNA GONZALEZ,M,REGIÓN DE TARAPACÁ,TAMARUGAL,FRENTE AMPLIO,FRENTE AMPLIO E INDEPENDIENTES,IND,INDEPENDIENTES,4572620,13,Aprueba,Sí,No
JOSE_LUIS_RODRIGUEZ_ARGOTE__TAMARUGAL,JOSE LUIS RODRIGUEZ ARGOTE,H,REGIÓN DE TARAPACÁ,TAMARUGAL,FRENTE AMPLIO,FRENTE AMPLIO E INDEPENDIENTES,IND,INDEPENDIENTES,1188770,21,Aprueba,Sí,No
ADAN_RICARDO_PEREZ_GALLARDO__TAMARUGAL,ADAN RICARDO PEREZ GALLARDO,H,REGIÓN DE TARAPACÁ,TAMARUGAL,FRENTE AMPLIO,FRENTE AMPLIO E INDEPENDIENTES,IND,INDEPENDIENTES,4230120,18,Aprueba con Observaciones,Sí,No
ROSITA_NERILDA_TORRES_CHAVEZ__TAMARUGAL,ROSITA NERILDA TORRES CHAVEZ,M,REGIÓN DE TARAPACÁ,TAMARUGAL,CHILE VAMOS UDI - INDEPENDIENTES,No aplica,UDI,UNION DEMOCRATA INDEPENDIENTE,3108000,13,Aprueba,Sí,No
JORGE_GONZALEZ_GAMBOA__TAMARUGAL,JORGE GONZALEZ GAMBOA,H,REGIÓN DE TARAPACÁ,TAMARUGAL,CHILE VAMOS UDI - INDEPENDIENTES,No aplica,UDI,UNION DEMOCRATA INDEPENDIENTE,650000,3,Aprueba con Observaciones,Sí,No
JOAQUIN_SEGUNDO_GARCIA_FLORES__TAMARUGAL,JOAQUIN SEGUNDO GARCIA FLORES,H,REGIÓN DE TARAPACÁ,TAMARUGAL,CHILE VAMOS UDI - INDEPENDIENTES,No aplica,IND,INDEPENDIENTES,350000,2,Aprueba,Sí,No
FRANCISCO_ATANACIO_ROQUE_CACERES__TAMARUGAL,FRANCISCO ATANACIO ROQUE CACERES,H,REGIÓN DE TARAPACÁ,TAMARUGAL,CHILE VAMOS EVOPOLI - INDEPENDIENTES,No aplica,IND,INDEPENDIENTES,983050,4,Aprueba con Observaciones,Sí,No
IVETTE_KATHERINE_GONZALEZ_CARROZA__TAMARUGAL,IVETTE KATHERINE GONZALEZ CARROZA,M,REGIÓN DE TARAPACÁ,TAMARUGAL,REPUBLICANOS E INDEPENDIENTES,No aplica,REPUBLICANO,PARTIDO REPUBLICANO DE CHILE,5391938,58,Aprueba con Observaciones,Sí,No
EZIO_RICARDO_IGNACIO_AROS_PENSA__TAMARUGAL,EZIO RICARDO IGNACIO AROS PENSA,H,REGIÓN DE TARAPACÁ,TAMARUGAL,REPUBLICANOS E INDEPENDIENTES,No aplica,IND,INDEPENDIENTES,759500,2,Aprueba con Observaciones,Sí,No
VICTOR_EDUARDO_GUZMAN_ROJAS__ANTOFAGASTA,VICTOR EDUARDO GUZMAN ROJAS,H,REGIÓN DE ANTOFAGASTA,ANTOFAGASTA,TODAS Y TODOS POR CHILE,PARTIDO COMUNISTA E INDEPENDIENTES,PCCH,PARTIDO COMUNISTA DE CHILE,2928186,22,Aprueba con Observaciones,Sí,No
ROBERTO_JULIO_PEREZ_ARMIJO__ANTOFAGASTA,ROBERTO JULIO PEREZ ARMIJO,H,REGIÓN DE ANTOFAGASTA,ANTOFAGASTA,TODAS Y TODOS POR CHILE,PARTIDO COMUNISTA E INDEPENDIENTES,PCCH,PARTIDO COMUNISTA DE CHILE,5632521,12,Aprueba con Observaciones,Sí,No
MARIELA_ALEJANDRA_DAMKE_CONTRERAS__ANTOFAGASTA,MARIELA ALEJANDRA DAMKE CONTRERAS,M,REGIÓN DE ANTOFAGASTA,ANTOFAGASTA,TODAS Y TODOS POR CHILE,PARTIDO COMUNISTA E INDEPENDIENTES,IND,INDEPENDIENTES,1535868,17,Aprueba con Observaciones,Sí,No
FELIPE_ALBERTO_CUEVAS_PACHECO__ANTOFAGASTA,FELIPE ALBERTO CUEVAS PACHECO,H,REGIÓN DE ANTOFAGASTA,ANTOFAGASTA,TODAS Y TODOS POR CHILE,PARTIDO COMUNISTA E INDEPENDIENTES,IND,INDEPENDIENTES,3938841,29,Aprueba,Sí,No
PAOLA_ANTILEO_PINO__ANTOFAGASTA,PAOLA ANTILEO PINO,M,REGIÓN DE ANTOFAGASTA,ANTOFAGASTA,TODAS Y TODOS POR CHILE,ACCION HUMANISTA E INDEPENDIENTES,AH,PARTIDO ACCIÓN HUMANISTA,650100,3,Rechaza,Sí,No
KATICA_TORREJON_GONZALEZ__ANTOFAGASTA,KATICA TORREJON GONZALEZ,M,REGIÓN DE ANTOFAGASTA,ANTOFAGASTA,TODAS Y TODOS POR CHILE,ACCION HUMANISTA E INDEPENDIENTES,IND,INDEPENDIENTES,200000,2,Aprueba con Observaciones,Sí,No
LUIS_LAZCANO_TORRES__ANTOFAGASTA,LUIS LAZCANO TORRES,H,REGIÓN DE ANTOFAGASTA,ANTOFAGASTA,TODAS Y TODOS POR CHILE,ACCION HUMANISTA E INDEPENDIENTES,IND,INDEPENDIENTES,189510,2,Aprueba con Observaciones,Sí,No
DUZANKA_FLORES_ROJAS__ANTOFAGASTA,DUZANKA FLORES ROJAS,M,REGIÓN DE ANTOFAGASTA,ANTOFAGASTA,PARTIDO SOCIAL CRISTIANO E INDEPENDIENTES,No aplica,PSC,PARTIDO SOCIAL CRISTIANO,5485180,19,Aprueba,Sí,No
KARLA_ANDREA_PEREZ_VEGA__ANTOFAGASTA,KARLA ANDREA PEREZ VEGA,M,REGIÓN DE ANTOFAGASTA,ANTOFAGASTA,PARTIDO SOCIAL CRISTIANO E INDEPENDIENTES,No aplica,PSC,PARTIDO SOCIAL CRISTIANO,4411670,21,Aprueba,Sí,No
GINO_MONTECINOS_DONOSO__ANTOFAGASTA,GINO MONTECINOS DONOSO,H,REGIÓN DE ANTOFAGASTA,ANTOFAGASTA,PARTIDO SOCIAL CRISTIANO E INDEPENDIENTES,No aplica,PSC,PARTIDO SOCIAL CRISTIANO,799800,5,Aprueba con Observaciones,Sí,No
SOLANGE_LIZETTE_CORTES_CHOQUE__ANTOFAGASTA,SOLANGE LIZETTE CORTES CHOQUE,M,REGIÓN DE ANTOFAGASTA,ANTOFAGASTA,PARTIDO SOCIAL CRISTIANO E INDEPENDIENTES,No aplica,IND,INDEPENDIENTES,4575136,23,Aprueba,Sí,No
ENRIQUE_ALBERTO_LEON_GONZALEZ__ANTOFAGASTA,ENRIQUE ALBERTO LEON GONZALEZ,H,REGIÓN DE ANTOFAGASTA,ANTOFAGASTA,PARTIDO SOCIAL CRISTIANO E INDEPENDIENTES,No aplica,IND,INDEPENDIENTES,1745400,12,Aprueba,Sí,No
SEBASTIAN_HIDALGO_JIMENEZ__ANTOFAGASTA,SEBASTIAN HIDALGO JIMENEZ,H,REGIÓN DE ANTOFAGASTA,ANTOFAGASTA,CHILE VAMOS RENOVACION NACIONAL - INDEPENDIENTES,No aplica,RN,RENOVACION NACIONAL,2003119,22,Aprueba,Sí,No
JORGE_LAWRENCE_SANTIBANEZ__ANTOFAGASTA,JORGE LAWRENCE SANTIBAÑEZ,H,REGIÓN DE ANTOFAGASTA,ANTOFAGASTA,CHILE VAMOS RENOVACION NACIONAL - INDEPENDIENTES,No aplica,RN,RENOVACION NACIONAL,7645583,16,Aprueba con Observaciones,Sí,No
CRISTIAN_BURGOS_MORALES__ANTOFAGASTA,CRISTIAN BURGOS MORALES,H,REGIÓN DE ANTOFAGASTA,ANTOFAGASTA,CHILE VAMOS RENOVACION NACIONAL - INDEPENDIENTES,No aplica,IND,INDEPENDIENTES,4244725,11,Aprueba,Sí,No
VERONICA_MOLINA_MUNDACA__ANTOFAGASTA,VERONICA MOLINA MUNDACA,M,REGIÓN DE ANTOFAGASTA,ANTOFAGASTA,CHILE VAMOS RENOVACION NACIONAL - INDEPENDIENTES,No aplica,IND,INDEPENDIENTES,6831500,8,Aprueba con Observaciones,Sí,No
DAVID_LAMBERT_CAVIERES__ANTOFAGASTA,DAVID LAMBERT CAVIERES,H,REGIÓN DE ANTOFAGASTA,ANTOFAGASTA,CHILE VAMOS RENOVACION NACIONAL - INDEPENDIENTES,No aplica,IND,INDEPENDIENTES,0,0,Rechaza,No,No
MARCELO_ENCINA_MUNOZ__ANTOFAGASTA,MARCELO ENCINA MUÑOZ,H,REGIÓN DE ANTOFAGASTA,ANTOFAGASTA,TU REGION RADICAL,No aplica,PR,PARTIDO RADICAL DE CHILE,2586600,8,Aprueba,Sí,No
OMAR_ANTONIO_QUIROZ_LOBOS__ANTOFAGASTA,OMAR ANTONIO QUIROZ LOBOS,H,REGIÓN DE ANTOFAGASTA,ANTOFAGASTA,TU REGION RADICAL,No aplica,PR,PARTIDO RADICAL DE CHILE,450000,1,Rechaza,Sí,No
JUAN_ANTONIO_CORDOVA_MIRANDA__ANTOFAGASTA,JUAN ANTONIO CORDOVA MIRANDA,H,REGIÓN DE ANTOFAGASTA,ANTOFAGASTA,TU REGION RADICAL,No aplica,PR,PARTIDO RADICAL DE CHILE,450000,1,Aprueba,Sí,No
HUGO_ROCHA_CACERES__ANTOFAGASTA,HUGO ROCHA CACERES,H,REGIÓN DE ANTOFAGASTA,ANTOFAGASTA,TU REGION RADICAL,No aplica,PR,PARTIDO RADICAL DE CHILE,3725586,20,Aprueba con Observaciones,Sí,No
ROBERTO_GUSTAVO_PERALTA_ACEITUNO__ANTOFAGASTA,ROBERTO GUSTAVO PERALTA ACEITUNO,H,REGIÓN DE ANTOFAGASTA,ANTOFAGASTA,TU REGION RADICAL,No aplica,IND,INDEPENDIENTES,1811220,5,Rechaza,Sí,No
JANETT_SHIRLEY_GUERRA_ABURTO__ANTOFAGASTA,JANETT SHIRLEY GUERRA ABURTO,M,REGIÓN DE ANTOFAGASTA,ANTOFAGASTA,TU REGION RADICAL,No aplica,IND,INDEPENDIENTES,678302,7,Aprueba con Observaciones,Sí,No
DENNYSE_ALEJANDRA_ORQUERA_PORTILLA__ANTOFAGASTA,DENNYSE ALEJANDRA ORQUERA PORTILLA,M,REGIÓN DE ANTOFAGASTA,ANTOFAGASTA,TU REGION RADICAL,No aplica,IND,INDEPENDIENTES,480000,6,Aprueba,Sí,No
PATRICIO_ALBERTO_SILVA_NAVEA__ANTOFAGASTA,PATRICIO ALBERTO SILVA NAVEA,H,REGIÓN DE ANTOFAGASTA,ANTOFAGASTA,TU REGION RADICAL,No aplica,IND,INDEPENDIENTES,810001,4,Aprueba con Observaciones,Sí,No
MANUEL_ANGEL_LEYTON_ROMO__ANTOFAGASTA,MANUEL ANGEL LEYTON ROMO,H,REGIÓN DE ANTOFAGASTA,ANTOFAGASTA,REGIONES VERDES LIBERALES,No aplica,FREVS,FEDERACION REGIONALISTA VERDE SOCIAL,189210,1,Aprueba,Sí,No
DANAHE_FRANCIA_ANDREA_ROJAS_MAMANI__ANTOFAGASTA,DANAHE FRANCIA ANDREA ROJAS MAMANI,M,REGIÓN DE ANTOFAGASTA,ANTOFAGASTA,REGIONES VERDES LIBERALES,No aplica,FREVS,FEDERACION REGIONALISTA VERDE SOCIAL,217683,1,Aprueba,Sí,No
MARIO_ORLANDO_CORTES_CRUZ__ANTOFAGASTA,MARIO ORLANDO CORTES CRUZ,H,REGIÓN DE ANTOFAGASTA,ANTOFAGASTA,REGIONES VERDES LIBERALES,No aplica,FREVS,FEDERACION REGIONALISTA VERDE SOCIAL,1626683,9,Aprueba con Observaciones,Sí,No
PEDRO_ALBERTO_HERRERA_LEDESMA__ANTOFAGASTA,PEDRO ALBERTO HERRERA LEDESMA,H,REGIÓN DE ANTOFAGASTA,ANTOFAGASTA,REGIONES VERDES LIBERALES,No aplica,FREVS,FEDERACION REGIONALISTA VERDE SOCIAL,217683,1,Aprueba,Sí,No
MARIA_ELENA_CURIHUINCA_CURIMIL__ANTOFAGASTA,MARIA ELENA CURIHUINCA CURIMIL,M,REGIÓN DE ANTOFAGASTA,ANTOFAGASTA,REGIONES VERDES LIBERALES,No aplica,PL,PARTIDO LIBERAL DE CHILE,678456,12,Aprueba con Observaciones,Sí,No
ELENA_DEL_CARMEN_MARTINEZ_ROJAS__ANTOFAGASTA,ELENA DEL CARMEN MARTINEZ ROJAS,M,REGIÓN DE ANTOFAGASTA,ANTOFAGASTA,REGIONES VERDES LIBERALES,No aplica,IND,INDEPENDIENTES,587683,2,Aprueba,Sí,No
MARCO_SAID_TALA_PINTO__ANTOFAGASTA,MARCO SAID TALA PINTO,H,REGIÓN DE ANTOFAGASTA,ANTOFAGASTA,REGIONES VERDES LIBERALES,No aplica,IND,INDEPENDIENTES,402000,1,Aprueba con Observaciones,Sí,No
ANDREA_MERINO_DIAZ__ANTOFAGASTA,ANDREA MERINO DIAZ,M,REGIÓN DE ANTOFAGASTA,ANTOFAGASTA,LO MEJOR PARA CHILE,PS E INDEPENDIENTES,PS,PARTIDO SOCIALISTA DE CHILE,5814800,66,Aprueba,Sí,No
WILSON_DIAZ_VASQUEZ__ANTOFAGASTA,WILSON DIAZ VASQUEZ,H,REGIÓN DE ANTOFAGASTA,ANTOFAGASTA,LO MEJOR PARA CHILE,PS E INDEPENDIENTES,PS,PARTIDO SOCIALISTA DE CHILE,2050000,13,Aprueba,Sí,No
LUIS_ALBERTO_NUNEZ_CARTAGENA__ANTOFAGASTA,LUIS ALBERTO NUÑEZ CARTAGENA,H,REGIÓN DE ANTOFAGASTA,ANTOFAGASTA,LO MEJOR PARA CHILE,PS E INDEPENDIENTES,PS,PARTIDO SOCIALISTA DE CHILE,7150056,15,Aprueba con Observaciones,Sí,No
MANUEL_ROBLES_VALENCIA__ANTOFAGASTA,MANUEL ROBLES VALENCIA,H,REGIÓN DE ANTOFAGASTA,ANTOFAGASTA,LO MEJOR PARA CHILE,PS E INDEPENDIENTES,IND,INDEPENDIENTES,2387850,5,Aprueba con Observaciones,Sí,No
LILA_ELENA_VERGARA_PICON__ANTOFAGASTA,LILA ELENA VERGARA PICON,M,REGIÓN DE ANTOFAGASTA,ANTOFAGASTA,LO MEJOR PARA CHILE,PPD E INDEPENDIENTES,PPD,PARTIDO POR LA DEMOCRACIA,3140000,28,Aprueba,Sí,No
JOHN_FRED_RAMOS_MOYA__ANTOFAGASTA,JOHN FRED RAMOS MOYA,H,REGIÓN DE ANTOFAGASTA,ANTOFAGASTA,LO MEJOR PARA CHILE,PPD E INDEPENDIENTES,PPD,PARTIDO POR LA DEMOCRACIA,1095652,3,Aprueba con Observaciones,Sí,No
ROSA_ELVIRA_AREVALO_ZEPEDA__ANTOFAGASTA,ROSA ELVIRA AREVALO ZEPEDA,M,REGIÓN DE ANTOFAGASTA,ANTOFAGASTA,LO MEJOR PARA CHILE,PPD E INDEPENDIENTES,IND,INDEPENDIENTES,300000,1,Aprueba,Sí,No
DIELA_MARIA_ALVAREZ_ORTEGA__ANTOFAGASTA,DIELA MARIA ALVAREZ ORTEGA,M,REGIÓN DE ANTOFAGASTA,ANTOFAGASTA,LO MEJOR PARA CHILE,PPD E INDEPENDIENTES,IND,INDEPENDIENTES,348000,2,Aprueba,Sí,No
PAULA_CELIS_SIERRALTA__ANTOFAGASTA,PAULA CELIS SIERRALTA,M,REGIÓN DE ANTOFAGASTA,ANTOFAGASTA,PARTIDO DE LA GENTE E INDEPENDIENTES,No aplica,PDG,PARTIDO DE LA GENTE,3965866,42,Aprueba,Sí,No
LUIS_RAMOS_BUSTOS__ANTOFAGASTA,LUIS RAMOS BUSTOS,H,REGIÓN DE ANTOFAGASTA,ANTOFAGASTA,PARTIDO DE LA GENTE E INDEPENDIENTES,No aplica,PDG,PARTIDO DE LA GENTE,7576988,86,Aprueba con Observaciones,Sí,No
VILMA_DE_LOURDES_ESQUIVEL_CESPEDES__ANTOFAGASTA,VILMA DE LOURDES ESQUIVEL CESPEDES,M,REGIÓN DE ANTOFAGASTA,ANTOFAGASTA,PARTIDO DE LA GENTE E INDEPENDIENTES,No aplica,PDG,PARTIDO DE LA GENTE,2428252,40,Aprueba con Observaciones,Sí,No
JOSE_AQUEDA_MUNOZ__ANTOFAGASTA,JOSE AQUEDA MUÑOZ,H,REGIÓN DE ANTOFAGASTA,ANTOFAGASTA,PARTIDO DE LA GENTE E INDEPENDIENTES,No aplica,PDG,PARTIDO DE LA GENTE,1080436,12,Aprueba con Observaciones,Sí,No
IVO_OSMAN_ROJAS_BERRIOS__ANTOFAGASTA,IVO OSMAN ROJAS BERRIOS,H,REGIÓN DE ANTOFAGASTA,ANTOFAGASTA,POR UN CHILE MEJOR,No aplica,PDC,PARTIDO DEMOCRATA CRISTIANO,1250000,3,Aprueba con Observaciones,Sí,No
MARGARITA_IVONNE_MONTECINO_CORTEZ__ANTOFAGASTA,MARGARITA IVONNE MONTECINO CORTEZ,M,REGIÓN DE ANTOFAGASTA,ANTOFAGASTA,POR UN CHILE MEJOR,No aplica,PDC,PARTIDO DEMOCRATA CRISTIANO,0,0,Rechaza,No,No
FAROUK_OMAR_AMADO_ZULOAGA__ANTOFAGASTA,FAROUK OMAR AMADO ZULOAGA,H,REGIÓN DE ANTOFAGASTA,ANTOFAGASTA,POR UN CHILE MEJOR,No aplica,PDC,PARTIDO DEMOCRATA CRISTIANO,1450000,4,Aprueba,Sí,No
ALICIA_DEL_CARMEN_VALENCIA_VALENCIA__ANTOFAGASTA,ALICIA DEL CARMEN VALENCIA VALENCIA,M,REGIÓN DE ANTOFAGASTA,ANTOFAGASTA,POR UN CHILE MEJOR,No aplica,PDC,PARTIDO DEMOCRATA CRISTIANO,0,0,Rechaza,No,No
ANDREA_CONTRERAS_GARAY__ANTOFAGASTA,ANDREA CONTRERAS GARAY,M,REGIÓN DE ANTOFAGASTA,ANTOFAGASTA,POR UN CHILE MEJOR,No aplica,IND,INDEPENDIENTES,3760942,13,Aprueba,Sí,No
MARJORIE_SOLANGE_MENDEZ_VELASQUEZ__ANTOFAGASTA,MARJORIE SOLANGE MENDEZ VELASQUEZ,M,REGIÓN DE ANTOFAGASTA,ANTOFAGASTA,POR UN CHILE MEJOR,No aplica,IND,INDEPENDIENTES,0,0,Rechaza,No,No
SANTIAGO_EDUARDO_TRUJILLO_MONTANO__ANTOFAGASTA,SANTIAGO EDUARDO TRUJILLO MONTAÑO,H,REGIÓN DE ANTOFAGASTA,ANTOFAGASTA,POR UN CHILE MEJOR,No aplica,IND,INDEPENDIENTES,0,0,Rechaza,No,No
ALEX_HERNAN_KONG_CORTES__ANTOFAGASTA,ALEX HERNAN KONG CORTES,H,REGIÓN DE ANTOFAGASTA,ANTOFAGASTA,CENTRO DEMOCRATICO,DEMOCRATAS E INDEPENDIENTES,DEMOCRATAS,PARTIDO DEMOCRATAS CHILE,1811480,8,Aprueba,Sí,No
MARCELO_ROCHA_MUNOZ__ANTOFAGASTA,MARCELO ROCHA MUÑOZ,H,REGIÓN DE ANTOFAGASTA,ANTOFAGASTA,CENTRO DEMOCRATICO,DEMOCRATAS E INDEPENDIENTES,IND,INDEPENDIENTES,4342971,4,Rechaza,Sí,No
MARIANELA_SOLEDAD_ARMIJO_RIVERA__ANTOFAGASTA,MARIANELA SOLEDAD ARMIJO RIVERA,M,REGIÓN DE ANTOFAGASTA,ANTOFAGASTA,CENTRO DEMOCRATICO,DEMOCRATAS E INDEPENDIENTES,IND,INDEPENDIENTES,0,0,Rechaza,No,No
MARIO_FRANCISCO_VELIZ_BRIONES__ANTOFAGASTA,MARIO FRANCISCO VELIZ BRIONES,H,REGIÓN DE ANTOFAGASTA,ANTOFAGASTA,CENTRO DEMOCRATICO,DEMOCRATAS E INDEPENDIENTES,IND,INDEPENDIENTES,0,0,Aprueba,No,No
MARIA_ESTHER_DEL_BARRIO_CORTEZ__ANTOFAGASTA,MARIA ESTHER DEL BARRIO CORTEZ,M,REGIÓN DE ANTOFAGASTA,ANTOFAGASTA,CENTRO DEMOCRATICO,DEMOCRATAS E INDEPENDIENTES,IND,INDEPENDIENTES,1350000,4,Aprueba con Observaciones,Sí,No
JOSE_EUSEBIO_RIVAS_FLORES__ANTOFAGASTA,JOSE EUSEBIO RIVAS FLORES,H,REGIÓN DE ANTOFAGASTA,ANTOFAGASTA,CENTRO DEMOCRATICO,DEMOCRATAS E INDEPENDIENTES,IND,INDEPENDIENTES,1773869,4,Aprueba con Observaciones,Sí,No
NEIL_O_BRYAMS_MEZA_ESPINOZA__ANTOFAGASTA,NEIL O BRYAMS MEZA ESPINOZA,H,REGIÓN DE ANTOFAGASTA,ANTOFAGASTA,CENTRO DEMOCRATICO,DEMOCRATAS E INDEPENDIENTES,IND,INDEPENDIENTES,0,0,Rechaza,No,No
OSVALDO_FRANCISCO_SOTGIU_QUIJADA__ANTOFAGASTA,OSVALDO FRANCISCO SOTGIU QUIJADA,H,REGIÓN DE ANTOFAGASTA,ANTOFAGASTA,CENTRO DEMOCRATICO,DEMOCRATAS E INDEPENDIENTES,IND,INDEPENDIENTES,0,0,Rechaza,No,No
PAULA_VALERIA_ORELLANA_URIBE__ANTOFAGASTA,PAULA VALERIA ORELLANA URIBE,M,REGIÓN DE ANTOFAGASTA,ANTOFAGASTA,FRENTE AMPLIO,FRENTE AMPLIO E INDEPENDIENTES,FA,FRENTE AMPLIO,5304388,13,Rechaza,Sí,No
ALVARO_IVAN_PATRICIO_CONTRERAS_REINOSO__ANTOFAGASTA,ALVARO IVAN PATRICIO CONTRERAS REINOSO,H,REGIÓN DE ANTOFAGASTA,ANTOFAGASTA,FRENTE AMPLIO,FRENTE AMPLIO E INDEPENDIENTES,FA,FRENTE AMPLIO,6877331,23,Aprueba con Observaciones,Sí,No
CESAR_VITTORIO_TRABUCCO_SWANECK__ANTOFAGASTA,CESAR VITTORIO TRABUCCO SWANECK,H,REGIÓN DE ANTOFAGASTA,ANTOFAGASTA,FRENTE AMPLIO,FRENTE AMPLIO E INDEPENDIENTES,FA,FRENTE AMPLIO,5381061,18,Aprueba,Sí,No
ESTEBAN_PATRICIO_PEREZ_GARCIA__ANTOFAGASTA,ESTEBAN PATRICIO PEREZ GARCIA,H,REGIÓN DE ANTOFAGASTA,ANTOFAGASTA,FRENTE AMPLIO,FRENTE AMPLIO E INDEPENDIENTES,FA,FRENTE AMPLIO,400000,2,Aprueba con Observaciones,Sí,No
KIM_LAN_CRISTI_ALLIU_MOSCOPULOS__ANTOFAGASTA,KIM-LAN CRISTI ALLIU MOSCOPULOS,M,REGIÓN DE ANTOFAGASTA,ANTOFAGASTA,FRENTE AMPLIO,FRENTE AMPLIO E INDEPENDIENTES,FA,FRENTE AMPLIO,3514003,20,Sin información,Sí,No
ASTOLFO_LUIS_OJEDA_FUENTEALBA__ANTOFAGASTA,ASTOLFO LUIS OJEDA FUENTEALBA,H,REGIÓN DE ANTOFAGASTA,ANTOFAGASTA,FRENTE AMPLIO,FRENTE AMPLIO E INDEPENDIENTES,FA,FRENTE AMPLIO,1062061,22,Aprueba con Observaciones,Sí,No
PAMELA_ISABEL_LARA_ROMERO__ANTOFAGASTA,PAMELA ISABEL LARA ROMERO,M,REGIÓN DE ANTOFAGASTA,ANTOFAGASTA,FRENTE AMPLIO,FRENTE AMPLIO E INDEPENDIENTES,FA,FRENTE AMPLIO,1485076,6,Aprueba con Observaciones,Sí,No
GONZALO_SANTOLAYA_GOICOVIC__ANTOFAGASTA,GONZALO SANTOLAYA GOICOVIC,H,REGIÓN DE ANTOFAGASTA,ANTOFAGASTA,CHILE VAMOS UDI - INDEPENDIENTES,No aplica,UDI,UNION DEMOCRATA INDEPENDIENTE,4575106,77,Aprueba con Observaciones,Sí,No
DAGOBERTO_TILLERIA_VELASQUEZ__ANTOFAGASTA,DAGOBERTO TILLERIA VELASQUEZ,H,REGIÓN DE ANTOFAGASTA,ANTOFAGASTA,CHILE VAMOS UDI - INDEPENDIENTES,No aplica,UDI,UNION DEMOCRATA INDEPENDIENTE,10775610,40,Aprueba,Sí,No
LUIS_LARREA_ARAYA__ANTOFAGASTA,LUIS LARREA ARAYA,H,REGIÓN DE ANTOFAGASTA,ANTOFAGASTA,CHILE VAMOS UDI - INDEPENDIENTES,No aplica,UDI,UNION DEMOCRATA INDEPENDIENTE,0,0,Rechaza,No,No
JOSE_MIGUEL_PINOCHET_ROCO__ANTOFAGASTA,JOSE MIGUEL PINOCHET ROCO,H,REGIÓN DE ANTOFAGASTA,ANTOFAGASTA,CHILE VAMOS UDI - INDEPENDIENTES,No aplica,UDI,UNION DEMOCRATA INDEPENDIENTE,0,0,Rechaza,No,No
JUAN_PABLO_RIVERA_ROSALES__ANTOFAGASTA,JUAN PABLO RIVERA ROSALES,H,REGIÓN DE ANTOFAGASTA,ANTOFAGASTA,CHILE VAMOS UDI - INDEPENDIENTES,No aplica,IND,INDEPENDIENTES,750000,4,Aprueba,Sí,No
RONY_ACOSTA_YANEZ__ANTOFAGASTA,RONY ACOSTA YAÑEZ,H,REGIÓN DE ANTOFAGASTA,ANTOFAGASTA,CHILE VAMOS UDI - INDEPENDIENTES,No aplica,IND,INDEPENDIENTES,0,0,Rechaza,No,No
SINDY_TESSA_GONZALEZ_SALINI__ANTOFAGASTA,SINDY TESSA GONZALEZ SALINI,M,REGIÓN DE ANTOFAGASTA,ANTOFAGASTA,CHILE VAMOS EVOPOLI - INDEPENDIENTES,No aplica,EVOPOLI,EVOLUCION POLITICA,3209400,6,Aprueba con Observaciones,Sí,No
ERIK_ELIOT_ESCRICH_CARVAJAL__ANTOFAGASTA,ERIK ELIOT ESCRICH CARVAJAL,H,REGIÓN DE ANTOFAGASTA,ANTOFAGASTA,CHILE VAMOS EVOPOLI - INDEPENDIENTES,No aplica,EVOPOLI,EVOLUCION POLITICA,309400,1,Aprueba,Sí,No
JONATHAN_ALEJANDRO_VERGARA_ARAYA__ANTOFAGASTA,JONATHAN ALEJANDRO VERGARA ARAYA,H,REGIÓN DE ANTOFAGASTA,ANTOFAGASTA,CHILE VAMOS EVOPOLI - INDEPENDIENTES,No aplica,EVOPOLI,EVOLUCION POLITICA,309400,1,Aprueba con Observaciones,Sí,No
PAULO_JAVIER_VILLEGAS_DIAZ__ANTOFAGASTA,PAULO JAVIER VILLEGAS DIAZ,H,REGIÓN DE ANTOFAGASTA,ANTOFAGASTA,CHILE VAMOS EVOPOLI - INDEPENDIENTES,No aplica,EVOPOLI,EVOLUCION POLITICA,1109400,3,Aprueba,Sí,No
VALENTINA_PAZ_FERNANDEZ_MACCHIAVELLO__ANTOFAGASTA,VALENTINA PAZ FERNANDEZ MACCHIAVELLO,M,REGIÓN DE ANTOFAGASTA,ANTOFAGASTA,CHILE VAMOS EVOPOLI - INDEPENDIENTES,No aplica,IND,INDEPENDIENTES,5100090,9,Aprueba con Observaciones,Sí,No
DANILO_FERNANDO_ORELLANA_SUAREZ__ANTOFAGASTA,DANILO FERNANDO ORELLANA SUAREZ,H,REGIÓN DE ANTOFAGASTA,ANTOFAGASTA,CHILE VAMOS EVOPOLI - INDEPENDIENTES,No aplica,IND,INDEPENDIENTES,814270,4,Rechaza,Sí,No
MAURICIO_HERNAN_ZEPEDA_ZEPEDA__ANTOFAGASTA,MAURICIO HERNAN ZEPEDA ZEPEDA,H,REGIÓN DE ANTOFAGASTA,ANTOFAGASTA,CHILE VAMOS EVOPOLI - INDEPENDIENTES,No aplica,IND,INDEPENDIENTES,1184207,4,Aprueba con Observaciones,Sí,No
YASNA_CELIA_MENESES_GONZALEZ__ANTOFAGASTA,YASNA CELIA MENESES GONZALEZ,M,REGIÓN DE ANTOFAGASTA,ANTOFAGASTA,REPUBLICANOS E INDEPENDIENTES,No aplica,REPUBLICANO,PARTIDO REPUBLICANO DE CHILE,1082900,1,Aprueba,Sí,No
ALEJANDRO_RODRIGO_CIFUENTES_MANCILLA__ANTOFAGASTA,ALEJANDRO RODRIGO CIFUENTES MANCILLA,H,REGIÓN DE ANTOFAGASTA,ANTOFAGASTA,REPUBLICANOS E INDEPENDIENTES,No aplica,REPUBLICANO,PARTIDO REPUBLICANO DE CHILE,1907250,3,Aprueba,Sí,No
JUAN_ALBERTO_SANTIS_CONTRERAS__ANTOFAGASTA,JUAN ALBERTO SANTIS CONTRERAS,H,REGIÓN DE ANTOFAGASTA,ANTOFAGASTA,REPUBLICANOS E INDEPENDIENTES,No aplica,REPUBLICANO,PARTIDO REPUBLICANO DE CHILE,2591299,6,Aprueba con Observaciones,Sí,No
PATRICIO_MANUEL_MALDONADO_LAVADO__ANTOFAGASTA,PATRICIO MANUEL MALDONADO LAVADO,H,REGIÓN DE ANTOFAGASTA,ANTOFAGASTA,REPUBLICANOS E INDEPENDIENTES,No aplica,REPUBLICANO,PARTIDO REPUBLICANO DE CHILE,6747980,4,Rechaza,Sí,No
RUBEN_FERNANDO_COLQUE_CONDORI__ANTOFAGASTA,RUBEN FERNANDO COLQUE CONDORI,H,REGIÓN DE ANTOFAGASTA,ANTOFAGASTA,REPUBLICANOS E INDEPENDIENTES,No aplica,REPUBLICANO,PARTIDO REPUBLICANO DE CHILE,500000,5,Aprueba,Sí,No
EDGARDO_RONNY_ARIAS_MONTENEGRO__ANTOFAGASTA,EDGARDO RONNY ARIAS MONTENEGRO,H,REGIÓN DE ANTOFAGASTA,ANTOFAGASTA,REPUBLICANOS E INDEPENDIENTES,No aplica,IND,INDEPENDIENTES,1286540,5,Aprueba con Observaciones,Sí,No
PABLO_ONELL_ARACENA__EL_LOA,PABLO ONELL ARACENA,H,REGIÓN DE ANTOFAGASTA,EL LOA,TODAS Y TODOS POR CHILE,ACCION HUMANISTA E INDEPENDIENTES,AH,PARTIDO ACCIÓN HUMANISTA,1490891,9,Aprueba con Observaciones,Sí,No
ALEXANDER_WEISHAUPT_ORTEGA__EL_LOA,ALEXANDER WEISHAUPT ORTEGA,H,REGIÓN DE ANTOFAGASTA,EL LOA,TODAS Y TODOS POR CHILE,ACCION HUMANISTA E INDEPENDIENTES,IND,INDEPENDIENTES,694655,4,Aprueba con Observaciones,Sí,No
ELIZABETH_PILAR_BRUNA_ZEPEDA__EL_LOA,ELIZABETH PILAR BRUNA ZEPEDA,M,REGIÓN DE ANTOFAGASTA,EL LOA,TODAS Y TODOS POR CHILE,PARTIDO COMUNISTA E INDEPENDIENTES,PCCH,PARTIDO COMUNISTA DE CHILE,1226654,9,Aprueba con Observaciones,Sí,No
JOSE_CRISTIAN_MARDONES_GALLARDO__EL_LOA,JOSE CRISTIAN MARDONES GALLARDO,H,REGIÓN DE ANTOFAGASTA,EL LOA,TODAS Y TODOS POR CHILE,PARTIDO COMUNISTA E INDEPENDIENTES,PCCH,PARTIDO COMUNISTA DE CHILE,4200000,13,Aprueba con Observaciones,Sí,No
ANITA_MARIA_MILLA_BARRIOS__EL_LOA,ANITA MARIA MILLA BARRIOS,M,REGIÓN DE ANTOFAGASTA,EL LOA,PARTIDO SOCIAL CRISTIANO E INDEPENDIENTES,No aplica,PSC,PARTIDO SOCIAL CRISTIANO,190400,1,Aprueba,Sí,No
DAVID_ANDRES_ARAYA_BUGUENO__EL_LOA,DAVID ANDRES ARAYA BUGUEÑO,H,REGIÓN DE ANTOFAGASTA,EL LOA,PARTIDO SOCIAL CRISTIANO E INDEPENDIENTES,No aplica,PSC,PARTIDO SOCIAL CRISTIANO,0,0,Rechaza,No,No
JOSE_GALLEGOS_SEGURA__EL_LOA,JOSE GALLEGOS SEGURA,H,REGIÓN DE ANTOFAGASTA,EL LOA,CHILE VAMOS RENOVACION NACIONAL - INDEPENDIENTES,No aplica,RN,RENOVACION NACIONAL,3741175,21,Aprueba,Sí,No
FERNANDO_AURELIO_PIZARRO_AGURTO__EL_LOA,FERNANDO AURELIO PIZARRO AGURTO,H,REGIÓN DE ANTOFAGASTA,EL LOA,CHILE VAMOS RENOVACION NACIONAL - INDEPENDIENTES,No aplica,IND,INDEPENDIENTES,3832673,28,Aprueba con Observaciones,Sí,No
HOLANS_ANDRES_CALDERON_VARGAS__EL_LOA,HOLANS ANDRES CALDERON VARGAS,H,REGIÓN DE ANTOFAGASTA,EL LOA,TU REGION RADICAL,No aplica,PR,PARTIDO RADICAL DE CHILE,546964,4,Aprueba con Observaciones,Sí,No
CECILIA_ANDREA_VILLANSEN_MONCADA__EL_LOA,CECILIA ANDREA VILLANSEN MONCADA,M,REGIÓN DE ANTOFAGASTA,EL LOA,TU REGION RADICAL,No aplica,PR,PARTIDO RADICAL DE CHILE,1502800,5,Aprueba con Observaciones,Sí,No
MARIA_ANGELICA_YANEZ_ESCOBAR__EL_LOA,MARIA ANGELICA YAÑEZ ESCOBAR,M,REGIÓN DE ANTOFAGASTA,EL LOA,TU REGION RADICAL,No aplica,PR,PARTIDO RADICAL DE CHILE,1530677,11,Aprueba con Observaciones,Sí,No
DINKA_SOLANGE_LOPEZ_DURAN__EL_LOA,DINKA SOLANGE LOPEZ DURAN,M,REGIÓN DE ANTOFAGASTA,EL LOA,REGIONES VERDES LIBERALES,No aplica,FREVS,FEDERACION REGIONALISTA VERDE SOCIAL,4262449,22,Rechaza,Sí,No
ALEJANDRO_ORLANDO_QUEZADA_BARAHONA__EL_LOA,ALEJANDRO ORLANDO QUEZADA BARAHONA,H,REGIÓN DE ANTOFAGASTA,EL LOA,REGIONES VERDES LIBERALES,No aplica,FREVS,FEDERACION REGIONALISTA VERDE SOCIAL,1145122,9,Aprueba con Observaciones,Sí,No
GLADYS_LUZ_MORENO_MORENO__EL_LOA,GLADYS LUZ MORENO MORENO,M,REGIÓN DE ANTOFAGASTA,EL LOA,REGIONES VERDES LIBERALES,No aplica,FREVS,FEDERACION REGIONALISTA VERDE SOCIAL,902415,10,Aprueba con Observaciones,Sí,No
LUIS_PAYERO_CRUZ__EL_LOA,LUIS PAYERO CRUZ,H,REGIÓN DE ANTOFAGASTA,EL LOA,LO MEJOR PARA CHILE,PS E INDEPENDIENTES,PS,PARTIDO SOCIALISTA DE CHILE,3546028,10,Aprueba con Observaciones,Sí,No
YURI_CHAVEZ_GARCES__EL_LOA,YURI CHAVEZ GARCES,H,REGIÓN DE ANTOFAGASTA,EL LOA,LO MEJOR PARA CHILE,PS E INDEPENDIENTES,PS,PARTIDO SOCIALISTA DE CHILE,2075864,14,Aprueba,Sí,No
DAISY_MAGALY_BARRAZA_ARAYA__EL_LOA,DAISY MAGALY BARRAZA ARAYA,M,REGIÓN DE ANTOFAGASTA,EL LOA,LO MEJOR PARA CHILE,PS E INDEPENDIENTES,IND,INDEPENDIENTES,2694625,11,Aprueba,Sí,No
FREDDY_NICOLAS_VINALES_VINALES__EL_LOA,FREDDY NICOLAS VIÑALES VIÑALES,H,REGIÓN DE ANTOFAGASTA,EL LOA,LO MEJOR PARA CHILE,PPD E INDEPENDIENTES,PPD,PARTIDO POR LA DEMOCRACIA,0,0,Rechaza,No,No
JAVIER_IGNACIO_ESCUDERO_PASTEN__EL_LOA,JAVIER IGNACIO ESCUDERO PASTEN,H,REGIÓN DE ANTOFAGASTA,EL LOA,LO MEJOR PARA CHILE,PPD E INDEPENDIENTES,PPD,PARTIDO POR LA DEMOCRACIA,532000,2,Aprueba,Sí,No
JORGE_EDUARDO_BERNA_MENDOZA__EL_LOA,JORGE EDUARDO BERNA MENDOZA,H,REGIÓN DE ANTOFAGASTA,EL LOA,PARTIDO DE LA GENTE E INDEPENDIENTES,No aplica,PDG,PARTIDO DE LA GENTE,8131436,34,Aprueba,Sí,No
ELIANA_DEL_ROSARIO_ARAYA_IBACACHE__EL_LOA,ELIANA DEL ROSARIO ARAYA IBACACHE,M,REGIÓN DE ANTOFAGASTA,EL LOA,PARTIDO DE LA GENTE E INDEPENDIENTES,No aplica,PDG,PARTIDO DE LA GENTE,2511660,23,Aprueba con Observaciones,Sí,No
JUAN_PABLO_AMALIO_CABRERA_LOPEZ__EL_LOA,JUAN PABLO AMALIO CABRERA LOPEZ,H,REGIÓN DE ANTOFAGASTA,EL LOA,PARTIDO DE LA GENTE E INDEPENDIENTES,No aplica,PDG,PARTIDO DE LA GENTE,811650,10,Aprueba con Observaciones,Sí,No
BARBARA_CORTES_RIOS__EL_LOA,BARBARA CORTES RIOS,M,REGIÓN DE ANTOFAGASTA,EL LOA,PARTIDO DE LA GENTE E INDEPENDIENTES,No aplica,IND,INDEPENDIENTES,0,0,Aprueba,No,No
DIEGO_FERNANDO_HERRERA_DEBIA__EL_LOA,DIEGO FERNANDO HERRERA DEBIA,H,REGIÓN DE ANTOFAGASTA,EL LOA,PARTIDO DE LA GENTE E INDEPENDIENTES,No aplica,IND,INDEPENDIENTES,0,0,Rechaza,No,No
SANDRA_BERNA_MARTINEZ__EL_LOA,SANDRA BERNA MARTINEZ,M,REGIÓN DE ANTOFAGASTA,EL LOA,POR UN CHILE MEJOR,No aplica,PDC,PARTIDO DEMOCRATA CRISTIANO,3015397,38,Aprueba,Sí,No
ARTURO_ROSAMEL_MOLINA_HENRIQUEZ__EL_LOA,ARTURO ROSAMEL MOLINA HENRIQUEZ,H,REGIÓN DE ANTOFAGASTA,EL LOA,POR UN CHILE MEJOR,No aplica,PDC,PARTIDO DEMOCRATA CRISTIANO,1153000,9,Aprueba,Sí,No
RODRIGO_ALEJANDRO_BARRERA_CORTES__EL_LOA,RODRIGO ALEJANDRO BARRERA CORTES,H,REGIÓN DE ANTOFAGASTA,EL LOA,POR UN CHILE MEJOR,No aplica,PDC,PARTIDO DEMOCRATA CRISTIANO,1200000,6,Aprueba,Sí,No
ERNESTO_IVAN_GALLEGUILLOS_MOREL__EL_LOA,ERNESTO IVAN GALLEGUILLOS MOREL,H,REGIÓN DE ANTOFAGASTA,EL LOA,POR UN CHILE MEJOR,No aplica,IND,INDEPENDIENTES,1300000,14,Aprueba con Observaciones,Sí,No
MARCELA_ALEJANDRA_CARRILLO_VARGAS__EL_LOA,MARCELA ALEJANDRA CARRILLO VARGAS,M,REGIÓN DE ANTOFAGASTA,EL LOA,CENTRO DEMOCRATICO,DEMOCRATAS E INDEPENDIENTES,DEMOCRATAS,PARTIDO DEMOCRATAS CHILE,369000,2,Aprueba,Sí,No
RODRIGO_HERNAN_ASTORGA_TAPIA__EL_LOA,RODRIGO HERNAN ASTORGA TAPIA,H,REGIÓN DE ANTOFAGASTA,EL LOA,CENTRO DEMOCRATICO,DEMOCRATAS E INDEPENDIENTES,DEMOCRATAS,PARTIDO DEMOCRATAS CHILE,10439920,7,Aprueba con Observaciones,Sí,No
CECILIA_ANDREA_MARANON_PASTEN__EL_LOA,CECILIA ANDREA MARAÑON PASTEN,M,REGIÓN DE ANTOFAGASTA,EL LOA,CENTRO DEMOCRATICO,DEMOCRATAS E INDEPENDIENTES,DEMOCRATAS,PARTIDO DEMOCRATAS CHILE,620000,2,Aprueba con Observaciones,Sí,No
NATALIA_LUZ_LATORRE_CRUZ__EL_LOA,NATALIA LUZ LATORRE CRUZ,M,REGIÓN DE ANTOFAGASTA,EL LOA,CENTRO DEMOCRATICO,DEMOCRATAS E INDEPENDIENTES,DEMOCRATAS,PARTIDO DEMOCRATAS CHILE,50000,1,Aprueba,Sí,No
LEDY_ANA_OSANDON_FERRER__EL_LOA,LEDY ANA OSANDON FERRER,M,REGIÓN DE ANTOFAGASTA,EL LOA,CENTRO DEMOCRATICO,DEMOCRATAS E INDEPENDIENTES,IND,INDEPENDIENTES,139566,1,Aprueba con Observaciones,Sí,No
LUIS_GARRIDO_AMPUERO__EL_LOA,LUIS GARRIDO AMPUERO,H,REGIÓN DE ANTOFAGASTA,EL LOA,CHILE VAMOS UDI - INDEPENDIENTES,No aplica,UDI,UNION DEMOCRATA INDEPENDIENTE,6144669,27,Rechaza,Sí,No
NALTO_ESPINOZA_HURTADO__EL_LOA,NALTO ESPINOZA HURTADO,H,REGIÓN DE ANTOFAGASTA,EL LOA,CHILE VAMOS UDI - INDEPENDIENTES,No aplica,UDI,UNION DEMOCRATA INDEPENDIENTE,500000,20,Rechaza,Sí,No
JENIFER_VEGA_ROJAS__EL_LOA,JENIFER VEGA ROJAS,M,REGIÓN DE ANTOFAGASTA,EL LOA,CHILE VAMOS UDI - INDEPENDIENTES,No aplica,IND,INDEPENDIENTES,500000,4,Aprueba con Observaciones,Sí,No
MONICA_MUNOZ_NAVARRO__EL_LOA,MONICA MUÑOZ NAVARRO,M,REGIÓN DE ANTOFAGASTA,EL LOA,CHILE VAMOS EVOPOLI - INDEPENDIENTES,No aplica,EVOPOLI,EVOLUCION POLITICA,1261599,9,Aprueba,Sí,No
TAMARA_AGUAYO_RIVERA__EL_LOA,TAMARA AGUAYO RIVERA,M,REGIÓN DE ANTOFAGASTA,EL LOA,CHILE VAMOS EVOPOLI - INDEPENDIENTES,No aplica,EVOPOLI,EVOLUCION POLITICA,3535997,11,Aprueba,Sí,No
NELSON_EDUARDO_VELASQUEZ_RAMOS__EL_LOA,NELSON EDUARDO VELASQUEZ RAMOS,H,REGIÓN DE ANTOFAGASTA,EL LOA,CHILE VAMOS EVOPOLI - INDEPENDIENTES,No aplica,EVOPOLI,EVOLUCION POLITICA,648550,2,Aprueba con Observaciones,Sí,No
MIRIAN_NOLBERTA_YUFLA_CRUZ__EL_LOA,MIRIAN NOLBERTA YUFLA CRUZ,M,REGIÓN DE ANTOFAGASTA,EL LOA,CHILE VAMOS EVOPOLI - INDEPENDIENTES,No aplica,IND,INDEPENDIENTES,0,0,Aprueba,No,No
JORGE_MANUEL_ZAMBRA_GONZALEZ__EL_LOA,JORGE MANUEL ZAMBRA GONZALEZ,H,REGIÓN DE ANTOFAGASTA,EL LOA,CHILE VAMOS EVOPOLI - INDEPENDIENTES,No aplica,IND,INDEPENDIENTES,6403074,22,Aprueba con Observaciones,Sí,No
EMILIO_NIKITAS_MAVRAKIS_ASSAD__EL_LOA,EMILIO NIKITAS MAVRAKIS ASSAD,H,REGIÓN DE ANTOFAGASTA,EL LOA,REPUBLICANOS E INDEPENDIENTES,No aplica,REPUBLICANO,PARTIDO REPUBLICANO DE CHILE,842524,13,Aprueba con Observaciones,Sí,No
SERGIO_FERNANDO_CARVAJAL_SALAS__TOCOPILLA,SERGIO FERNANDO CARVAJAL SALAS,H,REGIÓN DE ANTOFAGASTA,TOCOPILLA,TODAS Y TODOS POR CHILE,PARTIDO COMUNISTA E INDEPENDIENTES,IND,INDEPENDIENTES,3381051,18,Aprueba,Sí,No
ESTEFANIA_TAPIA_VILCHES__TOCOPILLA,ESTEFANIA TAPIA VILCHES,M,REGIÓN DE ANTOFAGASTA,TOCOPILLA,CHILE VAMOS RENOVACION NACIONAL - INDEPENDIENTES,No aplica,RN,RENOVACION NACIONAL,2378045,13,Aprueba con Observaciones,Sí,No
MARITZA_ORELLANA_DINAMARCA__TOCOPILLA,MARITZA ORELLANA DINAMARCA,M,REGIÓN DE ANTOFAGASTA,TOCOPILLA,CHILE VAMOS RENOVACION NACIONAL - INDEPENDIENTES,No aplica,RN,RENOVACION NACIONAL,1550159,5,Aprueba con Observaciones,Sí,No
ROSSANA_IVONNE_MONTERO_MORALES__TOCOPILLA,ROSSANA IVONNE MONTERO MORALES,M,REGIÓN DE ANTOFAGASTA,TOCOPILLA,REGIONES VERDES LIBERALES,No aplica,FREVS,FEDERACION REGIONALISTA VERDE SOCIAL,1365821,9,Aprueba,Sí,No
HUMBERTO_PABLO_FUENTES_LAGOS__TOCOPILLA,HUMBERTO PABLO FUENTES LAGOS,H,REGIÓN DE ANTOFAGASTA,TOCOPILLA,REGIONES VERDES LIBERALES,No aplica,IND,INDEPENDIENTES,3910000,7,Aprueba con Observaciones,Sí,No
GUSTAVO_HECTOR_CARRASCO_ORTIZ__TOCOPILLA,GUSTAVO HECTOR CARRASCO ORTIZ,H,REGIÓN DE ANTOFAGASTA,TOCOPILLA,LO MEJOR PARA CHILE,PPD E INDEPENDIENTES,IND,INDEPENDIENTES,3285646,13,Aprueba con Observaciones,Sí,No
MANUEL_ISMAEL_ARAYA_NEIRA__TOCOPILLA,MANUEL ISMAEL ARAYA NEIRA,H,REGIÓN DE ANTOFAGASTA,TOCOPILLA,LO MEJOR PARA CHILE,PPD E INDEPENDIENTES,IND,INDEPENDIENTES,430900,2,Aprueba,Sí,No
JUAN_ENRIQUE_ARRIAZA_GAJARDO__TOCOPILLA,JUAN ENRIQUE ARRIAZA GAJARDO,H,REGIÓN DE ANTOFAGASTA,TOCOPILLA,LO MEJOR PARA CHILE,PS E INDEPENDIENTES,IND,INDEPENDIENTES,1006885,23,Rechaza,Sí,No
PATRICIO_TAPIA_JULIO__TOCOPILLA,PATRICIO TAPIA JULIO,H,REGIÓN DE ANTOFAGASTA,TOCOPILLA,POR UN CHILE MEJOR,No aplica,IND,INDEPENDIENTES,1520000,12,Aprueba,Sí,No
CELSIO_ANTONIO_NAVARRO_TAPIA__TOCOPILLA,CELSIO ANTONIO NAVARRO TAPIA,H,REGIÓN DE ANTOFAGASTA,TOCOPILLA,POR UN CHILE MEJOR,No aplica,IND,INDEPENDIENTES,1052012,17,Aprueba con Observaciones,Sí,No
JORGE_ALEJANDRO_ROMERO_HERRERA__TOCOPILLA,JORGE ALEJANDRO ROMERO HERRERA,H,REGIÓN DE ANTOFAGASTA,TOCOPILLA,POR UN CHILE MEJOR,No aplica,IND,INDEPENDIENTES,1803792,14,Aprueba con Observaciones,Sí,No
DOMINGO_ANTONIO_OLIVARES_ZULETA__TOCOPILLA,DOMINGO ANTONIO OLIVARES ZULETA,H,REGIÓN DE ANTOFAGASTA,TOCOPILLA,FRENTE AMPLIO,FRENTE AMPLIO E INDEPENDIENTES,FA,FRENTE AMPLIO,601666,11,Aprueba,Sí,No
NAYARETH_ORNELLA_VARELA_SALAS__TOCOPILLA,NAYARETH ORNELLA VARELA SALAS,M,REGIÓN DE ANTOFAGASTA,TOCOPILLA,FRENTE AMPLIO,FRENTE AMPLIO E INDEPENDIENTES,FA,FRENTE AMPLIO,560356,6,Aprueba,Sí,No
JOSE_MIGUEL_NADAL_CERDA__TOCOPILLA,JOSE MIGUEL NADAL CERDA,H,REGIÓN DE ANTOFAGASTA,TOCOPILLA,FRENTE AMPLIO,FRENTE AMPLIO E INDEPENDIENTES,IND,INDEPENDIENTES,90000,2,Rechaza,Sí,No
EDWARD_LARROZA_HERNANDEZ__TOCOPILLA,EDWARD LARROZA HERNANDEZ,H,REGIÓN DE ANTOFAGASTA,TOCOPILLA,CHILE VAMOS UDI - INDEPENDIENTES,No aplica,UDI,UNION DEMOCRATA INDEPENDIENTE,294774,2,Rechaza,Sí,No
JUAN_CACERES_BROCKWAY__TOCOPILLA,JUAN CACERES BROCKWAY,H,REGIÓN DE ANTOFAGASTA,TOCOPILLA,CHILE VAMOS UDI - INDEPENDIENTES,No aplica,IND,INDEPENDIENTES,0,0,Rechaza,No,No
VANESSA_ALFARO_NEUENSCHWANDER__TOCOPILLA,VANESSA ALFARO NEUENSCHWANDER,M,REGIÓN DE ANTOFAGASTA,TOCOPILLA,CANDIDATURA INDEPENDIENTE,No aplica,IND,INDEPENDIENTES,1462164,7,Aprueba con Observaciones,Sí,No
VICTOR_DAVID_LEON_VEGA__CHANARAL,VICTOR DAVID LEON VEGA,H,REGIÓN DE ATACAMA,CHAÑARAL,IZQUIERDA ECOLOGISTA POPULAR,No aplica,IND,INDEPENDIENTES,0,0,Aprueba,No,No
PEDRO_FRANCISCO_NARANJO_DURAN__CHANARAL,PEDRO FRANCISCO NARANJO DURAN,H,REGIÓN DE ATACAMA,CHAÑARAL,IZQUIERDA ECOLOGISTA POPULAR,No aplica,IND,INDEPENDIENTES,330142,2,Aprueba,Sí,No
LUIS_FELIPE_RODRIGO_GARRIDO_GARRIDO__CHANARAL,LUIS FELIPE RODRIGO GARRIDO GARRIDO,H,REGIÓN DE ATACAMA,CHAÑARAL,TODAS Y TODOS POR CHILE,PARTIDO COMUNISTA E INDEPENDIENTES,PCCH,PARTIDO COMUNISTA DE CHILE,632000,9,Aprueba,Sí,No
MANUEL_HUGO_REYES_CUELLO__CHANARAL,MANUEL HUGO REYES CUELLO,H,REGIÓN DE ATACAMA,CHAÑARAL,TODAS Y TODOS POR CHILE,PARTIDO COMUNISTA E INDEPENDIENTES,PCCH,PARTIDO COMUNISTA DE CHILE,1193700,7,Aprueba con Observaciones,Sí,No
CLAUDIA_CECILIA_LOPEZ_GALLEGUILLOS__CHANARAL,CLAUDIA CECILIA LOPEZ GALLEGUILLOS,M,REGIÓN DE ATACAMA,CHAÑARAL,CHILE VAMOS RENOVACION NACIONAL - INDEPENDIENTES,No aplica,RN,RENOVACION NACIONAL,1100000,12,Aprueba,Sí,No
FREDDY_RUBINA_ARACENA__CHANARAL,FREDDY RUBINA ARACENA,H,REGIÓN DE ATACAMA,CHAÑARAL,CHILE VAMOS RENOVACION NACIONAL - INDEPENDIENTES,No aplica,IND,INDEPENDIENTES,1277003,24,Aprueba con Observaciones,Sí,No
WALTER_ALBERTO_ARAYA_BUGUENO__CHANARAL,WALTER ALBERTO ARAYA BUGUEÑO,H,REGIÓN DE ATACAMA,CHAÑARAL,TU REGION RADICAL,No aplica,IND,INDEPENDIENTES,0,0,Aprueba,No,No
RUTH_DEBORA_CARRIZO_PENA__CHANARAL,RUTH DEBORA CARRIZO PEÑA,M,REGIÓN DE ATACAMA,CHAÑARAL,REGIONES VERDES LIBERALES,No aplica,IND,INDEPENDIENTES,1019684,6,Aprueba,Sí,No
IRENE_ISABEL_DE_LOURDES_CORTES_PIZARRO__CHANARAL,IRENE ISABEL DE LOURDES CORTES PIZARRO,M,REGIÓN DE ATACAMA,CHAÑARAL,LO MEJOR PARA CHILE,PPD E INDEPENDIENTES,PPD,PARTIDO POR LA DEMOCRACIA,318899,7,Aprueba con Observaciones,Sí,No
HECTOR_ALEJANDRO_ZAMORA_GARCIA__CHANARAL,HECTOR ALEJANDRO ZAMORA GARCIA,H,REGIÓN DE ATACAMA,CHAÑARAL,LO MEJOR PARA CHILE,PS E INDEPENDIENTES,IND,INDEPENDIENTES,2005117,9,Aprueba con Observaciones,Sí,No
ALEJANDRO_ENRIQUE_RUBINA_NAVEA__CHANARAL,ALEJANDRO ENRIQUE RUBINA NAVEA,H,REGIÓN DE ATACAMA,CHAÑARAL,PARTIDO DE LA GENTE E INDEPENDIENTES,No aplica,PDG,PARTIDO DE LA GENTE,1510369,3,Rechaza,Sí,No
NILSA_ELCIRA_GUZMAN_PALMA__CHANARAL,NILSA ELCIRA GUZMAN PALMA,M,REGIÓN DE ATACAMA,CHAÑARAL,PARTIDO DE LA GENTE E INDEPENDIENTES,No aplica,PDG,PARTIDO DE LA GENTE,2109840,5,Rechaza,Sí,No
KARIN_MAGDALENA_CANAS_TOLEDO__CHANARAL,KARIN MAGDALENA CAÑAS TOLEDO,M,REGIÓN DE ATACAMA,CHAÑARAL,CENTRO DEMOCRATICO,AMARILLOS E INDEPENDIENTES,IND,INDEPENDIENTES,3312928,40,Aprueba con Observaciones,Sí,No
DINA_PRISCILLA_HERNANDEZ_PIZARRO__CHANARAL,DINA PRISCILLA HERNANDEZ PIZARRO,M,REGIÓN DE ATACAMA,CHAÑARAL,CENTRO DEMOCRATICO,AMARILLOS E INDEPENDIENTES,IND,INDEPENDIENTES,153228,6,Aprueba con Observaciones,Sí,No
BENJAMIN_ALEJANDRO_CORTES_MONTECINO__CHANARAL,BENJAMIN ALEJANDRO CORTES MONTECINO,H,REGIÓN DE ATACAMA,CHAÑARAL,FRENTE AMPLIO,FRENTE AMPLIO E INDEPENDIENTES,FA,FRENTE AMPLIO,2160000,8,Rechaza,Sí,No
MARCELO_ALEJANDRO_CASTRO_JERONIMO__CHANARAL,MARCELO ALEJANDRO CASTRO JERONIMO,H,REGIÓN DE ATACAMA,CHAÑARAL,FRENTE AMPLIO,FRENTE AMPLIO E INDEPENDIENTES,IND,INDEPENDIENTES,0,0,Aprueba con Observaciones,No,No
GIANCARLO_CATTABENI_SAMSO__CHANARAL,GIANCARLO CATTABENI SAMSO,H,REGIÓN DE ATACAMA,CHAÑARAL,REPUBLICANOS E INDEPENDIENTES,No aplica,REPUBLICANO,PARTIDO REPUBLICANO DE CHILE,4484719,30,Aprueba con Observaciones,Sí,No
DALVA_DE_LOS_ANGELES_CEPEDA_CASTRO__CHANARAL,DALVA DE LOS ANGELES CEPEDA CASTRO,M,REGIÓN DE ATACAMA,CHAÑARAL,REPUBLICANOS E INDEPENDIENTES,No aplica,REPUBLICANO,PARTIDO REPUBLICANO DE CHILE,35000,1,Aprueba,Sí,No
PABLO_ERNESTO_CRUZ_RIVERA__COPIAPO,PABLO ERNESTO CRUZ RIVERA,H,REGIÓN DE ATACAMA,COPIAPO,IZQUIERDA ECOLOGISTA POPULAR,No aplica,POPULAR,POPULAR,196500,4,Aprueba con Observaciones,Sí,No
JOEL_MOYA_MORALES__COPIAPO,JOEL MOYA MORALES,H,REGIÓN DE ATACAMA,COPIAPO,IZQUIERDA ECOLOGISTA POPULAR,No aplica,IGUALDAD,IGUALDAD,495920,4,Aprueba,Sí,No
CLAUDIO_OSSANDON_ROJAS__COPIAPO,CLAUDIO OSSANDON ROJAS,H,REGIÓN DE ATACAMA,COPIAPO,IZQUIERDA ECOLOGISTA POPULAR,No aplica,IGUALDAD,IGUALDAD,1507680,6,Aprueba con Observaciones,Sí,No
MARCOS_ANTONIO_SALINAS_OPAZO__COPIAPO,MARCOS ANTONIO SALINAS OPAZO,H,REGIÓN DE ATACAMA,COPIAPO,IZQUIERDA ECOLOGISTA POPULAR,No aplica,IND,INDEPENDIENTES,0,0,Aprueba con Observaciones,No,No
GENNARO_ELEAZAR_MIRANDA_CORREA__COPIAPO,GENNARO ELEAZAR MIRANDA CORREA,H,REGIÓN DE ATACAMA,COPIAPO,IZQUIERDA ECOLOGISTA POPULAR,No aplica,IND,INDEPENDIENTES,0,0,Aprueba,No,No
RODOLFO_EMILIANO_CARES_RIVERA__COPIAPO,RODOLFO EMILIANO CARES RIVERA,H,REGIÓN DE ATACAMA,COPIAPO,IZQUIERDA ECOLOGISTA POPULAR,No aplica,IND,INDEPENDIENTES,1987456,13,Aprueba con Observaciones,Sí,No
DANYE_VALESKA_VARGAS_ESCOBAR__COPIAPO,DANYE VALESKA VARGAS ESCOBAR,M,REGIÓN DE ATACAMA,COPIAPO,IZQUIERDA ECOLOGISTA POPULAR,No aplica,IND,INDEPENDIENTES,745100,6,Aprueba con Observaciones,Sí,No
EDGAR_VARAS_DAU__COPIAPO,EDGAR VARAS DAU,H,REGIÓN DE ATACAMA,COPIAPO,TODAS Y TODOS POR CHILE,PARTIDO COMUNISTA E INDEPENDIENTES,PCCH,PARTIDO COMUNISTA DE CHILE,3419887,17,Aprueba,Sí,No
ISABEL_SELENA_GODOY_MONARDEZ__COPIAPO,ISABEL SELENA GODOY MONARDEZ,M,REGIÓN DE ATACAMA,COPIAPO,TODAS Y TODOS POR CHILE,PARTIDO COMUNISTA E INDEPENDIENTES,PCCH,PARTIDO COMUNISTA DE CHILE,1460865,26,Aprueba,Sí,No
FABIAN_CRISTHIAN_ARMANDO_RABI_ORTIZ__COPIAPO,FABIAN CRISTHIAN ARMANDO RABI ORTIZ,H,REGIÓN DE ATACAMA,COPIAPO,TODAS Y TODOS POR CHILE,PARTIDO COMUNISTA E INDEPENDIENTES,PCCH,PARTIDO COMUNISTA DE CHILE,899868,7,Aprueba con Observaciones,Sí,No
MARIA_SOLEDAD_LEDEZMA_ORTEGA__COPIAPO,MARIA SOLEDAD LEDEZMA ORTEGA,M,REGIÓN DE ATACAMA,COPIAPO,TODAS Y TODOS POR CHILE,PARTIDO COMUNISTA E INDEPENDIENTES,PCCH,PARTIDO COMUNISTA DE CHILE,2523994,25,Aprueba,Sí,No
FELIPE_ALBERTO_FUENTES_ZUMARAN__COPIAPO,FELIPE ALBERTO FUENTES ZUMARAN,H,REGIÓN DE ATACAMA,COPIAPO,TODAS Y TODOS POR CHILE,PARTIDO COMUNISTA E INDEPENDIENTES,IND,INDEPENDIENTES,853820,21,Aprueba con Observaciones,Sí,No
ATILIO_ENRIQUE_TRONCOSO_PIZARRO__COPIAPO,ATILIO ENRIQUE TRONCOSO PIZARRO,H,REGIÓN DE ATACAMA,COPIAPO,TODAS Y TODOS POR CHILE,PARTIDO COMUNISTA E INDEPENDIENTES,IND,INDEPENDIENTES,1405893,13,Aprueba,Sí,No
ELIANA_DE_LOURDES_ROJO_RAMIREZ__COPIAPO,ELIANA DE LOURDES ROJO RAMIREZ,M,REGIÓN DE ATACAMA,COPIAPO,TODAS Y TODOS POR CHILE,PARTIDO COMUNISTA E INDEPENDIENTES,IND,INDEPENDIENTES,640005,11,Aprueba con Observaciones,Sí,No
JONATHAN_MANUEL_FORTES_TAPIA__COPIAPO,JONATHAN MANUEL FORTES TAPIA,H,REGIÓN DE ATACAMA,COPIAPO,PARTIDO SOCIAL CRISTIANO E INDEPENDIENTES,No aplica,PSC,PARTIDO SOCIAL CRISTIANO,290400,2,Aprueba,Sí,No
MIGUEL_ANGEL_NAVARRETE_FERRADA__COPIAPO,MIGUEL ANGEL NAVARRETE FERRADA,H,REGIÓN DE ATACAMA,COPIAPO,PARTIDO SOCIAL CRISTIANO E INDEPENDIENTES,No aplica,PSC,PARTIDO SOCIAL CRISTIANO,1170400,6,Aprueba,Sí,No
JOSE_GUILLERMO_MENA_POSTIGO__COPIAPO,JOSE GUILLERMO MENA POSTIGO,H,REGIÓN DE ATACAMA,COPIAPO,PARTIDO SOCIAL CRISTIANO E INDEPENDIENTES,No aplica,PSC,PARTIDO SOCIAL CRISTIANO,890400,3,Aprueba,Sí,No
ROLANDO_MARIVIL_MORENO__COPIAPO,ROLANDO MARIVIL MORENO,H,REGIÓN DE ATACAMA,COPIAPO,PARTIDO SOCIAL CRISTIANO E INDEPENDIENTES,No aplica,PSC,PARTIDO SOCIAL CRISTIANO,675400,3,Aprueba,Sí,No
ARNALDO_ANTONIO_CORTES_ARRIAZA__COPIAPO,ARNALDO ANTONIO CORTES ARRIAZA,H,REGIÓN DE ATACAMA,COPIAPO,PARTIDO SOCIAL CRISTIANO E INDEPENDIENTES,No aplica,PSC,PARTIDO SOCIAL CRISTIANO,820400,4,Aprueba,Sí,No
MATIAS_CLAVIJO_VITA__COPIAPO,MATIAS CLAVIJO VITA,H,REGIÓN DE ATACAMA,COPIAPO,CHILE VAMOS RENOVACION NACIONAL - INDEPENDIENTES,No aplica,RN,RENOVACION NACIONAL,1695827,19,Aprueba,Sí,No
JESSICA_DEL_CARMEN_PORTILLA_TABILO__COPIAPO,JESSICA DEL CARMEN PORTILLA TABILO,M,REGIÓN DE ATACAMA,COPIAPO,CHILE VAMOS RENOVACION NACIONAL - INDEPENDIENTES,No aplica,RN,RENOVACION NACIONAL,3896477,8,Aprueba,Sí,No
ANTONIA_TABILO_PIZARRO__COPIAPO,ANTONIA TABILO PIZARRO,M,REGIÓN DE ATACAMA,COPIAPO,CHILE VAMOS RENOVACION NACIONAL - INDEPENDIENTES,No aplica,RN,RENOVACION NACIONAL,2970638,12,Aprueba con Observaciones,Sí,No
FERNANDO_GHIGLINO_PIZARRO__COPIAPO,FERNANDO GHIGLINO PIZARRO,H,REGIÓN DE ATACAMA,COPIAPO,CHILE VAMOS RENOVACION NACIONAL - INDEPENDIENTES,No aplica,RN,RENOVACION NACIONAL,5477455,10,Aprueba,Sí,No
HUGO_ANDRES_PLAZA_PINA__COPIAPO,HUGO ANDRES PLAZA PIÑA,H,REGIÓN DE ATACAMA,COPIAPO,CHILE VAMOS RENOVACION NACIONAL - INDEPENDIENTES,No aplica,RN,RENOVACION NACIONAL,1518160,10,Aprueba con Observaciones,Sí,No
SEGISMUNDO_ZEPEDA_GOMEZ__COPIAPO,SEGISMUNDO ZEPEDA GOMEZ,H,REGIÓN DE ATACAMA,COPIAPO,CHILE VAMOS RENOVACION NACIONAL - INDEPENDIENTES,No aplica,RN,RENOVACION NACIONAL,1747841,7,Aprueba con Observaciones,Sí,No
HERNANDO_ELIAS_CONTRERAS_SAN_JUAN__COPIAPO,HERNANDO ELIAS CONTRERAS SAN JUAN,H,REGIÓN DE ATACAMA,COPIAPO,CHILE VAMOS RENOVACION NACIONAL - INDEPENDIENTES,No aplica,IND,INDEPENDIENTES,1640662,11,Aprueba,Sí,No
EMILIO_CRISTIAN_BIANCHI_CANAS__COPIAPO,EMILIO CRISTIAN BIANCHI CAÑAS,H,REGIÓN DE ATACAMA,COPIAPO,CHILE VAMOS RENOVACION NACIONAL - INDEPENDIENTES,No aplica,IND,INDEPENDIENTES,4348990,10,Aprueba con Observaciones,Sí,No
OMAR_LUIS_ANDRES_LUZ_HIDALGO__COPIAPO,OMAR LUIS ANDRES LUZ HIDALGO,H,REGIÓN DE ATACAMA,COPIAPO,TU REGION RADICAL,No aplica,PR,PARTIDO RADICAL DE CHILE,4680400,13,Rechaza,Sí,No
FRANCISCO_JAVIER_CARVAJAL_SANCHEZ__COPIAPO,FRANCISCO JAVIER CARVAJAL SANCHEZ,H,REGIÓN DE ATACAMA,COPIAPO,TU REGION RADICAL,No aplica,IND,INDEPENDIENTES,897500,6,Aprueba con Observaciones,Sí,No
TOMAS_MATIAS_ANDRES_ARAYA_LEPE__COPIAPO,TOMAS MATIAS ANDRES ARAYA LEPE,H,REGIÓN DE ATACAMA,COPIAPO,TU REGION RADICAL,No aplica,IND,INDEPENDIENTES,1318556,7,Aprueba con Observaciones,Sí,No
CARLA_ANDREA_MATUS_GONZALEZ__COPIAPO,CARLA ANDREA MATUS GONZALEZ,M,REGIÓN DE ATACAMA,COPIAPO,TU REGION RADICAL,No aplica,IND,INDEPENDIENTES,2048758,27,Aprueba con Observaciones,Sí,No
PATRICIA_JOANNA_HERNANDEZ_BURGOS__COPIAPO,PATRICIA JOANNA HERNANDEZ BURGOS,M,REGIÓN DE ATACAMA,COPIAPO,TU REGION RADICAL,No aplica,IND,INDEPENDIENTES,2033648,11,Aprueba con Observaciones,Sí,No
CRISTIAN_ANDRES_ZEPEDA_CASTILLO__COPIAPO,CRISTIAN ANDRES ZEPEDA CASTILLO,H,REGIÓN DE ATACAMA,COPIAPO,TU REGION RADICAL,No aplica,IND,INDEPENDIENTES,1100000,2,Aprueba,Sí,No
PATRICIO_FERNANDO_GUERRATY_PENA__COPIAPO,PATRICIO FERNANDO GUERRATY PEÑA,H,REGIÓN DE ATACAMA,COPIAPO,TU REGION RADICAL,No aplica,IND,INDEPENDIENTES,1407440,14,Aprueba con Observaciones,Sí,No
PATRICIO_SERGIO_ALFARO_MORALES__COPIAPO,PATRICIO SERGIO ALFARO MORALES,H,REGIÓN DE ATACAMA,COPIAPO,REGIONES VERDES LIBERALES,No aplica,FREVS,FEDERACION REGIONALISTA VERDE SOCIAL,1749721,13,Aprueba,Sí,No
FRANCISCO_CORTEZ_PALLAUTA__COPIAPO,FRANCISCO CORTEZ PALLAUTA,H,REGIÓN DE ATACAMA,COPIAPO,REGIONES VERDES LIBERALES,No aplica,FREVS,FEDERACION REGIONALISTA VERDE SOCIAL,3693801,8,Rechaza,Sí,No
JAIME_CLAUDIO_VARGAS_GUERRA__COPIAPO,JAIME CLAUDIO VARGAS GUERRA,H,REGIÓN DE ATACAMA,COPIAPO,REGIONES VERDES LIBERALES,No aplica,FREVS,FEDERACION REGIONALISTA VERDE SOCIAL,317683,2,Aprueba con Observaciones,Sí,No
MARINA_ANGELICA_AVALOS_CASTILLO__COPIAPO,MARINA ANGELICA AVALOS CASTILLO,M,REGIÓN DE ATACAMA,COPIAPO,REGIONES VERDES LIBERALES,No aplica,IND,INDEPENDIENTES,217683,1,Aprueba,Sí,No
CESAR_ANTONIO_ECHEVERRIA_ECHEVERRIA__COPIAPO,CESAR ANTONIO ECHEVERRIA ECHEVERRIA,H,REGIÓN DE ATACAMA,COPIAPO,REGIONES VERDES LIBERALES,No aplica,IND,INDEPENDIENTES,506811,2,Rechaza,Sí,No
CLAUDIO_RODRIGO_SEPULVEDA_LETEY__COPIAPO,CLAUDIO RODRIGO SEPULVEDA LETEY,H,REGIÓN DE ATACAMA,COPIAPO,REGIONES VERDES LIBERALES,No aplica,IND,INDEPENDIENTES,217683,1,Aprueba,Sí,No
FRANK_HERVERT_AZOLA_BARRIOS__COPIAPO,FRANK HERVERT AZOLA BARRIOS,H,REGIÓN DE ATACAMA,COPIAPO,REGIONES VERDES LIBERALES,No aplica,IND,INDEPENDIENTES,0,0,Rechaza,No,No
HUGO_ALEJANDRO_BUGUENO_ROJAS__COPIAPO,HUGO ALEJANDRO BUGUEÑO ROJAS,H,REGIÓN DE ATACAMA,COPIAPO,LO MEJOR PARA CHILE,PPD E INDEPENDIENTES,IND,INDEPENDIENTES,0,0,Rechaza,No,No
MARIO_ALEJANDRO_OLAVE_GAETE__COPIAPO,MARIO ALEJANDRO OLAVE GAETE,H,REGIÓN DE ATACAMA,COPIAPO,LO MEJOR PARA CHILE,PPD E INDEPENDIENTES,IND,INDEPENDIENTES,2745280,18,Aprueba con Observaciones,Sí,No
RICARDO_IVAN_ZAMORA_HIDALGO__COPIAPO,RICARDO IVAN ZAMORA HIDALGO,H,REGIÓN DE ATACAMA,COPIAPO,LO MEJOR PARA CHILE,PPD E INDEPENDIENTES,IND,INDEPENDIENTES,3347150,18,Aprueba con Observaciones,Sí,No
GEORGETTE_GODOY_ARACENA__COPIAPO,GEORGETTE GODOY ARACENA,M,REGIÓN DE ATACAMA,COPIAPO,LO MEJOR PARA CHILE,PS E INDEPENDIENTES,PS,PARTIDO SOCIALISTA DE CHILE,3465000,14,Aprueba con Observaciones,Sí,No
MAXIMILIANO_HURTADO_ROCO__COPIAPO,MAXIMILIANO HURTADO ROCO,H,REGIÓN DE ATACAMA,COPIAPO,LO MEJOR PARA CHILE,PS E INDEPENDIENTES,PS,PARTIDO SOCIALISTA DE CHILE,6470559,36,Aprueba,Sí,No
IRENE_GARCES_ALEGRIA__COPIAPO,IRENE GARCES ALEGRIA,M,REGIÓN DE ATACAMA,COPIAPO,LO MEJOR PARA CHILE,PS E INDEPENDIENTES,PS,PARTIDO SOCIALISTA DE CHILE,1926860,13,Aprueba con Observaciones,Sí,No
JAIME_SEVERINO_CORTES__COPIAPO,JAIME SEVERINO CORTES,H,REGIÓN DE ATACAMA,COPIAPO,LO MEJOR PARA CHILE,PS E INDEPENDIENTES,PS,PARTIDO SOCIALISTA DE CHILE,3319076,7,Aprueba con Observaciones,Sí,No
FERNANDO_FELIX_VARGAS_VILLALOBOS__COPIAPO,FERNANDO FELIX VARGAS VILLALOBOS,H,REGIÓN DE ATACAMA,COPIAPO,PARTIDO DE LA GENTE E INDEPENDIENTES,No aplica,PDG,PARTIDO DE LA GENTE,1702958,5,Aprueba con Observaciones,Sí,No
JESSICA_ALEJANDRA_LIQUITAY_MARTINEZ__COPIAPO,JESSICA ALEJANDRA LIQUITAY MARTINEZ,M,REGIÓN DE ATACAMA,COPIAPO,PARTIDO DE LA GENTE E INDEPENDIENTES,No aplica,PDG,PARTIDO DE LA GENTE,8150725,21,Aprueba con Observaciones,Sí,No
LUIS_DAGOBERTO_ADASME_PADILLA__COPIAPO,LUIS DAGOBERTO ADASME PADILLA,H,REGIÓN DE ATACAMA,COPIAPO,POR UN CHILE MEJOR,No aplica,PDC,PARTIDO DEMOCRATA CRISTIANO,3667289,34,Aprueba,Sí,No
RENE_ARNALDO_FUNES_MONTANER__COPIAPO,RENE ARNALDO FUNES MONTANER,H,REGIÓN DE ATACAMA,COPIAPO,CENTRO DEMOCRATICO,AMARILLOS E INDEPENDIENTES,AMARILLOS,MOVIMIENTO AMARILLOS POR CHILE,847646,5,Aprueba,Sí,No
CAROLINA_ANDREA_ROJAS_VEGA__COPIAPO,CAROLINA ANDREA ROJAS VEGA,M,REGIÓN DE ATACAMA,COPIAPO,CENTRO DEMOCRATICO,AMARILLOS E INDEPENDIENTES,IND,INDEPENDIENTES,548484,6,Aprueba con Observaciones,Sí,No
MARCO_ANTONIO_MATURANA_SOTO__COPIAPO,MARCO ANTONIO MATURANA SOTO,H,REGIÓN DE ATACAMA,COPIAPO,CENTRO DEMOCRATICO,AMARILLOS E INDEPENDIENTES,IND,INDEPENDIENTES,4455484,16,Aprueba,Sí,No
CLAUDIO_ALEJANDRO_IRIBARREN_PEREZ__COPIAPO,CLAUDIO ALEJANDRO IRIBARREN PEREZ,H,REGIÓN DE ATACAMA,COPIAPO,CENTRO DEMOCRATICO,AMARILLOS E INDEPENDIENTES,IND,INDEPENDIENTES,2546396,6,Aprueba,Sí,No
JANS_CHRISTIAN_SAA_OVIEDO__COPIAPO,JANS CHRISTIAN SAA OVIEDO,H,REGIÓN DE ATACAMA,COPIAPO,CENTRO DEMOCRATICO,AMARILLOS E INDEPENDIENTES,IND,INDEPENDIENTES,148484,1,Aprueba,Sí,No
RICARDO_TAMBLAY_PACHECO__COPIAPO,RICARDO TAMBLAY PACHECO,H,REGIÓN DE ATACAMA,COPIAPO,CENTRO DEMOCRATICO,DEMOCRATAS E INDEPENDIENTES,DEMOCRATAS,PARTIDO DEMOCRATAS CHILE,927791,4,Aprueba,Sí,No
ULISES_DAVID_HUILCAL_SAAVEDRA__COPIAPO,ULISES DAVID HUILCAL SAAVEDRA,H,REGIÓN DE ATACAMA,COPIAPO,CENTRO DEMOCRATICO,DEMOCRATAS E INDEPENDIENTES,IND,INDEPENDIENTES,3433545,16,Aprueba,Sí,No
YERKO_NAJIB_RAVLIC_ELAL__COPIAPO,YERKO NAJIB RAVLIC ELAL,H,REGIÓN DE ATACAMA,COPIAPO,FRENTE AMPLIO,FRENTE AMPLIO E INDEPENDIENTES,FA,FRENTE AMPLIO,1242166,5,Aprueba con Observaciones,Sí,No
MARCELA_ALEJANDRA_GONZALEZ_GORDILLO__COPIAPO,MARCELA ALEJANDRA GONZALEZ GORDILLO,M,REGIÓN DE ATACAMA,COPIAPO,FRENTE AMPLIO,FRENTE AMPLIO E INDEPENDIENTES,FA,FRENTE AMPLIO,165040,4,Aprueba,Sí,No
JOSE_IGNACIO_VEGA_ARAYA__COPIAPO,JOSE IGNACIO VEGA ARAYA,H,REGIÓN DE ATACAMA,COPIAPO,FRENTE AMPLIO,FRENTE AMPLIO E INDEPENDIENTES,FA,FRENTE AMPLIO,512926,3,Rechaza,Sí,No
KATIA_IVONNE_RIVEROS_ZEPEDA__COPIAPO,KATIA IVONNE RIVEROS ZEPEDA,M,REGIÓN DE ATACAMA,COPIAPO,FRENTE AMPLIO,FRENTE AMPLIO E INDEPENDIENTES,FA,FRENTE AMPLIO,7602644,11,Rechaza,Sí,No
MARCO_AURELIO_QUIROGA_ACUNA__COPIAPO,MARCO AURELIO QUIROGA ACUÑA,H,REGIÓN DE ATACAMA,COPIAPO,FRENTE AMPLIO,FRENTE AMPLIO E INDEPENDIENTES,FA,FRENTE AMPLIO,1347036,12,Aprueba con Observaciones,Sí,No
CESAR_AARON_GONZALEZ_LUTZ__COPIAPO,CESAR AARON GONZALEZ LUTZ,H,REGIÓN DE ATACAMA,COPIAPO,FRENTE AMPLIO,FRENTE AMPLIO E INDEPENDIENTES,FA,FRENTE AMPLIO,0,0,Aprueba,No,No
NORA_DEL_CARMEN_MONTERO_FUENZALIDA__COPIAPO,NORA DEL CARMEN MONTERO FUENZALIDA,M,REGIÓN DE ATACAMA,COPIAPO,FRENTE AMPLIO,FRENTE AMPLIO E INDEPENDIENTES,FA,FRENTE AMPLIO,315040,5,Aprueba,Sí,No
DANIELA_CATALINA_QUEVEDO_CASTILLO__COPIAPO,DANIELA CATALINA QUEVEDO CASTILLO,M,REGIÓN DE ATACAMA,COPIAPO,FRENTE AMPLIO,FRENTE AMPLIO E INDEPENDIENTES,IND,INDEPENDIENTES,1240034,10,Aprueba con Observaciones,Sí,No
GUILLERMO_PROCURIZA_NAIM__COPIAPO,GUILLERMO PROCURIZA NAIM,H,REGIÓN DE ATACAMA,COPIAPO,CHILE VAMOS UDI - INDEPENDIENTES,No aplica,UDI,UNION DEMOCRATA INDEPENDIENTE,800000,5,Aprueba,Sí,No
LUCAS_ESPINOZA_YANEZ__COPIAPO,LUCAS ESPINOZA YAÑEZ,H,REGIÓN DE ATACAMA,COPIAPO,CHILE VAMOS UDI - INDEPENDIENTES,No aplica,UDI,UNION DEMOCRATA INDEPENDIENTE,694220,11,Aprueba con Observaciones,Sí,No
KYLE_CAMPBELL_CAMPBELL__COPIAPO,KYLE CAMPBELL CAMPBELL,H,REGIÓN DE ATACAMA,COPIAPO,CHILE VAMOS UDI - INDEPENDIENTES,No aplica,UDI,UNION DEMOCRATA INDEPENDIENTE,3950000,21,Aprueba,Sí,No
HECTOR_FUENTES_CASTILLO__COPIAPO,HECTOR FUENTES CASTILLO,H,REGIÓN DE ATACAMA,COPIAPO,CHILE VAMOS UDI - INDEPENDIENTES,No aplica,IND,INDEPENDIENTES,1757000,15,Aprueba con Observaciones,Sí,No
CARLA_GUAITA_CARRIZO__COPIAPO,CARLA GUAITA CARRIZO,M,REGIÓN DE ATACAMA,COPIAPO,CHILE VAMOS UDI - INDEPENDIENTES,No aplica,IND,INDEPENDIENTES,1413141,8,Aprueba,Sí,No
ALEJANDRO_HERRERA_ARANCIBIA__COPIAPO,ALEJANDRO HERRERA ARANCIBIA,H,REGIÓN DE ATACAMA,COPIAPO,CHILE VAMOS UDI - INDEPENDIENTES,No aplica,IND,INDEPENDIENTES,1043412,26,Aprueba con Observaciones,Sí,No
ENZO_CHECURA_PARADA__COPIAPO,ENZO CHECURA PARADA,H,REGIÓN DE ATACAMA,COPIAPO,CHILE VAMOS UDI - INDEPENDIENTES,No aplica,IND,INDEPENDIENTES,1108117,11,Aprueba con Observaciones,Sí,No
MIGUEL_ANGEL_SAN_MARTIN_SALGADO__COPIAPO,MIGUEL ANGEL SAN MARTIN SALGADO,H,REGIÓN DE ATACAMA,COPIAPO,REPUBLICANOS E INDEPENDIENTES,No aplica,REPUBLICANO,PARTIDO REPUBLICANO DE CHILE,4693164,8,Aprueba,Sí,No
VICENTE_NICOLAS_GUERRA_AGUIRRE__COPIAPO,VICENTE NICOLAS GUERRA AGUIRRE,H,REGIÓN DE ATACAMA,COPIAPO,REPUBLICANOS E INDEPENDIENTES,No aplica,REPUBLICANO,PARTIDO REPUBLICANO DE CHILE,3867813,27,Aprueba con Observaciones,Sí,No
NATALIE_ANDREA_MARDONES_IBACACHE__COPIAPO,NATALIE ANDREA MARDONES IBACACHE,M,REGIÓN DE ATACAMA,COPIAPO,REPUBLICANOS E INDEPENDIENTES,No aplica,REPUBLICANO,PARTIDO REPUBLICANO DE CHILE,0,0,Rechaza,No,No
ADOLFO_SADRAC_GODOY_CARRASCO__COPIAPO,ADOLFO SADRAC GODOY CARRASCO,H,REGIÓN DE ATACAMA,COPIAPO,REPUBLICANOS E INDEPENDIENTES,No aplica,REPUBLICANO,PARTIDO REPUBLICANO DE CHILE,80300,8,Aprueba con Observaciones,Sí,No
CARLO_CESAR_LORENZO_PRATO_ROMAN__COPIAPO,CARLO CESAR LORENZO PRATO ROMAN,H,REGIÓN DE ATACAMA,COPIAPO,REPUBLICANOS E INDEPENDIENTES,No aplica,REPUBLICANO,PARTIDO REPUBLICANO DE CHILE,3078959,3,Aprueba con Observaciones,Sí,No
MARIAPAZ_MIRANDA_CATALANO__COPIAPO,MARIAPAZ MIRANDA CATALANO,M,REGIÓN DE ATACAMA,COPIAPO,REPUBLICANOS E INDEPENDIENTES,No aplica,REPUBLICANO,PARTIDO REPUBLICANO DE CHILE,672660,3,Aprueba con Observaciones,Sí,No
ELIAS_EZEQUIEL_VILLAGRA_PAEZ__COPIAPO,ELIAS EZEQUIEL VILLAGRA PAEZ,H,REGIÓN DE ATACAMA,COPIAPO,REPUBLICANOS E INDEPENDIENTES,No aplica,REPUBLICANO,PARTIDO REPUBLICANO DE CHILE,590000,3,Aprueba,Sí,No
ALEJANDRA_DEL_CARMEN_ARDILES_ARACENA__COPIAPO,ALEJANDRA DEL CARMEN ARDILES ARACENA,M,REGIÓN DE ATACAMA,COPIAPO,REPUBLICANOS E INDEPENDIENTES,No aplica,REPUBLICANO,PARTIDO REPUBLICANO DE CHILE,119000,1,Aprueba con Observaciones,Sí,No
MARCELO_ISMAEL_RUIZ_TAGLE_ESCOBAR__HUASCO,MARCELO ISMAEL RUIZ TAGLE ESCOBAR,H,REGIÓN DE ATACAMA,HUASCO,IZQUIERDA ECOLOGISTA POPULAR,No aplica,POPULAR,POPULAR,714200,2,Aprueba,Sí,No
ANA_ANTONIA_VEIRA_FARIAS__HUASCO,ANA ANTONIA VEIRA FARIAS,M,REGIÓN DE ATACAMA,HUASCO,TODAS Y TODOS POR CHILE,PARTIDO COMUNISTA E INDEPENDIENTES,PCCH,PARTIDO COMUNISTA DE CHILE,3142400,7,Aprueba,Sí,No
SILVIA_TEOFILA_RIVERA_VALDIVIA__HUASCO,SILVIA TEOFILA RIVERA VALDIVIA,M,REGIÓN DE ATACAMA,HUASCO,TODAS Y TODOS POR CHILE,PARTIDO COMUNISTA E INDEPENDIENTES,IND,INDEPENDIENTES,1025980,8,Aprueba con Observaciones,Sí,No
ALEJANDRA_HIDALGO_GOMEZ__HUASCO,ALEJANDRA HIDALGO GOMEZ,M,REGIÓN DE ATACAMA,HUASCO,TODAS Y TODOS POR CHILE,PARTIDO COMUNISTA E INDEPENDIENTES,IND,INDEPENDIENTES,772010,5,Rechaza,Sí,No
ROBERTO_DANIEL_BRUZZONE_GALEB__HUASCO,ROBERTO DANIEL BRUZZONE GALEB,H,REGIÓN DE ATACAMA,HUASCO,CHILE VAMOS RENOVACION NACIONAL - INDEPENDIENTES,No aplica,RN,RENOVACION NACIONAL,8866139,14,Aprueba con Observaciones,Sí,No
JORGE_NELSON_TORRES_TORRES__HUASCO,JORGE NELSON TORRES TORRES,H,REGIÓN DE ATACAMA,HUASCO,CHILE VAMOS RENOVACION NACIONAL - INDEPENDIENTES,No aplica,IND,INDEPENDIENTES,2316156,12,Aprueba,Sí,No
LUIS_CLAUDIO_ORLANDO_MORALES_GONZALEZ__HUASCO,LUIS CLAUDIO ORLANDO MORALES GONZALEZ,H,REGIÓN DE ATACAMA,HUASCO,CHILE VAMOS RENOVACION NACIONAL - INDEPENDIENTES,No aplica,IND,INDEPENDIENTES,2136345,9,Aprueba con Observaciones,Sí,No
WILMA_MARIA_CAMPILLAY_ROJAS__HUASCO,WILMA MARIA CAMPILLAY ROJAS,M,REGIÓN DE ATACAMA,HUASCO,TU REGION RADICAL,No aplica,IND,INDEPENDIENTES,885000,12,Aprueba,Sí,No
LEONEL_ANTONIO_MADARIAGA_MORENO__HUASCO,LEONEL ANTONIO MADARIAGA MORENO,H,REGIÓN DE ATACAMA,HUASCO,TU REGION RADICAL,No aplica,IND,INDEPENDIENTES,750000,4,Aprueba con Observaciones,Sí,No
DELIA_ISABEL_NUNEZ_VELIZ__HUASCO,DELIA ISABEL NUÑEZ VELIZ,M,REGIÓN DE ATACAMA,HUASCO,TU REGION RADICAL,No aplica,IND,INDEPENDIENTES,1752944,15,Aprueba,Sí,No
FABIOLA_DEL_CARMEN_PEREZ_TAPIA__HUASCO,FABIOLA DEL CARMEN PEREZ TAPIA,M,REGIÓN DE ATACAMA,HUASCO,REGIONES VERDES LIBERALES,No aplica,FREVS,FEDERACION REGIONALISTA VERDE SOCIAL,4697683,28,Aprueba,Sí,No
ROBERTO_CORDOVA_GONZALEZ__HUASCO,ROBERTO CORDOVA GONZALEZ,H,REGIÓN DE ATACAMA,HUASCO,REGIONES VERDES LIBERALES,No aplica,FREVS,FEDERACION REGIONALISTA VERDE SOCIAL,645122,3,Aprueba con Observaciones,Sí,No
ELIAS_NICOLAS_OLIVARES_RIOS__HUASCO,ELIAS NICOLAS OLIVARES RIOS,H,REGIÓN DE ATACAMA,HUASCO,REGIONES VERDES LIBERALES,No aplica,IND,INDEPENDIENTES,2117683,6,Aprueba con Observaciones,Sí,No
SEBASTIAN_MANUEL_CAMPOS_CAMPILLAY__HUASCO,SEBASTIAN MANUEL CAMPOS CAMPILLAY,H,REGIÓN DE ATACAMA,HUASCO,REGIONES VERDES LIBERALES,No aplica,IND,INDEPENDIENTES,0,0,Aprueba,No,No
JUAN_HORACIO_SANTANA_ALVAREZ__HUASCO,JUAN HORACIO SANTANA ALVAREZ,H,REGIÓN DE ATACAMA,HUASCO,LO MEJOR PARA CHILE,PS E INDEPENDIENTES,PS,PARTIDO SOCIALISTA DE CHILE,3833500,14,Aprueba,Sí,No
IGOR_VERDUGO_HERRERA__HUASCO,IGOR VERDUGO HERRERA,H,REGIÓN DE ATACAMA,HUASCO,LO MEJOR PARA CHILE,PS E INDEPENDIENTES,PS,PARTIDO SOCIALISTA DE CHILE,2978201,7,Aprueba con Observaciones,Sí,No
FLAVIA_ANITA_SANGUINETTI_MIERES__HUASCO,FLAVIA ANITA SANGUINETTI MIERES,M,REGIÓN DE ATACAMA,HUASCO,LO MEJOR PARA CHILE,PPD E INDEPENDIENTES,IND,INDEPENDIENTES,1710200,12,Aprueba,Sí,No
DAVID_CRISTIAN_MARIN_VEGA__HUASCO,DAVID CRISTIAN MARIN VEGA,H,REGIÓN DE ATACAMA,HUASCO,POR UN CHILE MEJOR,No aplica,PDC,PARTIDO DEMOCRATA CRISTIANO,1300000,5,Rechaza,Sí,No
GUILLERMO_COFRE_CALDERON__HUASCO,GUILLERMO COFRE CALDERON,H,REGIÓN DE ATACAMA,HUASCO,CHILE VAMOS UDI - INDEPENDIENTES,No aplica,UDI,UNION DEMOCRATA INDEPENDIENTE,1710824,12,Aprueba con Observaciones,Sí,No
HANS_RIARTE_DUBO__HUASCO,HANS RIARTE DUBO,H,REGIÓN DE ATACAMA,HUASCO,CHILE VAMOS UDI - INDEPENDIENTES,No aplica,UDI,UNION DEMOCRATA INDEPENDIENTE,2831500,9,Aprueba con Observaciones,Sí,No
STEPHANIA_DIANA_GODOY_DORADOR__HUASCO,STEPHANIA DIANA GODOY DORADOR,M,REGIÓN DE ATACAMA,HUASCO,REPUBLICANOS E INDEPENDIENTES,No aplica,REPUBLICANO,PARTIDO REPUBLICANO DE CHILE,72001,4,Aprueba,Sí,No
JUAN_ALEJANDRO_DONOSO_GALLARDO__HUASCO,JUAN ALEJANDRO DONOSO GALLARDO,H,REGIÓN DE ATACAMA,HUASCO,REPUBLICANOS E INDEPENDIENTES,No aplica,REPUBLICANO,PARTIDO REPUBLICANO DE CHILE,963000,7,Aprueba,Sí,No
DAVID_RODRIGO_MUNOZ_MUNOZ__CHOAPA,DAVID RODRIGO MUÑOZ MUÑOZ,H,REGIÓN DE COQUIMBO,CHOAPA,TODAS Y TODOS POR CHILE,PARTIDO COMUNISTA E INDEPENDIENTES,PCCH,PARTIDO COMUNISTA DE CHILE,5130886,26,Aprueba,Sí,No
MANUEL_MARCARIAN_JULIO__CHOAPA,MANUEL MARCARIAN JULIO,H,REGIÓN DE COQUIMBO,CHOAPA,TODAS Y TODOS POR CHILE,PARTIDO COMUNISTA E INDEPENDIENTES,PCCH,PARTIDO COMUNISTA DE CHILE,2667548,32,Aprueba con Observaciones,Sí,No
CARLOS_MAUREIRA_SILVA__CHOAPA,CARLOS MAUREIRA SILVA,H,REGIÓN DE COQUIMBO,CHOAPA,CHILE VAMOS RENOVACION NACIONAL - INDEPENDIENTES,No aplica,RN,RENOVACION NACIONAL,1618185,19,Aprueba,Sí,No
ANGEL_GONZALEZ_AGUILERA__CHOAPA,ANGEL GONZALEZ AGUILERA,H,REGIÓN DE COQUIMBO,CHOAPA,CHILE VAMOS RENOVACION NACIONAL - INDEPENDIENTES,No aplica,IND,INDEPENDIENTES,4223112,9,Rechaza,Sí,No
JUAN_LUIS_DE_LA_JARA_BARTHOLOMAUS__CHOAPA,JUAN LUIS DE LA JARA BARTHOLOMAUS,H,REGIÓN DE COQUIMBO,CHOAPA,CHILE VAMOS RENOVACION NACIONAL - INDEPENDIENTES,No aplica,IND,INDEPENDIENTES,3326864,13,Aprueba con Observaciones,Sí,No
JUAN_MANUEL_BARRAZA_ASTORGA__CHOAPA,JUAN MANUEL BARRAZA ASTORGA,H,REGIÓN DE COQUIMBO,CHOAPA,LO MEJOR PARA CHILE,PPD E INDEPENDIENTES,PPD,PARTIDO POR LA DEMOCRACIA,8401136,11,Aprueba con Observaciones,Sí,No
MARIA_PAZ_DEL_PILAR_ROJAS_ORREGO__CHOAPA,MARIA PAZ DEL PILAR ROJAS ORREGO,M,REGIÓN DE COQUIMBO,CHOAPA,LO MEJOR PARA CHILE,PPD E INDEPENDIENTES,PPD,PARTIDO POR LA DEMOCRACIA,10044112,30,Aprueba,Sí,No
MARIO_PIZARRO_VENENCIANO__CHOAPA,MARIO PIZARRO VENENCIANO,H,REGIÓN DE COQUIMBO,CHOAPA,LO MEJOR PARA CHILE,PS E INDEPENDIENTES,IND,INDEPENDIENTES,4437840,40,Aprueba,Sí,No
RAUL_MUSA_URETA__CHOAPA,RAUL MUSA URETA,H,REGIÓN DE COQUIMBO,CHOAPA,LO MEJOR PARA CHILE,PS E INDEPENDIENTES,IND,INDEPENDIENTES,6293978,23,Aprueba con Observaciones,Sí,No
ALEXANDRA_URRUTIA_PLACENCIO__CHOAPA,ALEXANDRA URRUTIA PLACENCIO,M,REGIÓN DE COQUIMBO,CHOAPA,PARTIDO DE LA GENTE E INDEPENDIENTES,No aplica,PDG,PARTIDO DE LA GENTE,2534999,9,Aprueba,Sí,No
GUILLERMO_ALEJANDRO_REYES_ROZAS__CHOAPA,GUILLERMO ALEJANDRO REYES ROZAS,H,REGIÓN DE COQUIMBO,CHOAPA,PARTIDO DE LA GENTE E INDEPENDIENTES,No aplica,PDG,PARTIDO DE LA GENTE,1962780,11,Aprueba con Observaciones,Sí,No
ROBERTO_SEBASTIAN_SANCHEZ_ACEVEDO__CHOAPA,ROBERTO SEBASTIAN SANCHEZ ACEVEDO,H,REGIÓN DE COQUIMBO,CHOAPA,PARTIDO DE LA GENTE E INDEPENDIENTES,No aplica,PDG,PARTIDO DE LA GENTE,400000,1,Aprueba,Sí,No
HUGO_HERNAN_ROJO_AGUILERA__CHOAPA,HUGO HERNAN ROJO AGUILERA,H,REGIÓN DE COQUIMBO,CHOAPA,POR UN CHILE MEJOR,No aplica,PDC,PARTIDO DEMOCRATA CRISTIANO,2471970,14,Aprueba con Observaciones,Sí,No
DENIS_ENRIQUE_CORTES_VARGAS__CHOAPA,DENIS ENRIQUE CORTES VARGAS,H,REGIÓN DE COQUIMBO,CHOAPA,POR UN CHILE MEJOR,No aplica,IND,INDEPENDIENTES,18026306,186,Rechaza,Sí,Sí
VICTOR_ANGEL_ARAYA_ARAYA__CHOAPA,VICTOR ANGEL ARAYA ARAYA,H,REGIÓN DE COQUIMBO,CHOAPA,POR UN CHILE MEJOR,No aplica,IND,INDEPENDIENTES,1386500,6,Aprueba con Observaciones,Sí,No
JUAN_JALET_HISI_ESPINOZA__CHOAPA,JUAN JALET HISI ESPINOZA,H,REGIÓN DE COQUIMBO,CHOAPA,POR UN CHILE MEJOR,No aplica,IND,INDEPENDIENTES,3350000,4,Rechaza,Sí,No
PATRICIO_ALBERTO_ARAUCO_REYES__CHOAPA,PATRICIO ALBERTO ARAUCO REYES,H,REGIÓN DE COQUIMBO,CHOAPA,FRENTE AMPLIO,FRENTE AMPLIO E INDEPENDIENTES,FA,FRENTE AMPLIO,647600,8,Aprueba con Observaciones,Sí,No
GERALDY_VICTORIA_RIVERA_TORREJON__CHOAPA,GERALDY VICTORIA RIVERA TORREJON,M,REGIÓN DE COQUIMBO,CHOAPA,FRENTE AMPLIO,FRENTE AMPLIO E INDEPENDIENTES,FA,FRENTE AMPLIO,748961,12,Aprueba con Observaciones,Sí,No
INALDI_ANTONIO_COFRE_SAAVEDRA__CHOAPA,INALDI ANTONIO COFRE SAAVEDRA,H,REGIÓN DE COQUIMBO,CHOAPA,FRENTE AMPLIO,FRENTE AMPLIO E INDEPENDIENTES,FA,FRENTE AMPLIO,1135595,5,Aprueba,Sí,No
JUAN_DIEGO_CALLEJAS_LOZANO__CHOAPA,JUAN DIEGO CALLEJAS LOZANO,H,REGIÓN DE COQUIMBO,CHOAPA,FRENTE AMPLIO,FRENTE AMPLIO E INDEPENDIENTES,IND,INDEPENDIENTES,288000,2,Aprueba con Observaciones,Sí,No
ALBERTO_JAVIER_GONZALEZ_IGLESIAS__CHOAPA,ALBERTO JAVIER GONZALEZ IGLESIAS,H,REGIÓN DE COQUIMBO,CHOAPA,CHILE VAMOS UDI - INDEPENDIENTES,No aplica,UDI,UNION DEMOCRATA INDEPENDIENTE,3112415,8,Rechaza,Sí,No
FRANCHESCOLI_ANDRES_ROJAS_GALLARDO__CHOAPA,FRANCHESCOLI ANDRES ROJAS GALLARDO,H,REGIÓN DE COQUIMBO,CHOAPA,REPUBLICANOS E INDEPENDIENTES,No aplica,REPUBLICANO,PARTIDO REPUBLICANO DE CHILE,502939,2,Aprueba con Observaciones,Sí,No
MONICA_ALEJANDRA_HIDALGO_PIZARRO__CHOAPA,MONICA ALEJANDRA HIDALGO PIZARRO,M,REGIÓN DE COQUIMBO,CHOAPA,REPUBLICANOS E INDEPENDIENTES,No aplica,REPUBLICANO,PARTIDO REPUBLICANO DE CHILE,2000,1,Aprueba con Observaciones,Sí,No
JAVIERA_YANEZ_LANZARINI__ELQUI,JAVIERA YAÑEZ LANZARINI,M,REGIÓN DE COQUIMBO,ELQUI,TODAS Y TODOS POR CHILE,ACCION HUMANISTA E INDEPENDIENTES,AH,PARTIDO ACCIÓN HUMANISTA,841667,8,Aprueba,Sí,No
DYANA_PIZARRO_VERA__ELQUI,DYANA PIZARRO VERA,M,REGIÓN DE COQUIMBO,ELQUI,TODAS Y TODOS POR CHILE,ACCION HUMANISTA E INDEPENDIENTES,AH,PARTIDO ACCIÓN HUMANISTA,375000,5,Aprueba,Sí,No
ROCIO_VAZQUEZ_COOPMAN__ELQUI,ROCIO VAZQUEZ COOPMAN,M,REGIÓN DE COQUIMBO,ELQUI,TODAS Y TODOS POR CHILE,ACCION HUMANISTA E INDEPENDIENTES,IND,INDEPENDIENTES,603017,7,Aprueba con Observaciones,Sí,No
VICTOR_MANUEL_VASQUEZ_GONZALEZ__ELQUI,VICTOR MANUEL VASQUEZ GONZALEZ,H,REGIÓN DE COQUIMBO,ELQUI,TODAS Y TODOS POR CHILE,ACCION HUMANISTA E INDEPENDIENTES,IND,INDEPENDIENTES,0,0,Aprueba,No,No
VALERIA_PATRICIA_CHACANA_ALARCON__ELQUI,VALERIA PATRICIA CHACANA ALARCON,M,REGIÓN DE COQUIMBO,ELQUI,TODAS Y TODOS POR CHILE,PARTIDO COMUNISTA E INDEPENDIENTES,PCCH,PARTIDO COMUNISTA DE CHILE,3174928,10,Aprueba,Sí,No
LUIS_ENRIQUE_VALDEBENITO_VALDEBENITO__ELQUI,LUIS ENRIQUE VALDEBENITO VALDEBENITO,H,REGIÓN DE COQUIMBO,ELQUI,TODAS Y TODOS POR CHILE,PARTIDO COMUNISTA E INDEPENDIENTES,PCCH,PARTIDO COMUNISTA DE CHILE,3149884,49,Aprueba con Observaciones,Sí,No
PATRICIO_ANDRES_BARRAZA_AGUILERA__ELQUI,PATRICIO ANDRES BARRAZA AGUILERA,H,REGIÓN DE COQUIMBO,ELQUI,TODAS Y TODOS POR CHILE,PARTIDO COMUNISTA E INDEPENDIENTES,IND,INDEPENDIENTES,3519650,11,Aprueba,Sí,No
BORIS_CLAUDIO_MUNOZ_YANEZ__ELQUI,BORIS CLAUDIO MUÑOZ YAÑEZ,H,REGIÓN DE COQUIMBO,ELQUI,TODAS Y TODOS POR CHILE,PARTIDO COMUNISTA E INDEPENDIENTES,IND,INDEPENDIENTES,1417048,37,Aprueba,Sí,No
CATHERINE_GUERRA_GALLARDO__ELQUI,CATHERINE GUERRA GALLARDO,M,REGIÓN DE COQUIMBO,ELQUI,PARTIDO SOCIAL CRISTIANO E INDEPENDIENTES,No aplica,PSC,PARTIDO SOCIAL CRISTIANO,321300,2,Aprueba con Observaciones,Sí,No
KARLA_CONTRERAS_CEA__ELQUI,KARLA CONTRERAS CEA,M,REGIÓN DE COQUIMBO,ELQUI,PARTIDO SOCIAL CRISTIANO E INDEPENDIENTES,No aplica,PSC,PARTIDO SOCIAL CRISTIANO,890400,9,Aprueba con Observaciones,Sí,No
MICHAEL_ELIAS_MUNOZ_VILLALOBOS__ELQUI,MICHAEL ELIAS MUÑOZ VILLALOBOS,H,REGIÓN DE COQUIMBO,ELQUI,PARTIDO SOCIAL CRISTIANO E INDEPENDIENTES,No aplica,IND,INDEPENDIENTES,2839202,12,Aprueba,Sí,No
RODRIGO_ANDRES_GUTIERREZ_GUZMAN__ELQUI,RODRIGO ANDRES GUTIERREZ GUZMAN,H,REGIÓN DE COQUIMBO,ELQUI,PARTIDO SOCIAL CRISTIANO E INDEPENDIENTES,No aplica,IND,INDEPENDIENTES,2490400,9,Aprueba,Sí,No
MARISOL_CARMEN_CEPEDA_PINCHEIRA__ELQUI,MARISOL CARMEN CEPEDA PINCHEIRA,M,REGIÓN DE COQUIMBO,ELQUI,PARTIDO SOCIAL CRISTIANO E INDEPENDIENTES,No aplica,IND,INDEPENDIENTES,50000,1,Aprueba con Observaciones,Sí,No
FRANCY_VALENTINA_PASTEN_CORTES__ELQUI,FRANCY VALENTINA PASTEN CORTES,M,REGIÓN DE COQUIMBO,ELQUI,PARTIDO SOCIAL CRISTIANO E INDEPENDIENTES,No aplica,IND,INDEPENDIENTES,190400,2,Aprueba,Sí,No
CLAUDIA_ANDREA_RIVERA_MILLA__ELQUI,CLAUDIA ANDREA RIVERA MILLA,M,REGIÓN DE COQUIMBO,ELQUI,PARTIDO SOCIAL CRISTIANO E INDEPENDIENTES,No aplica,IND,INDEPENDIENTES,305870,3,Aprueba con Observaciones,Sí,No
MARIA_CRISTINA_CONCHA_WAGENKNECHT__ELQUI,MARIA CRISTINA CONCHA WAGENKNECHT,M,REGIÓN DE COQUIMBO,ELQUI,CHILE VAMOS RENOVACION NACIONAL - INDEPENDIENTES,No aplica,RN,RENOVACION NACIONAL,18361052,20,Rechaza,Sí,Sí
WALTER_ARDILES_TELLO__ELQUI,WALTER ARDILES TELLO,H,REGIÓN DE COQUIMBO,ELQUI,CHILE VAMOS RENOVACION NACIONAL - INDEPENDIENTES,No aplica,RN,RENOVACION NACIONAL,6771190,22,Rechaza,Sí,No
PAULINA_SEPULVEDA_CARO__ELQUI,PAULINA SEPULVEDA CARO,M,REGIÓN DE COQUIMBO,ELQUI,CHILE VAMOS RENOVACION NACIONAL - INDEPENDIENTES,No aplica,RN,RENOVACION NACIONAL,1751331,23,Aprueba con Observaciones,Sí,No
EMMANUEL_SEBASTIAN_POLANCO_GOMEZ__ELQUI,EMMANUEL SEBASTIAN POLANCO GOMEZ,H,REGIÓN DE COQUIMBO,ELQUI,CHILE VAMOS RENOVACION NACIONAL - INDEPENDIENTES,No aplica,RN,RENOVACION NACIONAL,1700000,1,Aprueba con Observaciones,Sí,No
JORGE_NUNEZ_CUTBILL__ELQUI,JORGE NUÑEZ CUTBILL,H,REGIÓN DE COQUIMBO,ELQUI,CHILE VAMOS RENOVACION NACIONAL - INDEPENDIENTES,No aplica,RN,RENOVACION NACIONAL,3380533,13,Aprueba con Observaciones,Sí,No
FRANCO_ZAMUDIO_GONZALEZ__ELQUI,FRANCO ZAMUDIO GONZALEZ,H,REGIÓN DE COQUIMBO,ELQUI,CHILE VAMOS RENOVACION NACIONAL - INDEPENDIENTES,No aplica,IND,INDEPENDIENTES,5051165,29,Aprueba,Sí,No
DIOLA_BARRAZA_PLAZA__ELQUI,DIOLA BARRAZA PLAZA,M,REGIÓN DE COQUIMBO,ELQUI,TU REGION RADICAL,No aplica,PR,PARTIDO RADICAL DE CHILE,4712700,11,Aprueba,Sí,No
CLAUDIO_ANDRES_ROJAS_ARAYA__ELQUI,CLAUDIO ANDRES ROJAS ARAYA,H,REGIÓN DE COQUIMBO,ELQUI,TU REGION RADICAL,No aplica,PR,PARTIDO RADICAL DE CHILE,451392,2,Rechaza,Sí,No
MARCELO_GALLARDO_SILVA__ELQUI,MARCELO GALLARDO SILVA,H,REGIÓN DE COQUIMBO,ELQUI,REGIONES VERDES LIBERALES,No aplica,FREVS,FEDERACION REGIONALISTA VERDE SOCIAL,0,0,Aprueba,No,No
TANYA_WESTERMEIER_CUELLAR__ELQUI,TANYA WESTERMEIER CUELLAR,M,REGIÓN DE COQUIMBO,ELQUI,REGIONES VERDES LIBERALES,No aplica,FREVS,FEDERACION REGIONALISTA VERDE SOCIAL,589302,11,Aprueba con Observaciones,Sí,No
ALEJANDRO_CAMPUSANO_MASSAD__ELQUI,ALEJANDRO CAMPUSANO MASSAD,H,REGIÓN DE COQUIMBO,ELQUI,REGIONES VERDES LIBERALES,No aplica,IND,INDEPENDIENTES,9762286,8,Rechaza,Sí,No
FRANCISCA_NAOMI_ALARCON_PINTO__ELQUI,FRANCISCA NAOMI ALARCON PINTO,M,REGIÓN DE COQUIMBO,ELQUI,REGIONES VERDES LIBERALES,No aplica,IND,INDEPENDIENTES,145122,1,Aprueba con Observaciones,Sí,No
CAMILA_SOLANGE_GAHONA_MEDINA__ELQUI,CAMILA SOLANGE GAHONA MEDINA,M,REGIÓN DE COQUIMBO,ELQUI,REGIONES VERDES LIBERALES,No aplica,IND,INDEPENDIENTES,0,0,Rechaza,No,No
PEDRO_VALENCIA_CORTES__ELQUI,PEDRO VALENCIA CORTES,H,REGIÓN DE COQUIMBO,ELQUI,LO MEJOR PARA CHILE,PS E INDEPENDIENTES,PS,PARTIDO SOCIALISTA DE CHILE,3670560,5,Aprueba con Observaciones,Sí,No
CESAR_ANTONIO_HERNANDEZ_SALINAS__ELQUI,CESAR ANTONIO HERNANDEZ SALINAS,H,REGIÓN DE COQUIMBO,ELQUI,LO MEJOR PARA CHILE,PS E INDEPENDIENTES,PS,PARTIDO SOCIALISTA DE CHILE,500000,1,Aprueba con Observaciones,Sí,No
EDUARDO_MANUEL_JULIO_PAILAHUEQUE__ELQUI,EDUARDO MANUEL JULIO PAILAHUEQUE,H,REGIÓN DE COQUIMBO,ELQUI,LO MEJOR PARA CHILE,PS E INDEPENDIENTES,PS,PARTIDO SOCIALISTA DE CHILE,2800000,19,Aprueba,Sí,No
OSCAR_GAMANIEL_AVILEZ_STUARDO__ELQUI,OSCAR GAMANIEL AVILEZ STUARDO,H,REGIÓN DE COQUIMBO,ELQUI,LO MEJOR PARA CHILE,PS E INDEPENDIENTES,IND,INDEPENDIENTES,3159000,36,Aprueba con Observaciones,Sí,No
NEVENKA_PAULINA_ALVAREZ_BARRERA__ELQUI,NEVENKA PAULINA ALVAREZ BARRERA,M,REGIÓN DE COQUIMBO,ELQUI,LO MEJOR PARA CHILE,PS E INDEPENDIENTES,IND,INDEPENDIENTES,14401209,18,Aprueba con Observaciones,Sí,No
ROBINSON_HERNANDEZ_ROJAS__ELQUI,ROBINSON HERNANDEZ ROJAS,H,REGIÓN DE COQUIMBO,ELQUI,LO MEJOR PARA CHILE,PS E INDEPENDIENTES,IND,INDEPENDIENTES,3299089,9,Aprueba con Observaciones,Sí,No
FELIPE_ESTEBAN_ALFRED_TORRES__ELQUI,FELIPE ESTEBAN ALFRED TORRES,H,REGIÓN DE COQUIMBO,ELQUI,LO MEJOR PARA CHILE,PPD E INDEPENDIENTES,PPD,PARTIDO POR LA DEMOCRACIA,3351102,30,Rechaza,Sí,No
CECILIA_DEL_CARMEN_ALFARO_GONZALEZ__ELQUI,CECILIA DEL CARMEN ALFARO GONZALEZ,M,REGIÓN DE COQUIMBO,ELQUI,LO MEJOR PARA CHILE,PPD E INDEPENDIENTES,IND,INDEPENDIENTES,4030000,18,Aprueba,Sí,No
FRANCISCO_JAVIER_NUNEZ_RENCORET__ELQUI,FRANCISCO JAVIER NUÑEZ RENCORET,H,REGIÓN DE COQUIMBO,ELQUI,PARTIDO DE LA GENTE E INDEPENDIENTES,No aplica,PDG,PARTIDO DE LA GENTE,400000,2,Aprueba,Sí,No
ARIEL_MATIAS_PROHENS_JARA__ELQUI,ARIEL MATIAS PROHENS JARA,H,REGIÓN DE COQUIMBO,ELQUI,PARTIDO DE LA GENTE E INDEPENDIENTES,No aplica,PDG,PARTIDO DE LA GENTE,2083380,8,Rechaza,Sí,No
SANDRA_VIVIANA_CASTILLO_ALQUINTA__ELQUI,SANDRA VIVIANA CASTILLO ALQUINTA,M,REGIÓN DE COQUIMBO,ELQUI,PARTIDO DE LA GENTE E INDEPENDIENTES,No aplica,IND,INDEPENDIENTES,7117391,36,Rechaza,Sí,No
ANALIZ_XIMENA_VEGA_CERDA__ELQUI,ANALIZ XIMENA VEGA CERDA,M,REGIÓN DE COQUIMBO,ELQUI,PARTIDO DE LA GENTE E INDEPENDIENTES,No aplica,IND,INDEPENDIENTES,2505721,14,Aprueba con Observaciones,Sí,No
LOMBARDO_VLADIMIR_TOLEDO_ESCORZA__ELQUI,LOMBARDO VLADIMIR TOLEDO ESCORZA,H,REGIÓN DE COQUIMBO,ELQUI,POR UN CHILE MEJOR,No aplica,PDC,PARTIDO DEMOCRATA CRISTIANO,20016472,68,Aprueba con Observaciones,Sí,Sí
ADRIANA_LEDEZMA_LEDEZMA__ELQUI,ADRIANA LEDEZMA LEDEZMA,M,REGIÓN DE COQUIMBO,ELQUI,POR UN CHILE MEJOR,No aplica,PDC,PARTIDO DEMOCRATA CRISTIANO,8838855,14,Rechaza,Sí,No
PATRICIO_SOLIS_LOBOS__ELQUI,PATRICIO SOLIS LOBOS,H,REGIÓN DE COQUIMBO,ELQUI,POR UN CHILE MEJOR,No aplica,PDC,PARTIDO DEMOCRATA CRISTIANO,17758116,15,Rechaza,Sí,Sí
OSCIEL_VELASQUEZ_HERNANDEZ__ELQUI,OSCIEL VELASQUEZ HERNANDEZ,H,REGIÓN DE COQUIMBO,ELQUI,POR UN CHILE MEJOR,No aplica,IND,INDEPENDIENTES,21035117,15,Aprueba con Observaciones,Sí,Sí
JORGE_MAURICIO_ORDENES_PIZARRO__ELQUI,JORGE MAURICIO ORDENES PIZARRO,H,REGIÓN DE COQUIMBO,ELQUI,CENTRO DEMOCRATICO,DEMOCRATAS E INDEPENDIENTES,DEMOCRATAS,PARTIDO DEMOCRATAS CHILE,2498595,6,Aprueba con Observaciones,Sí,No
JEYSON_ALEJANDRO_BERRIOS_ROJAS__ELQUI,JEYSON ALEJANDRO BERRIOS ROJAS,H,REGIÓN DE COQUIMBO,ELQUI,CENTRO DEMOCRATICO,DEMOCRATAS E INDEPENDIENTES,DEMOCRATAS,PARTIDO DEMOCRATAS CHILE,0,0,Aprueba,No,No
ANGELA_ERCILIA_ROJAS_BARRIOS__ELQUI,ANGELA ERCILIA ROJAS BARRIOS,M,REGIÓN DE COQUIMBO,ELQUI,CENTRO DEMOCRATICO,DEMOCRATAS E INDEPENDIENTES,IND,INDEPENDIENTES,2966731,11,Aprueba,Sí,No
FRANCHESCA_NICOLE_PLAZA_GONZALEZ__ELQUI,FRANCHESCA NICOLE PLAZA GONZALEZ,M,REGIÓN DE COQUIMBO,ELQUI,CENTRO DEMOCRATICO,AMARILLOS E INDEPENDIENTES,AMARILLOS,MOVIMIENTO AMARILLOS POR CHILE,4240588,19,Aprueba,Sí,No
HOMERO_HERNAN_VIDELA_ARAYA__ELQUI,HOMERO HERNAN VIDELA ARAYA,H,REGIÓN DE COQUIMBO,ELQUI,CENTRO DEMOCRATICO,AMARILLOS E INDEPENDIENTES,IND,INDEPENDIENTES,0,0,Rechaza,No,No
JORGE_BERNARDO_HURTADO_TORREJON__ELQUI,JORGE BERNARDO HURTADO TORREJON,H,REGIÓN DE COQUIMBO,ELQUI,CENTRO DEMOCRATICO,AMARILLOS E INDEPENDIENTES,IND,INDEPENDIENTES,1848484,5,Aprueba,Sí,No
LUIS_DAVID_JUICA_ARRIAGADA__ELQUI,LUIS DAVID JUICA ARRIAGADA,H,REGIÓN DE COQUIMBO,ELQUI,CENTRO DEMOCRATICO,AMARILLOS E INDEPENDIENTES,IND,INDEPENDIENTES,308484,10,Aprueba,Sí,No
XIMENA_DEL_PILAR_AMPUERO_GARCIA__ELQUI,XIMENA DEL PILAR AMPUERO GARCIA,M,REGIÓN DE COQUIMBO,ELQUI,FRENTE AMPLIO,FRENTE AMPLIO E INDEPENDIENTES,FA,FRENTE AMPLIO,10911360,48,Aprueba,Sí,No
INGRID_LUTECIA_ALARCON_JERALDO__ELQUI,INGRID LUTECIA ALARCON JERALDO,M,REGIÓN DE COQUIMBO,ELQUI,FRENTE AMPLIO,FRENTE AMPLIO E INDEPENDIENTES,FA,FRENTE AMPLIO,750000,2,Aprueba,Sí,No
MARCOS_RAUL_DIAZ_PERALTA__ELQUI,MARCOS RAUL DIAZ PERALTA,H,REGIÓN DE COQUIMBO,ELQUI,FRENTE AMPLIO,FRENTE AMPLIO E INDEPENDIENTES,FA,FRENTE AMPLIO,1567400,4,Aprueba con Observaciones,Sí,No
CRISTIAN_ALEJANDRO_MARZAL_CUEVAS__ELQUI,CRISTIAN ALEJANDRO MARZAL CUEVAS,H,REGIÓN DE COQUIMBO,ELQUI,FRENTE AMPLIO,FRENTE AMPLIO E INDEPENDIENTES,FA,FRENTE AMPLIO,702000,4,Aprueba,Sí,No
JORGE_OMAR_NAVEAS_BRAVO__ELQUI,JORGE OMAR NAVEAS BRAVO,H,REGIÓN DE COQUIMBO,ELQUI,FRENTE AMPLIO,FRENTE AMPLIO E INDEPENDIENTES,FA,FRENTE AMPLIO,1711250,7,Aprueba,Sí,No
JEAN_PAUL_DELILLE_MUNOZ__ELQUI,JEAN PAUL DELILLE MUÑOZ,H,REGIÓN DE COQUIMBO,ELQUI,FRENTE AMPLIO,FRENTE AMPLIO E INDEPENDIENTES,IND,INDEPENDIENTES,5443030,4,Aprueba,Sí,No
PAOLA_DEL_CARMEN_CORTES_VEGA__ELQUI,PAOLA DEL CARMEN CORTES VEGA,M,REGIÓN DE COQUIMBO,ELQUI,CHILE VAMOS UDI - INDEPENDIENTES,No aplica,UDI,UNION DEMOCRATA INDEPENDIENTE,20143577,26,Aprueba con Observaciones,Sí,Sí
OSCAR_RODRIGO_TAPIA_OLIVARES__ELQUI,OSCAR RODRIGO TAPIA OLIVARES,H,REGIÓN DE COQUIMBO,ELQUI,CHILE VAMOS UDI - INDEPENDIENTES,No aplica,UDI,UNION DEMOCRATA INDEPENDIENTE,16395071,30,Aprueba,Sí,Sí
CECILIA_CARCAMO_KOVACIC__ELQUI,CECILIA CARCAMO KOVACIC,M,REGIÓN DE COQUIMBO,ELQUI,CHILE VAMOS UDI - INDEPENDIENTES,No aplica,UDI,UNION DEMOCRATA INDEPENDIENTE,2435266,20,Aprueba,Sí,No
GONZALO_PINOCHET_ABARCA__ELQUI,GONZALO PINOCHET ABARCA,H,REGIÓN DE COQUIMBO,ELQUI,CHILE VAMOS UDI - INDEPENDIENTES,No aplica,UDI,UNION DEMOCRATA INDEPENDIENTE,12892140,56,Aprueba con Observaciones,Sí,No
FRANKLIN_RICARDO_ZEPEDA_GODOY__ELQUI,FRANKLIN RICARDO ZEPEDA GODOY,H,REGIÓN DE COQUIMBO,ELQUI,CHILE VAMOS UDI - INDEPENDIENTES,No aplica,IND,INDEPENDIENTES,4090000,35,Aprueba con Observaciones,Sí,No
SEBASTIAN_CARLOS_MUNOZ_OYARCE__ELQUI,SEBASTIAN CARLOS MUÑOZ OYARCE,H,REGIÓN DE COQUIMBO,ELQUI,CHILE VAMOS EVOPOLI - INDEPENDIENTES,No aplica,EVOPOLI,EVOLUCION POLITICA,949400,7,Aprueba con Observaciones,Sí,No
JOSE_PATRICIO_ESTEVEZ_NEDER__ELQUI,JOSE PATRICIO ESTEVEZ NEDER,H,REGIÓN DE COQUIMBO,ELQUI,CHILE VAMOS EVOPOLI - INDEPENDIENTES,No aplica,IND,INDEPENDIENTES,895790,7,Aprueba con Observaciones,Sí,No
FRANCISCO_JAVIER_CORRAL_MACIAS__ELQUI,FRANCISCO JAVIER CORRAL MACIAS,H,REGIÓN DE COQUIMBO,ELQUI,REPUBLICANOS E INDEPENDIENTES,No aplica,REPUBLICANO,PARTIDO REPUBLICANO DE CHILE,27758301,54,Rechaza,Sí,Sí
CRISTOBAL_BERNARDO_ANDIA_RIVEROS__ELQUI,CRISTOBAL BERNARDO ANDIA RIVEROS,H,REGIÓN DE COQUIMBO,ELQUI,REPUBLICANOS E INDEPENDIENTES,No aplica,REPUBLICANO,PARTIDO REPUBLICANO DE CHILE,472028,3,Aprueba con Observaciones,Sí,No
CHRISTIAN_MAURICIO_AGUILERA_DIAZ__ELQUI,CHRISTIAN MAURICIO AGUILERA DIAZ,H,REGIÓN DE COQUIMBO,ELQUI,REPUBLICANOS E INDEPENDIENTES,No aplica,REPUBLICANO,PARTIDO REPUBLICANO DE CHILE,5604709,7,Aprueba con Observaciones,Sí,No
BELEN_AUGER_JULIEN__ELQUI,BELEN AUGER JULIEN,M,REGIÓN DE COQUIMBO,ELQUI,REPUBLICANOS E INDEPENDIENTES,No aplica,REPUBLICANO,PARTIDO REPUBLICANO DE CHILE,5974249,16,Rechaza,Sí,No
RICARDO_FRANCISCO_SAN_MARTIN_PEREIRA__ELQUI,RICARDO FRANCISCO SAN MARTIN PEREIRA,H,REGIÓN DE COQUIMBO,ELQUI,REPUBLICANOS E INDEPENDIENTES,No aplica,REPUBLICANO,PARTIDO REPUBLICANO DE CHILE,1450000,2,Aprueba con Observaciones,Sí,No
ANGELO_CUPRA_URBINA__ELQUI,ANGELO CUPRA URBINA,H,REGIÓN DE COQUIMBO,ELQUI,REPUBLICANOS E INDEPENDIENTES,No aplica,REPUBLICANO,PARTIDO REPUBLICANO DE CHILE,0,0,Rechaza,No,No
TATIANA_ALEJANDRA_CORTES_SEGOVIA__LIMARI,TATIANA ALEJANDRA CORTES SEGOVIA,M,REGIÓN DE COQUIMBO,LIMARI,TODAS Y TODOS POR CHILE,PARTIDO COMUNISTA E INDEPENDIENTES,PCCH,PARTIDO COMUNISTA DE CHILE,3295000,20,Aprueba,Sí,No
DANIELA_FRANCISCA_CORTES_CONTRERAS__LIMARI,DANIELA FRANCISCA CORTES CONTRERAS,M,REGIÓN DE COQUIMBO,LIMARI,TODAS Y TODOS POR CHILE,PARTIDO COMUNISTA E INDEPENDIENTES,PCCH,PARTIDO COMUNISTA DE CHILE,2250480,25,Aprueba con Observaciones,Sí,No
OSCAR_ALBERTO_LOPEZ_VALDES__LIMARI,OSCAR ALBERTO LOPEZ VALDES,H,REGIÓN DE COQUIMBO,LIMARI,TODAS Y TODOS POR CHILE,PARTIDO COMUNISTA E INDEPENDIENTES,IND,INDEPENDIENTES,2400000,16,Aprueba con Observaciones,Sí,No
PAOLA_PATRICIA_VEGA_PIZARRO__LIMARI,PAOLA PATRICIA VEGA PIZARRO,M,REGIÓN DE COQUIMBO,LIMARI,TODAS Y TODOS POR CHILE,PARTIDO COMUNISTA E INDEPENDIENTES,IND,INDEPENDIENTES,1661040,12,Aprueba con Observaciones,Sí,No
MATIAS_NICOLAS_GUZMAN_GALLEGUILLOS__LIMARI,MATIAS NICOLAS GUZMAN GALLEGUILLOS,H,REGIÓN DE COQUIMBO,LIMARI,PARTIDO SOCIAL CRISTIANO E INDEPENDIENTES,No aplica,PSC,PARTIDO SOCIAL CRISTIANO,3868815,11,Aprueba,Sí,No
MAX_AGUIRRE_ROJAS__LIMARI,MAX AGUIRRE ROJAS,H,REGIÓN DE COQUIMBO,LIMARI,CHILE VAMOS RENOVACION NACIONAL - INDEPENDIENTES,No aplica,RN,RENOVACION NACIONAL,5089930,65,Aprueba,Sí,No
MARIO_RAMIREZ_NEYRA__LIMARI,MARIO RAMIREZ NEYRA,H,REGIÓN DE COQUIMBO,LIMARI,CHILE VAMOS RENOVACION NACIONAL - INDEPENDIENTES,No aplica,RN,RENOVACION NACIONAL,1516345,6,Aprueba,Sí,No
MAURICIO_ESPINOSA_GONZALEZ__LIMARI,MAURICIO ESPINOSA GONZALEZ,H,REGIÓN DE COQUIMBO,LIMARI,CHILE VAMOS RENOVACION NACIONAL - INDEPENDIENTES,No aplica,RN,RENOVACION NACIONAL,3400000,16,Rechaza,Sí,No
GUSTAVO_HERNANDEZ_VALDIVIA__LIMARI,GUSTAVO HERNANDEZ VALDIVIA,H,REGIÓN DE COQUIMBO,LIMARI,CHILE VAMOS RENOVACION NACIONAL - INDEPENDIENTES,No aplica,IND,INDEPENDIENTES,2111345,8,Aprueba con Observaciones,Sí,No
ALEJANDRO_TAPIA_BARRERA__LIMARI,ALEJANDRO TAPIA BARRERA,H,REGIÓN DE COQUIMBO,LIMARI,TU REGION RADICAL,No aplica,PR,PARTIDO RADICAL DE CHILE,1269219,24,Aprueba con Observaciones,Sí,No
NATALIER_GUSTAVO_ADAROS_GARCIA__LIMARI,NATALIER GUSTAVO ADAROS GARCIA,H,REGIÓN DE COQUIMBO,LIMARI,TU REGION RADICAL,No aplica,IND,INDEPENDIENTES,5246820,31,Aprueba con Observaciones,Sí,No
ROBINSON_ANDRES_LAFFERTE_CORTES__LIMARI,ROBINSON ANDRES LAFFERTE CORTES,H,REGIÓN DE COQUIMBO,LIMARI,REGIONES VERDES LIBERALES,No aplica,IND,INDEPENDIENTES,9810122,16,Rechaza,Sí,No
MAURICIO_IGNACIO_CORTES_TAPIA__LIMARI,MAURICIO IGNACIO CORTES TAPIA,H,REGIÓN DE COQUIMBO,LIMARI,REGIONES VERDES LIBERALES,No aplica,IND,INDEPENDIENTES,3828141,5,Aprueba con Observaciones,Sí,No
ALONSO_ALEJANDRO_MUNOZ_PEREZ__LIMARI,ALONSO ALEJANDRO MUÑOZ PEREZ,H,REGIÓN DE COQUIMBO,LIMARI,REGIONES VERDES LIBERALES,No aplica,IND,INDEPENDIENTES,0,0,Rechaza,No,No
CARLOS_RAMOS_GARCIA__LIMARI,CARLOS RAMOS GARCIA,H,REGIÓN DE COQUIMBO,LIMARI,LO MEJOR PARA CHILE,PS E INDEPENDIENTES,PS,PARTIDO SOCIALISTA DE CHILE,7440000,18,Aprueba,Sí,No
MARIA_TRINIDAD_CASTILLO_BOILET__LIMARI,MARIA TRINIDAD CASTILLO BOILET,M,REGIÓN DE COQUIMBO,LIMARI,LO MEJOR PARA CHILE,PS E INDEPENDIENTES,IND,INDEPENDIENTES,10162590,23,Aprueba,Sí,No
MANUEL_ANDRES_MADRID_NUNEZ__LIMARI,MANUEL ANDRES MADRID NUÑEZ,H,REGIÓN DE COQUIMBO,LIMARI,LO MEJOR PARA CHILE,PPD E INDEPENDIENTES,PPD,PARTIDO POR LA DEMOCRACIA,6790000,10,Aprueba con Observaciones,Sí,No
LEONEL_ARNOLDO_PERALTA_FARIAS__LIMARI,LEONEL ARNOLDO PERALTA FARIAS,H,REGIÓN DE COQUIMBO,LIMARI,PARTIDO DE LA GENTE E INDEPENDIENTES,No aplica,PDG,PARTIDO DE LA GENTE,446001,3,Aprueba,Sí,No
MARCO_ANTONIO_ELGUETA_DELGADO__LIMARI,MARCO ANTONIO ELGUETA DELGADO,H,REGIÓN DE COQUIMBO,LIMARI,PARTIDO DE LA GENTE E INDEPENDIENTES,No aplica,IND,INDEPENDIENTES,2446600,12,Aprueba,Sí,No
SPIRO_RENEE_PLETICOSIC_ORELLANA__LIMARI,SPIRO RENEE PLETICOSIC ORELLANA,H,REGIÓN DE COQUIMBO,LIMARI,POR UN CHILE MEJOR,No aplica,PDC,PARTIDO DEMOCRATA CRISTIANO,1292620,3,Aprueba con Observaciones,Sí,No
VIVIANA_CAROLINA_TORRES_OLIVARES__LIMARI,VIVIANA CAROLINA TORRES OLIVARES,M,REGIÓN DE COQUIMBO,LIMARI,POR UN CHILE MEJOR,No aplica,IND,INDEPENDIENTES,5232051,25,Aprueba con Observaciones,Sí,No
JUAN_CARLOS_CODOCEO_CONTRERAS__LIMARI,JUAN CARLOS CODOCEO CONTRERAS,H,REGIÓN DE COQUIMBO,LIMARI,CENTRO DEMOCRATICO,AMARILLOS E INDEPENDIENTES,IND,INDEPENDIENTES,2882302,5,Rechaza,Sí,No
ALFREDO_VILLAGRAN_TAPIA__LIMARI,ALFREDO VILLAGRAN TAPIA,H,REGIÓN DE COQUIMBO,LIMARI,CHILE VAMOS UDI - INDEPENDIENTES,No aplica,UDI,UNION DEMOCRATA INDEPENDIENTE,4087974,11,Aprueba,Sí,No
JONATHAN_ANDRES_ONATE_CORTES__LIMARI,JONATHAN ANDRES OÑATE CORTES,H,REGIÓN DE COQUIMBO,LIMARI,CHILE VAMOS UDI - INDEPENDIENTES,No aplica,UDI,UNION DEMOCRATA INDEPENDIENTE,729997,5,Aprueba,Sí,No
KARINA_ARACELLI_VELIZ_CORTES__LIMARI,KARINA ARACELLI VELIZ CORTES,M,REGIÓN DE COQUIMBO,LIMARI,CHILE VAMOS UDI - INDEPENDIENTES,No aplica,IND,INDEPENDIENTES,0,0,Rechaza,No,No
CARLOS_ANTONIO_ARAYA_GUERRA__LIMARI,CARLOS ANTONIO ARAYA GUERRA,H,REGIÓN DE COQUIMBO,LIMARI,CHILE VAMOS UDI - INDEPENDIENTES,No aplica,IND,INDEPENDIENTES,7263269,80,Aprueba con Observaciones,Sí,No
BERNARDO_ANTONIO_CHAVEZ_ARAYA__LIMARI,BERNARDO ANTONIO CHAVEZ ARAYA,H,REGIÓN DE COQUIMBO,LIMARI,REPUBLICANOS E INDEPENDIENTES,No aplica,REPUBLICANO,PARTIDO REPUBLICANO DE CHILE,4378561,16,Aprueba,Sí,No
JUAN_SERGIO_MUNOZ_ALTAMIRANO__LIMARI,JUAN SERGIO MUÑOZ ALTAMIRANO,H,REGIÓN DE COQUIMBO,LIMARI,REPUBLICANOS E INDEPENDIENTES,No aplica,REPUBLICANO,PARTIDO REPUBLICANO DE CHILE,60000,2,Aprueba,Sí,No
JOSE_AMERICO_MANZANO_ALVAREZ__LIMARI,JOSE AMERICO MANZANO ALVAREZ,H,REGIÓN DE COQUIMBO,LIMARI,REPUBLICANOS E INDEPENDIENTES,No aplica,REPUBLICANO,PARTIDO REPUBLICANO DE CHILE,2694407,17,Aprueba con Observaciones,Sí,No
ALEJANDRA_ANDREA_VALDOVINOS_JOFRE__LIMARI,ALEJANDRA ANDREA VALDOVINOS JOFRE,M,REGIÓN DE COQUIMBO,LIMARI,REPUBLICANOS E INDEPENDIENTES,No aplica,IND,INDEPENDIENTES,5143280,10,Aprueba,Sí,No
INES_ATAN_RODRIGUEZ__ISLA_DE_PASCUA,INES ATAN RODRIGUEZ,M,REGIÓN DE VALPARAÍSO,ISLA DE PASCUA,CHILE VAMOS RENOVACION NACIONAL - INDEPENDIENTES,No aplica,IND,INDEPENDIENTES,2313600,19,Aprueba,Sí,No
MAHINA_LUCERO_TEAO__ISLA_DE_PASCUA,MAHINA LUCERO TEAO,M,REGIÓN DE VALPARAÍSO,ISLA DE PASCUA,CHILE VAMOS RENOVACION NACIONAL - INDEPENDIENTES,No aplica,IND,INDEPENDIENTES,1236345,5,Aprueba con Observaciones,Sí,No
FRANCISCO_HAOA_HOTUS__ISLA_DE_PASCUA,FRANCISCO HAOA HOTUS,H,REGIÓN DE VALPARAÍSO,ISLA DE PASCUA,LO MEJOR PARA CHILE,PS E INDEPENDIENTES,IND,INDEPENDIENTES,1263482,7,Aprueba,Sí,No
TAI_RIROROCO_PAKARATI__ISLA_DE_PASCUA,TAI RIROROCO PAKARATI,M,REGIÓN DE VALPARAÍSO,ISLA DE PASCUA,LO MEJOR PARA CHILE,PPD E INDEPENDIENTES,IND,INDEPENDIENTES,181790,1,Aprueba con Observaciones,Sí,No
ANNETTE_IVONNE_RAPU_ZAMORA__ISLA_DE_PASCUA,ANNETTE IVONNE RAPU ZAMORA,M,REGIÓN DE VALPARAÍSO,ISLA DE PASCUA,POR UN CHILE MEJOR,No aplica,IND,INDEPENDIENTES,0,0,Rechaza,No,No
SABRINA_TUKI_PONT__ISLA_DE_PASCUA,SABRINA TUKI PONT,M,REGIÓN DE VALPARAÍSO,ISLA DE PASCUA,CHILE VAMOS EVOPOLI - INDEPENDIENTES,No aplica,IND,INDEPENDIENTES,181501,2,Aprueba,Sí,No
NINOSKA_HUKI_CUADROS__ISLA_DE_PASCUA,NINOSKA HUKI CUADROS,M,REGIÓN DE VALPARAÍSO,ISLA DE PASCUA,CHILE VAMOS EVOPOLI - INDEPENDIENTES,No aplica,IND,INDEPENDIENTES,65000,1,Aprueba,Sí,No
GUILLERMO_IGNACIO_GOMEZ_FUENTES__LOS_ANDES,GUILLERMO IGNACIO GOMEZ FUENTES,H,REGIÓN DE VALPARAÍSO,LOS ANDES,IZQUIERDA ECOLOGISTA POPULAR,No aplica,POPULAR,POPULAR,2236031,7,Rechaza,Sí,No
BERNARDO_ENRIQUE_MARTINEZ_IBACACHE__LOS_ANDES,BERNARDO ENRIQUE MARTINEZ IBACACHE,H,REGIÓN DE VALPARAÍSO,LOS ANDES,TODAS Y TODOS POR CHILE,PARTIDO COMUNISTA E INDEPENDIENTES,PCCH,PARTIDO COMUNISTA DE CHILE,3710000,9,Aprueba con Observaciones,Sí,No
CESAR_ANTONIO_GALLARDO_VERA__LOS_ANDES,CESAR ANTONIO GALLARDO VERA,H,REGIÓN DE VALPARAÍSO,LOS ANDES,TODAS Y TODOS POR CHILE,PARTIDO COMUNISTA E INDEPENDIENTES,PCCH,PARTIDO COMUNISTA DE CHILE,1960000,5,Aprueba,Sí,No
TERESA_ANGELICA_DE_LA_HOZ_TAPIA__LOS_ANDES,TERESA ANGELICA DE LA HOZ TAPIA,M,REGIÓN DE VALPARAÍSO,LOS ANDES,PARTIDO SOCIAL CRISTIANO E INDEPENDIENTES,No aplica,PSC,PARTIDO SOCIAL CRISTIANO,1082980,3,Aprueba,Sí,No
MIGUEL_DEL_TRANSITO_GENERAL_VIVAR__LOS_ANDES,MIGUEL DEL TRANSITO GENERAL VIVAR,H,REGIÓN DE VALPARAÍSO,LOS ANDES,PARTIDO SOCIAL CRISTIANO E INDEPENDIENTES,No aplica,PSC,PARTIDO SOCIAL CRISTIANO,690400,2,Aprueba con Observaciones,Sí,No
EDITH_QUIROZ_ORTIZ__LOS_ANDES,EDITH QUIROZ ORTIZ,M,REGIÓN DE VALPARAÍSO,LOS ANDES,CHILE VAMOS RENOVACION NACIONAL - INDEPENDIENTES,No aplica,RN,RENOVACION NACIONAL,22671007,44,Aprueba con Observaciones,Sí,Sí
JOSE_ABOAL_MADRIAGA__LOS_ANDES,JOSE ABOAL MADRIAGA,H,REGIÓN DE VALPARAÍSO,LOS ANDES,CHILE VAMOS RENOVACION NACIONAL - INDEPENDIENTES,No aplica,RN,RENOVACION NACIONAL,1583605,16,Aprueba con Observaciones,Sí,No
MARIA_VICTORIA_RODRIGUEZ_HERRERA__LOS_ANDES,MARIA VICTORIA RODRIGUEZ HERRERA,M,REGIÓN DE VALPARAÍSO,LOS ANDES,REGIONES VERDES LIBERALES,No aplica,IND,INDEPENDIENTES,11314408,37,Rechaza,Sí,No
MATILDE_ORTUZAR_HURTADO__LOS_ANDES,MATILDE ORTUZAR HURTADO,M,REGIÓN DE VALPARAÍSO,LOS ANDES,REGIONES VERDES LIBERALES,No aplica,IND,INDEPENDIENTES,2153861,14,Aprueba con Observaciones,Sí,No
BLANCA_DELGADO_HIDALGO__LOS_ANDES,BLANCA DELGADO HIDALGO,M,REGIÓN DE VALPARAÍSO,LOS ANDES,LO MEJOR PARA CHILE,PS E INDEPENDIENTES,PS,PARTIDO SOCIALISTA DE CHILE,1551345,13,Aprueba con Observaciones,Sí,No
OCTAVIO_RAFAEL_ARELLANO_ZELAYA__LOS_ANDES,OCTAVIO RAFAEL ARELLANO ZELAYA,H,REGIÓN DE VALPARAÍSO,LOS ANDES,POR UN CHILE MEJOR,No aplica,PDC,PARTIDO DEMOCRATA CRISTIANO,5200000,22,Aprueba,Sí,No
RUTH_GUZMAN_MANRIQUEZ__LOS_ANDES,RUTH GUZMAN MANRIQUEZ,M,REGIÓN DE VALPARAÍSO,LOS ANDES,CENTRO DEMOCRATICO,DEMOCRATAS E INDEPENDIENTES,DEMOCRATAS,PARTIDO DEMOCRATAS CHILE,0,0,Rechaza,No,No
LEONOR_CASTRO_MUNOZ__LOS_ANDES,LEONOR CASTRO MUÑOZ,M,REGIÓN DE VALPARAÍSO,LOS ANDES,CHILE VAMOS UDI - INDEPENDIENTES,No aplica,UDI,UNION DEMOCRATA INDEPENDIENTE,3000000,3,Aprueba con Observaciones,Sí,No
VICTORIA_FIGUEROA_MONSALVES__LOS_ANDES,VICTORIA FIGUEROA MONSALVES,M,REGIÓN DE VALPARAÍSO,LOS ANDES,REPUBLICANOS E INDEPENDIENTES,No aplica,REPUBLICANO,PARTIDO REPUBLICANO DE CHILE,3951895,1,Aprueba con Observaciones,Sí,No
YURY_VALERIA_MANSILLA_PIZARRO__MARGA_MARGA,YURY VALERIA MANSILLA PIZARRO,M,REGIÓN DE VALPARAÍSO,MARGA MARGA,IZQUIERDA ECOLOGISTA POPULAR,No aplica,IND,INDEPENDIENTES,75000,1,Aprueba,Sí,No
LUIS_LENIN_MELO_MUNOZ__MARGA_MARGA,LUIS LENIN MELO MUÑOZ,H,REGIÓN DE VALPARAÍSO,MARGA MARGA,TODAS Y TODOS POR CHILE,PARTIDO COMUNISTA E INDEPENDIENTES,PCCH,PARTIDO COMUNISTA DE CHILE,9235000,48,Aprueba con Observaciones,Sí,No
JOAQUIN_CASTILLO_VERA__MARGA_MARGA,JOAQUIN CASTILLO VERA,H,REGIÓN DE VALPARAÍSO,MARGA MARGA,TODAS Y TODOS POR CHILE,PARTIDO COMUNISTA E INDEPENDIENTES,PCCH,PARTIDO COMUNISTA DE CHILE,800000,1,Aprueba,Sí,No
RICARDO_LOPEZ_ERAZO__MARGA_MARGA,RICARDO LOPEZ ERAZO,H,REGIÓN DE VALPARAÍSO,MARGA MARGA,TODAS Y TODOS POR CHILE,PARTIDO COMUNISTA E INDEPENDIENTES,PCCH,PARTIDO COMUNISTA DE CHILE,2677583,15,Aprueba con Observaciones,Sí,No
JAVIERA_ISIDORA_ESTRADA_CORTES__MARGA_MARGA,JAVIERA ISIDORA ESTRADA CORTES,M,REGIÓN DE VALPARAÍSO,MARGA MARGA,TODAS Y TODOS POR CHILE,PARTIDO COMUNISTA E INDEPENDIENTES,PCCH,PARTIDO COMUNISTA DE CHILE,800000,1,Aprueba,Sí,No
JOHN_AVELINO_VERA_AROS__MARGA_MARGA,JOHN AVELINO VERA AROS,H,REGIÓN DE VALPARAÍSO,MARGA MARGA,PARTIDO SOCIAL CRISTIANO E INDEPENDIENTES,No aplica,PSC,PARTIDO SOCIAL CRISTIANO,190400,1,Aprueba con Observaciones,Sí,No
CECILIA_ROSALBA_AGUAYO_STEFONI__MARGA_MARGA,CECILIA ROSALBA AGUAYO STEFONI,M,REGIÓN DE VALPARAÍSO,MARGA MARGA,PARTIDO SOCIAL CRISTIANO E INDEPENDIENTES,No aplica,IND,INDEPENDIENTES,1730200,9,Aprueba,Sí,No
CAROLINA_GRACIELA_LOPEZ_CANCINO__MARGA_MARGA,CAROLINA GRACIELA LOPEZ CANCINO,M,REGIÓN DE VALPARAÍSO,MARGA MARGA,PARTIDO SOCIAL CRISTIANO E INDEPENDIENTES,No aplica,IND,INDEPENDIENTES,945468,3,Aprueba con Observaciones,Sí,No
MARIA_JOSE_JADUE_MI__MARGA_MARGA,MARIA JOSE JADUE MI,M,REGIÓN DE VALPARAÍSO,MARGA MARGA,PARTIDO SOCIAL CRISTIANO E INDEPENDIENTES,No aplica,IND,INDEPENDIENTES,190400,1,Aprueba con Observaciones,Sí,No
ALEXIS_TADRES_RIVERA__MARGA_MARGA,ALEXIS TADRES RIVERA,H,REGIÓN DE VALPARAÍSO,MARGA MARGA,CHILE VAMOS RENOVACION NACIONAL - INDEPENDIENTES,No aplica,RN,RENOVACION NACIONAL,0,0,Rechaza,No,No
PATRICIO_ANDRES_OLIVARES_RODRIGUEZ__MARGA_MARGA,PATRICIO ANDRES OLIVARES RODRIGUEZ,H,REGIÓN DE VALPARAÍSO,MARGA MARGA,CHILE VAMOS RENOVACION NACIONAL - INDEPENDIENTES,No aplica,IND,INDEPENDIENTES,14327833,66,Aprueba,Sí,No
CINTHIA_CALAF_OLIVARES__MARGA_MARGA,CINTHIA CALAF OLIVARES,M,REGIÓN DE VALPARAÍSO,MARGA MARGA,CHILE VAMOS RENOVACION NACIONAL - INDEPENDIENTES,No aplica,IND,INDEPENDIENTES,4768689,42,Aprueba,Sí,No
EMMANUEL_OLFOS_VARGAS__MARGA_MARGA,EMMANUEL OLFOS VARGAS,H,REGIÓN DE VALPARAÍSO,MARGA MARGA,CHILE VAMOS RENOVACION NACIONAL - INDEPENDIENTES,No aplica,IND,INDEPENDIENTES,15250545,56,Aprueba,Sí,Sí
RODOLFO_BAIER_ESTEBAN__MARGA_MARGA,RODOLFO BAIER ESTEBAN,H,REGIÓN DE VALPARAÍSO,MARGA MARGA,TU REGION RADICAL,No aplica,PR,PARTIDO RADICAL DE CHILE,8804649,30,Rechaza,Sí,No
HEINRICH_KASPER_WITTIG_BARRETO__MARGA_MARGA,HEINRICH KASPER WITTIG BARRETO,H,REGIÓN DE VALPARAÍSO,MARGA MARGA,TU REGION RADICAL,No aplica,PR,PARTIDO RADICAL DE CHILE,1065263,5,Aprueba con Observaciones,Sí,No
DANIEL_GODOY_ARANCIBIA__MARGA_MARGA,DANIEL GODOY ARANCIBIA,H,REGIÓN DE VALPARAÍSO,MARGA MARGA,TU REGION RADICAL,No aplica,PR,PARTIDO RADICAL DE CHILE,3706406,9,Aprueba,Sí,No
GERCO_LEROY_ROMAN_BRANCHY__MARGA_MARGA,GERCO LEROY ROMAN BRANCHY,H,REGIÓN DE VALPARAÍSO,MARGA MARGA,REGIONES VERDES LIBERALES,No aplica,IND,INDEPENDIENTES,0,0,Aprueba,No,No
SCARLETTE_OLGUIN_CASTRO__MARGA_MARGA,SCARLETTE OLGUIN CASTRO,M,REGIÓN DE VALPARAÍSO,MARGA MARGA,LO MEJOR PARA CHILE,PS E INDEPENDIENTES,PS,PARTIDO SOCIALISTA DE CHILE,13798800,20,Aprueba,Sí,No
JUAN_PABLO_BRIONES_BELMAR__MARGA_MARGA,JUAN PABLO BRIONES BELMAR,H,REGIÓN DE VALPARAÍSO,MARGA MARGA,LO MEJOR PARA CHILE,PS E INDEPENDIENTES,PS,PARTIDO SOCIALISTA DE CHILE,2971895,22,Aprueba,Sí,No
DANITZA_VALESKA_CATRICHEO_MUNOZ__MARGA_MARGA,DANITZA VALESKA CATRICHEO MUÑOZ,M,REGIÓN DE VALPARAÍSO,MARGA MARGA,LO MEJOR PARA CHILE,PPD E INDEPENDIENTES,PPD,PARTIDO POR LA DEMOCRACIA,700000,12,Aprueba con Observaciones,Sí,No
PABLO_SANTANDER_ACEVEDO__MARGA_MARGA,PABLO SANTANDER ACEVEDO,H,REGIÓN DE VALPARAÍSO,MARGA MARGA,LO MEJOR PARA CHILE,PPD E INDEPENDIENTES,PPD,PARTIDO POR LA DEMOCRACIA,5065849,22,Aprueba con Observaciones,Sí,No
RAMON_SEGUNDO_GARCIA_GOMEZ__MARGA_MARGA,RAMON SEGUNDO GARCIA GOMEZ,H,REGIÓN DE VALPARAÍSO,MARGA MARGA,POR UN CHILE MEJOR,No aplica,PDC,PARTIDO DEMOCRATA CRISTIANO,2291540,13,Aprueba con Observaciones,Sí,No
MARIA_JOSE_CASTANEDA_MARAMBIO__MARGA_MARGA,MARIA JOSE CASTAÑEDA MARAMBIO,M,REGIÓN DE VALPARAÍSO,MARGA MARGA,POR UN CHILE MEJOR,No aplica,PDC,PARTIDO DEMOCRATA CRISTIANO,23153610,38,Aprueba,Sí,Sí
ESTEBAN_CONTADOR_CORTES__MARGA_MARGA,ESTEBAN CONTADOR CORTES,H,REGIÓN DE VALPARAÍSO,MARGA MARGA,POR UN CHILE MEJOR,No aplica,PDC,PARTIDO DEMOCRATA CRISTIANO,3680188,16,Aprueba con Observaciones,Sí,No
HERNAN_GUILLERMO_GONZALEZ_VERGARA__MARGA_MARGA,HERNAN GUILLERMO GONZALEZ VERGARA,H,REGIÓN DE VALPARAÍSO,MARGA MARGA,CENTRO DEMOCRATICO,AMARILLOS E INDEPENDIENTES,AMARILLOS,MOVIMIENTO AMARILLOS POR CHILE,4901001,47,Aprueba con Observaciones,Sí,No
FRANCESCA_PAOLA_COTRONEO_PRIDA__MARGA_MARGA,FRANCESCA PAOLA COTRONEO PRIDA,M,REGIÓN DE VALPARAÍSO,MARGA MARGA,CENTRO DEMOCRATICO,AMARILLOS E INDEPENDIENTES,IND,INDEPENDIENTES,11292115,58,Aprueba con Observaciones,Sí,No
MARIA_ELENA_RUBILAR_MUNOZ__MARGA_MARGA,MARIA ELENA RUBILAR MUÑOZ,M,REGIÓN DE VALPARAÍSO,MARGA MARGA,FRENTE AMPLIO,FRENTE AMPLIO E INDEPENDIENTES,FA,FRENTE AMPLIO,8151455,46,Aprueba,Sí,No
JORGE_ANDRES_DIAZ_GATICA__MARGA_MARGA,JORGE ANDRES DIAZ GATICA,H,REGIÓN DE VALPARAÍSO,MARGA MARGA,FRENTE AMPLIO,FRENTE AMPLIO E INDEPENDIENTES,FA,FRENTE AMPLIO,2289170,32,Aprueba con Observaciones,Sí,No
CARLOS_ALEXIS_CAUCOTA_ARANCIBIA__MARGA_MARGA,CARLOS ALEXIS CAUCOTA ARANCIBIA,H,REGIÓN DE VALPARAÍSO,MARGA MARGA,FRENTE AMPLIO,FRENTE AMPLIO E INDEPENDIENTES,FA,FRENTE AMPLIO,2491000,4,Aprueba,Sí,No
PAOLA_ANDREA_CAPELLI_GUERRA__MARGA_MARGA,PAOLA ANDREA CAPELLI GUERRA,M,REGIÓN DE VALPARAÍSO,MARGA MARGA,FRENTE AMPLIO,FRENTE AMPLIO E INDEPENDIENTES,FA,FRENTE AMPLIO,10198173,22,Aprueba con Observaciones,Sí,No
MARIA_ESTER_MUNNIER_SOTO__MARGA_MARGA,MARIA ESTER MUNNIER SOTO,M,REGIÓN DE VALPARAÍSO,MARGA MARGA,CHILE VAMOS UDI - INDEPENDIENTES,No aplica,UDI,UNION DEMOCRATA INDEPENDIENTE,19798023,13,Aprueba,Sí,Sí
MARIANELLA_MOUKARZEL_POBLETE__MARGA_MARGA,MARIANELLA MOUKARZEL POBLETE,M,REGIÓN DE VALPARAÍSO,MARGA MARGA,CHILE VAMOS UDI - INDEPENDIENTES,No aplica,IND,INDEPENDIENTES,6461526,22,Aprueba,Sí,No
OLGA_URIBE_TORO__MARGA_MARGA,OLGA URIBE TORO,M,REGIÓN DE VALPARAÍSO,MARGA MARGA,CHILE VAMOS UDI - INDEPENDIENTES,No aplica,IND,INDEPENDIENTES,7137217,58,Aprueba con Observaciones,Sí,No
CHRISTIAN_CARRIEL_CISTERNA__MARGA_MARGA,CHRISTIAN CARRIEL CISTERNA,H,REGIÓN DE VALPARAÍSO,MARGA MARGA,CHILE VAMOS UDI - INDEPENDIENTES,No aplica,IND,INDEPENDIENTES,10082800,8,Aprueba,Sí,No
ELSA_BUENO_CORTES__MARGA_MARGA,ELSA BUENO CORTES,M,REGIÓN DE VALPARAÍSO,MARGA MARGA,REPUBLICANOS E INDEPENDIENTES,No aplica,REPUBLICANO,PARTIDO REPUBLICANO DE CHILE,27384297,22,Aprueba,Sí,Sí
CRISTIAN_HUMBERTO_FUENTES_DUQUE__MARGA_MARGA,CRISTIAN HUMBERTO FUENTES DUQUE,H,REGIÓN DE VALPARAÍSO,MARGA MARGA,REPUBLICANOS E INDEPENDIENTES,No aplica,REPUBLICANO,PARTIDO REPUBLICANO DE CHILE,3145445,15,Rechaza,Sí,No
DAVID_ISMAEL_ORTEGA_CANALES__MARGA_MARGA,DAVID ISMAEL ORTEGA CANALES,H,REGIÓN DE VALPARAÍSO,MARGA MARGA,REPUBLICANOS E INDEPENDIENTES,No aplica,REPUBLICANO,PARTIDO REPUBLICANO DE CHILE,0,0,Rechaza,No,No
ANA_ASCENCION_ARDILES_SAAVEDRA__PETORCA,ANA ASCENCION ARDILES SAAVEDRA,M,REGIÓN DE VALPARAÍSO,PETORCA,TODAS Y TODOS POR CHILE,PARTIDO COMUNISTA E INDEPENDIENTES,PCCH,PARTIDO COMUNISTA DE CHILE,4250000,13,Aprueba,Sí,No
PABLO_MAURICIO_ARACENA_SUAREZ__PETORCA,PABLO MAURICIO ARACENA SUAREZ,H,REGIÓN DE VALPARAÍSO,PETORCA,TODAS Y TODOS POR CHILE,PARTIDO COMUNISTA E INDEPENDIENTES,PCCH,PARTIDO COMUNISTA DE CHILE,2512860,7,Aprueba,Sí,No
JUAN_LUIS_TOBAR_VALDIVIA__PETORCA,JUAN LUIS TOBAR VALDIVIA,H,REGIÓN DE VALPARAÍSO,PETORCA,CHILE VAMOS RENOVACION NACIONAL - INDEPENDIENTES,No aplica,RN,RENOVACION NACIONAL,1636345,12,Aprueba,Sí,No
JUAN_IBACACHE_IBACACHE__PETORCA,JUAN IBACACHE IBACACHE,H,REGIÓN DE VALPARAÍSO,PETORCA,CHILE VAMOS RENOVACION NACIONAL - INDEPENDIENTES,No aplica,RN,RENOVACION NACIONAL,6309769,19,Aprueba con Observaciones,Sí,No
ALEXIS_ARIEL_SANCHEZ_BAEZA__PETORCA,ALEXIS ARIEL SANCHEZ BAEZA,H,REGIÓN DE VALPARAÍSO,PETORCA,REGIONES VERDES LIBERALES,No aplica,IND,INDEPENDIENTES,4128048,19,Aprueba con Observaciones,Sí,No
MARIA_BRISA_DELGADO_ZAMORA__PETORCA,MARIA BRISA DELGADO ZAMORA,M,REGIÓN DE VALPARAÍSO,PETORCA,REGIONES VERDES LIBERALES,No aplica,IND,INDEPENDIENTES,3042447,75,Aprueba con Observaciones,Sí,No
LUIS_EMILIO_OSORIO_PEREIRA__PETORCA,LUIS EMILIO OSORIO PEREIRA,H,REGIÓN DE VALPARAÍSO,PETORCA,LO MEJOR PARA CHILE,PS E INDEPENDIENTES,PS,PARTIDO SOCIALISTA DE CHILE,1560055,13,Aprueba con Observaciones,Sí,No
GIOCONDA_COLLAO_COLLAO__PETORCA,GIOCONDA COLLAO COLLAO,M,REGIÓN DE VALPARAÍSO,PETORCA,LO MEJOR PARA CHILE,PPD E INDEPENDIENTES,PPD,PARTIDO POR LA DEMOCRACIA,2735000,19,Aprueba,Sí,No
SERGIO_ISAAC_OCHOA_MAYEA__PETORCA,SERGIO ISAAC OCHOA MAYEA,H,REGIÓN DE VALPARAÍSO,PETORCA,POR UN CHILE MEJOR,No aplica,PDC,PARTIDO DEMOCRATA CRISTIANO,8207691,16,Aprueba,Sí,No
MANUEL_ANTONIO_CIFUENTES_DONOSO__PETORCA,MANUEL ANTONIO CIFUENTES DONOSO,H,REGIÓN DE VALPARAÍSO,PETORCA,POR UN CHILE MEJOR,No aplica,IND,INDEPENDIENTES,3690471,41,Rechaza,Sí,No
JUAN_CARLOS_VILLALTA_ATLAGIC__PETORCA,JUAN CARLOS VILLALTA ATLAGIC,H,REGIÓN DE VALPARAÍSO,PETORCA,CENTRO DEMOCRATICO,DEMOCRATAS E INDEPENDIENTES,DEMOCRATAS,PARTIDO DEMOCRATAS CHILE,4835519,11,Aprueba con Observaciones,Sí,No
CRISTIAN_PINILLA_IBACACHE__PETORCA,CRISTIAN PINILLA IBACACHE,H,REGIÓN DE VALPARAÍSO,PETORCA,REPUBLICANOS E INDEPENDIENTES,No aplica,REPUBLICANO,PARTIDO REPUBLICANO DE CHILE,2512616,9,Aprueba con Observaciones,Sí,No
NICOLAS_CRISTOFFANINI_JARAQUEMADA__PETORCA,NICOLAS CRISTOFFANINI JARAQUEMADA,H,REGIÓN DE VALPARAÍSO,PETORCA,REPUBLICANOS E INDEPENDIENTES,No aplica,REPUBLICANO,PARTIDO REPUBLICANO DE CHILE,350000,2,Aprueba con Observaciones,Sí,No
REINALDO_ARIS_RIVEROS_MARTINEZ__QUILLOTA,REINALDO ARIS RIVEROS MARTINEZ,H,REGIÓN DE VALPARAÍSO,QUILLOTA,IZQUIERDA ECOLOGISTA POPULAR,No aplica,POPULAR,POPULAR,4698550,8,Aprueba,Sí,No
GIANCARLOS_RAMIRO_LEIVA_TOBAR__QUILLOTA,GIANCARLOS RAMIRO LEIVA TOBAR,H,REGIÓN DE VALPARAÍSO,QUILLOTA,TODAS Y TODOS POR CHILE,PARTIDO COMUNISTA E INDEPENDIENTES,PCCH,PARTIDO COMUNISTA DE CHILE,3749112,21,Aprueba,Sí,No
JAVIER_FELIPE_FERNANDEZ_ZAMORA__QUILLOTA,JAVIER FELIPE FERNANDEZ ZAMORA,H,REGIÓN DE VALPARAÍSO,QUILLOTA,TODAS Y TODOS POR CHILE,PARTIDO COMUNISTA E INDEPENDIENTES,PCCH,PARTIDO COMUNISTA DE CHILE,1800000,4,Aprueba,Sí,No
GISELLE_MAKARENA_AHUMADA_ESPINA__QUILLOTA,GISELLE MAKARENA AHUMADA ESPINA,M,REGIÓN DE VALPARAÍSO,QUILLOTA,TODAS Y TODOS POR CHILE,PARTIDO COMUNISTA E INDEPENDIENTES,IND,INDEPENDIENTES,4019300,23,Aprueba,Sí,No
NIBALDO_RENZO_SANHUEZA_BERETTA__QUILLOTA,NIBALDO RENZO SANHUEZA BERETTA,H,REGIÓN DE VALPARAÍSO,QUILLOTA,PARTIDO SOCIAL CRISTIANO E INDEPENDIENTES,No aplica,IND,INDEPENDIENTES,1885079,12,Aprueba,Sí,No
GABRIEL_ANTONIO_VILLALOBOS_GOMEZ__QUILLOTA,GABRIEL ANTONIO VILLALOBOS GOMEZ,H,REGIÓN DE VALPARAÍSO,QUILLOTA,PARTIDO SOCIAL CRISTIANO E INDEPENDIENTES,No aplica,IND,INDEPENDIENTES,9861269,19,Aprueba,Sí,No
NICOLE_ANDREA_FERNANDEZ_PEREIRA__QUILLOTA,NICOLE ANDREA FERNANDEZ PEREIRA,M,REGIÓN DE VALPARAÍSO,QUILLOTA,PARTIDO SOCIAL CRISTIANO E INDEPENDIENTES,No aplica,IND,INDEPENDIENTES,3266660,16,Aprueba,Sí,No
TRINIDAD_ROJO_AUGUSTO__QUILLOTA,TRINIDAD ROJO AUGUSTO,M,REGIÓN DE VALPARAÍSO,QUILLOTA,CHILE VAMOS RENOVACION NACIONAL - INDEPENDIENTES,No aplica,RN,RENOVACION NACIONAL,14281585,82,Aprueba,Sí,No
CRISTIAN_GODOY_ANDERSON__QUILLOTA,CRISTIAN GODOY ANDERSON,H,REGIÓN DE VALPARAÍSO,QUILLOTA,CHILE VAMOS RENOVACION NACIONAL - INDEPENDIENTES,No aplica,RN,RENOVACION NACIONAL,6612360,68,Aprueba con Observaciones,Sí,No
JAVIER_MOLINA_CEPEDA__QUILLOTA,JAVIER MOLINA CEPEDA,H,REGIÓN DE VALPARAÍSO,QUILLOTA,CHILE VAMOS RENOVACION NACIONAL - INDEPENDIENTES,No aplica,RN,RENOVACION NACIONAL,6075280,41,Aprueba,Sí,No
RICARDO_LAUREL_ARZA__QUILLOTA,RICARDO LAUREL ARZA,H,REGIÓN DE VALPARAÍSO,QUILLOTA,TU REGION RADICAL,No aplica,PR,PARTIDO RADICAL DE CHILE,5580090,7,Aprueba,Sí,No
RICARDO_JADUE_ZEDAN__QUILLOTA,RICARDO JADUE ZEDAN,H,REGIÓN DE VALPARAÍSO,QUILLOTA,TU REGION RADICAL,No aplica,IND,INDEPENDIENTES,13488700,26,Aprueba con Observaciones,Sí,No
DANIELA_MACARENA_FERNANDEZ_MOLINA__QUILLOTA,DANIELA MACARENA FERNANDEZ MOLINA,M,REGIÓN DE VALPARAÍSO,QUILLOTA,REGIONES VERDES LIBERALES,No aplica,FREVS,FEDERACION REGIONALISTA VERDE SOCIAL,9533907,8,Aprueba con Observaciones,Sí,No
LAUTARO_CORREA_CASTILLO__QUILLOTA,LAUTARO CORREA CASTILLO,H,REGIÓN DE VALPARAÍSO,QUILLOTA,LO MEJOR PARA CHILE,PS E INDEPENDIENTES,PS,PARTIDO SOCIALISTA DE CHILE,8729335,14,Aprueba con Observaciones,Sí,No
JORGE_LUIS_LOPEZ_PINO__QUILLOTA,JORGE LUIS LOPEZ PINO,H,REGIÓN DE VALPARAÍSO,QUILLOTA,LO MEJOR PARA CHILE,PPD E INDEPENDIENTES,PPD,PARTIDO POR LA DEMOCRACIA,4069724,20,Aprueba,Sí,No
GRISEL_BERTA_AROSTICA_GONZALEZ__QUILLOTA,GRISEL BERTA AROSTICA GONZALEZ,M,REGIÓN DE VALPARAÍSO,QUILLOTA,LO MEJOR PARA CHILE,PPD E INDEPENDIENTES,IND,INDEPENDIENTES,836410,10,Aprueba con Observaciones,Sí,No
FRANCISCO_SEBASTIAN_RAMOS_VALERO__QUILLOTA,FRANCISCO SEBASTIAN RAMOS VALERO,H,REGIÓN DE VALPARAÍSO,QUILLOTA,PARTIDO DE LA GENTE E INDEPENDIENTES,No aplica,PDG,PARTIDO DE LA GENTE,410000,4,Aprueba,Sí,No
ORIETTA_DEL_CARMEN_VALENCIA_RODRIGUEZ__QUILLOTA,ORIETTA DEL CARMEN VALENCIA RODRIGUEZ,M,REGIÓN DE VALPARAÍSO,QUILLOTA,POR UN CHILE MEJOR,No aplica,IND,INDEPENDIENTES,4449791,24,Aprueba,Sí,No
MARIA_GENOVEVA_BAEZA_HERMOSILLA__QUILLOTA,MARIA GENOVEVA BAEZA HERMOSILLA,M,REGIÓN DE VALPARAÍSO,QUILLOTA,POR UN CHILE MEJOR,No aplica,IND,INDEPENDIENTES,10710000,14,Aprueba,Sí,No
JAIME_TAPIA_GATICA__QUILLOTA,JAIME TAPIA GATICA,H,REGIÓN DE VALPARAÍSO,QUILLOTA,CHILE VAMOS UDI - INDEPENDIENTES,No aplica,IND,INDEPENDIENTES,10772490,19,Aprueba con Observaciones,Sí,No
VALESKA_JORQUERA_JARA__QUILLOTA,VALESKA JORQUERA JARA,M,REGIÓN DE VALPARAÍSO,QUILLOTA,CHILE VAMOS UDI - INDEPENDIENTES,No aplica,IND,INDEPENDIENTES,16659946,7,Aprueba con Observaciones,Sí,Sí
LEONARDO_SILVA_VARGAS__QUILLOTA,LEONARDO SILVA VARGAS,H,REGIÓN DE VALPARAÍSO,QUILLOTA,CHILE VAMOS UDI - INDEPENDIENTES,No aplica,IND,INDEPENDIENTES,750000,6,Rechaza,Sí,No
FELIPE_CORDOBA_ARAYA__QUILLOTA,FELIPE CORDOBA ARAYA,H,REGIÓN DE VALPARAÍSO,QUILLOTA,REPUBLICANOS E INDEPENDIENTES,No aplica,REPUBLICANO,PARTIDO REPUBLICANO DE CHILE,7979492,4,Aprueba con Observaciones,Sí,No
ANNE_ELLEN_STEWART_ORLANDINI__QUILLOTA,ANNE ELLEN STEWART ORLANDINI,M,REGIÓN DE VALPARAÍSO,QUILLOTA,REPUBLICANOS E INDEPENDIENTES,No aplica,REPUBLICANO,PARTIDO REPUBLICANO DE CHILE,4075889,11,Aprueba con Observaciones,Sí,No
ALFREDO_GONZALO_RAMELLI_MORALES__QUILLOTA,ALFREDO GONZALO RAMELLI MORALES,H,REGIÓN DE VALPARAÍSO,QUILLOTA,REPUBLICANOS E INDEPENDIENTES,No aplica,IND,INDEPENDIENTES,830620,1,Aprueba,Sí,No
KENIN_HERNAN_CERDA_MEZA__SAN_ANTONIO,KENIN HERNAN CERDA MEZA,H,REGIÓN DE VALPARAÍSO,SAN ANTONIO,IZQUIERDA ECOLOGISTA POPULAR,No aplica,POPULAR,POPULAR,3564000,6,Aprueba,Sí,No
VICTOR_IVAN_GODOY_DIAZ__SAN_ANTONIO,VICTOR IVAN GODOY DIAZ,H,REGIÓN DE VALPARAÍSO,SAN ANTONIO,IZQUIERDA ECOLOGISTA POPULAR,No aplica,IND,INDEPENDIENTES,1618250,5,Aprueba con Observaciones,Sí,No
GRACIELA_VERONICA_ZAVALA_PRADO__SAN_ANTONIO,GRACIELA VERONICA ZAVALA PRADO,M,REGIÓN DE VALPARAÍSO,SAN ANTONIO,IZQUIERDA ECOLOGISTA POPULAR,No aplica,IND,INDEPENDIENTES,5369998,17,Aprueba con Observaciones,Sí,No
MARIO_GONZALO_PEREZ_BARRERA__SAN_ANTONIO,MARIO GONZALO PEREZ BARRERA,H,REGIÓN DE VALPARAÍSO,SAN ANTONIO,TODAS Y TODOS POR CHILE,PARTIDO COMUNISTA E INDEPENDIENTES,PCCH,PARTIDO COMUNISTA DE CHILE,4680000,15,Aprueba,Sí,No
SERGIO_VLADIMIR_ALARCON_ITURRIETA__SAN_ANTONIO,SERGIO VLADIMIR ALARCON ITURRIETA,H,REGIÓN DE VALPARAÍSO,SAN ANTONIO,TODAS Y TODOS POR CHILE,PARTIDO COMUNISTA E INDEPENDIENTES,PCCH,PARTIDO COMUNISTA DE CHILE,2085000,27,Aprueba con Observaciones,Sí,No
MARTA_ELENA_PONCE_SALGADO__SAN_ANTONIO,MARTA ELENA PONCE SALGADO,M,REGIÓN DE VALPARAÍSO,SAN ANTONIO,PARTIDO SOCIAL CRISTIANO E INDEPENDIENTES,No aplica,PSC,PARTIDO SOCIAL CRISTIANO,9974759,54,Rechaza,Sí,No
ANDRES_MELLADO_ARIAS__SAN_ANTONIO,ANDRES MELLADO ARIAS,H,REGIÓN DE VALPARAÍSO,SAN ANTONIO,PARTIDO SOCIAL CRISTIANO E INDEPENDIENTES,No aplica,IND,INDEPENDIENTES,6980400,15,Aprueba,Sí,No
PAOLA_ZAMORANO_ARRATIA__SAN_ANTONIO,PAOLA ZAMORANO ARRATIA,M,REGIÓN DE VALPARAÍSO,SAN ANTONIO,CHILE VAMOS RENOVACION NACIONAL - INDEPENDIENTES,No aplica,RN,RENOVACION NACIONAL,7091114,16,Aprueba,Sí,No
JORGE_GORTARI_ROMERO__SAN_ANTONIO,JORGE GORTARI ROMERO,H,REGIÓN DE VALPARAÍSO,SAN ANTONIO,CHILE VAMOS RENOVACION NACIONAL - INDEPENDIENTES,No aplica,IND,INDEPENDIENTES,2019685,29,Rechaza,Sí,No
CARMEN_ZAMORA_BRAVO__SAN_ANTONIO,CARMEN ZAMORA BRAVO,M,REGIÓN DE VALPARAÍSO,SAN ANTONIO,CHILE VAMOS RENOVACION NACIONAL - INDEPENDIENTES,No aplica,IND,INDEPENDIENTES,6765000,13,Rechaza,Sí,No
ROMINA_AMESTICA_ABURTO__SAN_ANTONIO,ROMINA AMESTICA ABURTO,M,REGIÓN DE VALPARAÍSO,SAN ANTONIO,TU REGION RADICAL,No aplica,PR,PARTIDO RADICAL DE CHILE,2769108,6,Aprueba,Sí,No
CARLOS_MONDACA_MATZNER__SAN_ANTONIO,CARLOS MONDACA MATZNER,H,REGIÓN DE VALPARAÍSO,SAN ANTONIO,TU REGION RADICAL,No aplica,IND,INDEPENDIENTES,10490215,16,Aprueba,Sí,No
JORGE_MORENO_ALVAREZ__SAN_ANTONIO,JORGE MORENO ALVAREZ,H,REGIÓN DE VALPARAÍSO,SAN ANTONIO,LO MEJOR PARA CHILE,PS E INDEPENDIENTES,PS,PARTIDO SOCIALISTA DE CHILE,4450083,42,Aprueba,Sí,No
MARCO_DUQUE_DIAZ__SAN_ANTONIO,MARCO DUQUE DIAZ,H,REGIÓN DE VALPARAÍSO,SAN ANTONIO,LO MEJOR PARA CHILE,PS E INDEPENDIENTES,PS,PARTIDO SOCIALISTA DE CHILE,3052070,5,Rechaza,Sí,No
JAIME_BRAVO_OLIVA__SAN_ANTONIO,JAIME BRAVO OLIVA,H,REGIÓN DE VALPARAÍSO,SAN ANTONIO,LO MEJOR PARA CHILE,PS E INDEPENDIENTES,IND,INDEPENDIENTES,3234463,11,Aprueba,Sí,No
VERONICA_DEL_CARMEN_ROJAS_ARENAS__SAN_ANTONIO,VERONICA DEL CARMEN ROJAS ARENAS,M,REGIÓN DE VALPARAÍSO,SAN ANTONIO,PARTIDO DE LA GENTE E INDEPENDIENTES,No aplica,PDG,PARTIDO DE LA GENTE,7817840,23,Aprueba con Observaciones,Sí,No
ROMY_JESUS_FARIAS_CABALLERO__SAN_ANTONIO,ROMY JESUS FARIAS CABALLERO,M,REGIÓN DE VALPARAÍSO,SAN ANTONIO,POR UN CHILE MEJOR,No aplica,PDC,PARTIDO DEMOCRATA CRISTIANO,11974350,29,Aprueba,Sí,No
LUIS_GUSTAVO_POBLETE_TRIGO__SAN_ANTONIO,LUIS GUSTAVO POBLETE TRIGO,H,REGIÓN DE VALPARAÍSO,SAN ANTONIO,POR UN CHILE MEJOR,No aplica,IND,INDEPENDIENTES,1000000,2,Aprueba con Observaciones,Sí,No
JORGE_ARTURO_MORA_CASTRO__SAN_ANTONIO,JORGE ARTURO MORA CASTRO,H,REGIÓN DE VALPARAÍSO,SAN ANTONIO,FRENTE AMPLIO,FRENTE AMPLIO E INDEPENDIENTES,FA,FRENTE AMPLIO,5509000,1,Aprueba,Sí,No
MARJORIE_DIGNA_FARIAS_GONZALEZ__SAN_ANTONIO,MARJORIE DIGNA FARIAS GONZALEZ,M,REGIÓN DE VALPARAÍSO,SAN ANTONIO,FRENTE AMPLIO,FRENTE AMPLIO E INDEPENDIENTES,FA,FRENTE AMPLIO,901466,3,Aprueba con Observaciones,Sí,No
CAROLINA_PAZ_ZAPATA_SALAZAR__SAN_ANTONIO,CAROLINA PAZ ZAPATA SALAZAR,M,REGIÓN DE VALPARAÍSO,SAN ANTONIO,FRENTE AMPLIO,FRENTE AMPLIO E INDEPENDIENTES,IND,INDEPENDIENTES,11021899,39,Aprueba con Observaciones,Sí,No
MARCO_TORREJON_DURAN__SAN_ANTONIO,MARCO TORREJON DURAN,H,REGIÓN DE VALPARAÍSO,SAN ANTONIO,CHILE VAMOS UDI - INDEPENDIENTES,No aplica,UDI,UNION DEMOCRATA INDEPENDIENTE,4000000,5,Rechaza,Sí,No
DENISSE_LARA_IBANEZ__SAN_ANTONIO,DENISSE LARA IBAÑEZ,M,REGIÓN DE VALPARAÍSO,SAN ANTONIO,CHILE VAMOS UDI - INDEPENDIENTES,No aplica,IND,INDEPENDIENTES,10679876,14,Aprueba,Sí,No
KAREN_PICHUNANTE_CANSECO__SAN_ANTONIO,KAREN PICHUNANTE CANSECO,M,REGIÓN DE VALPARAÍSO,SAN ANTONIO,CHILE VAMOS UDI - INDEPENDIENTES,No aplica,IND,INDEPENDIENTES,9971413,98,Aprueba,Sí,No
MAURICIO_ALEJANDRO_LOPEZ_CASTILLO__SAN_ANTONIO,MAURICIO ALEJANDRO LOPEZ CASTILLO,H,REGIÓN DE VALPARAÍSO,SAN ANTONIO,REPUBLICANOS E INDEPENDIENTES,No aplica,REPUBLICANO,PARTIDO REPUBLICANO DE CHILE,5953044,1,Aprueba,Sí,No
ROBERTO_MARIO_SAN_MARTIN_CACERES__SAN_FELIPE,ROBERTO MARIO SAN MARTIN CACERES,H,REGIÓN DE VALPARAÍSO,SAN FELIPE,IZQUIERDA ECOLOGISTA POPULAR,No aplica,IND,INDEPENDIENTES,537500,3,Aprueba,Sí,No
SABINA_ANGELICA_CASTRO_ARAGON__SAN_FELIPE,SABINA ANGELICA CASTRO ARAGON,M,REGIÓN DE VALPARAÍSO,SAN FELIPE,TODAS Y TODOS POR CHILE,PARTIDO COMUNISTA E INDEPENDIENTES,PCCH,PARTIDO COMUNISTA DE CHILE,3681140,10,Aprueba,Sí,No
WLADIMIR_LIONEL_OLAVE_MONTENEGRO__SAN_FELIPE,WLADIMIR LIONEL OLAVE MONTENEGRO,H,REGIÓN DE VALPARAÍSO,SAN FELIPE,TODAS Y TODOS POR CHILE,PARTIDO COMUNISTA E INDEPENDIENTES,PCCH,PARTIDO COMUNISTA DE CHILE,1639575,6,Aprueba con Observaciones,Sí,No
JAIME_ANDRES_BRAVO_HERNANDEZ__SAN_FELIPE,JAIME ANDRES BRAVO HERNANDEZ,H,REGIÓN DE VALPARAÍSO,SAN FELIPE,TODAS Y TODOS POR CHILE,PARTIDO COMUNISTA E INDEPENDIENTES,PCCH,PARTIDO COMUNISTA DE CHILE,1321201,4,Aprueba con Observaciones,Sí,No
ANGELICA_SOLEDAD_PEREZ_PENA__SAN_FELIPE,ANGELICA SOLEDAD PEREZ PEÑA,M,REGIÓN DE VALPARAÍSO,SAN FELIPE,PARTIDO SOCIAL CRISTIANO E INDEPENDIENTES,No aplica,PSC,PARTIDO SOCIAL CRISTIANO,3245449,22,Aprueba,Sí,No
XIMENA_KARINSKA_HERRERA_HERNANDEZ__SAN_FELIPE,XIMENA KARINSKA HERRERA HERNANDEZ,M,REGIÓN DE VALPARAÍSO,SAN FELIPE,PARTIDO SOCIAL CRISTIANO E INDEPENDIENTES,No aplica,PSC,PARTIDO SOCIAL CRISTIANO,2008741,24,Aprueba,Sí,No
EDSSON_MESALA_GONZALEZ_ROJAS__SAN_FELIPE,EDSSON MESALA GONZALEZ ROJAS,H,REGIÓN DE VALPARAÍSO,SAN FELIPE,CHILE VAMOS RENOVACION NACIONAL - INDEPENDIENTES,No aplica,RN,RENOVACION NACIONAL,5909896,118,Aprueba con Observaciones,Sí,No
JUAN_PINO_RAMOS__SAN_FELIPE,JUAN PINO RAMOS,H,REGIÓN DE VALPARAÍSO,SAN FELIPE,CHILE VAMOS RENOVACION NACIONAL - INDEPENDIENTES,No aplica,RN,RENOVACION NACIONAL,7016261,10,Aprueba con Observaciones,Sí,No
RODOLFO_SILVA_GONZALEZ__SAN_FELIPE,RODOLFO SILVA GONZALEZ,H,REGIÓN DE VALPARAÍSO,SAN FELIPE,CHILE VAMOS RENOVACION NACIONAL - INDEPENDIENTES,No aplica,IND,INDEPENDIENTES,12800112,31,Aprueba,Sí,No
MIGNOL_MUNOZ_GUTIERREZ__SAN_FELIPE,MIGNOL MUÑOZ GUTIERREZ,M,REGIÓN DE VALPARAÍSO,SAN FELIPE,TU REGION RADICAL,No aplica,IND,INDEPENDIENTES,1833256,5,Rechaza,Sí,No
GISSELA_CONSTANZA_CABALLERO_ESPINOZA__SAN_FELIPE,GISSELA CONSTANZA CABALLERO ESPINOZA,M,REGIÓN DE VALPARAÍSO,SAN FELIPE,TU REGION RADICAL,No aplica,IND,INDEPENDIENTES,2143108,8,Aprueba con Observaciones,Sí,No
BEATRIZ_FIGUEROA_CID__SAN_FELIPE,BEATRIZ FIGUEROA CID,M,REGIÓN DE VALPARAÍSO,SAN FELIPE,TU REGION RADICAL,No aplica,IND,INDEPENDIENTES,2179308,7,Aprueba con Observaciones,Sí,No
MARICEL_ALEJANDRA_MARTINEZ_VICENCIO__SAN_FELIPE,MARICEL ALEJANDRA MARTINEZ VICENCIO,M,REGIÓN DE VALPARAÍSO,SAN FELIPE,LO MEJOR PARA CHILE,PPD E INDEPENDIENTES,PPD,PARTIDO POR LA DEMOCRACIA,26088030,22,Rechaza,Sí,Sí
MARIO_EUGENIO_SOTTOLICHIO_URQUIZA__SAN_FELIPE,MARIO EUGENIO SOTTOLICHIO URQUIZA,H,REGIÓN DE VALPARAÍSO,SAN FELIPE,LO MEJOR PARA CHILE,PPD E INDEPENDIENTES,IND,INDEPENDIENTES,11607710,20,Aprueba,Sí,No
CLAUDIO_GOMEZ_CASTRO__SAN_FELIPE,CLAUDIO GOMEZ CASTRO,H,REGIÓN DE VALPARAÍSO,SAN FELIPE,LO MEJOR PARA CHILE,PS E INDEPENDIENTES,PS,PARTIDO SOCIALISTA DE CHILE,10126799,19,Aprueba con Observaciones,Sí,No
PATRICIO_ORLANDO_ESPINOZA_DARRICADES__SAN_FELIPE,PATRICIO ORLANDO ESPINOZA DARRICADES,H,REGIÓN DE VALPARAÍSO,SAN FELIPE,POR UN CHILE MEJOR,No aplica,IND,INDEPENDIENTES,6712460,13,Aprueba con Observaciones,Sí,No
CAMILA_FERNANDA_JAVIERA_IBANEZ_PIZARRO__SAN_FELIPE,CAMILA FERNANDA JAVIERA IBAÑEZ PIZARRO,M,REGIÓN DE VALPARAÍSO,SAN FELIPE,FRENTE AMPLIO,FRENTE AMPLIO E INDEPENDIENTES,FA,FRENTE AMPLIO,8766495,33,Aprueba,Sí,No
MAXIMIANO_JOSE_LEMAITRE_PALMA__SAN_FELIPE,MAXIMIANO JOSE LEMAITRE PALMA,H,REGIÓN DE VALPARAÍSO,SAN FELIPE,FRENTE AMPLIO,FRENTE AMPLIO E INDEPENDIENTES,IND,INDEPENDIENTES,0,0,Rechaza,No,No
DANIELA_PAZ_QUIROZ_SAA__SAN_FELIPE,DANIELA PAZ QUIROZ SAA,M,REGIÓN DE VALPARAÍSO,SAN FELIPE,FRENTE AMPLIO,FRENTE AMPLIO E INDEPENDIENTES,IND,INDEPENDIENTES,6170879,33,Aprueba,Sí,No
LUIS_FELIPE_GALLARDO_FERNANDEZ__SAN_FELIPE,LUIS FELIPE GALLARDO FERNANDEZ,H,REGIÓN DE VALPARAÍSO,SAN FELIPE,CHILE VAMOS UDI - INDEPENDIENTES,No aplica,UDI,UNION DEMOCRATA INDEPENDIENTE,2780444,5,Rechaza,Sí,No
LESLIE_FERNANDEZ_MORALES__SAN_FELIPE,LESLIE FERNANDEZ MORALES,M,REGIÓN DE VALPARAÍSO,SAN FELIPE,CHILE VAMOS UDI - INDEPENDIENTES,No aplica,IND,INDEPENDIENTES,500000,1,Aprueba con Observaciones,Sí,No
FERNANDO_ASTORGA_TERRAZA__SAN_FELIPE,FERNANDO ASTORGA TERRAZA,H,REGIÓN DE VALPARAÍSO,SAN FELIPE,REPUBLICANOS E INDEPENDIENTES,No aplica,REPUBLICANO,PARTIDO REPUBLICANO DE CHILE,24907009,42,Aprueba con Observaciones,Sí,Sí
CLAUDIA_FERNANDA_JOFRE_VIDAL__VALPARAISO_I,CLAUDIA FERNANDA JOFRE VIDAL,M,REGIÓN DE VALPARAÍSO,VALPARAISO I,IZQUIERDA ECOLOGISTA POPULAR,No aplica,IND,INDEPENDIENTES,1712500,3,Aprueba,Sí,No
JOSE_MIGUEL_SILVA_BECERRA__VALPARAISO_I,JOSE MIGUEL SILVA BECERRA,H,REGIÓN DE VALPARAÍSO,VALPARAISO I,IZQUIERDA ECOLOGISTA POPULAR,No aplica,IND,INDEPENDIENTES,8020000,2,Rechaza,Sí,No
JORGE_RAUL_ESTAY_OLGUIN__VALPARAISO_I,JORGE RAUL ESTAY OLGUIN,H,REGIÓN DE VALPARAÍSO,VALPARAISO I,IZQUIERDA ECOLOGISTA POPULAR,No aplica,IND,INDEPENDIENTES,3510400,12,Aprueba,Sí,No
ADRIAN_MAURICIO_MOLINAS_ALVAREZ__VALPARAISO_I,ADRIAN MAURICIO MOLINAS ALVAREZ,H,REGIÓN DE VALPARAÍSO,VALPARAISO I,IZQUIERDA ECOLOGISTA POPULAR,No aplica,IND,INDEPENDIENTES,0,0,Rechaza,No,No
FRESIA_LUZ_AVENDANO_GONZALEZ__VALPARAISO_I,FRESIA LUZ AVENDAÑO GONZALEZ,M,REGIÓN DE VALPARAÍSO,VALPARAISO I,TODAS Y TODOS POR CHILE,PARTIDO COMUNISTA E INDEPENDIENTES,PCCH,PARTIDO COMUNISTA DE CHILE,5487530,19,Aprueba,Sí,No
GIULIA_BARATTINI_CASTALDI__VALPARAISO_I,GIULIA BARATTINI CASTALDI,M,REGIÓN DE VALPARAÍSO,VALPARAISO I,TODAS Y TODOS POR CHILE,PARTIDO COMUNISTA E INDEPENDIENTES,PCCH,PARTIDO COMUNISTA DE CHILE,1800000,13,Aprueba con Observaciones,Sí,No
CELSO_ABDIEL_QUEZADA_RIOSECO__VALPARAISO_I,CELSO ABDIEL QUEZADA RIOSECO,H,REGIÓN DE VALPARAÍSO,VALPARAISO I,PARTIDO SOCIAL CRISTIANO E INDEPENDIENTES,No aplica,PSC,PARTIDO SOCIAL CRISTIANO,3657174,21,Aprueba con Observaciones,Sí,No
KATYHUSKA_POLONSKY_ROBLERO__VALPARAISO_I,KATYHUSKA POLONSKY ROBLERO,M,REGIÓN DE VALPARAÍSO,VALPARAISO I,PARTIDO SOCIAL CRISTIANO E INDEPENDIENTES,No aplica,PSC,PARTIDO SOCIAL CRISTIANO,1180400,2,Aprueba con Observaciones,Sí,No
JUAN_ALBERTO_SEPULVEDA_QUEZADA__VALPARAISO_I,JUAN ALBERTO SEPULVEDA QUEZADA,H,REGIÓN DE VALPARAÍSO,VALPARAISO I,PARTIDO SOCIAL CRISTIANO E INDEPENDIENTES,No aplica,IND,INDEPENDIENTES,0,0,Aprueba,No,No
JUAN_DE_DIOS_GUERRERO_HENRIQUEZ__VALPARAISO_I,JUAN DE DIOS GUERRERO HENRIQUEZ,H,REGIÓN DE VALPARAÍSO,VALPARAISO I,PARTIDO SOCIAL CRISTIANO E INDEPENDIENTES,No aplica,IND,INDEPENDIENTES,190400,1,Aprueba,Sí,No
MABEL_PALACIOS_TOROMORENO__VALPARAISO_I,MABEL PALACIOS TOROMORENO,M,REGIÓN DE VALPARAÍSO,VALPARAISO I,PARTIDO SOCIAL CRISTIANO E INDEPENDIENTES,No aplica,IND,INDEPENDIENTES,0,0,Rechaza,No,No
RENATO_FORNO_CAMBON__VALPARAISO_I,RENATO FORNO CAMBON,H,REGIÓN DE VALPARAÍSO,VALPARAISO I,CHILE VAMOS RENOVACION NACIONAL - INDEPENDIENTES,No aplica,RN,RENOVACION NACIONAL,13767908,11,Aprueba con Observaciones,Sí,No
SEBASTIAN_SEPULVEDA_ULLOA__VALPARAISO_I,SEBASTIAN SEPULVEDA ULLOA,H,REGIÓN DE VALPARAÍSO,VALPARAISO I,CHILE VAMOS RENOVACION NACIONAL - INDEPENDIENTES,No aplica,RN,RENOVACION NACIONAL,2686345,5,Aprueba,Sí,No
EDUARDO_URBINA_MUNOZ__VALPARAISO_I,EDUARDO URBINA MUÑOZ,H,REGIÓN DE VALPARAÍSO,VALPARAISO I,CHILE VAMOS RENOVACION NACIONAL - INDEPENDIENTES,No aplica,RN,RENOVACION NACIONAL,8737365,21,Aprueba,Sí,No
ROLANDO_CONTRERAS_BIANCHI__VALPARAISO_I,ROLANDO CONTRERAS BIANCHI,H,REGIÓN DE VALPARAÍSO,VALPARAISO I,CHILE VAMOS RENOVACION NACIONAL - INDEPENDIENTES,No aplica,RN,RENOVACION NACIONAL,1836345,15,Aprueba,Sí,No
CHRISTIAN_LUCERO_MARQUEZ__VALPARAISO_I,CHRISTIAN LUCERO MARQUEZ,H,REGIÓN DE VALPARAÍSO,VALPARAISO I,CHILE VAMOS RENOVACION NACIONAL - INDEPENDIENTES,No aplica,IND,INDEPENDIENTES,3995756,8,Rechaza,Sí,No
MARCELA_ALICIA_VARAS_FUENTES__VALPARAISO_I,MARCELA ALICIA VARAS FUENTES,M,REGIÓN DE VALPARAÍSO,VALPARAISO I,LO MEJOR PARA CHILE,PPD E INDEPENDIENTES,PPD,PARTIDO POR LA DEMOCRACIA,19298236,36,Aprueba con Observaciones,Sí,Sí
LUIS_ALBERTO_GATICA_POLANCO__VALPARAISO_I,LUIS ALBERTO GATICA POLANCO,H,REGIÓN DE VALPARAÍSO,VALPARAISO I,LO MEJOR PARA CHILE,PPD E INDEPENDIENTES,PPD,PARTIDO POR LA DEMOCRACIA,13795431,25,Aprueba con Observaciones,Sí,No
MARIA_JOSE_ESCOBAR_OPAZO__VALPARAISO_I,MARIA JOSE ESCOBAR OPAZO,M,REGIÓN DE VALPARAÍSO,VALPARAISO I,LO MEJOR PARA CHILE,PS E INDEPENDIENTES,PS,PARTIDO SOCIALISTA DE CHILE,8868015,21,Aprueba con Observaciones,Sí,No
PEDRO_RENE_DURAN_OLIVA__VALPARAISO_I,PEDRO RENE DURAN OLIVA,H,REGIÓN DE VALPARAÍSO,VALPARAISO I,LO MEJOR PARA CHILE,PS E INDEPENDIENTES,PS,PARTIDO SOCIALISTA DE CHILE,2475000,11,Aprueba con Observaciones,Sí,No
ANGEL_MOREIRA_BARRERA__VALPARAISO_I,ANGEL MOREIRA BARRERA,H,REGIÓN DE VALPARAÍSO,VALPARAISO I,LO MEJOR PARA CHILE,PS E INDEPENDIENTES,PS,PARTIDO SOCIALISTA DE CHILE,3306406,27,Aprueba con Observaciones,Sí,No
GUILLERMO_ANDRES_ESCOBAR_ARRIAGADA__VALPARAISO_I,GUILLERMO ANDRES ESCOBAR ARRIAGADA,H,REGIÓN DE VALPARAÍSO,VALPARAISO I,PARTIDO DE LA GENTE E INDEPENDIENTES,No aplica,PDG,PARTIDO DE LA GENTE,4548307,19,Aprueba,Sí,No
EVELYN_GISELLI_DE_LOURDES_NAVARRO_ARAYA__VALPARAISO_I,EVELYN GISELLI DE LOURDES NAVARRO ARAYA,M,REGIÓN DE VALPARAÍSO,VALPARAISO I,POR UN CHILE MEJOR,No aplica,PDC,PARTIDO DEMOCRATA CRISTIANO,6341599,75,Aprueba con Observaciones,Sí,No
CARLOS_JAVIER_ALARCON_QUINTEROS__VALPARAISO_I,CARLOS JAVIER ALARCON QUINTEROS,H,REGIÓN DE VALPARAÍSO,VALPARAISO I,POR UN CHILE MEJOR,No aplica,IND,INDEPENDIENTES,4592210,4,Rechaza,Sí,No
FELIPE_RODOLFO_VERGARA_LUCERO__VALPARAISO_I,FELIPE RODOLFO VERGARA LUCERO,H,REGIÓN DE VALPARAÍSO,VALPARAISO I,CENTRO DEMOCRATICO,DEMOCRATAS E INDEPENDIENTES,DEMOCRATAS,PARTIDO DEMOCRATAS CHILE,2356200,2,Rechaza,Sí,No
TANIA_ESTEFANIA_VALENZUELA_ROSSI__VALPARAISO_I,TANIA ESTEFANIA VALENZUELA ROSSI,M,REGIÓN DE VALPARAÍSO,VALPARAISO I,FRENTE AMPLIO,FRENTE AMPLIO E INDEPENDIENTES,FA,FRENTE AMPLIO,27255940,34,Rechaza,Sí,Sí
LUIS_ALFREDO_PULGAR_ALCANTAR__VALPARAISO_I,LUIS ALFREDO PULGAR ALCANTAR,H,REGIÓN DE VALPARAÍSO,VALPARAISO I,FRENTE AMPLIO,FRENTE AMPLIO E INDEPENDIENTES,FA,FRENTE AMPLIO,8359448,31,Aprueba,Sí,No
FRANCISCO_CRISTOBAL_GUILARDES_MORALES__VALPARAISO_I,FRANCISCO CRISTOBAL GUILARDES MORALES,H,REGIÓN DE VALPARAÍSO,VALPARAISO I,FRENTE AMPLIO,FRENTE AMPLIO E INDEPENDIENTES,FA,FRENTE AMPLIO,14914655,61,Aprueba con Observaciones,Sí,Sí
MARCELA_VALESKA_NIETO_RIVERA__VALPARAISO_I,MARCELA VALESKA NIETO RIVERA,M,REGIÓN DE VALPARAÍSO,VALPARAISO I,FRENTE AMPLIO,FRENTE AMPLIO E INDEPENDIENTES,FA,FRENTE AMPLIO,5189399,5,Rechaza,Sí,No
CARLOS_ENRIQUE_VEGAS_BERNAL__VALPARAISO_I,CARLOS ENRIQUE VEGAS BERNAL,H,REGIÓN DE VALPARAÍSO,VALPARAISO I,FRENTE AMPLIO,FRENTE AMPLIO E INDEPENDIENTES,IND,INDEPENDIENTES,4812500,18,Aprueba con Observaciones,Sí,No
OSVALDO_URRUTIA_SOTO__VALPARAISO_I,OSVALDO URRUTIA SOTO,H,REGIÓN DE VALPARAÍSO,VALPARAISO I,CHILE VAMOS UDI - INDEPENDIENTES,No aplica,UDI,UNION DEMOCRATA INDEPENDIENTE,47305498,29,Aprueba,Sí,Sí
LAURA_ACOSTA_VERGARA__VALPARAISO_I,LAURA ACOSTA VERGARA,M,REGIÓN DE VALPARAÍSO,VALPARAISO I,CHILE VAMOS UDI - INDEPENDIENTES,No aplica,UDI,UNION DEMOCRATA INDEPENDIENTE,8275750,14,Aprueba,Sí,No
ANDRES_SANCHEZ_CRUZ__VALPARAISO_I,ANDRES SANCHEZ CRUZ,H,REGIÓN DE VALPARAÍSO,VALPARAISO I,CHILE VAMOS UDI - INDEPENDIENTES,No aplica,UDI,UNION DEMOCRATA INDEPENDIENTE,7399920,8,Rechaza,Sí,No
IVAN_MARTINEZ_PAVEZ__VALPARAISO_I,IVAN MARTINEZ PAVEZ,H,REGIÓN DE VALPARAÍSO,VALPARAISO I,CHILE VAMOS UDI - INDEPENDIENTES,No aplica,IND,INDEPENDIENTES,2116878,27,Rechaza,Sí,No
MARIA_SOLEDAD_FERNANDEZ_PIZARRO__VALPARAISO_I,MARIA SOLEDAD FERNANDEZ PIZARRO,M,REGIÓN DE VALPARAÍSO,VALPARAISO I,CHILE VAMOS UDI - INDEPENDIENTES,No aplica,IND,INDEPENDIENTES,8321145,9,Aprueba con Observaciones,Sí,No
ADRIANO_FRANCISCO_VENTURA_CERISOLA__VALPARAISO_I,ADRIANO FRANCISCO VENTURA CERISOLA,H,REGIÓN DE VALPARAÍSO,VALPARAISO I,CHILE VAMOS EVOPOLI - INDEPENDIENTES,No aplica,EVOPOLI,EVOLUCION POLITICA,633108,14,Aprueba,Sí,No
JAVIER_IGNACIO_VENEGAS_MUNOZ__VALPARAISO_I,JAVIER IGNACIO VENEGAS MUÑOZ,H,REGIÓN DE VALPARAÍSO,VALPARAISO I,REPUBLICANOS E INDEPENDIENTES,No aplica,REPUBLICANO,PARTIDO REPUBLICANO DE CHILE,7828022,7,Aprueba,Sí,No
JOHN_BYRNE_POPE__VALPARAISO_I,JOHN BYRNE POPE,H,REGIÓN DE VALPARAÍSO,VALPARAISO I,REPUBLICANOS E INDEPENDIENTES,No aplica,REPUBLICANO,PARTIDO REPUBLICANO DE CHILE,24645059,28,Aprueba,Sí,Sí
CATALINA_MARIA_THAUBY_KREBS__VALPARAISO_I,CATALINA MARIA THAUBY KREBS,M,REGIÓN DE VALPARAÍSO,VALPARAISO I,REPUBLICANOS E INDEPENDIENTES,No aplica,REPUBLICANO,PARTIDO REPUBLICANO DE CHILE,8939338,37,Aprueba,Sí,No
CARLOS_ALEJANDRO_SEBASTIAN_FLORES_RUIS__VALPARAISO_I,CARLOS ALEJANDRO SEBASTIAN FLORES RUIS,H,REGIÓN DE VALPARAÍSO,VALPARAISO I,REPUBLICANOS E INDEPENDIENTES,No aplica,REPUBLICANO,PARTIDO REPUBLICANO DE CHILE,9813525,79,Aprueba,Sí,No
CRISTOBAL_DARIO_FERNANDEZ_DIAZ__VALPARAISO_I,CRISTOBAL DARIO FERNANDEZ DIAZ,H,REGIÓN DE VALPARAÍSO,VALPARAISO I,REPUBLICANOS E INDEPENDIENTES,No aplica,REPUBLICANO,PARTIDO REPUBLICANO DE CHILE,5356407,21,Aprueba con Observaciones,Sí,No
BEATRIZ_GABRIELA_OLIVARES_VELASCO__VALPARAISO_II,BEATRIZ GABRIELA OLIVARES VELASCO,M,REGIÓN DE VALPARAÍSO,VALPARAISO II,IZQUIERDA ECOLOGISTA POPULAR,No aplica,POPULAR,POPULAR,5537736,17,Rechaza,Sí,No
YENNY_CARMEN_DIAZ_SANTANA__VALPARAISO_II,YENNY CARMEN DIAZ SANTANA,M,REGIÓN DE VALPARAÍSO,VALPARAISO II,IZQUIERDA ECOLOGISTA POPULAR,No aplica,IND,INDEPENDIENTES,11047038,10,Rechaza,Sí,No
KARLA_PAOLA_HUERTA_MARTINEZ__VALPARAISO_II,KARLA PAOLA HUERTA MARTINEZ,M,REGIÓN DE VALPARAÍSO,VALPARAISO II,IZQUIERDA ECOLOGISTA POPULAR,No aplica,IND,INDEPENDIENTES,8213715,33,Aprueba con Observaciones,Sí,No
IVAN_MARCELO_ARTEAGA_FUENTES__VALPARAISO_II,IVAN MARCELO ARTEAGA FUENTES,H,REGIÓN DE VALPARAÍSO,VALPARAISO II,IZQUIERDA ECOLOGISTA POPULAR,No aplica,IND,INDEPENDIENTES,1212500,2,Aprueba,Sí,No
CAROLINA_PATRICIA_FERNANDEZ_QUEZADA__VALPARAISO_II,CAROLINA PATRICIA FERNANDEZ QUEZADA,M,REGIÓN DE VALPARAÍSO,VALPARAISO II,TODAS Y TODOS POR CHILE,PARTIDO COMUNISTA E INDEPENDIENTES,PCCH,PARTIDO COMUNISTA DE CHILE,18733712,33,Aprueba,Sí,Sí
ANA_GLADYS_CATALAN_GONZALEZ__VALPARAISO_II,ANA GLADYS CATALAN GONZALEZ,M,REGIÓN DE VALPARAÍSO,VALPARAISO II,TODAS Y TODOS POR CHILE,PARTIDO COMUNISTA E INDEPENDIENTES,PCCH,PARTIDO COMUNISTA DE CHILE,9880200,41,Aprueba,Sí,No
ALICIA_PURISIMA_ELOISA_YEVENES_AHUMADA__VALPARAISO_II,ALICIA PURISIMA ELOISA YEVENES AHUMADA,M,REGIÓN DE VALPARAÍSO,VALPARAISO II,TODAS Y TODOS POR CHILE,PARTIDO COMUNISTA E INDEPENDIENTES,IND,INDEPENDIENTES,3050000,31,Rechaza,Sí,No
ESTEBAN_HERNAN_BARAHONA_CONTRERAS__VALPARAISO_II,ESTEBAN HERNAN BARAHONA CONTRERAS,H,REGIÓN DE VALPARAÍSO,VALPARAISO II,PARTIDO SOCIAL CRISTIANO E INDEPENDIENTES,No aplica,PSC,PARTIDO SOCIAL CRISTIANO,2306940,6,Rechaza,Sí,No
ELIANA_ANGELICA_URRUTIA_YANEZ__VALPARAISO_II,ELIANA ANGELICA URRUTIA YAÑEZ,M,REGIÓN DE VALPARAÍSO,VALPARAISO II,PARTIDO SOCIAL CRISTIANO E INDEPENDIENTES,No aplica,IND,INDEPENDIENTES,4653028,10,Aprueba,Sí,No
GERARDO_INGMAR_ASTUDILLO_ROJAS__VALPARAISO_II,GERARDO INGMAR ASTUDILLO ROJAS,H,REGIÓN DE VALPARAÍSO,VALPARAISO II,PARTIDO SOCIAL CRISTIANO E INDEPENDIENTES,No aplica,IND,INDEPENDIENTES,1706245,16,Aprueba con Observaciones,Sí,No
RUTH_AGUIRRE_VALENCIA__VALPARAISO_II,RUTH AGUIRRE VALENCIA,M,REGIÓN DE VALPARAÍSO,VALPARAISO II,PARTIDO SOCIAL CRISTIANO E INDEPENDIENTES,No aplica,IND,INDEPENDIENTES,1070400,2,Aprueba con Observaciones,Sí,No
JAVIER_FERNANDEZ_CASTRO__VALPARAISO_II,JAVIER FERNANDEZ CASTRO,H,REGIÓN DE VALPARAÍSO,VALPARAISO II,CHILE VAMOS RENOVACION NACIONAL - INDEPENDIENTES,No aplica,RN,RENOVACION NACIONAL,3660000,4,Aprueba,Sí,No
ROMY_VASQUEZ_OLIVARES__VALPARAISO_II,ROMY VASQUEZ OLIVARES,M,REGIÓN DE VALPARAÍSO,VALPARAISO II,CHILE VAMOS RENOVACION NACIONAL - INDEPENDIENTES,No aplica,RN,RENOVACION NACIONAL,4829025,25,Aprueba,Sí,No
JOSE_PEDRO_NUNEZ_BARRUEL__VALPARAISO_II,JOSE PEDRO NUÑEZ BARRUEL,H,REGIÓN DE VALPARAÍSO,VALPARAISO II,CHILE VAMOS RENOVACION NACIONAL - INDEPENDIENTES,No aplica,RN,RENOVACION NACIONAL,5616988,24,Aprueba,Sí,No
ANDREHA_BAEZA_LUCO__VALPARAISO_II,ANDREHA BAEZA LUCO,M,REGIÓN DE VALPARAÍSO,VALPARAISO II,CHILE VAMOS RENOVACION NACIONAL - INDEPENDIENTES,No aplica,IND,INDEPENDIENTES,2969159,4,Aprueba con Observaciones,Sí,No
PAULO_PEREZ_VILLABLANCA__VALPARAISO_II,PAULO PEREZ VILLABLANCA,H,REGIÓN DE VALPARAÍSO,VALPARAISO II,TU REGION RADICAL,No aplica,IND,INDEPENDIENTES,3401000,7,Aprueba,Sí,No
PRISCILA_BESNA_FLEMING_ARANGUIZ__VALPARAISO_II,PRISCILA BESNA FLEMING ARANGUIZ,M,REGIÓN DE VALPARAÍSO,VALPARAISO II,REGIONES VERDES LIBERALES,No aplica,IND,INDEPENDIENTES,3858068,13,Aprueba,Sí,No
OMAR_GABRIEL_VALDIVIA_ALVAREZ__VALPARAISO_II,OMAR GABRIEL VALDIVIA ALVAREZ,H,REGIÓN DE VALPARAÍSO,VALPARAISO II,LO MEJOR PARA CHILE,PPD E INDEPENDIENTES,PPD,PARTIDO POR LA DEMOCRACIA,2729925,14,Aprueba con Observaciones,Sí,No
MANUEL_EUGENIO_GUERRERO_HENRIQUEZ__VALPARAISO_II,MANUEL EUGENIO GUERRERO HENRIQUEZ,H,REGIÓN DE VALPARAÍSO,VALPARAISO II,LO MEJOR PARA CHILE,PPD E INDEPENDIENTES,IND,INDEPENDIENTES,25000,1,Aprueba,Sí,No
IVAN_SERGIO_VUSKOVIC_VILLANUEVA__VALPARAISO_II,IVAN SERGIO VUSKOVIC VILLANUEVA,H,REGIÓN DE VALPARAÍSO,VALPARAISO II,LO MEJOR PARA CHILE,PS E INDEPENDIENTES,PS,PARTIDO SOCIALISTA DE CHILE,5597848,34,Rechaza,Sí,No
MARCELA_ESPINOZA_SILVA__VALPARAISO_II,MARCELA ESPINOZA SILVA,M,REGIÓN DE VALPARAÍSO,VALPARAISO II,LO MEJOR PARA CHILE,PS E INDEPENDIENTES,PS,PARTIDO SOCIALISTA DE CHILE,6002999,21,Aprueba,Sí,No
NICOLAS_EDUARDO_FARFAN_VEGA__VALPARAISO_II,NICOLAS EDUARDO FARFAN VEGA,H,REGIÓN DE VALPARAÍSO,VALPARAISO II,PARTIDO DE LA GENTE E INDEPENDIENTES,No aplica,PDG,PARTIDO DE LA GENTE,5323412,37,Aprueba,Sí,No
MANUEL_ARMANDO_TOBAR_LEIVA__VALPARAISO_II,MANUEL ARMANDO TOBAR LEIVA,H,REGIÓN DE VALPARAÍSO,VALPARAISO II,POR UN CHILE MEJOR,No aplica,PDC,PARTIDO DEMOCRATA CRISTIANO,13900835,40,Aprueba con Observaciones,Sí,No
ESTEBAN_ANDRES_VEGA_TORO__VALPARAISO_II,ESTEBAN ANDRES VEGA TORO,H,REGIÓN DE VALPARAÍSO,VALPARAISO II,POR UN CHILE MEJOR,No aplica,PDC,PARTIDO DEMOCRATA CRISTIANO,6545000,14,Aprueba con Observaciones,Sí,No
PAULA_ROSSO_MONTENEGRO__VALPARAISO_II,PAULA ROSSO MONTENEGRO,M,REGIÓN DE VALPARAÍSO,VALPARAISO II,FRENTE AMPLIO,FRENTE AMPLIO E INDEPENDIENTES,FA,FRENTE AMPLIO,18697969,23,Aprueba,Sí,Sí
SEBASTIAN_RODRIGO_VICENCIO_INOSTROZA__VALPARAISO_II,SEBASTIAN RODRIGO VICENCIO INOSTROZA,H,REGIÓN DE VALPARAÍSO,VALPARAISO II,FRENTE AMPLIO,FRENTE AMPLIO E INDEPENDIENTES,FA,FRENTE AMPLIO,2091041,4,Aprueba,Sí,No
JOCELYN_MARLENE_VENEGAS_NEIRA__VALPARAISO_II,JOCELYN MARLENE VENEGAS NEIRA,M,REGIÓN DE VALPARAÍSO,VALPARAISO II,FRENTE AMPLIO,FRENTE AMPLIO E INDEPENDIENTES,FA,FRENTE AMPLIO,9545771,35,Aprueba,Sí,No
MANUEL_LANAS_QUINONES__VALPARAISO_II,MANUEL LANAS QUIÑONES,H,REGIÓN DE VALPARAÍSO,VALPARAISO II,FRENTE AMPLIO,FRENTE AMPLIO E INDEPENDIENTES,IND,INDEPENDIENTES,16182771,125,Rechaza,Sí,Sí
JORGE_CASTRO_MUNOZ__VALPARAISO_II,JORGE CASTRO MUÑOZ,H,REGIÓN DE VALPARAÍSO,VALPARAISO II,CHILE VAMOS UDI - INDEPENDIENTES,No aplica,UDI,UNION DEMOCRATA INDEPENDIENTE,11244787,33,Aprueba,Sí,No
VICTOR_VALDES_PINTO__VALPARAISO_II,VICTOR VALDES PINTO,H,REGIÓN DE VALPARAÍSO,VALPARAISO II,CHILE VAMOS UDI - INDEPENDIENTES,No aplica,UDI,UNION DEMOCRATA INDEPENDIENTE,6856629,10,Aprueba,Sí,No
ERNESTO_MANRIQUEZ_MENDOZA__VALPARAISO_II,ERNESTO MANRIQUEZ MENDOZA,H,REGIÓN DE VALPARAÍSO,VALPARAISO II,CHILE VAMOS UDI - INDEPENDIENTES,No aplica,IND,INDEPENDIENTES,6530000,6,Aprueba con Observaciones,Sí,No
PATRICIO_ESTAY_MENDEZ__VALPARAISO_II,PATRICIO ESTAY MENDEZ,H,REGIÓN DE VALPARAÍSO,VALPARAISO II,CHILE VAMOS UDI - INDEPENDIENTES,No aplica,IND,INDEPENDIENTES,0,0,Rechaza,No,No
JOSE_LUIS_MIRANDA_MUNOZ__VALPARAISO_II,JOSE LUIS MIRANDA MUÑOZ,H,REGIÓN DE VALPARAÍSO,VALPARAISO II,REPUBLICANOS E INDEPENDIENTES,No aplica,REPUBLICANO,PARTIDO REPUBLICANO DE CHILE,11127333,13,Aprueba,Sí,No
GABRIEL_LARS_THORESEN_WILLIAMS__VALPARAISO_II,GABRIEL LARS THORESEN WILLIAMS,H,REGIÓN DE VALPARAÍSO,VALPARAISO II,REPUBLICANOS E INDEPENDIENTES,No aplica,REPUBLICANO,PARTIDO REPUBLICANO DE CHILE,2347500,6,Aprueba con Observaciones,Sí,No
PAULINA_YANEZ_GULA__VALPARAISO_II,PAULINA YAÑEZ GULA,M,REGIÓN DE VALPARAÍSO,VALPARAISO II,REPUBLICANOS E INDEPENDIENTES,No aplica,REPUBLICANO,PARTIDO REPUBLICANO DE CHILE,30474240,17,Aprueba,Sí,Sí
DIEGO_ANDRES_VERGARA_PEREZ__CHACABUCO,DIEGO ANDRES VERGARA PEREZ,H,REGIÓN METROPOLITANA DE SANTIAGO,CHACABUCO,IZQUIERDA ECOLOGISTA POPULAR,No aplica,IND,INDEPENDIENTES,9643550,9,Aprueba con Observaciones,Sí,No
JACOB_JONATHAN_RAMIREZ_CABA__CHACABUCO,JACOB JONATHAN RAMIREZ CABA,H,REGIÓN METROPOLITANA DE SANTIAGO,CHACABUCO,TODAS Y TODOS POR CHILE,PARTIDO COMUNISTA E INDEPENDIENTES,PCCH,PARTIDO COMUNISTA DE CHILE,2300000,16,Aprueba,Sí,No
YASNA_KATHERINE_CLARK_PINTO__CHACABUCO,YASNA KATHERINE CLARK PINTO,M,REGIÓN METROPOLITANA DE SANTIAGO,CHACABUCO,TODAS Y TODOS POR CHILE,PARTIDO COMUNISTA E INDEPENDIENTES,PCCH,PARTIDO COMUNISTA DE CHILE,2400000,17,Aprueba,Sí,No
CRISTOBAL_SAAVEDRA_ALARCON__CHACABUCO,CRISTOBAL SAAVEDRA ALARCON,H,REGIÓN METROPOLITANA DE SANTIAGO,CHACABUCO,CHILE VAMOS RENOVACION NACIONAL - INDEPENDIENTES,No aplica,RN,RENOVACION NACIONAL,13826465,13,Aprueba con Observaciones,Sí,No
PATRICIA_DINAMARCA_SOTO__CHACABUCO,PATRICIA DINAMARCA SOTO,M,REGIÓN METROPOLITANA DE SANTIAGO,CHACABUCO,CHILE VAMOS RENOVACION NACIONAL - INDEPENDIENTES,No aplica,RN,RENOVACION NACIONAL,9447290,48,Aprueba,Sí,No
FRANCISCA_ALEJANDRA_GUTIERREZ_CASTRO__CHACABUCO,FRANCISCA ALEJANDRA GUTIERREZ CASTRO,M,REGIÓN METROPOLITANA DE SANTIAGO,CHACABUCO,REGIONES VERDES LIBERALES,No aplica,PL,PARTIDO LIBERAL DE CHILE,16008740,17,Aprueba con Observaciones,Sí,Sí
JORGE_ALBERTO_SUAREZ_SUAREZ__CHACABUCO,JORGE ALBERTO SUAREZ SUAREZ,H,REGIÓN METROPOLITANA DE SANTIAGO,CHACABUCO,LO MEJOR PARA CHILE,PS E INDEPENDIENTES,PS,PARTIDO SOCIALISTA DE CHILE,14075048,24,Rechaza,Sí,No
MAURICIO_GUILLERMO_MORAN_AVENDANO__CHACABUCO,MAURICIO GUILLERMO MORAN AVENDAÑO,H,REGIÓN METROPOLITANA DE SANTIAGO,CHACABUCO,LO MEJOR PARA CHILE,PPD E INDEPENDIENTES,IND,INDEPENDIENTES,13815300,26,Aprueba con Observaciones,Sí,No
LEYLA_MASSIEL_JARA_LOPEZ__CHACABUCO,LEYLA MASSIEL JARA LOPEZ,M,REGIÓN METROPOLITANA DE SANTIAGO,CHACABUCO,PARTIDO DE LA GENTE E INDEPENDIENTES,No aplica,PDG,PARTIDO DE LA GENTE,6473581,24,Aprueba,Sí,No
JACQUELINE_PATRICIA_ALARCON_BORQUEZ__CHACABUCO,JACQUELINE PATRICIA ALARCON BORQUEZ,M,REGIÓN METROPOLITANA DE SANTIAGO,CHACABUCO,PARTIDO DE LA GENTE E INDEPENDIENTES,No aplica,PDG,PARTIDO DE LA GENTE,3633231,13,Aprueba con Observaciones,Sí,No
CLAUDIA_ANDREA_ATENAS_SOZA__CHACABUCO,CLAUDIA ANDREA ATENAS SOZA,M,REGIÓN METROPOLITANA DE SANTIAGO,CHACABUCO,POR UN CHILE MEJOR,No aplica,PDC,PARTIDO DEMOCRATA CRISTIANO,12652487,96,Aprueba con Observaciones,Sí,No
CLAUDIA_ACEVEDO_CORNEJO__CHACABUCO,CLAUDIA ACEVEDO CORNEJO,M,REGIÓN METROPOLITANA DE SANTIAGO,CHACABUCO,POR UN CHILE MEJOR,No aplica,PDC,PARTIDO DEMOCRATA CRISTIANO,9947952,80,Aprueba con Observaciones,Sí,No
EDUARDO_ALEJANDRO_ACUNA_FUENTES__CHACABUCO,EDUARDO ALEJANDRO ACUÑA FUENTES,H,REGIÓN METROPOLITANA DE SANTIAGO,CHACABUCO,FRENTE AMPLIO,FRENTE AMPLIO E INDEPENDIENTES,IND,INDEPENDIENTES,5937925,25,Aprueba,Sí,No
PEDRO_PABLO_HERREROS_BEJARES__CHACABUCO,PEDRO PABLO HERREROS BEJARES,H,REGIÓN METROPOLITANA DE SANTIAGO,CHACABUCO,CHILE VAMOS UDI - INDEPENDIENTES,No aplica,UDI,UNION DEMOCRATA INDEPENDIENTE,17134030,167,Aprueba con Observaciones,Sí,Sí
FRANCISCA_SILVA_VARGAS__CHACABUCO,FRANCISCA SILVA VARGAS,M,REGIÓN METROPOLITANA DE SANTIAGO,CHACABUCO,CHILE VAMOS UDI - INDEPENDIENTES,No aplica,IND,INDEPENDIENTES,8202023,12,Rechaza,Sí,No
MARIA_ALEJANDRA_LANTADILLA_BUDINICH__CHACABUCO,MARIA ALEJANDRA LANTADILLA BUDINICH,M,REGIÓN METROPOLITANA DE SANTIAGO,CHACABUCO,CHILE VAMOS EVOPOLI - INDEPENDIENTES,No aplica,EVOPOLI,EVOLUCION POLITICA,1186920,4,Aprueba,Sí,No
AARON_FELIPE_ASTORGA_MARQUEZ__CHACABUCO,AARON FELIPE ASTORGA MARQUEZ,H,REGIÓN METROPOLITANA DE SANTIAGO,CHACABUCO,CHILE VAMOS EVOPOLI - INDEPENDIENTES,No aplica,EVOPOLI,EVOLUCION POLITICA,1050700,7,Aprueba con Observaciones,Sí,No
CARLOS_TELLERIA_GUTIERREZ__CHACABUCO,CARLOS TELLERIA GUTIERREZ,H,REGIÓN METROPOLITANA DE SANTIAGO,CHACABUCO,REPUBLICANOS E INDEPENDIENTES,No aplica,REPUBLICANO,PARTIDO REPUBLICANO DE CHILE,5182000,18,Aprueba,Sí,No
JESSICA_GONZALEZ_SOTO__CHACABUCO,JESSICA GONZALEZ SOTO,M,REGIÓN METROPOLITANA DE SANTIAGO,CHACABUCO,REPUBLICANOS E INDEPENDIENTES,No aplica,REPUBLICANO,PARTIDO REPUBLICANO DE CHILE,864987,4,Aprueba con Observaciones,Sí,No
ARIEL_ROMINA_HERRERA_BALBOA__CORDILLERA,ARIEL ROMINA HERRERA BALBOA,M,REGIÓN METROPOLITANA DE SANTIAGO,CORDILLERA,IZQUIERDA ECOLOGISTA POPULAR,No aplica,PH,PARTIDO HUMANISTA,7295700,19,Aprueba con Observaciones,Sí,No
GREGORIO_LUIS_MONDACA_CRESTTO__CORDILLERA,GREGORIO LUIS MONDACA CRESTTO,H,REGIÓN METROPOLITANA DE SANTIAGO,CORDILLERA,IZQUIERDA ECOLOGISTA POPULAR,No aplica,PH,PARTIDO HUMANISTA,1369548,23,Aprueba con Observaciones,Sí,No
ROSSANA_DEL_PILAR_TARSETTI_GUAJARDO__CORDILLERA,ROSSANA DEL PILAR TARSETTI GUAJARDO,M,REGIÓN METROPOLITANA DE SANTIAGO,CORDILLERA,IZQUIERDA ECOLOGISTA POPULAR,No aplica,IND,INDEPENDIENTES,5834196,31,Aprueba con Observaciones,Sí,No
ALEXIS_CAMPANA_BRAVO__CORDILLERA,ALEXIS CAMPAÑA BRAVO,H,REGIÓN METROPOLITANA DE SANTIAGO,CORDILLERA,TODAS Y TODOS POR CHILE,ACCION HUMANISTA E INDEPENDIENTES,AH,PARTIDO ACCIÓN HUMANISTA,1877000,4,Aprueba,Sí,No
JUAN_WLADIMIR_NAVARRO_ROMERO__CORDILLERA,JUAN WLADIMIR NAVARRO ROMERO,H,REGIÓN METROPOLITANA DE SANTIAGO,CORDILLERA,TODAS Y TODOS POR CHILE,PARTIDO COMUNISTA E INDEPENDIENTES,PCCH,PARTIDO COMUNISTA DE CHILE,8026000,37,Aprueba,Sí,No
VALERIA_ISIDORA_ORTEGA_CONTRERAS__CORDILLERA,VALERIA ISIDORA ORTEGA CONTRERAS,M,REGIÓN METROPOLITANA DE SANTIAGO,CORDILLERA,TODAS Y TODOS POR CHILE,PARTIDO COMUNISTA E INDEPENDIENTES,IND,INDEPENDIENTES,500045,2,Aprueba con Observaciones,Sí,No
ALLISON_OSSANDON_MANRIQUE__CORDILLERA,ALLISON OSSANDON MANRIQUE,M,REGIÓN METROPOLITANA DE SANTIAGO,CORDILLERA,PARTIDO SOCIAL CRISTIANO E INDEPENDIENTES,No aplica,PSC,PARTIDO SOCIAL CRISTIANO,4190400,5,Aprueba,Sí,No
EDISON_LEBRACK_CARRASCO_VILLEGAS__CORDILLERA,EDISON LEBRACK CARRASCO VILLEGAS,H,REGIÓN METROPOLITANA DE SANTIAGO,CORDILLERA,PARTIDO SOCIAL CRISTIANO E INDEPENDIENTES,No aplica,IND,INDEPENDIENTES,2759420,4,Aprueba,Sí,No
MONICA_ORTIZ_VIDAL__CORDILLERA,MONICA ORTIZ VIDAL,M,REGIÓN METROPOLITANA DE SANTIAGO,CORDILLERA,PARTIDO SOCIAL CRISTIANO E INDEPENDIENTES,No aplica,IND,INDEPENDIENTES,490400,2,Aprueba,Sí,No
JOSE_PABLO_SOTO_MADRID__CORDILLERA,JOSE PABLO SOTO MADRID,H,REGIÓN METROPOLITANA DE SANTIAGO,CORDILLERA,CHILE VAMOS RENOVACION NACIONAL - INDEPENDIENTES,No aplica,RN,RENOVACION NACIONAL,25619000,6,Aprueba con Observaciones,Sí,Sí
LUIS_TAPIA_BASTIAS__CORDILLERA,LUIS TAPIA BASTIAS,H,REGIÓN METROPOLITANA DE SANTIAGO,CORDILLERA,CHILE VAMOS RENOVACION NACIONAL - INDEPENDIENTES,No aplica,RN,RENOVACION NACIONAL,10969057,7,Rechaza,Sí,No
MAURICIO_ROSEN_FUENTEALBA__CORDILLERA,MAURICIO ROSEN FUENTEALBA,H,REGIÓN METROPOLITANA DE SANTIAGO,CORDILLERA,CHILE VAMOS RENOVACION NACIONAL - INDEPENDIENTES,No aplica,IND,INDEPENDIENTES,8898323,18,Aprueba con Observaciones,Sí,No
GIOVANNA_NASTASI_ALMENDARES__CORDILLERA,GIOVANNA NASTASI ALMENDARES,M,REGIÓN METROPOLITANA DE SANTIAGO,CORDILLERA,REGIONES VERDES LIBERALES,No aplica,PL,PARTIDO LIBERAL DE CHILE,12132185,12,Aprueba con Observaciones,Sí,No
RAMON_ALEJANDRO_AGUIRRE_AGUIRRE__CORDILLERA,RAMON ALEJANDRO AGUIRRE AGUIRRE,H,REGIÓN METROPOLITANA DE SANTIAGO,CORDILLERA,REGIONES VERDES LIBERALES,No aplica,FREVS,FEDERACION REGIONALISTA VERDE SOCIAL,3290241,7,Aprueba,Sí,No
LUIS_HERNAN_MUNOZ_QUINTEROS__CORDILLERA,LUIS HERNAN MUÑOZ QUINTEROS,H,REGIÓN METROPOLITANA DE SANTIAGO,CORDILLERA,REGIONES VERDES LIBERALES,No aplica,IND,INDEPENDIENTES,7099294,17,Aprueba,Sí,No
FERNANDO_MADRID_CATALAN__CORDILLERA,FERNANDO MADRID CATALAN,H,REGIÓN METROPOLITANA DE SANTIAGO,CORDILLERA,LO MEJOR PARA CHILE,PPD E INDEPENDIENTES,PPD,PARTIDO POR LA DEMOCRACIA,6838520,24,Aprueba,Sí,No
ALEJANDRA_PAMELA_JARA_QUIROZ__CORDILLERA,ALEJANDRA PAMELA JARA QUIROZ,M,REGIÓN METROPOLITANA DE SANTIAGO,CORDILLERA,PARTIDO DE LA GENTE E INDEPENDIENTES,No aplica,PDG,PARTIDO DE LA GENTE,8780070,17,Rechaza,Sí,No
GLORIA_JEANNETTE_VERA_RUBIO__CORDILLERA,GLORIA JEANNETTE VERA RUBIO,M,REGIÓN METROPOLITANA DE SANTIAGO,CORDILLERA,PARTIDO DE LA GENTE E INDEPENDIENTES,No aplica,PDG,PARTIDO DE LA GENTE,540000,9,Aprueba con Observaciones,Sí,No
JONATHAN_ENRIQUE_BARRERA_GUAJARDO__CORDILLERA,JONATHAN ENRIQUE BARRERA GUAJARDO,H,REGIÓN METROPOLITANA DE SANTIAGO,CORDILLERA,CENTRO DEMOCRATICO,DEMOCRATAS E INDEPENDIENTES,IND,INDEPENDIENTES,7946051,9,Aprueba con Observaciones,Sí,No
ANTONIA_IGNACIA_ALVAREZ_SANDOVAL__CORDILLERA,ANTONIA IGNACIA ALVAREZ SANDOVAL,M,REGIÓN METROPOLITANA DE SANTIAGO,CORDILLERA,FRENTE AMPLIO,FRENTE AMPLIO E INDEPENDIENTES,FA,FRENTE AMPLIO,16601453,45,Aprueba,Sí,Sí
JIMENA_DEL_CARMEN_QUEZADA_LIZAMA__CORDILLERA,JIMENA DEL CARMEN QUEZADA LIZAMA,M,REGIÓN METROPOLITANA DE SANTIAGO,CORDILLERA,FRENTE AMPLIO,FRENTE AMPLIO E INDEPENDIENTES,FA,FRENTE AMPLIO,7784602,33,Aprueba,Sí,No
FABIAN_ALFONSO_ZUNIGA_TAPIA__CORDILLERA,FABIAN ALFONSO ZUÑIGA TAPIA,H,REGIÓN METROPOLITANA DE SANTIAGO,CORDILLERA,FRENTE AMPLIO,FRENTE AMPLIO E INDEPENDIENTES,IND,INDEPENDIENTES,9458321,38,Aprueba con Observaciones,Sí,No
ELIAS_MESIAS_SANDOVAL__CORDILLERA,ELIAS MESIAS SANDOVAL,H,REGIÓN METROPOLITANA DE SANTIAGO,CORDILLERA,CHILE VAMOS UDI - INDEPENDIENTES,No aplica,UDI,UNION DEMOCRATA INDEPENDIENTE,500000,7,Aprueba,Sí,No
SOFIA_SCHWERTER_CABEZAS__CORDILLERA,SOFIA SCHWERTER CABEZAS,M,REGIÓN METROPOLITANA DE SANTIAGO,CORDILLERA,CHILE VAMOS UDI - INDEPENDIENTES,No aplica,UDI,UNION DEMOCRATA INDEPENDIENTE,500000,3,Aprueba,Sí,No
GONZALO_PATRICIO_QUIROZ_ARRIAGADA__CORDILLERA,GONZALO PATRICIO QUIROZ ARRIAGADA,H,REGIÓN METROPOLITANA DE SANTIAGO,CORDILLERA,CHILE VAMOS EVOPOLI - INDEPENDIENTES,No aplica,EVOPOLI,EVOLUCION POLITICA,0,0,Aprueba,No,No
MARTIN_FRANCISCO_HIRIART_BERTRAND__CORDILLERA,MARTIN FRANCISCO HIRIART BERTRAND,H,REGIÓN METROPOLITANA DE SANTIAGO,CORDILLERA,CHILE VAMOS EVOPOLI - INDEPENDIENTES,No aplica,EVOPOLI,EVOLUCION POLITICA,1206660,4,Aprueba con Observaciones,Sí,No
VICENTE_IGNACIO_DE_LA_NOI_SIMONELLI__CORDILLERA,VICENTE IGNACIO DE LA NOI SIMONELLI,H,REGIÓN METROPOLITANA DE SANTIAGO,CORDILLERA,CHILE VAMOS EVOPOLI - INDEPENDIENTES,No aplica,EVOPOLI,EVOLUCION POLITICA,2242084,10,Aprueba,Sí,No
MARIO_FERNANDO_RAMIREZ_VAZCONCELOS__CORDILLERA,MARIO FERNANDO RAMIREZ VAZCONCELOS,H,REGIÓN METROPOLITANA DE SANTIAGO,CORDILLERA,"ECOLOGISTAS, ANIMALISTAS E INDEPENDIENTES",No aplica,PAVP,PARTIDO ALIANZA VERDE POPULAR,4132750,5,Aprueba,Sí,No
EDITH_MYRIAM_AEDO_MEZA__CORDILLERA,EDITH MYRIAM AEDO MEZA,M,REGIÓN METROPOLITANA DE SANTIAGO,CORDILLERA,REPUBLICANOS E INDEPENDIENTES,No aplica,REPUBLICANO,PARTIDO REPUBLICANO DE CHILE,8344475,50,Aprueba con Observaciones,Sí,No
LUIS_DAVID_CORTES_RAMIREZ__CORDILLERA,LUIS DAVID CORTES RAMIREZ,H,REGIÓN METROPOLITANA DE SANTIAGO,CORDILLERA,REPUBLICANOS E INDEPENDIENTES,No aplica,REPUBLICANO,PARTIDO REPUBLICANO DE CHILE,15830000,17,Aprueba con Observaciones,Sí,Sí
ROLANDO_ARNOLDO_MEZA_ROMAN__MAIPO,ROLANDO ARNOLDO MEZA ROMAN,H,REGIÓN METROPOLITANA DE SANTIAGO,MAIPO,IZQUIERDA ECOLOGISTA POPULAR,No aplica,PH,PARTIDO HUMANISTA,7427244,8,Aprueba con Observaciones,Sí,No
EFRAIN_MIGUEL_SALDIAS_ROA__MAIPO,EFRAIN MIGUEL SALDIAS ROA,H,REGIÓN METROPOLITANA DE SANTIAGO,MAIPO,IZQUIERDA ECOLOGISTA POPULAR,No aplica,PH,PARTIDO HUMANISTA,613053,5,Aprueba con Observaciones,Sí,No
YURI_RODRIGO_LAINO_GONZALEZ__MAIPO,YURI RODRIGO LAIÑO GONZALEZ,H,REGIÓN METROPOLITANA DE SANTIAGO,MAIPO,TODAS Y TODOS POR CHILE,PARTIDO COMUNISTA E INDEPENDIENTES,PCCH,PARTIDO COMUNISTA DE CHILE,3100000,6,Aprueba,Sí,No
ROSARIO_LIQUITAY_ROJAS__MAIPO,ROSARIO LIQUITAY ROJAS,M,REGIÓN METROPOLITANA DE SANTIAGO,MAIPO,PARTIDO SOCIAL CRISTIANO E INDEPENDIENTES,No aplica,PSC,PARTIDO SOCIAL CRISTIANO,238000,2,Aprueba con Observaciones,Sí,No
GERARDO_LUIS_NEGRON_MACIAS__MAIPO,GERARDO LUIS NEGRON MACIAS,H,REGIÓN METROPOLITANA DE SANTIAGO,MAIPO,PARTIDO SOCIAL CRISTIANO E INDEPENDIENTES,No aplica,IND,INDEPENDIENTES,5757301,31,Aprueba con Observaciones,Sí,No
ERIC_ROBINSON_CARRASCO_VILLEGAS__MAIPO,ERIC ROBINSON CARRASCO VILLEGAS,H,REGIÓN METROPOLITANA DE SANTIAGO,MAIPO,PARTIDO SOCIAL CRISTIANO E INDEPENDIENTES,No aplica,IND,INDEPENDIENTES,2259420,3,Aprueba con Observaciones,Sí,No
VANESSA_LEIVA_ROJAS__MAIPO,VANESSA LEIVA ROJAS,M,REGIÓN METROPOLITANA DE SANTIAGO,MAIPO,CHILE VAMOS RENOVACION NACIONAL - INDEPENDIENTES,No aplica,RN,RENOVACION NACIONAL,19967051,50,Aprueba,Sí,Sí
JOVANKA_COLLAO_MARTINEZ__MAIPO,JOVANKA COLLAO MARTINEZ,M,REGIÓN METROPOLITANA DE SANTIAGO,MAIPO,CHILE VAMOS RENOVACION NACIONAL - INDEPENDIENTES,No aplica,IND,INDEPENDIENTES,29552226,40,Aprueba con Observaciones,Sí,Sí
MARIO_PATRICIO_MARTELL_NARANJO__MAIPO,MARIO PATRICIO MARTELL NARANJO,H,REGIÓN METROPOLITANA DE SANTIAGO,MAIPO,REGIONES VERDES LIBERALES,No aplica,FREVS,FEDERACION REGIONALISTA VERDE SOCIAL,500000,1,Aprueba con Observaciones,Sí,No
CARLOS_ALBERTO_RIVERA_PINEDA__MAIPO,CARLOS ALBERTO RIVERA PIÑEDA,H,REGIÓN METROPOLITANA DE SANTIAGO,MAIPO,REGIONES VERDES LIBERALES,No aplica,FREVS,FEDERACION REGIONALISTA VERDE SOCIAL,517683,2,Aprueba,Sí,No
DANERITT_FAUNDEZ_CORNEJO__MAIPO,DANERITT FAUNDEZ CORNEJO,M,REGIÓN METROPOLITANA DE SANTIAGO,MAIPO,REGIONES VERDES LIBERALES,No aplica,PL,PARTIDO LIBERAL DE CHILE,6480650,10,Aprueba con Observaciones,Sí,No
SADI_MELO_MOYA__MAIPO,SADI MELO MOYA,H,REGIÓN METROPOLITANA DE SANTIAGO,MAIPO,LO MEJOR PARA CHILE,PS E INDEPENDIENTES,PS,PARTIDO SOCIALISTA DE CHILE,25490850,55,Rechaza,Sí,Sí
DANIEL_CARTES_CASTILLO__MAIPO,DANIEL CARTES CASTILLO,H,REGIÓN METROPOLITANA DE SANTIAGO,MAIPO,LO MEJOR PARA CHILE,PS E INDEPENDIENTES,PS,PARTIDO SOCIALISTA DE CHILE,40699400,26,Aprueba,Sí,Sí
ANDRES_RAUL_SANCHEZ_FREDES__MAIPO,ANDRES RAUL SANCHEZ FREDES,H,REGIÓN METROPOLITANA DE SANTIAGO,MAIPO,PARTIDO DE LA GENTE E INDEPENDIENTES,No aplica,PDG,PARTIDO DE LA GENTE,6923000,8,Aprueba,Sí,No
GONZALO_ANTONIO_PACHECO_VILLAGRA__MAIPO,GONZALO ANTONIO PACHECO VILLAGRA,H,REGIÓN METROPOLITANA DE SANTIAGO,MAIPO,POR UN CHILE MEJOR,No aplica,PDC,PARTIDO DEMOCRATA CRISTIANO,2300000,4,Aprueba,Sí,No
VALERIA_NICOLE_ZAMUDIO_ROMAN__MAIPO,VALERIA NICOLE ZAMUDIO ROMAN,M,REGIÓN METROPOLITANA DE SANTIAGO,MAIPO,POR UN CHILE MEJOR,No aplica,PDC,PARTIDO DEMOCRATA CRISTIANO,8040890,23,Aprueba,Sí,No
NIXON_JEAN_PIERRE_BALMACEDA_ARAYA__MAIPO,NIXON JEAN PIERRE BALMACEDA ARAYA,H,REGIÓN METROPOLITANA DE SANTIAGO,MAIPO,POR UN CHILE MEJOR,No aplica,IND,INDEPENDIENTES,1500000,7,Aprueba con Observaciones,Sí,No
CAMILA_ISIDORA_NAVARRO_VARGAS__MAIPO,CAMILA ISIDORA NAVARRO VARGAS,M,REGIÓN METROPOLITANA DE SANTIAGO,MAIPO,FRENTE AMPLIO,FRENTE AMPLIO E INDEPENDIENTES,FA,FRENTE AMPLIO,28595145,65,Aprueba,Sí,Sí
SEBASTIAN_OSVALDO_GALARCE_PARDO__MAIPO,SEBASTIAN OSVALDO GALARCE PARDO,H,REGIÓN METROPOLITANA DE SANTIAGO,MAIPO,FRENTE AMPLIO,FRENTE AMPLIO E INDEPENDIENTES,FA,FRENTE AMPLIO,837424,46,Aprueba con Observaciones,Sí,No
FELIPE_ANDRES_ESPINOSA_ALARCON__MAIPO,FELIPE ANDRES ESPINOSA ALARCON,H,REGIÓN METROPOLITANA DE SANTIAGO,MAIPO,FRENTE AMPLIO,FRENTE AMPLIO E INDEPENDIENTES,FA,FRENTE AMPLIO,16417903,17,Aprueba,Sí,Sí
NICOLE_AGUILERA_RAMIREZ__MAIPO,NICOLE AGUILERA RAMIREZ,M,REGIÓN METROPOLITANA DE SANTIAGO,MAIPO,CHILE VAMOS UDI - INDEPENDIENTES,No aplica,UDI,UNION DEMOCRATA INDEPENDIENTE,10061808,17,Aprueba con Observaciones,Sí,No
RODRIGO_LABBE_AUSSET__MAIPO,RODRIGO LABBE AUSSET,H,REGIÓN METROPOLITANA DE SANTIAGO,MAIPO,CHILE VAMOS UDI - INDEPENDIENTES,No aplica,IND,INDEPENDIENTES,10267030,9,Aprueba con Observaciones,Sí,No
PABLO_ANDRES_FUENZALIDA_VIVANCO__MAIPO,PABLO ANDRES FUENZALIDA VIVANCO,H,REGIÓN METROPOLITANA DE SANTIAGO,MAIPO,CHILE VAMOS UDI - INDEPENDIENTES,No aplica,IND,INDEPENDIENTES,1399999,5,Aprueba con Observaciones,Sí,No
FLOR_FRANCISCA_GODOY_LUCERO__MAIPO,FLOR FRANCISCA GODOY LUCERO,M,REGIÓN METROPOLITANA DE SANTIAGO,MAIPO,CHILE VAMOS EVOPOLI - INDEPENDIENTES,No aplica,IND,INDEPENDIENTES,4090850,5,Rechaza,Sí,No
JUAN_JOSE_MORENO_ZAMORANO__MAIPO,JUAN JOSE MORENO ZAMORANO,H,REGIÓN METROPOLITANA DE SANTIAGO,MAIPO,CHILE VAMOS EVOPOLI - INDEPENDIENTES,No aplica,IND,INDEPENDIENTES,1454000,4,Aprueba,Sí,No
MARIA_JOSE_CORTEZ_DIAZ__MAIPO,MARIA JOSE CORTEZ DIAZ,M,REGIÓN METROPOLITANA DE SANTIAGO,MAIPO,CHILE VAMOS EVOPOLI - INDEPENDIENTES,No aplica,IND,INDEPENDIENTES,2965006,5,Aprueba,Sí,No
JORGE_SEBASTIAN_HORMAZABAL_VALLECILLO__MAIPO,JORGE SEBASTIAN HORMAZABAL VALLECILLO,H,REGIÓN METROPOLITANA DE SANTIAGO,MAIPO,"ECOLOGISTAS, ANIMALISTAS E INDEPENDIENTES",No aplica,IND,INDEPENDIENTES,0,0,Rechaza,No,No
WALTER_CABEZA_CERDA__MAIPO,WALTER CABEZA CERDA,H,REGIÓN METROPOLITANA DE SANTIAGO,MAIPO,"ECOLOGISTAS, ANIMALISTAS E INDEPENDIENTES",No aplica,IND,INDEPENDIENTES,4540000,8,Aprueba,Sí,No
VICTOR_MANUEL_VALDES_LANDEROS__MAIPO,VICTOR MANUEL VALDES LANDEROS,H,REGIÓN METROPOLITANA DE SANTIAGO,MAIPO,REPUBLICANOS E INDEPENDIENTES,No aplica,REPUBLICANO,PARTIDO REPUBLICANO DE CHILE,15000864,5,Aprueba,Sí,Sí
MARCELA_CAROLINA_ZBINDEN_PEREIRA__MAIPO,MARCELA CAROLINA ZBINDEN PEREIRA,M,REGIÓN METROPOLITANA DE SANTIAGO,MAIPO,REPUBLICANOS E INDEPENDIENTES,No aplica,REPUBLICANO,PARTIDO REPUBLICANO DE CHILE,8678295,7,Aprueba con Observaciones,Sí,No
JUAN_FRANCISCO_VASQUEZ_SILVA__MAIPO,JUAN FRANCISCO VASQUEZ SILVA,H,REGIÓN METROPOLITANA DE SANTIAGO,MAIPO,REPUBLICANOS E INDEPENDIENTES,No aplica,IND,INDEPENDIENTES,8543962,18,Aprueba con Observaciones,Sí,No
JULIA_DEL_CARMEN_UGARTE_CANCINO__MELIPILLA,JULIA DEL CARMEN UGARTE CANCINO,M,REGIÓN METROPOLITANA DE SANTIAGO,MELIPILLA,TODAS Y TODOS POR CHILE,PARTIDO COMUNISTA E INDEPENDIENTES,IND,INDEPENDIENTES,4202074,21,Aprueba con Observaciones,Sí,No
SEBASTIAN_ZUNIGA_AMPUERO__MELIPILLA,SEBASTIAN ZUÑIGA AMPUERO,H,REGIÓN METROPOLITANA DE SANTIAGO,MELIPILLA,CHILE VAMOS RENOVACION NACIONAL - INDEPENDIENTES,No aplica,RN,RENOVACION NACIONAL,8936346,7,Aprueba,Sí,No
FELIPE_YERKO_ESPINOZA_CONTRERAS__MELIPILLA,FELIPE YERKO ESPINOZA CONTRERAS,H,REGIÓN METROPOLITANA DE SANTIAGO,MELIPILLA,TU REGION RADICAL,No aplica,IND,INDEPENDIENTES,0,0,Rechaza,No,No
RAUL_ANTONIO_ROJAS_LEON__MELIPILLA,RAUL ANTONIO ROJAS LEON,H,REGIÓN METROPOLITANA DE SANTIAGO,MELIPILLA,REGIONES VERDES LIBERALES,No aplica,FREVS,FEDERACION REGIONALISTA VERDE SOCIAL,13304741,8,Rechaza,Sí,No
RAMON_ANDRES_MALLEA_ARAUS__MELIPILLA,RAMON ANDRES MALLEA ARAUS,H,REGIÓN METROPOLITANA DE SANTIAGO,MELIPILLA,REGIONES VERDES LIBERALES,No aplica,IND,INDEPENDIENTES,20917637,52,Aprueba,Sí,Sí
CRISTINA_ALEJANDRA_SOTO_MESSINA__MELIPILLA,CRISTINA ALEJANDRA SOTO MESSINA,M,REGIÓN METROPOLITANA DE SANTIAGO,MELIPILLA,LO MEJOR PARA CHILE,PPD E INDEPENDIENTES,PPD,PARTIDO POR LA DEMOCRACIA,12970659,20,Aprueba,Sí,No
JUAN_MANUEL_GONZALEZ_ALARCON__MELIPILLA,JUAN MANUEL GONZALEZ ALARCON,H,REGIÓN METROPOLITANA DE SANTIAGO,MELIPILLA,LO MEJOR PARA CHILE,PPD E INDEPENDIENTES,IND,INDEPENDIENTES,20880000,18,Aprueba,Sí,Sí
LUIS_DIAZ_PALOMINOS__MELIPILLA,LUIS DIAZ PALOMINOS,H,REGIÓN METROPOLITANA DE SANTIAGO,MELIPILLA,POR UN CHILE MEJOR,No aplica,IND,INDEPENDIENTES,6269025,13,Rechaza,Sí,No
BORIS_GABRIEL_CERDA_GARCIA__MELIPILLA,BORIS GABRIEL CERDA GARCIA,H,REGIÓN METROPOLITANA DE SANTIAGO,MELIPILLA,FRENTE AMPLIO,FRENTE AMPLIO E INDEPENDIENTES,FA,FRENTE AMPLIO,1981202,14,Aprueba,Sí,No
JAVIER_RAMIREZ_GONZALEZ__MELIPILLA,JAVIER RAMIREZ GONZALEZ,H,REGIÓN METROPOLITANA DE SANTIAGO,MELIPILLA,CHILE VAMOS UDI - INDEPENDIENTES,No aplica,UDI,UNION DEMOCRATA INDEPENDIENTE,28535720,33,Aprueba con Observaciones,Sí,Sí
RODRIGO_PORTUGUEZ_FUENTES__MELIPILLA,RODRIGO PORTUGUEZ FUENTES,H,REGIÓN METROPOLITANA DE SANTIAGO,MELIPILLA,CHILE VAMOS UDI - INDEPENDIENTES,No aplica,IND,INDEPENDIENTES,2680208,11,Aprueba con Observaciones,Sí,No
MARIANO_ANDRES_ALISTE_ALVAREZ__MELIPILLA,MARIANO ANDRES ALISTE ALVAREZ,H,REGIÓN METROPOLITANA DE SANTIAGO,MELIPILLA,CHILE VAMOS EVOPOLI - INDEPENDIENTES,No aplica,IND,INDEPENDIENTES,0,0,Rechaza,No,No
ANGELO_ALIRO_CERDA_MESA__MELIPILLA,ANGELO ALIRO CERDA MESA,H,REGIÓN METROPOLITANA DE SANTIAGO,MELIPILLA,CHILE VAMOS EVOPOLI - INDEPENDIENTES,No aplica,IND,INDEPENDIENTES,160223,10,Aprueba con Observaciones,Sí,No
ENRIQUE_LARRONDO_ORREGO__MELIPILLA,ENRIQUE LARRONDO ORREGO,H,REGIÓN METROPOLITANA DE SANTIAGO,MELIPILLA,REPUBLICANOS E INDEPENDIENTES,No aplica,REPUBLICANO,PARTIDO REPUBLICANO DE CHILE,12813582,80,Aprueba con Observaciones,Sí,No
RICARDO_ESTEBAN_ARAYA_OLIVIER__MELIPILLA,RICARDO ESTEBAN ARAYA OLIVIER,H,REGIÓN METROPOLITANA DE SANTIAGO,MELIPILLA,REPUBLICANOS E INDEPENDIENTES,No aplica,REPUBLICANO,PARTIDO REPUBLICANO DE CHILE,9325914,22,Aprueba con Observaciones,Sí,No
AMELIA_DEL_CARMEN_GALLEGOS_RAMIREZ__SANTIAGO_I,AMELIA DEL CARMEN GALLEGOS RAMIREZ,M,REGIÓN METROPOLITANA DE SANTIAGO,SANTIAGO I,IZQUIERDA ECOLOGISTA POPULAR,No aplica,PH,PARTIDO HUMANISTA,7204600,17,Aprueba con Observaciones,Sí,No
CRISTIAN_MARCELO_CALDERON_MUNOZ__SANTIAGO_I,CRISTIAN MARCELO CALDERON MUÑOZ,H,REGIÓN METROPOLITANA DE SANTIAGO,SANTIAGO I,IZQUIERDA ECOLOGISTA POPULAR,No aplica,PH,PARTIDO HUMANISTA,6100000,10,Aprueba,Sí,No
JESUS_EDUARDO_PACHECO_GAVILAN__SANTIAGO_I,JESUS EDUARDO PACHECO GAVILAN,H,REGIÓN METROPOLITANA DE SANTIAGO,SANTIAGO I,IZQUIERDA ECOLOGISTA POPULAR,No aplica,PH,PARTIDO HUMANISTA,0,0,Rechaza,No,No
BEATRIZ_DEL_PILAR_ALBORNOZ_SOTO__SANTIAGO_I,BEATRIZ DEL PILAR ALBORNOZ SOTO,M,REGIÓN METROPOLITANA DE SANTIAGO,SANTIAGO I,TODAS Y TODOS POR CHILE,PARTIDO COMUNISTA E INDEPENDIENTES,PCCH,PARTIDO COMUNISTA DE CHILE,6810148,18,Aprueba,Sí,No
LUIS_EMILIO_HUENANTE_VEGA__SANTIAGO_I,LUIS EMILIO HUENANTE VEGA,H,REGIÓN METROPOLITANA DE SANTIAGO,SANTIAGO I,TODAS Y TODOS POR CHILE,PARTIDO COMUNISTA E INDEPENDIENTES,PCCH,PARTIDO COMUNISTA DE CHILE,4306000,32,Aprueba,Sí,No
MELISSA_BELEN_TAPIA_PARRA__SANTIAGO_I,MELISSA BELEN TAPIA PARRA,M,REGIÓN METROPOLITANA DE SANTIAGO,SANTIAGO I,TODAS Y TODOS POR CHILE,ACCION HUMANISTA E INDEPENDIENTES,AH,PARTIDO ACCIÓN HUMANISTA,0,0,Aprueba con Observaciones,No,No
CRISTOPHER_ALEXEIS_SUAREZ_GONZALEZ__SANTIAGO_I,CRISTOPHER ALEXEIS SUAREZ GONZALEZ,H,REGIÓN METROPOLITANA DE SANTIAGO,SANTIAGO I,PARTIDO SOCIAL CRISTIANO E INDEPENDIENTES,No aplica,IND,INDEPENDIENTES,8298099,9,Aprueba,Sí,No
JOCELYN_CAROLINA_FERRADA_PACHECO__SANTIAGO_I,JOCELYN CAROLINA FERRADA PACHECO,M,REGIÓN METROPOLITANA DE SANTIAGO,SANTIAGO I,PARTIDO SOCIAL CRISTIANO E INDEPENDIENTES,No aplica,IND,INDEPENDIENTES,3418840,5,Rechaza,Sí,No
NEBBIA_OTAROLA_LEON__SANTIAGO_I,NEBBIA OTAROLA LEON,M,REGIÓN METROPOLITANA DE SANTIAGO,SANTIAGO I,CHILE VAMOS RENOVACION NACIONAL - INDEPENDIENTES,No aplica,RN,RENOVACION NACIONAL,12456112,66,Aprueba con Observaciones,Sí,No
FELIPE_TILLERIA_VILAZA__SANTIAGO_I,FELIPE TILLERIA VILAZA,H,REGIÓN METROPOLITANA DE SANTIAGO,SANTIAGO I,CHILE VAMOS RENOVACION NACIONAL - INDEPENDIENTES,No aplica,IND,INDEPENDIENTES,17881290,37,Aprueba,Sí,Sí
PILAR_OLAVARRIA_TAPIA__SANTIAGO_I,PILAR OLAVARRIA TAPIA,M,REGIÓN METROPOLITANA DE SANTIAGO,SANTIAGO I,CHILE VAMOS RENOVACION NACIONAL - INDEPENDIENTES,No aplica,IND,INDEPENDIENTES,13036430,5,Aprueba con Observaciones,Sí,No
ALEXIS_CRISTOPHER_GARRIDO_NUNEZ__SANTIAGO_I,ALEXIS CRISTOPHER GARRIDO NUÑEZ,H,REGIÓN METROPOLITANA DE SANTIAGO,SANTIAGO I,TU REGION RADICAL,No aplica,IND,INDEPENDIENTES,30373401,15,Rechaza,Sí,Sí
FREDDY_ALEJANDRO_PLACENCIO_COFRE__SANTIAGO_I,FREDDY ALEJANDRO PLACENCIO COFRE,H,REGIÓN METROPOLITANA DE SANTIAGO,SANTIAGO I,TU REGION RADICAL,No aplica,IND,INDEPENDIENTES,852300,13,Aprueba con Observaciones,Sí,No
WALTER_GUILLERMO_GONZALEZ_MIRANDA__SANTIAGO_I,WALTER GUILLERMO GONZALEZ MIRANDA,H,REGIÓN METROPOLITANA DE SANTIAGO,SANTIAGO I,REGIONES VERDES LIBERALES,No aplica,FREVS,FEDERACION REGIONALISTA VERDE SOCIAL,9335406,47,Aprueba,Sí,No
DAVID_GABRIEL_QUEZADA_GOMEZ__SANTIAGO_I,DAVID GABRIEL QUEZADA GOMEZ,H,REGIÓN METROPOLITANA DE SANTIAGO,SANTIAGO I,REGIONES VERDES LIBERALES,No aplica,FREVS,FEDERACION REGIONALISTA VERDE SOCIAL,4248696,4,Rechaza,Sí,No
RODRIGO_VALLEJOS_CALDERON__SANTIAGO_I,RODRIGO VALLEJOS CALDERON,H,REGIÓN METROPOLITANA DE SANTIAGO,SANTIAGO I,REGIONES VERDES LIBERALES,No aplica,IND,INDEPENDIENTES,2067608,6,Aprueba con Observaciones,Sí,No
BARBARA_ALEXANDRA_SEPULVEDA_VERA__SANTIAGO_I,BARBARA ALEXANDRA SEPULVEDA VERA,M,REGIÓN METROPOLITANA DE SANTIAGO,SANTIAGO I,LO MEJOR PARA CHILE,PPD E INDEPENDIENTES,PPD,PARTIDO POR LA DEMOCRACIA,3981602,9,Aprueba,Sí,No
JOHANNA_VICTORIA_ESCANILLA_VILLARROEL__SANTIAGO_I,JOHANNA VICTORIA ESCANILLA VILLARROEL,M,REGIÓN METROPOLITANA DE SANTIAGO,SANTIAGO I,LO MEJOR PARA CHILE,PPD E INDEPENDIENTES,PPD,PARTIDO POR LA DEMOCRACIA,7301250,14,Aprueba con Observaciones,Sí,No
MIGUEL_PASTENES_JAQUE__SANTIAGO_I,MIGUEL PASTENES JAQUE,H,REGIÓN METROPOLITANA DE SANTIAGO,SANTIAGO I,LO MEJOR PARA CHILE,PS E INDEPENDIENTES,PS,PARTIDO SOCIALISTA DE CHILE,19594420,22,Aprueba con Observaciones,Sí,Sí
FRANCISCO_JAVIER_LIZANA_DONOSO__SANTIAGO_I,FRANCISCO JAVIER LIZANA DONOSO,H,REGIÓN METROPOLITANA DE SANTIAGO,SANTIAGO I,PARTIDO DE LA GENTE E INDEPENDIENTES,No aplica,PDG,PARTIDO DE LA GENTE,1850496,18,Aprueba,Sí,No
JONATHAN_NICOLAS_GONZALEZ_NUNEZ__SANTIAGO_I,JONATHAN NICOLAS GONZALEZ NUÑEZ,H,REGIÓN METROPOLITANA DE SANTIAGO,SANTIAGO I,PARTIDO DE LA GENTE E INDEPENDIENTES,No aplica,PDG,PARTIDO DE LA GENTE,5994710,15,Aprueba,Sí,No
DANIEL_RENATO_SPENCER_ROCCO__SANTIAGO_I,DANIEL RENATO SPENCER ROCCO,H,REGIÓN METROPOLITANA DE SANTIAGO,SANTIAGO I,POR UN CHILE MEJOR,No aplica,PDC,PARTIDO DEMOCRATA CRISTIANO,33215300,11,Aprueba con Observaciones,Sí,Sí
JORGE_GALDAMES_HOROSTICA__SANTIAGO_I,JORGE GALDAMES HOROSTICA,H,REGIÓN METROPOLITANA DE SANTIAGO,SANTIAGO I,CENTRO DEMOCRATICO,DEMOCRATAS E INDEPENDIENTES,DEMOCRATAS,PARTIDO DEMOCRATAS CHILE,18110443,45,Aprueba con Observaciones,Sí,Sí
JOSE_ARMANDO_PINO_MORALES__SANTIAGO_I,JOSE ARMANDO PINO MORALES,H,REGIÓN METROPOLITANA DE SANTIAGO,SANTIAGO I,CENTRO DEMOCRATICO,DEMOCRATAS E INDEPENDIENTES,IND,INDEPENDIENTES,3307840,13,Aprueba con Observaciones,Sí,No
ITALO_GEOVANI_DUBO_SOZA__SANTIAGO_I,ITALO GEOVANI DUBO SOZA,H,REGIÓN METROPOLITANA DE SANTIAGO,SANTIAGO I,CENTRO DEMOCRATICO,DEMOCRATAS E INDEPENDIENTES,IND,INDEPENDIENTES,6760000,2,Aprueba con Observaciones,Sí,No
LEONARDO_ANDRES_JOFRE_RIOS__SANTIAGO_I,LEONARDO ANDRES JOFRE RIOS,H,REGIÓN METROPOLITANA DE SANTIAGO,SANTIAGO I,FRENTE AMPLIO,FRENTE AMPLIO E INDEPENDIENTES,FA,FRENTE AMPLIO,29616368,56,Aprueba con Observaciones,Sí,Sí
ROMINA_ANDREA_LAVIN_DIVAS__SANTIAGO_I,ROMINA ANDREA LAVIN DIVAS,M,REGIÓN METROPOLITANA DE SANTIAGO,SANTIAGO I,FRENTE AMPLIO,FRENTE AMPLIO E INDEPENDIENTES,FA,FRENTE AMPLIO,10916917,39,Aprueba,Sí,No
MIGUEL_ALFREDO_ORTEGA_RUBIO__SANTIAGO_I,MIGUEL ALFREDO ORTEGA RUBIO,H,REGIÓN METROPOLITANA DE SANTIAGO,SANTIAGO I,FRENTE AMPLIO,FRENTE AMPLIO E INDEPENDIENTES,FA,FRENTE AMPLIO,0,0,Aprueba,No,No
CLAUDIA_MULLER_MEDINA__SANTIAGO_I,CLAUDIA MULLER MEDINA,M,REGIÓN METROPOLITANA DE SANTIAGO,SANTIAGO I,CHILE VAMOS UDI - INDEPENDIENTES,No aplica,UDI,UNION DEMOCRATA INDEPENDIENTE,9316285,8,Aprueba con Observaciones,Sí,No
JOSE_BUSTAMANTE_GARCIA__SANTIAGO_I,JOSE BUSTAMANTE GARCIA,H,REGIÓN METROPOLITANA DE SANTIAGO,SANTIAGO I,CHILE VAMOS UDI - INDEPENDIENTES,No aplica,IND,INDEPENDIENTES,10097386,21,Rechaza,Sí,No
MACARENA_ESCALA_CARRASCO__SANTIAGO_I,MACARENA ESCALA CARRASCO,M,REGIÓN METROPOLITANA DE SANTIAGO,SANTIAGO I,CHILE VAMOS UDI - INDEPENDIENTES,No aplica,IND,INDEPENDIENTES,9321752,14,Aprueba con Observaciones,Sí,No
ESTEBAN_JESUS_AGUILAR_GONZALEZ__SANTIAGO_I,ESTEBAN JESUS AGUILAR GONZALEZ,H,REGIÓN METROPOLITANA DE SANTIAGO,SANTIAGO I,CHILE VAMOS EVOPOLI - INDEPENDIENTES,No aplica,EVOPOLI,EVOLUCION POLITICA,3048369,6,Aprueba con Observaciones,Sí,No
LUIS_RODRIGO_ANTEQUERA_ITURRALDE__SANTIAGO_I,LUIS RODRIGO ANTEQUERA ITURRALDE,H,REGIÓN METROPOLITANA DE SANTIAGO,SANTIAGO I,CHILE VAMOS EVOPOLI - INDEPENDIENTES,No aplica,EVOPOLI,EVOLUCION POLITICA,238000,1,Aprueba,Sí,No
GABRIEL_IGNACIO_MAURER_AVENDANO__SANTIAGO_I,GABRIEL IGNACIO MAURER AVENDAÑO,H,REGIÓN METROPOLITANA DE SANTIAGO,SANTIAGO I,CHILE VAMOS EVOPOLI - INDEPENDIENTES,No aplica,EVOPOLI,EVOLUCION POLITICA,0,0,Aprueba,No,No
BENEDICTO_HUGO_RODRIGUEZ_BERRIOS__SANTIAGO_I,BENEDICTO HUGO RODRIGUEZ BERRIOS,H,REGIÓN METROPOLITANA DE SANTIAGO,SANTIAGO I,"ECOLOGISTAS, ANIMALISTAS E INDEPENDIENTES",No aplica,PAVP,PARTIDO ALIANZA VERDE POPULAR,0,0,Aprueba,No,No
RICHARD_FERNANDO_TAPIA_FUENTES__SANTIAGO_I,RICHARD FERNANDO TAPIA FUENTES,H,REGIÓN METROPOLITANA DE SANTIAGO,SANTIAGO I,"ECOLOGISTAS, ANIMALISTAS E INDEPENDIENTES",No aplica,IND,INDEPENDIENTES,7585002,16,Aprueba,Sí,No
GABRIELA_INES_GALLARDO_FUENTES__SANTIAGO_I,GABRIELA INES GALLARDO FUENTES,M,REGIÓN METROPOLITANA DE SANTIAGO,SANTIAGO I,REPUBLICANOS E INDEPENDIENTES,No aplica,REPUBLICANO,PARTIDO REPUBLICANO DE CHILE,3723702,18,Aprueba,Sí,No
RODRIGO_ANDRE_CHAVEZ_SEPULVEDA__SANTIAGO_I,RODRIGO ANDRE CHAVEZ SEPULVEDA,H,REGIÓN METROPOLITANA DE SANTIAGO,SANTIAGO I,REPUBLICANOS E INDEPENDIENTES,No aplica,REPUBLICANO,PARTIDO REPUBLICANO DE CHILE,6169057,9,Aprueba,Sí,No
HELMUT_DIETRICH_EBERHARD_KRAMER_ANGEL__SANTIAGO_II,HELMUT DIETRICH EBERHARD KRAMER ANGEL,H,REGIÓN METROPOLITANA DE SANTIAGO,SANTIAGO II,IZQUIERDA ECOLOGISTA POPULAR,No aplica,PH,PARTIDO HUMANISTA,3119638,12,Aprueba,Sí,No
NAOMI_MONSERRAT_JOHANSEN_ROMERO__SANTIAGO_II,NAOMI MONSERRAT JOHANSEN ROMERO,M,REGIÓN METROPOLITANA DE SANTIAGO,SANTIAGO II,IZQUIERDA ECOLOGISTA POPULAR,No aplica,PH,PARTIDO HUMANISTA,0,0,Aprueba con Observaciones,No,No
JORGE_ABRAHAM_MUNOZ_VILCHES__SANTIAGO_II,JORGE ABRAHAM MUÑOZ VILCHES,H,REGIÓN METROPOLITANA DE SANTIAGO,SANTIAGO II,IZQUIERDA ECOLOGISTA POPULAR,No aplica,IND,INDEPENDIENTES,5050000,5,Aprueba,Sí,No
MELANIE_BUSTOS_ALVEAL__SANTIAGO_II,MELANIE BUSTOS ALVEAL,M,REGIÓN METROPOLITANA DE SANTIAGO,SANTIAGO II,IZQUIERDA ECOLOGISTA POPULAR,No aplica,IND,INDEPENDIENTES,0,0,Aprueba con Observaciones,No,No
MARIA_EUGENIA_PUELMA_ALFARO__SANTIAGO_II,MARIA EUGENIA PUELMA ALFARO,M,REGIÓN METROPOLITANA DE SANTIAGO,SANTIAGO II,TODAS Y TODOS POR CHILE,PARTIDO COMUNISTA E INDEPENDIENTES,PCCH,PARTIDO COMUNISTA DE CHILE,6421500,52,Aprueba,Sí,No
JAIME_ANDRES_REYES_BRAVO__SANTIAGO_II,JAIME ANDRES REYES BRAVO,H,REGIÓN METROPOLITANA DE SANTIAGO,SANTIAGO II,TODAS Y TODOS POR CHILE,PARTIDO COMUNISTA E INDEPENDIENTES,PCCH,PARTIDO COMUNISTA DE CHILE,21772637,98,Aprueba,Sí,Sí
ALEJANDRO_ANDRES_MOYA_TRUJILLO__SANTIAGO_II,ALEJANDRO ANDRES MOYA TRUJILLO,H,REGIÓN METROPOLITANA DE SANTIAGO,SANTIAGO II,TODAS Y TODOS POR CHILE,ACCION HUMANISTA E INDEPENDIENTES,AH,PARTIDO ACCIÓN HUMANISTA,795120,2,Aprueba con Observaciones,Sí,No
ROXANA_CARRASCO_GALLARDO__SANTIAGO_II,ROXANA CARRASCO GALLARDO,M,REGIÓN METROPOLITANA DE SANTIAGO,SANTIAGO II,TODAS Y TODOS POR CHILE,ACCION HUMANISTA E INDEPENDIENTES,AH,PARTIDO ACCIÓN HUMANISTA,1703495,4,Aprueba con Observaciones,Sí,No
CECILIA_UGARTE_VALERIO__SANTIAGO_II,CECILIA UGARTE VALERIO,M,REGIÓN METROPOLITANA DE SANTIAGO,SANTIAGO II,PARTIDO SOCIAL CRISTIANO E INDEPENDIENTES,No aplica,PSC,PARTIDO SOCIAL CRISTIANO,755400,7,Aprueba,Sí,No
GABRIEL_ALEJANDRO_FUENTEALBA_BELTRAN__SANTIAGO_II,GABRIEL ALEJANDRO FUENTEALBA BELTRAN,H,REGIÓN METROPOLITANA DE SANTIAGO,SANTIAGO II,PARTIDO SOCIAL CRISTIANO E INDEPENDIENTES,No aplica,IND,INDEPENDIENTES,6990400,3,Aprueba,Sí,No
FELIPE_OBAL_DURAN__SANTIAGO_II,FELIPE OBAL DURAN,H,REGIÓN METROPOLITANA DE SANTIAGO,SANTIAGO II,CHILE VAMOS RENOVACION NACIONAL - INDEPENDIENTES,No aplica,RN,RENOVACION NACIONAL,77717230,27,Aprueba,Sí,Sí
GERARDO_BARRERA_MIRANDA__SANTIAGO_II,GERARDO BARRERA MIRANDA,H,REGIÓN METROPOLITANA DE SANTIAGO,SANTIAGO II,CHILE VAMOS RENOVACION NACIONAL - INDEPENDIENTES,No aplica,RN,RENOVACION NACIONAL,16158954,19,Aprueba,Sí,Sí
FRANCISCO_OXA_LARRONDO__SANTIAGO_II,FRANCISCO OXA LARRONDO,H,REGIÓN METROPOLITANA DE SANTIAGO,SANTIAGO II,CHILE VAMOS RENOVACION NACIONAL - INDEPENDIENTES,No aplica,RN,RENOVACION NACIONAL,23768524,14,Aprueba,Sí,Sí
CAROLINA_VILLALON_COLIN__SANTIAGO_II,CAROLINA VILLALON COLIN,M,REGIÓN METROPOLITANA DE SANTIAGO,SANTIAGO II,CHILE VAMOS RENOVACION NACIONAL - INDEPENDIENTES,No aplica,IND,INDEPENDIENTES,16129435,5,Aprueba,Sí,Sí
ALVARO_FABIAN_MEDINA_JARA__SANTIAGO_II,ALVARO FABIAN MEDINA JARA,H,REGIÓN METROPOLITANA DE SANTIAGO,SANTIAGO II,TU REGION RADICAL,No aplica,PR,PARTIDO RADICAL DE CHILE,1662375,3,Aprueba,Sí,No
JUAN_JOSE_MIGUEL_TAPIA_SALGADO__SANTIAGO_II,JUAN JOSE MIGUEL TAPIA SALGADO,H,REGIÓN METROPOLITANA DE SANTIAGO,SANTIAGO II,TU REGION RADICAL,No aplica,PR,PARTIDO RADICAL DE CHILE,3814675,13,Aprueba,Sí,No
SAMANTHA_SILVANA_SALDIVAR_GOMEZ__SANTIAGO_II,SAMANTHA SILVANA SALDIVAR GOMEZ,M,REGIÓN METROPOLITANA DE SANTIAGO,SANTIAGO II,TU REGION RADICAL,No aplica,IND,INDEPENDIENTES,4099185,9,Aprueba con Observaciones,Sí,No
BRAULIO_MEZA_GUERRERO__SANTIAGO_II,BRAULIO MEZA GUERRERO,H,REGIÓN METROPOLITANA DE SANTIAGO,SANTIAGO II,REGIONES VERDES LIBERALES,No aplica,FREVS,FEDERACION REGIONALISTA VERDE SOCIAL,3336554,16,Aprueba,Sí,No
ENRIQUE_MARCELINO_RIVERA_GARRIDO__SANTIAGO_II,ENRIQUE MARCELINO RIVERA GARRIDO,H,REGIÓN METROPOLITANA DE SANTIAGO,SANTIAGO II,REGIONES VERDES LIBERALES,No aplica,FREVS,FEDERACION REGIONALISTA VERDE SOCIAL,2017683,5,Aprueba,Sí,No
CYNTHIA_ANA_VIVALLO_CUEVAS__SANTIAGO_II,CYNTHIA ANA VIVALLO CUEVAS,M,REGIÓN METROPOLITANA DE SANTIAGO,SANTIAGO II,REGIONES VERDES LIBERALES,No aplica,PL,PARTIDO LIBERAL DE CHILE,30591201,27,Aprueba,Sí,Sí
DIOSCORO_ROJAS_CAMPOS__SANTIAGO_II,DIOSCORO ROJAS CAMPOS,H,REGIÓN METROPOLITANA DE SANTIAGO,SANTIAGO II,LO MEJOR PARA CHILE,PS E INDEPENDIENTES,PS,PARTIDO SOCIALISTA DE CHILE,8681900,34,Rechaza,Sí,No
LEIDY_ZAVALA_CARTAGENA__SANTIAGO_II,LEIDY ZAVALA CARTAGENA,M,REGIÓN METROPOLITANA DE SANTIAGO,SANTIAGO II,LO MEJOR PARA CHILE,PS E INDEPENDIENTES,IND,INDEPENDIENTES,2914217,13,Aprueba con Observaciones,Sí,No
JOSE_IGNACIO_MELLA_SILVA__SANTIAGO_II,JOSE IGNACIO MELLA SILVA,H,REGIÓN METROPOLITANA DE SANTIAGO,SANTIAGO II,LO MEJOR PARA CHILE,PPD E INDEPENDIENTES,PPD,PARTIDO POR LA DEMOCRACIA,20471420,52,Aprueba con Observaciones,Sí,Sí
MIGUEL_ANGEL_ECHEVERRIA_MADRID__SANTIAGO_II,MIGUEL ANGEL ECHEVERRIA MADRID,H,REGIÓN METROPOLITANA DE SANTIAGO,SANTIAGO II,LO MEJOR PARA CHILE,PPD E INDEPENDIENTES,PPD,PARTIDO POR LA DEMOCRACIA,0,0,Aprueba con Observaciones,No,No
PATRICIO_ISMAEL_ROMO_VARGAS__SANTIAGO_II,PATRICIO ISMAEL ROMO VARGAS,H,REGIÓN METROPOLITANA DE SANTIAGO,SANTIAGO II,PARTIDO DE LA GENTE E INDEPENDIENTES,No aplica,PDG,PARTIDO DE LA GENTE,12640874,9,Rechaza,Sí,No
JOSE_ALEJANDRO_MATUS_GARRIDO__SANTIAGO_II,JOSE ALEJANDRO MATUS GARRIDO,H,REGIÓN METROPOLITANA DE SANTIAGO,SANTIAGO II,POR UN CHILE MEJOR,No aplica,PDC,PARTIDO DEMOCRATA CRISTIANO,11172000,11,Aprueba con Observaciones,Sí,No
MARIA_MAGDALENA_CAYUQUEO_HERRERA__SANTIAGO_II,MARIA MAGDALENA CAYUQUEO HERRERA,M,REGIÓN METROPOLITANA DE SANTIAGO,SANTIAGO II,POR UN CHILE MEJOR,No aplica,PDC,PARTIDO DEMOCRATA CRISTIANO,11007100,12,Aprueba,Sí,No
FELIPE_IGNACIO_MORENO_MIRANDA__SANTIAGO_II,FELIPE IGNACIO MORENO MIRANDA,H,REGIÓN METROPOLITANA DE SANTIAGO,SANTIAGO II,POR UN CHILE MEJOR,No aplica,IND,INDEPENDIENTES,6457904,29,Aprueba con Observaciones,Sí,No
NOEMI_DEL_ROSARIO_MARTINEZ_DIAZ__SANTIAGO_II,NOEMI DEL ROSARIO MARTINEZ DIAZ,M,REGIÓN METROPOLITANA DE SANTIAGO,SANTIAGO II,FRENTE AMPLIO,FRENTE AMPLIO E INDEPENDIENTES,FA,FRENTE AMPLIO,11128066,21,Aprueba,Sí,No
SERVANDO_ENRIQUE_OMEROVICH_CONCHA__SANTIAGO_II,SERVANDO ENRIQUE OMEROVICH CONCHA,H,REGIÓN METROPOLITANA DE SANTIAGO,SANTIAGO II,FRENTE AMPLIO,FRENTE AMPLIO E INDEPENDIENTES,FA,FRENTE AMPLIO,12205511,12,Aprueba,Sí,No
CRISTOBAL_LEONARDO_PALMA_SAEZ__SANTIAGO_II,CRISTOBAL LEONARDO PALMA SAEZ,H,REGIÓN METROPOLITANA DE SANTIAGO,SANTIAGO II,FRENTE AMPLIO,FRENTE AMPLIO E INDEPENDIENTES,FA,FRENTE AMPLIO,5974692,10,Aprueba con Observaciones,Sí,No
RENE_ANDRES_MUNOZ_CONA__SANTIAGO_II,RENE ANDRES MUÑOZ CONA,H,REGIÓN METROPOLITANA DE SANTIAGO,SANTIAGO II,FRENTE AMPLIO,FRENTE AMPLIO E INDEPENDIENTES,IND,INDEPENDIENTES,9819885,55,Aprueba,Sí,No
FABIOLA_RODRIGUEZ_PARADA__SANTIAGO_II,FABIOLA RODRIGUEZ PARADA,M,REGIÓN METROPOLITANA DE SANTIAGO,SANTIAGO II,CHILE VAMOS UDI - INDEPENDIENTES,No aplica,UDI,UNION DEMOCRATA INDEPENDIENTE,26984872,69,Aprueba con Observaciones,Sí,Sí
CARLA_CASTILLO_FLORES__SANTIAGO_II,CARLA CASTILLO FLORES,M,REGIÓN METROPOLITANA DE SANTIAGO,SANTIAGO II,CHILE VAMOS UDI - INDEPENDIENTES,No aplica,UDI,UNION DEMOCRATA INDEPENDIENTE,6682300,8,Rechaza,Sí,No
VICENTE_MORAGA_DONOSO__SANTIAGO_II,VICENTE MORAGA DONOSO,H,REGIÓN METROPOLITANA DE SANTIAGO,SANTIAGO II,CHILE VAMOS UDI - INDEPENDIENTES,No aplica,UDI,UNION DEMOCRATA INDEPENDIENTE,3212360,8,Aprueba,Sí,No
CAMILA_NILO_MUNOZ__SANTIAGO_II,CAMILA NILO MUÑOZ,M,REGIÓN METROPOLITANA DE SANTIAGO,SANTIAGO II,CHILE VAMOS UDI - INDEPENDIENTES,No aplica,IND,INDEPENDIENTES,1568968,5,Rechaza,Sí,No
MARIA_JOSEFINA_TOCORNAL_COURT__SANTIAGO_II,MARIA JOSEFINA TOCORNAL COURT,M,REGIÓN METROPOLITANA DE SANTIAGO,SANTIAGO II,CHILE VAMOS EVOPOLI - INDEPENDIENTES,No aplica,EVOPOLI,EVOLUCION POLITICA,3990744,9,Aprueba,Sí,No
MAURICIO_ESTEBAN_DONOSO_VARAS__SANTIAGO_II,MAURICIO ESTEBAN DONOSO VARAS,H,REGIÓN METROPOLITANA DE SANTIAGO,SANTIAGO II,CHILE VAMOS EVOPOLI - INDEPENDIENTES,No aplica,EVOPOLI,EVOLUCION POLITICA,1481550,9,Aprueba,Sí,No
RODRIGO_ANDRES_COMAS_LOBATO__SANTIAGO_II,RODRIGO ANDRES COMAS LOBATO,H,REGIÓN METROPOLITANA DE SANTIAGO,SANTIAGO II,CHILE VAMOS EVOPOLI - INDEPENDIENTES,No aplica,EVOPOLI,EVOLUCION POLITICA,0,0,Aprueba,No,No
CELSO_NASARIO_CALFULLAN_CAMPOS__SANTIAGO_II,CELSO NASARIO CALFULLAN CAMPOS,H,REGIÓN METROPOLITANA DE SANTIAGO,SANTIAGO II,"ECOLOGISTAS, ANIMALISTAS E INDEPENDIENTES",No aplica,PAVP,PARTIDO ALIANZA VERDE POPULAR,0,0,Aprueba,No,No
JAIME_MARCELO_PINTO_QUENPIL__SANTIAGO_II,JAIME MARCELO PINTO QUENPIL,H,REGIÓN METROPOLITANA DE SANTIAGO,SANTIAGO II,"ECOLOGISTAS, ANIMALISTAS E INDEPENDIENTES",No aplica,IND,INDEPENDIENTES,3996000,5,Aprueba,Sí,No
EVELYN_CAROLINA_FARIAS_AILIO__SANTIAGO_II,EVELYN CAROLINA FARIAS AILIO,M,REGIÓN METROPOLITANA DE SANTIAGO,SANTIAGO II,"ECOLOGISTAS, ANIMALISTAS E INDEPENDIENTES",No aplica,IND,INDEPENDIENTES,2307066,6,Aprueba con Observaciones,Sí,No
JONATHAN_ARTURO_RIOS_PUEBLA__SANTIAGO_II,JONATHAN ARTURO RIOS PUEBLA,H,REGIÓN METROPOLITANA DE SANTIAGO,SANTIAGO II,"ECOLOGISTAS, ANIMALISTAS E INDEPENDIENTES",No aplica,IND,INDEPENDIENTES,2630000,6,Aprueba,Sí,No
SONJA_DEL_RIO_BECKER__SANTIAGO_II,SONJA DEL RIO BECKER,M,REGIÓN METROPOLITANA DE SANTIAGO,SANTIAGO II,REPUBLICANOS E INDEPENDIENTES,No aplica,REPUBLICANO,PARTIDO REPUBLICANO DE CHILE,6692460,23,Aprueba,Sí,No
SOFIA_YASMINA_MUNOZ_GARAY__SANTIAGO_II,SOFIA YASMINA MUÑOZ GARAY,M,REGIÓN METROPOLITANA DE SANTIAGO,SANTIAGO II,REPUBLICANOS E INDEPENDIENTES,No aplica,REPUBLICANO,PARTIDO REPUBLICANO DE CHILE,4648050,5,Aprueba,Sí,No
CLAUDIA_MACARENA_LEIVA_VALERO__SANTIAGO_III,CLAUDIA MACARENA LEIVA VALERO,M,REGIÓN METROPOLITANA DE SANTIAGO,SANTIAGO III,IZQUIERDA ECOLOGISTA POPULAR,No aplica,IND,INDEPENDIENTES,12011741,26,Aprueba,Sí,No
ERNESTO_HERNAN_PAILACURA_ARAYA__SANTIAGO_III,ERNESTO HERNAN PAILACURA ARAYA,H,REGIÓN METROPOLITANA DE SANTIAGO,SANTIAGO III,IZQUIERDA ECOLOGISTA POPULAR,No aplica,IND,INDEPENDIENTES,4408975,6,Aprueba,Sí,No
NADIA_DEL_CARMEN_AVALOS_OLMOS__SANTIAGO_III,NADIA DEL CARMEN AVALOS OLMOS,M,REGIÓN METROPOLITANA DE SANTIAGO,SANTIAGO III,TODAS Y TODOS POR CHILE,PARTIDO COMUNISTA E INDEPENDIENTES,PCCH,PARTIDO COMUNISTA DE CHILE,8158544,13,Aprueba,Sí,No
ALVARO_ESTEBAN_MENDEZ_VELIZ__SANTIAGO_III,ALVARO ESTEBAN MENDEZ VELIZ,H,REGIÓN METROPOLITANA DE SANTIAGO,SANTIAGO III,TODAS Y TODOS POR CHILE,PARTIDO COMUNISTA E INDEPENDIENTES,PCCH,PARTIDO COMUNISTA DE CHILE,10156500,13,Aprueba con Observaciones,Sí,No
SARA_PASCUAL_RODRIGUEZ__SANTIAGO_III,SARA PASCUAL RODRIGUEZ,M,REGIÓN METROPOLITANA DE SANTIAGO,SANTIAGO III,TODAS Y TODOS POR CHILE,ACCION HUMANISTA E INDEPENDIENTES,AH,PARTIDO ACCIÓN HUMANISTA,500000,2,Aprueba,Sí,No
CARLOS_ROMAN_MUNOZ__SANTIAGO_III,CARLOS ROMAN MUÑOZ,H,REGIÓN METROPOLITANA DE SANTIAGO,SANTIAGO III,CHILE VAMOS RENOVACION NACIONAL - INDEPENDIENTES,No aplica,RN,RENOVACION NACIONAL,2830185,7,Aprueba con Observaciones,Sí,No
JOSE_LUIS_MATAMALA_VARGAS__SANTIAGO_III,JOSE LUIS MATAMALA VARGAS,H,REGIÓN METROPOLITANA DE SANTIAGO,SANTIAGO III,CHILE VAMOS RENOVACION NACIONAL - INDEPENDIENTES,No aplica,IND,INDEPENDIENTES,2713876,13,Aprueba,Sí,No
MATIAS_FORTEZA_SCHNEIDER__SANTIAGO_III,MATIAS FORTEZA SCHNEIDER,H,REGIÓN METROPOLITANA DE SANTIAGO,SANTIAGO III,CHILE VAMOS RENOVACION NACIONAL - INDEPENDIENTES,No aplica,IND,INDEPENDIENTES,11874930,7,Aprueba con Observaciones,Sí,No
GABRIEL_PATRICIO_GONZALEZ_SANTANDER__SANTIAGO_III,GABRIEL PATRICIO GONZALEZ SANTANDER,H,REGIÓN METROPOLITANA DE SANTIAGO,SANTIAGO III,TU REGION RADICAL,No aplica,PR,PARTIDO RADICAL DE CHILE,29033357,16,Aprueba,Sí,Sí
JAVIER_IGNACIO_WILDEN_ACOSTA__SANTIAGO_III,JAVIER IGNACIO WILDEN ACOSTA,H,REGIÓN METROPOLITANA DE SANTIAGO,SANTIAGO III,TU REGION RADICAL,No aplica,PR,PARTIDO RADICAL DE CHILE,0,0,Rechaza,No,No
CECILIA_IVONNE_VASQUEZ_CIRES__SANTIAGO_III,CECILIA IVONNE VASQUEZ CIRES,M,REGIÓN METROPOLITANA DE SANTIAGO,SANTIAGO III,TU REGION RADICAL,No aplica,IND,INDEPENDIENTES,2806977,2,Rechaza,Sí,No
CRISTOPHER_VALDIVIA_OLATE__SANTIAGO_III,CRISTOPHER VALDIVIA OLATE,H,REGIÓN METROPOLITANA DE SANTIAGO,SANTIAGO III,REGIONES VERDES LIBERALES,No aplica,PL,PARTIDO LIBERAL DE CHILE,43550124,74,Aprueba con Observaciones,Sí,Sí
CRISTOBAL_EDUARDO_MARDONES_DIAZ__SANTIAGO_III,CRISTOBAL EDUARDO MARDONES DIAZ,H,REGIÓN METROPOLITANA DE SANTIAGO,SANTIAGO III,REGIONES VERDES LIBERALES,No aplica,FREVS,FEDERACION REGIONALISTA VERDE SOCIAL,10462642,13,Aprueba,Sí,No
PRISCILA_VANESSA_SALCEDO_URIBE__SANTIAGO_III,PRISCILA VANESSA SALCEDO URIBE,M,REGIÓN METROPOLITANA DE SANTIAGO,SANTIAGO III,REGIONES VERDES LIBERALES,No aplica,IND,INDEPENDIENTES,7635000,19,Aprueba con Observaciones,Sí,No
CAMILO_ANTILEO_ESPINA__SANTIAGO_III,CAMILO ANTILEO ESPINA,H,REGIÓN METROPOLITANA DE SANTIAGO,SANTIAGO III,LO MEJOR PARA CHILE,PS E INDEPENDIENTES,PS,PARTIDO SOCIALISTA DE CHILE,13309163,26,Aprueba,Sí,No
CRISTINA_FIORELA_FEMENIAS_SALAS__SANTIAGO_III,CRISTINA FIORELA FEMENIAS SALAS,M,REGIÓN METROPOLITANA DE SANTIAGO,SANTIAGO III,LO MEJOR PARA CHILE,PS E INDEPENDIENTES,PS,PARTIDO SOCIALISTA DE CHILE,2000000,6,Aprueba,Sí,No
SEBASTIAN_IGNACIO_SANCHEZ_GONZALEZ__SANTIAGO_III,SEBASTIAN IGNACIO SANCHEZ GONZALEZ,H,REGIÓN METROPOLITANA DE SANTIAGO,SANTIAGO III,LO MEJOR PARA CHILE,PPD E INDEPENDIENTES,PPD,PARTIDO POR LA DEMOCRACIA,6752080,33,Aprueba con Observaciones,Sí,No
JOSE_VICTORIANO_MANSILLA_SILVA__SANTIAGO_III,JOSE VICTORIANO MANSILLA SILVA,H,REGIÓN METROPOLITANA DE SANTIAGO,SANTIAGO III,PARTIDO DE LA GENTE E INDEPENDIENTES,No aplica,PDG,PARTIDO DE LA GENTE,17385200,20,Aprueba con Observaciones,Sí,Sí
VERONICA_INES_SOTO_ACUNA__SANTIAGO_III,VERONICA INES SOTO ACUÑA,M,REGIÓN METROPOLITANA DE SANTIAGO,SANTIAGO III,PARTIDO DE LA GENTE E INDEPENDIENTES,No aplica,PDG,PARTIDO DE LA GENTE,6854729,27,Aprueba con Observaciones,Sí,No
RAFAEL_PATRICIO_PINOCHET_CAVIERES__SANTIAGO_III,RAFAEL PATRICIO PINOCHET CAVIERES,H,REGIÓN METROPOLITANA DE SANTIAGO,SANTIAGO III,PARTIDO DE LA GENTE E INDEPENDIENTES,No aplica,PDG,PARTIDO DE LA GENTE,1605000,9,Aprueba,Sí,No
MARIA_ISABEL_GARAY_SOTO__SANTIAGO_III,MARIA ISABEL GARAY SOTO,M,REGIÓN METROPOLITANA DE SANTIAGO,SANTIAGO III,POR UN CHILE MEJOR,No aplica,PDC,PARTIDO DEMOCRATA CRISTIANO,19064411,42,Aprueba con Observaciones,Sí,Sí
CLAUDIO_BARAHONA_MALDONADO__SANTIAGO_III,CLAUDIO BARAHONA MALDONADO,H,REGIÓN METROPOLITANA DE SANTIAGO,SANTIAGO III,POR UN CHILE MEJOR,No aplica,PDC,PARTIDO DEMOCRATA CRISTIANO,10206720,35,Aprueba con Observaciones,Sí,No
RAUL_FELIPE_GOMEZ_URRUTIA__SANTIAGO_III,RAUL FELIPE GOMEZ URRUTIA,H,REGIÓN METROPOLITANA DE SANTIAGO,SANTIAGO III,POR UN CHILE MEJOR,No aplica,PDC,PARTIDO DEMOCRATA CRISTIANO,4978760,27,Rechaza,Sí,No
NICOLAS_EDUARDO_JARA_LIRA__SANTIAGO_III,NICOLAS EDUARDO JARA LIRA,H,REGIÓN METROPOLITANA DE SANTIAGO,SANTIAGO III,FRENTE AMPLIO,FRENTE AMPLIO E INDEPENDIENTES,FA,FRENTE AMPLIO,36493927,71,Aprueba,Sí,Sí
LESLIE_SUSANA_VENEGAS_VENEGAS__SANTIAGO_III,LESLIE SUSANA VENEGAS VENEGAS,M,REGIÓN METROPOLITANA DE SANTIAGO,SANTIAGO III,FRENTE AMPLIO,FRENTE AMPLIO E INDEPENDIENTES,FA,FRENTE AMPLIO,28645954,65,Aprueba con Observaciones,Sí,Sí
MERRY_STEFANY_HERNANDEZ_GONZALEZ__SANTIAGO_III,MERRY STEFANY HERNANDEZ GONZALEZ,M,REGIÓN METROPOLITANA DE SANTIAGO,SANTIAGO III,FRENTE AMPLIO,FRENTE AMPLIO E INDEPENDIENTES,FA,FRENTE AMPLIO,34465326,139,Aprueba,Sí,Sí
BEATRIZ_LAGOS_CAMPOS__SANTIAGO_III,BEATRIZ LAGOS CAMPOS,M,REGIÓN METROPOLITANA DE SANTIAGO,SANTIAGO III,CHILE VAMOS UDI - INDEPENDIENTES,No aplica,UDI,UNION DEMOCRATA INDEPENDIENTE,959165,5,Aprueba con Observaciones,Sí,No
CAROLINA_CABEZAS_CONTRERAS__SANTIAGO_III,CAROLINA CABEZAS CONTRERAS,M,REGIÓN METROPOLITANA DE SANTIAGO,SANTIAGO III,CHILE VAMOS UDI - INDEPENDIENTES,No aplica,IND,INDEPENDIENTES,16212995,5,Aprueba,Sí,Sí
ROMINA_MAZZACHIODI_MATAMALA__SANTIAGO_III,ROMINA MAZZACHIODI MATAMALA,M,REGIÓN METROPOLITANA DE SANTIAGO,SANTIAGO III,CHILE VAMOS EVOPOLI - INDEPENDIENTES,No aplica,EVOPOLI,EVOLUCION POLITICA,5056100,12,Aprueba,Sí,No
DANIEL_IGNACIO_SUAREZ_CARVAJAL__SANTIAGO_III,DANIEL IGNACIO SUAREZ CARVAJAL,H,REGIÓN METROPOLITANA DE SANTIAGO,SANTIAGO III,CHILE VAMOS EVOPOLI - INDEPENDIENTES,No aplica,EVOPOLI,EVOLUCION POLITICA,534101,2,Aprueba,Sí,No
CLAUDIA_FUENTES_LIZAMA__SANTIAGO_III,CLAUDIA FUENTES LIZAMA,M,REGIÓN METROPOLITANA DE SANTIAGO,SANTIAGO III,"ECOLOGISTAS, ANIMALISTAS E INDEPENDIENTES",No aplica,PAVP,PARTIDO ALIANZA VERDE POPULAR,17332800,13,Aprueba,Sí,Sí
MAURICIO_VALENZUELA_VALENZUELA__SANTIAGO_III,MAURICIO VALENZUELA VALENZUELA,H,REGIÓN METROPOLITANA DE SANTIAGO,SANTIAGO III,"ECOLOGISTAS, ANIMALISTAS E INDEPENDIENTES",No aplica,PAVP,PARTIDO ALIANZA VERDE POPULAR,9637777,13,Aprueba con Observaciones,Sí,No
VERONICA_ISABEL_LINARES_OYARCE__SANTIAGO_III,VERONICA ISABEL LINARES OYARCE,M,REGIÓN METROPOLITANA DE SANTIAGO,SANTIAGO III,"ECOLOGISTAS, ANIMALISTAS E INDEPENDIENTES",No aplica,PAVP,PARTIDO ALIANZA VERDE POPULAR,50000,1,Aprueba,Sí,No
ALFREDO_MAURICIO_VERGARA_CATALAN__SANTIAGO_III,ALFREDO MAURICIO VERGARA CATALAN,H,REGIÓN METROPOLITANA DE SANTIAGO,SANTIAGO III,REPUBLICANOS E INDEPENDIENTES,No aplica,REPUBLICANO,PARTIDO REPUBLICANO DE CHILE,10311956,9,Aprueba con Observaciones,Sí,No
VICTOR_OSVALDO_CONCHA_NAVARRO__SANTIAGO_III,VICTOR OSVALDO CONCHA NAVARRO,H,REGIÓN METROPOLITANA DE SANTIAGO,SANTIAGO III,REPUBLICANOS E INDEPENDIENTES,No aplica,IND,INDEPENDIENTES,0,0,Rechaza,No,No
OSCAR_OYARZO_HIDALGO__SANTIAGO_IV,OSCAR OYARZO HIDALGO,H,REGIÓN METROPOLITANA DE SANTIAGO,SANTIAGO IV,TODAS Y TODOS POR CHILE,ACCION HUMANISTA E INDEPENDIENTES,AH,PARTIDO ACCIÓN HUMANISTA,7701887,63,Aprueba,Sí,No
MARCELA_DEL_PILAR_CAMPOLO_FERNANDEZ__SANTIAGO_IV,MARCELA DEL PILAR CAMPOLO FERNANDEZ,M,REGIÓN METROPOLITANA DE SANTIAGO,SANTIAGO IV,TODAS Y TODOS POR CHILE,ACCION HUMANISTA E INDEPENDIENTES,AH,PARTIDO ACCIÓN HUMANISTA,3315399,52,Aprueba,Sí,No
SANDRA_DANIELA_BELTRAMI_MONTERO__SANTIAGO_IV,SANDRA DANIELA BELTRAMI MONTERO,M,REGIÓN METROPOLITANA DE SANTIAGO,SANTIAGO IV,TODAS Y TODOS POR CHILE,PARTIDO COMUNISTA E INDEPENDIENTES,PCCH,PARTIDO COMUNISTA DE CHILE,21630200,22,Rechaza,Sí,Sí
MARIO_PABLO_NEIRA_QUIROGA__SANTIAGO_IV,MARIO PABLO NEIRA QUIROGA,H,REGIÓN METROPOLITANA DE SANTIAGO,SANTIAGO IV,TODAS Y TODOS POR CHILE,PARTIDO COMUNISTA E INDEPENDIENTES,PCCH,PARTIDO COMUNISTA DE CHILE,5371000,21,Aprueba con Observaciones,Sí,No
ISRAEL_VILCHES_ORELLANA__SANTIAGO_IV,ISRAEL VILCHES ORELLANA,H,REGIÓN METROPOLITANA DE SANTIAGO,SANTIAGO IV,PARTIDO SOCIAL CRISTIANO E INDEPENDIENTES,No aplica,IND,INDEPENDIENTES,12579936,23,Aprueba con Observaciones,Sí,No
MARIO_ANTONIO_PONCE_SEPULVEDA__SANTIAGO_IV,MARIO ANTONIO PONCE SEPULVEDA,H,REGIÓN METROPOLITANA DE SANTIAGO,SANTIAGO IV,PARTIDO SOCIAL CRISTIANO E INDEPENDIENTES,No aplica,IND,INDEPENDIENTES,5856188,22,Aprueba con Observaciones,Sí,No
MARIA_EUGENIA_NABALON_SALAZAR__SANTIAGO_IV,MARIA EUGENIA NABALON SALAZAR,M,REGIÓN METROPOLITANA DE SANTIAGO,SANTIAGO IV,PARTIDO SOCIAL CRISTIANO E INDEPENDIENTES,No aplica,IND,INDEPENDIENTES,216420,2,Aprueba,Sí,No
MARCELA_DIAZ_DE_VALDES_BALBONTIN__SANTIAGO_IV,MARCELA DIAZ DE VALDES BALBONTIN,M,REGIÓN METROPOLITANA DE SANTIAGO,SANTIAGO IV,PARTIDO SOCIAL CRISTIANO E INDEPENDIENTES,No aplica,IND,INDEPENDIENTES,0,0,Rechaza,No,No
KARIN_LUCK_URBAN__SANTIAGO_IV,KARIN LUCK URBAN,M,REGIÓN METROPOLITANA DE SANTIAGO,SANTIAGO IV,CHILE VAMOS RENOVACION NACIONAL - INDEPENDIENTES,No aplica,RN,RENOVACION NACIONAL,43584316,36,Aprueba con Observaciones,Sí,Sí
FRANCO_SABAT_FERNANDEZ__SANTIAGO_IV,FRANCO SABAT FERNANDEZ,H,REGIÓN METROPOLITANA DE SANTIAGO,SANTIAGO IV,CHILE VAMOS RENOVACION NACIONAL - INDEPENDIENTES,No aplica,RN,RENOVACION NACIONAL,49262240,14,Aprueba con Observaciones,Sí,Sí
CHIHON_LEY_NEIRA__SANTIAGO_IV,CHIHON LEY NEIRA,H,REGIÓN METROPOLITANA DE SANTIAGO,SANTIAGO IV,CHILE VAMOS RENOVACION NACIONAL - INDEPENDIENTES,No aplica,IND,INDEPENDIENTES,7563520,31,Aprueba con Observaciones,Sí,No
BARTOLOME_REUS_CORDERO__SANTIAGO_IV,BARTOLOME REUS CORDERO,H,REGIÓN METROPOLITANA DE SANTIAGO,SANTIAGO IV,REGIONES VERDES LIBERALES,No aplica,PL,PARTIDO LIBERAL DE CHILE,25360138,43,Aprueba con Observaciones,Sí,Sí
JOSE_EDUARDO_MEDINA_AGUAYO__SANTIAGO_IV,JOSE EDUARDO MEDINA AGUAYO,H,REGIÓN METROPOLITANA DE SANTIAGO,SANTIAGO IV,REGIONES VERDES LIBERALES,No aplica,FREVS,FEDERACION REGIONALISTA VERDE SOCIAL,2565366,6,Aprueba,Sí,No
JAVIERA_ANDREA_GONZALEZ_ARENAS__SANTIAGO_IV,JAVIERA ANDREA GONZALEZ ARENAS,M,REGIÓN METROPOLITANA DE SANTIAGO,SANTIAGO IV,REGIONES VERDES LIBERALES,No aplica,FREVS,FEDERACION REGIONALISTA VERDE SOCIAL,11572864,6,Rechaza,Sí,No
FREDERIK_LANDABUR_GARCES__SANTIAGO_IV,FREDERIK LANDABUR GARCES,H,REGIÓN METROPOLITANA DE SANTIAGO,SANTIAGO IV,LO MEJOR PARA CHILE,PS E INDEPENDIENTES,PS,PARTIDO SOCIALISTA DE CHILE,7035676,64,Aprueba con Observaciones,Sí,No
JUAN_PABLO_ALVAREZ_ENRIQUEZ__SANTIAGO_IV,JUAN PABLO ALVAREZ ENRIQUEZ,H,REGIÓN METROPOLITANA DE SANTIAGO,SANTIAGO IV,LO MEJOR PARA CHILE,PPD E INDEPENDIENTES,PPD,PARTIDO POR LA DEMOCRACIA,22256197,14,Aprueba,Sí,Sí
CARLOS_HERNAN_ESPINOZA_VIDAL__SANTIAGO_IV,CARLOS HERNAN ESPINOZA VIDAL,H,REGIÓN METROPOLITANA DE SANTIAGO,SANTIAGO IV,LO MEJOR PARA CHILE,PPD E INDEPENDIENTES,IND,INDEPENDIENTES,7634284,15,Aprueba con Observaciones,Sí,No
FRANCISCA_HERNANDEZ_CACERES__SANTIAGO_IV,FRANCISCA HERNANDEZ CACERES,M,REGIÓN METROPOLITANA DE SANTIAGO,SANTIAGO IV,POR UN CHILE MEJOR,No aplica,PDC,PARTIDO DEMOCRATA CRISTIANO,6704110,27,Aprueba,Sí,No
ANA_MARIA_FUENTES_CADIZ__SANTIAGO_IV,ANA MARIA FUENTES CADIZ,M,REGIÓN METROPOLITANA DE SANTIAGO,SANTIAGO IV,POR UN CHILE MEJOR,No aplica,PDC,PARTIDO DEMOCRATA CRISTIANO,4405601,64,Aprueba,Sí,No
XIMENA_BEATRIZ_MILAGROS_PERALTA_FIERRO__SANTIAGO_IV,XIMENA BEATRIZ MILAGROS PERALTA FIERRO,M,REGIÓN METROPOLITANA DE SANTIAGO,SANTIAGO IV,FRENTE AMPLIO,FRENTE AMPLIO E INDEPENDIENTES,FA,FRENTE AMPLIO,55473556,90,Aprueba,Sí,Sí
LORENA_VERONICA_MONSALVE_SANHUEZA__SANTIAGO_IV,LORENA VERONICA MONSALVE SANHUEZA,M,REGIÓN METROPOLITANA DE SANTIAGO,SANTIAGO IV,FRENTE AMPLIO,FRENTE AMPLIO E INDEPENDIENTES,FA,FRENTE AMPLIO,8288875,54,Aprueba,Sí,No
ALVARO_BELLOLIO_AVARIA__SANTIAGO_IV,ALVARO BELLOLIO AVARIA,H,REGIÓN METROPOLITANA DE SANTIAGO,SANTIAGO IV,CHILE VAMOS UDI - INDEPENDIENTES,No aplica,UDI,UNION DEMOCRATA INDEPENDIENTE,50808172,80,Aprueba,Sí,Sí
EMILIO_EDWARDS_GANDARILLAS__SANTIAGO_IV,EMILIO EDWARDS GANDARILLAS,H,REGIÓN METROPOLITANA DE SANTIAGO,SANTIAGO IV,CHILE VAMOS UDI - INDEPENDIENTES,No aplica,UDI,UNION DEMOCRATA INDEPENDIENTE,16025771,53,Aprueba con Observaciones,Sí,Sí
JUAN_ENRIQUE_WARD_CORREA__SANTIAGO_IV,JUAN ENRIQUE WARD CORREA,H,REGIÓN METROPOLITANA DE SANTIAGO,SANTIAGO IV,CHILE VAMOS UDI - INDEPENDIENTES,No aplica,UDI,UNION DEMOCRATA INDEPENDIENTE,3111845,7,Rechaza,Sí,No
CAROLINA_ELIZABETH_OYARZUN_BENAVIDES__SANTIAGO_IV,CAROLINA ELIZABETH OYARZUN BENAVIDES,M,REGIÓN METROPOLITANA DE SANTIAGO,SANTIAGO IV,CHILE VAMOS EVOPOLI - INDEPENDIENTES,No aplica,EVOPOLI,EVOLUCION POLITICA,6328563,13,Aprueba,Sí,No
CRISTIAN_ANDRES_NUNEZ_COMTE__SANTIAGO_IV,CRISTIAN ANDRES NUÑEZ COMTE,H,REGIÓN METROPOLITANA DE SANTIAGO,SANTIAGO IV,CHILE VAMOS EVOPOLI - INDEPENDIENTES,No aplica,EVOPOLI,EVOLUCION POLITICA,6126184,12,Rechaza,Sí,No
PATRICIO_IBACACHE_TOLEDO__SANTIAGO_IV,PATRICIO IBACACHE TOLEDO,H,REGIÓN METROPOLITANA DE SANTIAGO,SANTIAGO IV,CHILE VAMOS EVOPOLI - INDEPENDIENTES,No aplica,IND,INDEPENDIENTES,8453201,14,Aprueba,Sí,No
JOAQUIN_SCHNEIDER_BORNEMANN__SANTIAGO_IV,JOAQUIN SCHNEIDER BORNEMANN,H,REGIÓN METROPOLITANA DE SANTIAGO,SANTIAGO IV,CHILE VAMOS EVOPOLI - INDEPENDIENTES,No aplica,IND,INDEPENDIENTES,5456298,8,Aprueba con Observaciones,Sí,No
CHRISTOPHER_ALEXANDER_ARENAS_MUNOZ__SANTIAGO_IV,CHRISTOPHER ALEXANDER ARENAS MUÑOZ,H,REGIÓN METROPOLITANA DE SANTIAGO,SANTIAGO IV,"ECOLOGISTAS, ANIMALISTAS E INDEPENDIENTES",No aplica,PAVP,PARTIDO ALIANZA VERDE POPULAR,1292800,3,Aprueba,Sí,No
IGNACIO_DULGER_CASTILLO__SANTIAGO_IV,IGNACIO DULGER CASTILLO,H,REGIÓN METROPOLITANA DE SANTIAGO,SANTIAGO IV,REPUBLICANOS E INDEPENDIENTES,No aplica,REPUBLICANO,PARTIDO REPUBLICANO DE CHILE,48999151,17,Aprueba,Sí,Sí
VIVIANA_ANDREA_CASAS_CORDERO_YANEZ__SANTIAGO_IV,VIVIANA ANDREA CASAS-CORDERO YAÑEZ,M,REGIÓN METROPOLITANA DE SANTIAGO,SANTIAGO IV,REPUBLICANOS E INDEPENDIENTES,No aplica,REPUBLICANO,PARTIDO REPUBLICANO DE CHILE,70864748,41,Sin información,Sí,Sí
MANUEL_ANTONIO_DE_LA_PRIDA_BRAVO__SANTIAGO_IV,MANUEL ANTONIO DE LA PRIDA BRAVO,H,REGIÓN METROPOLITANA DE SANTIAGO,SANTIAGO IV,REPUBLICANOS E INDEPENDIENTES,No aplica,REPUBLICANO,PARTIDO REPUBLICANO DE CHILE,52673260,88,Aprueba,Sí,Sí
DIEGO_IGNACIO_CORTES_PAMPARANA__SANTIAGO_IV,DIEGO IGNACIO CORTES PAMPARANA,H,REGIÓN METROPOLITANA DE SANTIAGO,SANTIAGO IV,REPUBLICANOS E INDEPENDIENTES,No aplica,IND,INDEPENDIENTES,0,0,Aprueba,No,No
NATALIA_GARRIDO_TORO__SANTIAGO_V,NATALIA GARRIDO TORO,M,REGIÓN METROPOLITANA DE SANTIAGO,SANTIAGO V,IZQUIERDA ECOLOGISTA POPULAR,No aplica,IND,INDEPENDIENTES,14637450,6,Aprueba,Sí,No
GIOVANNA_JAZMIN_GRANDON_CARO__SANTIAGO_V,GIOVANNA JAZMIN GRANDON CARO,M,REGIÓN METROPOLITANA DE SANTIAGO,SANTIAGO V,IZQUIERDA ECOLOGISTA POPULAR,No aplica,IND,INDEPENDIENTES,7969713,10,Aprueba con Observaciones,Sí,No
ELIAS_GUSTAVO_BRICENO_OLGUIN__SANTIAGO_V,ELIAS GUSTAVO BRICEÑO OLGUIN,H,REGIÓN METROPOLITANA DE SANTIAGO,SANTIAGO V,IZQUIERDA ECOLOGISTA POPULAR,No aplica,IND,INDEPENDIENTES,2080000,4,Aprueba con Observaciones,Sí,No
DANAE_NATALIA_PRADO_CARMONA__SANTIAGO_V,DANAE NATALIA PRADO CARMONA,M,REGIÓN METROPOLITANA DE SANTIAGO,SANTIAGO V,TODAS Y TODOS POR CHILE,PARTIDO COMUNISTA E INDEPENDIENTES,PCCH,PARTIDO COMUNISTA DE CHILE,12995509,32,Rechaza,Sí,No
ESTEBAN_MAURICIO_CHAVEZ_RIVERA__SANTIAGO_V,ESTEBAN MAURICIO CHAVEZ RIVERA,H,REGIÓN METROPOLITANA DE SANTIAGO,SANTIAGO V,TODAS Y TODOS POR CHILE,PARTIDO COMUNISTA E INDEPENDIENTES,PCCH,PARTIDO COMUNISTA DE CHILE,15309912,18,Aprueba con Observaciones,Sí,Sí
CATALINA_VIDAL_MENDEZ__SANTIAGO_V,CATALINA VIDAL MENDEZ,M,REGIÓN METROPOLITANA DE SANTIAGO,SANTIAGO V,TODAS Y TODOS POR CHILE,ACCION HUMANISTA E INDEPENDIENTES,AH,PARTIDO ACCIÓN HUMANISTA,9455160,39,Aprueba,Sí,No
BERNARDO_IGNACIO_JORQUERA_LEYTON__SANTIAGO_V,BERNARDO IGNACIO JORQUERA LEYTON,H,REGIÓN METROPOLITANA DE SANTIAGO,SANTIAGO V,TODAS Y TODOS POR CHILE,ACCION HUMANISTA E INDEPENDIENTES,IND,INDEPENDIENTES,2960104,7,Aprueba,Sí,No
EUGENIO_AGUILO_GONZALEZ__SANTIAGO_V,EUGENIO AGUILO GONZALEZ,H,REGIÓN METROPOLITANA DE SANTIAGO,SANTIAGO V,CHILE VAMOS RENOVACION NACIONAL - INDEPENDIENTES,No aplica,RN,RENOVACION NACIONAL,37398693,74,Aprueba,Sí,Sí
MARCELO_ZUNINO_POBLETE__SANTIAGO_V,MARCELO ZUNINO POBLETE,H,REGIÓN METROPOLITANA DE SANTIAGO,SANTIAGO V,CHILE VAMOS RENOVACION NACIONAL - INDEPENDIENTES,No aplica,RN,RENOVACION NACIONAL,34333120,16,Rechaza,Sí,Sí
RUTH_MIRANDA_MUNOZ__SANTIAGO_V,RUTH MIRANDA MUÑOZ,M,REGIÓN METROPOLITANA DE SANTIAGO,SANTIAGO V,CHILE VAMOS RENOVACION NACIONAL - INDEPENDIENTES,No aplica,RN,RENOVACION NACIONAL,18976720,15,Rechaza,Sí,Sí
CARLOS_DAMIAN_GOMEZ_FUENTEALBA__SANTIAGO_V,CARLOS DAMIAN GOMEZ FUENTEALBA,H,REGIÓN METROPOLITANA DE SANTIAGO,SANTIAGO V,TU REGION RADICAL,No aplica,PR,PARTIDO RADICAL DE CHILE,4139600,24,Rechaza,Sí,No
GINO_RODOLFO_AVENDANO_UNDURRAGA__SANTIAGO_V,GINO RODOLFO AVENDAÑO UNDURRAGA,H,REGIÓN METROPOLITANA DE SANTIAGO,SANTIAGO V,TU REGION RADICAL,No aplica,PR,PARTIDO RADICAL DE CHILE,652300,2,Rechaza,Sí,No
MARIA_ESTER_OLEA_RODRIGUEZ__SANTIAGO_V,MARIA ESTER OLEA RODRIGUEZ,M,REGIÓN METROPOLITANA DE SANTIAGO,SANTIAGO V,REGIONES VERDES LIBERALES,No aplica,FREVS,FEDERACION REGIONALISTA VERDE SOCIAL,50048305,54,Aprueba,Sí,Sí
JORGE_ENRIQUE_ROJAS_MEZA__SANTIAGO_V,JORGE ENRIQUE ROJAS MEZA,H,REGIÓN METROPOLITANA DE SANTIAGO,SANTIAGO V,REGIONES VERDES LIBERALES,No aplica,FREVS,FEDERACION REGIONALISTA VERDE SOCIAL,217683,1,Aprueba,Sí,No
IVAN_EDUARDO_GAJARDO_CALDERON__SANTIAGO_V,IVAN EDUARDO GAJARDO CALDERON,H,REGIÓN METROPOLITANA DE SANTIAGO,SANTIAGO V,REGIONES VERDES LIBERALES,No aplica,IND,INDEPENDIENTES,5200000,37,Aprueba,Sí,No
CLAUDIO_BURGOS_BOBADILLA__SANTIAGO_V,CLAUDIO BURGOS BOBADILLA,H,REGIÓN METROPOLITANA DE SANTIAGO,SANTIAGO V,LO MEJOR PARA CHILE,PS E INDEPENDIENTES,PS,PARTIDO SOCIALISTA DE CHILE,36433120,12,Aprueba,Sí,Sí
VERONICA_ALIAGA_RAMIREZ__SANTIAGO_V,VERONICA ALIAGA RAMIREZ,M,REGIÓN METROPOLITANA DE SANTIAGO,SANTIAGO V,LO MEJOR PARA CHILE,PS E INDEPENDIENTES,PS,PARTIDO SOCIALISTA DE CHILE,0,0,Rechaza,No,No
ERNESTO_ANDRES_FERNANDEZ_LEON__SANTIAGO_V,ERNESTO ANDRES FERNANDEZ LEON,H,REGIÓN METROPOLITANA DE SANTIAGO,SANTIAGO V,LO MEJOR PARA CHILE,PPD E INDEPENDIENTES,PPD,PARTIDO POR LA DEMOCRACIA,5613500,7,Aprueba,Sí,No
RAMON_ORTIZ_SEGUEL__SANTIAGO_V,RAMON ORTIZ SEGUEL,H,REGIÓN METROPOLITANA DE SANTIAGO,SANTIAGO V,LO MEJOR PARA CHILE,PPD E INDEPENDIENTES,IND,INDEPENDIENTES,10591840,5,Aprueba,Sí,No
JOHANNA_ANDREA_ARIAS_PACHECO__SANTIAGO_V,JOHANNA ANDREA ARIAS PACHECO,M,REGIÓN METROPOLITANA DE SANTIAGO,SANTIAGO V,POR UN CHILE MEJOR,No aplica,PDC,PARTIDO DEMOCRATA CRISTIANO,8206032,36,Aprueba con Observaciones,Sí,No
CECILIA_XIMENA_CELIS_AHUMADA__SANTIAGO_V,CECILIA XIMENA CELIS AHUMADA,M,REGIÓN METROPOLITANA DE SANTIAGO,SANTIAGO V,POR UN CHILE MEJOR,No aplica,PDC,PARTIDO DEMOCRATA CRISTIANO,14710466,17,Rechaza,Sí,No
RENE_IVAN_RAMIREZ_LOPEZ__SANTIAGO_V,RENE IVAN RAMIREZ LOPEZ,H,REGIÓN METROPOLITANA DE SANTIAGO,SANTIAGO V,POR UN CHILE MEJOR,No aplica,PDC,PARTIDO DEMOCRATA CRISTIANO,3152233,21,Aprueba,Sí,No
FRANCISCA_MARQUEZ_BUSTOS__SANTIAGO_V,FRANCISCA MARQUEZ BUSTOS,M,REGIÓN METROPOLITANA DE SANTIAGO,SANTIAGO V,FRENTE AMPLIO,FRENTE AMPLIO E INDEPENDIENTES,FA,FRENTE AMPLIO,16268483,37,Aprueba,Sí,Sí
IGNACIO_ALEJANDRO_BAHAMONDES_DIAZ__SANTIAGO_V,IGNACIO ALEJANDRO BAHAMONDES DIAZ,H,REGIÓN METROPOLITANA DE SANTIAGO,SANTIAGO V,FRENTE AMPLIO,FRENTE AMPLIO E INDEPENDIENTES,FA,FRENTE AMPLIO,9274224,36,Aprueba con Observaciones,Sí,No
JAVIER_ANDRES_AHUMADA_GUERRERO__SANTIAGO_V,JAVIER ANDRES AHUMADA GUERRERO,H,REGIÓN METROPOLITANA DE SANTIAGO,SANTIAGO V,FRENTE AMPLIO,FRENTE AMPLIO E INDEPENDIENTES,FA,FRENTE AMPLIO,8299016,35,Aprueba,Sí,No
ANGELO_ENRIQUE_MENDOZA_TAPIA__SANTIAGO_V,ANGELO ENRIQUE MENDOZA TAPIA,H,REGIÓN METROPOLITANA DE SANTIAGO,SANTIAGO V,FRENTE AMPLIO,FRENTE AMPLIO E INDEPENDIENTES,FA,FRENTE AMPLIO,8632180,37,Aprueba,Sí,No
ALLAN_MC_KENZIE_MARTINEZ__SANTIAGO_V,ALLAN MC KENZIE MARTINEZ,H,REGIÓN METROPOLITANA DE SANTIAGO,SANTIAGO V,CHILE VAMOS UDI - INDEPENDIENTES,No aplica,UDI,UNION DEMOCRATA INDEPENDIENTE,23010420,5,Aprueba con Observaciones,Sí,Sí
RAMON_ELZO_OVIEDO__SANTIAGO_V,RAMON ELZO OVIEDO,H,REGIÓN METROPOLITANA DE SANTIAGO,SANTIAGO V,CHILE VAMOS UDI - INDEPENDIENTES,No aplica,UDI,UNION DEMOCRATA INDEPENDIENTE,6175897,6,Aprueba con Observaciones,Sí,No
JORGE_LEYTON_ORTIZ__SANTIAGO_V,JORGE LEYTON ORTIZ,H,REGIÓN METROPOLITANA DE SANTIAGO,SANTIAGO V,CHILE VAMOS UDI - INDEPENDIENTES,No aplica,UDI,UNION DEMOCRATA INDEPENDIENTE,1300000,5,Aprueba con Observaciones,Sí,No
CHRISTIAN_OSVALDO_HURTADO_ARAYA__SANTIAGO_V,CHRISTIAN OSVALDO HURTADO ARAYA,H,REGIÓN METROPOLITANA DE SANTIAGO,SANTIAGO V,CHILE VAMOS EVOPOLI - INDEPENDIENTES,No aplica,EVOPOLI,EVOLUCION POLITICA,9277400,4,Rechaza,Sí,No
KAIMIN_EUGENIO_CHIA_BEAS__SANTIAGO_V,KAIMIN EUGENIO CHIA BEAS,H,REGIÓN METROPOLITANA DE SANTIAGO,SANTIAGO V,CHILE VAMOS EVOPOLI - INDEPENDIENTES,No aplica,EVOPOLI,EVOLUCION POLITICA,3287100,9,Aprueba con Observaciones,Sí,No
JORGE_ROBERTO_MUNOZ_LATORRE__SANTIAGO_V,JORGE ROBERTO MUÑOZ LATORRE,H,REGIÓN METROPOLITANA DE SANTIAGO,SANTIAGO V,CHILE VAMOS EVOPOLI - INDEPENDIENTES,No aplica,EVOPOLI,EVOLUCION POLITICA,1464100,2,Aprueba,Sí,No
KATHERINE_ANDREA_PEREZ_CONTRERAS__SANTIAGO_V,KATHERINE ANDREA PEREZ CONTRERAS,M,REGIÓN METROPOLITANA DE SANTIAGO,SANTIAGO V,CHILE VAMOS EVOPOLI - INDEPENDIENTES,No aplica,IND,INDEPENDIENTES,10449472,39,Aprueba con Observaciones,Sí,No
FRESIA_MONICA_QUILODRAN_RAMOS__SANTIAGO_V,FRESIA MONICA QUILODRAN RAMOS,M,REGIÓN METROPOLITANA DE SANTIAGO,SANTIAGO V,"ECOLOGISTAS, ANIMALISTAS E INDEPENDIENTES",No aplica,PAVP,PARTIDO ALIANZA VERDE POPULAR,22314525,8,Aprueba con Observaciones,Sí,Sí
IVANNA_VALENTINA_ORDENES_JOFRE__SANTIAGO_V,IVANNA VALENTINA ORDENES JOFRE,M,REGIÓN METROPOLITANA DE SANTIAGO,SANTIAGO V,"ECOLOGISTAS, ANIMALISTAS E INDEPENDIENTES",No aplica,PAVP,PARTIDO ALIANZA VERDE POPULAR,3944462,5,Aprueba,Sí,No
YURI_ESTEBAN_RIVERA_RIVERA__SANTIAGO_V,YURI ESTEBAN RIVERA RIVERA,H,REGIÓN METROPOLITANA DE SANTIAGO,SANTIAGO V,"ECOLOGISTAS, ANIMALISTAS E INDEPENDIENTES",No aplica,PAVP,PARTIDO ALIANZA VERDE POPULAR,2250605,3,Aprueba con Observaciones,Sí,No
JACQUELINE_MARIA_RAMIREZ_GARRIDO__SANTIAGO_V,JACQUELINE MARIA RAMIREZ GARRIDO,M,REGIÓN METROPOLITANA DE SANTIAGO,SANTIAGO V,"ECOLOGISTAS, ANIMALISTAS E INDEPENDIENTES",No aplica,PAVP,PARTIDO ALIANZA VERDE POPULAR,3550000,8,Aprueba,Sí,No
RODRIGO_DONOSO_BAEZA__SANTIAGO_V,RODRIGO DONOSO BAEZA,H,REGIÓN METROPOLITANA DE SANTIAGO,SANTIAGO V,REPUBLICANOS E INDEPENDIENTES,No aplica,REPUBLICANO,PARTIDO REPUBLICANO DE CHILE,14897201,19,Aprueba,Sí,Sí
CARLOS_VAREA_BENAVIDES__SANTIAGO_V,CARLOS VAREA BENAVIDES,H,REGIÓN METROPOLITANA DE SANTIAGO,SANTIAGO V,REPUBLICANOS E INDEPENDIENTES,No aplica,REPUBLICANO,PARTIDO REPUBLICANO DE CHILE,4972453,13,Aprueba,Sí,No
DAVID_OCTAVIO_GOMEZ_CONTRERAS__SANTIAGO_V,DAVID OCTAVIO GOMEZ CONTRERAS,H,REGIÓN METROPOLITANA DE SANTIAGO,SANTIAGO V,REPUBLICANOS E INDEPENDIENTES,No aplica,REPUBLICANO,PARTIDO REPUBLICANO DE CHILE,1612354,6,Rechaza,Sí,No
SERGIO_ANDRES_MORALES_MENDEZ__SANTIAGO_V,SERGIO ANDRES MORALES MENDEZ,H,REGIÓN METROPOLITANA DE SANTIAGO,SANTIAGO V,REPUBLICANOS E INDEPENDIENTES,No aplica,IND,INDEPENDIENTES,25551902,52,Aprueba con Observaciones,Sí,Sí
JORGE_CRISTIAN_MUNOZ_REYES__SANTIAGO_VI,JORGE CRISTIAN MUÑOZ REYES,H,REGIÓN METROPOLITANA DE SANTIAGO,SANTIAGO VI,IZQUIERDA ECOLOGISTA POPULAR,No aplica,IND,INDEPENDIENTES,11833000,11,Aprueba con Observaciones,Sí,No
BRAULIO_OLAVARRIA_ARAYA__SANTIAGO_VI,BRAULIO OLAVARRIA ARAYA,H,REGIÓN METROPOLITANA DE SANTIAGO,SANTIAGO VI,IZQUIERDA ECOLOGISTA POPULAR,No aplica,IND,INDEPENDIENTES,333200,9,Aprueba,Sí,No
CLAUDINA_DEL_CARMEN_NUNEZ_JIMENEZ__SANTIAGO_VI,CLAUDINA DEL CARMEN NUÑEZ JIMENEZ,M,REGIÓN METROPOLITANA DE SANTIAGO,SANTIAGO VI,TODAS Y TODOS POR CHILE,PARTIDO COMUNISTA E INDEPENDIENTES,PCCH,PARTIDO COMUNISTA DE CHILE,19375103,83,Aprueba,Sí,Sí
CARLOS_FELIPE_ASTUDILLO_LOPEZ__SANTIAGO_VI,CARLOS FELIPE ASTUDILLO LOPEZ,H,REGIÓN METROPOLITANA DE SANTIAGO,SANTIAGO VI,TODAS Y TODOS POR CHILE,ACCION HUMANISTA E INDEPENDIENTES,AH,PARTIDO ACCIÓN HUMANISTA,11442220,8,Aprueba,Sí,No
EMILIO_VIGNER_CASTRO__SANTIAGO_VI,EMILIO VIGNER CASTRO,H,REGIÓN METROPOLITANA DE SANTIAGO,SANTIAGO VI,TODAS Y TODOS POR CHILE,ACCION HUMANISTA E INDEPENDIENTES,AH,PARTIDO ACCIÓN HUMANISTA,1001091,13,Aprueba con Observaciones,Sí,No
CRISTIAN_ALEJANDRO_VIVIAN_TRONCOSO__SANTIAGO_VI,CRISTIAN ALEJANDRO VIVIAN TRONCOSO,H,REGIÓN METROPOLITANA DE SANTIAGO,SANTIAGO VI,PARTIDO SOCIAL CRISTIANO E INDEPENDIENTES,No aplica,IND,INDEPENDIENTES,7290000,5,Aprueba,Sí,No
VALERIA_PONTI_RISSETTI__SANTIAGO_VI,VALERIA PONTI RISSETTI,M,REGIÓN METROPOLITANA DE SANTIAGO,SANTIAGO VI,CHILE VAMOS RENOVACION NACIONAL - INDEPENDIENTES,No aplica,RN,RENOVACION NACIONAL,44636262,23,Aprueba con Observaciones,Sí,Sí
CRISTOFER_DIAZ_CARRION__SANTIAGO_VI,CRISTOFER DIAZ CARRION,H,REGIÓN METROPOLITANA DE SANTIAGO,SANTIAGO VI,CHILE VAMOS RENOVACION NACIONAL - INDEPENDIENTES,No aplica,RN,RENOVACION NACIONAL,10594700,6,Rechaza,Sí,No
LUIS_SEREY_PROVOSTE__SANTIAGO_VI,LUIS SEREY PROVOSTE,H,REGIÓN METROPOLITANA DE SANTIAGO,SANTIAGO VI,CHILE VAMOS RENOVACION NACIONAL - INDEPENDIENTES,No aplica,RN,RENOVACION NACIONAL,3036335,2,Rechaza,Sí,No
HERNAN_PEREZ_CISTERNAS__SANTIAGO_VI,HERNAN PEREZ CISTERNAS,H,REGIÓN METROPOLITANA DE SANTIAGO,SANTIAGO VI,CHILE VAMOS RENOVACION NACIONAL - INDEPENDIENTES,No aplica,RN,RENOVACION NACIONAL,12279476,10,Aprueba,Sí,No
ARIEL_ALEJANDRO_MORALES_ARIAS__SANTIAGO_VI,ARIEL ALEJANDRO MORALES ARIAS,H,REGIÓN METROPOLITANA DE SANTIAGO,SANTIAGO VI,TU REGION RADICAL,No aplica,PR,PARTIDO RADICAL DE CHILE,14656040,1,Aprueba con Observaciones,Sí,No
MARIA_ELENA_ARELLANO_BRAVO__SANTIAGO_VI,MARIA ELENA ARELLANO BRAVO,M,REGIÓN METROPOLITANA DE SANTIAGO,SANTIAGO VI,TU REGION RADICAL,No aplica,PR,PARTIDO RADICAL DE CHILE,8356934,9,Aprueba,Sí,No
JAVIER_ESTEBAN_MANRIQUEZ_DIAZ__SANTIAGO_VI,JAVIER ESTEBAN MANRIQUEZ DIAZ,H,REGIÓN METROPOLITANA DE SANTIAGO,SANTIAGO VI,REGIONES VERDES LIBERALES,No aplica,FREVS,FEDERACION REGIONALISTA VERDE SOCIAL,4114985,14,Rechaza,Sí,No
CARLA_ANDREA_GATICA_GALDAMEZ__SANTIAGO_VI,CARLA ANDREA GATICA GALDAMEZ,M,REGIÓN METROPOLITANA DE SANTIAGO,SANTIAGO VI,REGIONES VERDES LIBERALES,No aplica,FREVS,FEDERACION REGIONALISTA VERDE SOCIAL,17692496,11,Aprueba,Sí,Sí
ALONSO_IGNACIO_SALINAS_GARCIA__SANTIAGO_VI,ALONSO IGNACIO SALINAS GARCIA,H,REGIÓN METROPOLITANA DE SANTIAGO,SANTIAGO VI,REGIONES VERDES LIBERALES,No aplica,FREVS,FEDERACION REGIONALISTA VERDE SOCIAL,5891683,6,Aprueba,Sí,No
DANIEL_ALEJANDRO_SANCHEZ_ORELLANA__SANTIAGO_VI,DANIEL ALEJANDRO SANCHEZ ORELLANA,H,REGIÓN METROPOLITANA DE SANTIAGO,SANTIAGO VI,REGIONES VERDES LIBERALES,No aplica,IND,INDEPENDIENTES,562900,6,Aprueba con Observaciones,Sí,No
CAROLINA_OTEIZA_FUENZALIDA__SANTIAGO_VI,CAROLINA OTEIZA FUENZALIDA,M,REGIÓN METROPOLITANA DE SANTIAGO,SANTIAGO VI,LO MEJOR PARA CHILE,PS E INDEPENDIENTES,PS,PARTIDO SOCIALISTA DE CHILE,15777036,28,Aprueba,Sí,Sí
PAULO_CANAS_CAMPILLAY__SANTIAGO_VI,PAULO CAÑAS CAMPILLAY,H,REGIÓN METROPOLITANA DE SANTIAGO,SANTIAGO VI,LO MEJOR PARA CHILE,PS E INDEPENDIENTES,IND,INDEPENDIENTES,22748132,21,Aprueba con Observaciones,Sí,Sí
FERNANDO_IGNACIO_CANALES_MUNOZ__SANTIAGO_VI,FERNANDO IGNACIO CANALES MUÑOZ,H,REGIÓN METROPOLITANA DE SANTIAGO,SANTIAGO VI,LO MEJOR PARA CHILE,PPD E INDEPENDIENTES,IND,INDEPENDIENTES,8696739,65,Aprueba con Observaciones,Sí,No
RENATO_FERNANDO_VASQUEZ_IBANEZ__SANTIAGO_VI,RENATO FERNANDO VASQUEZ IBAÑEZ,H,REGIÓN METROPOLITANA DE SANTIAGO,SANTIAGO VI,POR UN CHILE MEJOR,No aplica,PDC,PARTIDO DEMOCRATA CRISTIANO,15108696,10,Aprueba con Observaciones,Sí,Sí
MARCELO_MAURICIO_ESPINOZA_ARIAS__SANTIAGO_VI,MARCELO MAURICIO ESPINOZA ARIAS,H,REGIÓN METROPOLITANA DE SANTIAGO,SANTIAGO VI,POR UN CHILE MEJOR,No aplica,PDC,PARTIDO DEMOCRATA CRISTIANO,5155832,20,Rechaza,Sí,No
CARLOS_FERNANDO_GARDEL_BERRIOS__SANTIAGO_VI,CARLOS FERNANDO GARDEL BERRIOS,H,REGIÓN METROPOLITANA DE SANTIAGO,SANTIAGO VI,CENTRO DEMOCRATICO,DEMOCRATAS E INDEPENDIENTES,DEMOCRATAS,PARTIDO DEMOCRATAS CHILE,8756250,12,Aprueba,Sí,No
KARINA_ANDREA_RAMOS_ZAPATA__SANTIAGO_VI,KARINA ANDREA RAMOS ZAPATA,M,REGIÓN METROPOLITANA DE SANTIAGO,SANTIAGO VI,FRENTE AMPLIO,FRENTE AMPLIO E INDEPENDIENTES,FA,FRENTE AMPLIO,15754963,63,Aprueba con Observaciones,Sí,Sí
WALTER_ALEJANDRO_ORTEGA_RIOS__SANTIAGO_VI,WALTER ALEJANDRO ORTEGA RIOS,H,REGIÓN METROPOLITANA DE SANTIAGO,SANTIAGO VI,FRENTE AMPLIO,FRENTE AMPLIO E INDEPENDIENTES,FA,FRENTE AMPLIO,22709479,42,Aprueba,Sí,Sí
ROSSANA_DEL_CARMEN_CARRASCO_MEZA__SANTIAGO_VI,ROSSANA DEL CARMEN CARRASCO MEZA,M,REGIÓN METROPOLITANA DE SANTIAGO,SANTIAGO VI,FRENTE AMPLIO,FRENTE AMPLIO E INDEPENDIENTES,FA,FRENTE AMPLIO,4452496,13,Aprueba,Sí,No
JAVIER_ANDRES_DUHARTE_SOLIS__SANTIAGO_VI,JAVIER ANDRES DUHARTE SOLIS,H,REGIÓN METROPOLITANA DE SANTIAGO,SANTIAGO VI,FRENTE AMPLIO,FRENTE AMPLIO E INDEPENDIENTES,IND,INDEPENDIENTES,2485787,30,Aprueba con Observaciones,Sí,No
RODRIGO_GONZALEZ_CERON__SANTIAGO_VI,RODRIGO GONZALEZ CERON,H,REGIÓN METROPOLITANA DE SANTIAGO,SANTIAGO VI,CHILE VAMOS UDI - INDEPENDIENTES,No aplica,UDI,UNION DEMOCRATA INDEPENDIENTE,14383900,48,Aprueba con Observaciones,Sí,No
SEBASTIAN_GARRIDO_GONZALEZ__SANTIAGO_VI,SEBASTIAN GARRIDO GONZALEZ,H,REGIÓN METROPOLITANA DE SANTIAGO,SANTIAGO VI,CHILE VAMOS UDI - INDEPENDIENTES,No aplica,UDI,UNION DEMOCRATA INDEPENDIENTE,14363796,6,Aprueba con Observaciones,Sí,No
LUIS_GUZMAN_ACOSTA__SANTIAGO_VI,LUIS GUZMAN ACOSTA,H,REGIÓN METROPOLITANA DE SANTIAGO,SANTIAGO VI,CHILE VAMOS UDI - INDEPENDIENTES,No aplica,UDI,UNION DEMOCRATA INDEPENDIENTE,2400000,2,Aprueba,Sí,No
CLAUDIO_PARDO_MOLINA__SANTIAGO_VI,CLAUDIO PARDO MOLINA,H,REGIÓN METROPOLITANA DE SANTIAGO,SANTIAGO VI,CHILE VAMOS UDI - INDEPENDIENTES,No aplica,IND,INDEPENDIENTES,5574000,16,Aprueba con Observaciones,Sí,No
DANIEL_ALEXIS_CORONADO_CORONADO__SANTIAGO_VI,DANIEL ALEXIS CORONADO CORONADO,H,REGIÓN METROPOLITANA DE SANTIAGO,SANTIAGO VI,CHILE VAMOS EVOPOLI - INDEPENDIENTES,No aplica,IND,INDEPENDIENTES,9369402,7,Rechaza,Sí,No
JUAN_ANTONIO_ZAMBRANO_DUARTE__SANTIAGO_VI,JUAN ANTONIO ZAMBRANO DUARTE,H,REGIÓN METROPOLITANA DE SANTIAGO,SANTIAGO VI,"ECOLOGISTAS, ANIMALISTAS E INDEPENDIENTES",No aplica,PAVP,PARTIDO ALIANZA VERDE POPULAR,10573603,23,Aprueba,Sí,No
GERARDO_ALEJANDRO_BALBOA_VALENZUELA__SANTIAGO_VI,GERARDO ALEJANDRO BALBOA VALENZUELA,H,REGIÓN METROPOLITANA DE SANTIAGO,SANTIAGO VI,"ECOLOGISTAS, ANIMALISTAS E INDEPENDIENTES",No aplica,PAVP,PARTIDO ALIANZA VERDE POPULAR,600000,1,Aprueba,Sí,No
FELIPE_ANDRES_SEREY_GUERRA__SANTIAGO_VI,FELIPE ANDRES SEREY GUERRA,H,REGIÓN METROPOLITANA DE SANTIAGO,SANTIAGO VI,REPUBLICANOS E INDEPENDIENTES,No aplica,REPUBLICANO,PARTIDO REPUBLICANO DE CHILE,0,0,Aprueba,No,No
DARIO_ALBERTO_URETA_JARA__SANTIAGO_VI,DARIO ALBERTO URETA JARA,H,REGIÓN METROPOLITANA DE SANTIAGO,SANTIAGO VI,REPUBLICANOS E INDEPENDIENTES,No aplica,REPUBLICANO,PARTIDO REPUBLICANO DE CHILE,13106399,9,Aprueba,Sí,No
SEBASTIAN_LARRAIN_OLEA__SANTIAGO_VI,SEBASTIAN LARRAIN OLEA,H,REGIÓN METROPOLITANA DE SANTIAGO,SANTIAGO VI,REPUBLICANOS E INDEPENDIENTES,No aplica,REPUBLICANO,PARTIDO REPUBLICANO DE CHILE,0,0,Aprueba,No,No
MARCO_ANTONIO_CARCAMO_MANDIOLA__TALAGANTE,MARCO ANTONIO CARCAMO MANDIOLA,H,REGIÓN METROPOLITANA DE SANTIAGO,TALAGANTE,TODAS Y TODOS POR CHILE,PARTIDO COMUNISTA E INDEPENDIENTES,PCCH,PARTIDO COMUNISTA DE CHILE,10058948,67,Aprueba con Observaciones,Sí,No
RICARDO_SEBASTIAN_FERNANDEZ_RAMOS__TALAGANTE,RICARDO SEBASTIAN FERNANDEZ RAMOS,H,REGIÓN METROPOLITANA DE SANTIAGO,TALAGANTE,TODAS Y TODOS POR CHILE,PARTIDO COMUNISTA E INDEPENDIENTES,IND,INDEPENDIENTES,3508474,19,Aprueba con Observaciones,Sí,No
MARIO_VILLANUEVA_JORQUERA__TALAGANTE,MARIO VILLANUEVA JORQUERA,H,REGIÓN METROPOLITANA DE SANTIAGO,TALAGANTE,CHILE VAMOS RENOVACION NACIONAL - INDEPENDIENTES,No aplica,RN,RENOVACION NACIONAL,14926428,6,Aprueba,Sí,Sí
ALEX_ORTEGA_REYES__TALAGANTE,ALEX ORTEGA REYES,H,REGIÓN METROPOLITANA DE SANTIAGO,TALAGANTE,CHILE VAMOS RENOVACION NACIONAL - INDEPENDIENTES,No aplica,IND,INDEPENDIENTES,19985792,27,Rechaza,Sí,Sí
NATALY_FRANCESCA_MALDONADO_MORALES__TALAGANTE,NATALY FRANCESCA MALDONADO MORALES,M,REGIÓN METROPOLITANA DE SANTIAGO,TALAGANTE,TU REGION RADICAL,No aplica,IND,INDEPENDIENTES,6931983,18,Aprueba con Observaciones,Sí,No
RICARDO_ANDRES_ZUNIGA_SALGADO__TALAGANTE,RICARDO ANDRES ZUÑIGA SALGADO,H,REGIÓN METROPOLITANA DE SANTIAGO,TALAGANTE,REGIONES VERDES LIBERALES,No aplica,PL,PARTIDO LIBERAL DE CHILE,968000,4,Aprueba con Observaciones,Sí,No
MARICEL_DONOSO_DORIA__TALAGANTE,MARICEL DONOSO DORIA,M,REGIÓN METROPOLITANA DE SANTIAGO,TALAGANTE,LO MEJOR PARA CHILE,PS E INDEPENDIENTES,PS,PARTIDO SOCIALISTA DE CHILE,22318686,120,Aprueba,Sí,Sí
PEDRO_MONTALVA_MONTALVA__TALAGANTE,PEDRO MONTALVA MONTALVA,H,REGIÓN METROPOLITANA DE SANTIAGO,TALAGANTE,LO MEJOR PARA CHILE,PS E INDEPENDIENTES,PS,PARTIDO SOCIALISTA DE CHILE,14616092,28,Aprueba con Observaciones,Sí,No
MARIO_ENRIQUE_NORAMBUENA_CORALES__TALAGANTE,MARIO ENRIQUE NORAMBUENA CORALES,H,REGIÓN METROPOLITANA DE SANTIAGO,TALAGANTE,PARTIDO DE LA GENTE E INDEPENDIENTES,No aplica,PDG,PARTIDO DE LA GENTE,2733964,9,Aprueba con Observaciones,Sí,No
MARCELO_ANTONIO_ZAPATA_CANCINO__TALAGANTE,MARCELO ANTONIO ZAPATA CANCINO,H,REGIÓN METROPOLITANA DE SANTIAGO,TALAGANTE,POR UN CHILE MEJOR,No aplica,PDC,PARTIDO DEMOCRATA CRISTIANO,14080500,60,Aprueba,Sí,No
ENRIQUE_MEDINA_CAMPOS__TALAGANTE,ENRIQUE MEDINA CAMPOS,H,REGIÓN METROPOLITANA DE SANTIAGO,TALAGANTE,POR UN CHILE MEJOR,No aplica,PDC,PARTIDO DEMOCRATA CRISTIANO,0,0,Rechaza,No,No
FELIPE_ANTONIO_RAMIREZ_SANCHEZ__TALAGANTE,FELIPE ANTONIO RAMIREZ SANCHEZ,H,REGIÓN METROPOLITANA DE SANTIAGO,TALAGANTE,FRENTE AMPLIO,FRENTE AMPLIO E INDEPENDIENTES,FA,FRENTE AMPLIO,13030024,55,Aprueba con Observaciones,Sí,No
CARLOS_GABRIEL_ACUNA_CAAMANO__TALAGANTE,CARLOS GABRIEL ACUÑA CAAMAÑO,H,REGIÓN METROPOLITANA DE SANTIAGO,TALAGANTE,FRENTE AMPLIO,FRENTE AMPLIO E INDEPENDIENTES,IND,INDEPENDIENTES,1704875,8,Aprueba con Observaciones,Sí,No
JOHN_GENERAL_ALVAREZ__TALAGANTE,JOHN GENERAL ALVAREZ,H,REGIÓN METROPOLITANA DE SANTIAGO,TALAGANTE,CHILE VAMOS UDI - INDEPENDIENTES,No aplica,UDI,UNION DEMOCRATA INDEPENDIENTE,33078609,30,Aprueba,Sí,Sí
PABLO_GONZALEZ_CARBONELL__TALAGANTE,PABLO GONZALEZ CARBONELL,H,REGIÓN METROPOLITANA DE SANTIAGO,TALAGANTE,CHILE VAMOS UDI - INDEPENDIENTES,No aplica,IND,INDEPENDIENTES,2600750,12,Aprueba,Sí,No
ELIAS_ALBERTO_HERNANDEZ_TORRES__TALAGANTE,ELIAS ALBERTO HERNANDEZ TORRES,H,REGIÓN METROPOLITANA DE SANTIAGO,TALAGANTE,CHILE VAMOS EVOPOLI - INDEPENDIENTES,No aplica,EVOPOLI,EVOLUCION POLITICA,0,0,Aprueba con Observaciones,No,No
EMA_ROSA_JOFRE_AHUMADA__TALAGANTE,EMA ROSA JOFRE AHUMADA,M,REGIÓN METROPOLITANA DE SANTIAGO,TALAGANTE,CHILE VAMOS EVOPOLI - INDEPENDIENTES,No aplica,IND,INDEPENDIENTES,16762250,8,Rechaza,Sí,Sí
KEIN_SOTO_LAMA__TALAGANTE,KEIN SOTO LAMA,H,REGIÓN METROPOLITANA DE SANTIAGO,TALAGANTE,"ECOLOGISTAS, ANIMALISTAS E INDEPENDIENTES",No aplica,PAVP,PARTIDO ALIANZA VERDE POPULAR,9777818,14,Aprueba con Observaciones,Sí,No
JAIME_GONZALEZ_KAZAZIAN__TALAGANTE,JAIME GONZALEZ KAZAZIAN,H,REGIÓN METROPOLITANA DE SANTIAGO,TALAGANTE,REPUBLICANOS E INDEPENDIENTES,No aplica,REPUBLICANO,PARTIDO REPUBLICANO DE CHILE,9124860,7,Aprueba con Observaciones,Sí,No
PATRICIA_VERONICA_SEGURA_DUCO__CACHAPOAL_I,PATRICIA VERONICA SEGURA DUCO,M,REGIÓN DEL LIBERTADOR GENERAL BERNARDO O'HIGGINS,CACHAPOAL I,TODAS Y TODOS POR CHILE,PARTIDO COMUNISTA E INDEPENDIENTES,PCCH,PARTIDO COMUNISTA DE CHILE,7320000,19,Aprueba,Sí,No
GONZALO_HERNAN_DIAZ_BARRIOS__CACHAPOAL_I,GONZALO HERNAN DIAZ BARRIOS,H,REGIÓN DEL LIBERTADOR GENERAL BERNARDO O'HIGGINS,CACHAPOAL I,TODAS Y TODOS POR CHILE,PARTIDO COMUNISTA E INDEPENDIENTES,PCCH,PARTIDO COMUNISTA DE CHILE,1030000,12,Aprueba con Observaciones,Sí,No
PAULA_ANDREA_MUNOZ_CARRASCO__CACHAPOAL_I,PAULA ANDREA MUÑOZ CARRASCO,M,REGIÓN DEL LIBERTADOR GENERAL BERNARDO O'HIGGINS,CACHAPOAL I,PARTIDO SOCIAL CRISTIANO E INDEPENDIENTES,No aplica,PSC,PARTIDO SOCIAL CRISTIANO,2804045,31,Aprueba con Observaciones,Sí,No
GABRIEL_ANTONIO_AVILA_AVILA__CACHAPOAL_I,GABRIEL ANTONIO AVILA AVILA,H,REGIÓN DEL LIBERTADOR GENERAL BERNARDO O'HIGGINS,CACHAPOAL I,PARTIDO SOCIAL CRISTIANO E INDEPENDIENTES,No aplica,PSC,PARTIDO SOCIAL CRISTIANO,2788460,8,Aprueba,Sí,No
ALEXIS_EDUARDO_GONZALEZ_PEREIRA__CACHAPOAL_I,ALEXIS EDUARDO GONZALEZ PEREIRA,H,REGIÓN DEL LIBERTADOR GENERAL BERNARDO O'HIGGINS,CACHAPOAL I,PARTIDO SOCIAL CRISTIANO E INDEPENDIENTES,No aplica,PSC,PARTIDO SOCIAL CRISTIANO,1340400,4,Aprueba,Sí,No
OLIVER_LETELIER_CONTRERAS__CACHAPOAL_I,OLIVER LETELIER CONTRERAS,H,REGIÓN DEL LIBERTADOR GENERAL BERNARDO O'HIGGINS,CACHAPOAL I,PARTIDO SOCIAL CRISTIANO E INDEPENDIENTES,No aplica,PSC,PARTIDO SOCIAL CRISTIANO,402220,4,Aprueba con Observaciones,Sí,No
INGRID_ARRIOLA_RUIZ__CACHAPOAL_I,INGRID ARRIOLA RUIZ,M,REGIÓN DEL LIBERTADOR GENERAL BERNARDO O'HIGGINS,CACHAPOAL I,CHILE VAMOS RENOVACION NACIONAL - INDEPENDIENTES,No aplica,RN,RENOVACION NACIONAL,1536345,4,Aprueba,Sí,No
JOSE_KRUG_OLEA__CACHAPOAL_I,JOSE KRUG OLEA,H,REGIÓN DEL LIBERTADOR GENERAL BERNARDO O'HIGGINS,CACHAPOAL I,CHILE VAMOS RENOVACION NACIONAL - INDEPENDIENTES,No aplica,IND,INDEPENDIENTES,7265240,8,Rechaza,Sí,No
KURT_SCHONFFELDT_GUERRERO__CACHAPOAL_I,KURT SCHONFFELDT GUERRERO,H,REGIÓN DEL LIBERTADOR GENERAL BERNARDO O'HIGGINS,CACHAPOAL I,CHILE VAMOS RENOVACION NACIONAL - INDEPENDIENTES,No aplica,IND,INDEPENDIENTES,1503600,15,Aprueba con Observaciones,Sí,No
OMAR_FLORES_CANALES__CACHAPOAL_I,OMAR FLORES CANALES,H,REGIÓN DEL LIBERTADOR GENERAL BERNARDO O'HIGGINS,CACHAPOAL I,CHILE VAMOS RENOVACION NACIONAL - INDEPENDIENTES,No aplica,IND,INDEPENDIENTES,3626109,47,Aprueba,Sí,No
HUGO_ALFREDO_BARAHONA_FRANCO__CACHAPOAL_I,HUGO ALFREDO BARAHONA FRANCO,H,REGIÓN DEL LIBERTADOR GENERAL BERNARDO O'HIGGINS,CACHAPOAL I,TU REGION RADICAL,No aplica,PR,PARTIDO RADICAL DE CHILE,2903119,12,Rechaza,Sí,No
GRACIA_VARELA_MORALES__CACHAPOAL_I,GRACIA VARELA MORALES,M,REGIÓN DEL LIBERTADOR GENERAL BERNARDO O'HIGGINS,CACHAPOAL I,TU REGION RADICAL,No aplica,IND,INDEPENDIENTES,2399653,8,Aprueba con Observaciones,Sí,No
BETSABE_AURISTELA_AGUILERA_SILVA__CACHAPOAL_I,BETSABE AURISTELA AGUILERA SILVA,M,REGIÓN DEL LIBERTADOR GENERAL BERNARDO O'HIGGINS,CACHAPOAL I,TU REGION RADICAL,No aplica,IND,INDEPENDIENTES,540000,3,Aprueba,Sí,No
MARIA_FRANCISCA_URZUA_ACEVEDO__CACHAPOAL_I,MARIA FRANCISCA URZUA ACEVEDO,M,REGIÓN DEL LIBERTADOR GENERAL BERNARDO O'HIGGINS,CACHAPOAL I,TU REGION RADICAL,No aplica,IND,INDEPENDIENTES,1340827,16,Aprueba con Observaciones,Sí,No
BEATRIZ_DE_LOURDES_VALENZUELA_VAN_TREEK__CACHAPOAL_I,BEATRIZ DE LOURDES VALENZUELA VAN TREEK,M,REGIÓN DEL LIBERTADOR GENERAL BERNARDO O'HIGGINS,CACHAPOAL I,REGIONES VERDES LIBERALES,No aplica,IND,INDEPENDIENTES,10069250,11,Aprueba,Sí,No
JORGE_EUGENIO_OLGUIN_MAZUA__CACHAPOAL_I,JORGE EUGENIO OLGUIN MAZUA,H,REGIÓN DEL LIBERTADOR GENERAL BERNARDO O'HIGGINS,CACHAPOAL I,REGIONES VERDES LIBERALES,No aplica,IND,INDEPENDIENTES,3757470,11,Aprueba,Sí,No
ANDRES_JESUS_ORTIZ_VIDAL__CACHAPOAL_I,ANDRES JESUS ORTIZ VIDAL,H,REGIÓN DEL LIBERTADOR GENERAL BERNARDO O'HIGGINS,CACHAPOAL I,REGIONES VERDES LIBERALES,No aplica,IND,INDEPENDIENTES,6800170,20,Aprueba con Observaciones,Sí,No
MAURICIO_VALDERRAMA_ALVAREZ__CACHAPOAL_I,MAURICIO VALDERRAMA ALVAREZ,H,REGIÓN DEL LIBERTADOR GENERAL BERNARDO O'HIGGINS,CACHAPOAL I,LO MEJOR PARA CHILE,PS E INDEPENDIENTES,PS,PARTIDO SOCIALISTA DE CHILE,8293500,11,Aprueba con Observaciones,Sí,No
ALEJANDRA_EUGENIA_SALINAS_GUTIERREZ__CACHAPOAL_I,ALEJANDRA EUGENIA SALINAS GUTIERREZ,M,REGIÓN DEL LIBERTADOR GENERAL BERNARDO O'HIGGINS,CACHAPOAL I,LO MEJOR PARA CHILE,PS E INDEPENDIENTES,PS,PARTIDO SOCIALISTA DE CHILE,3835138,18,Aprueba con Observaciones,Sí,No
DIEGO_BARRERA_SOLIS__CACHAPOAL_I,DIEGO BARRERA SOLIS,H,REGIÓN DEL LIBERTADOR GENERAL BERNARDO O'HIGGINS,CACHAPOAL I,LO MEJOR PARA CHILE,PS E INDEPENDIENTES,PS,PARTIDO SOCIALISTA DE CHILE,3253148,44,Aprueba con Observaciones,Sí,No
JORGE_PALAMARA_POZO__CACHAPOAL_I,JORGE PALAMARA POZO,H,REGIÓN DEL LIBERTADOR GENERAL BERNARDO O'HIGGINS,CACHAPOAL I,LO MEJOR PARA CHILE,PPD E INDEPENDIENTES,IND,INDEPENDIENTES,3301040,4,Aprueba,Sí,No
CARLOS_ENRIQUE_ORTEGA_AEDO__CACHAPOAL_I,CARLOS ENRIQUE ORTEGA AEDO,H,REGIÓN DEL LIBERTADOR GENERAL BERNARDO O'HIGGINS,CACHAPOAL I,LO MEJOR PARA CHILE,PPD E INDEPENDIENTES,IND,INDEPENDIENTES,0,0,Rechaza,No,No
MAXIMILIANO_PIZARRO_QUINTANILLA__CACHAPOAL_I,MAXIMILIANO PIZARRO QUINTANILLA,H,REGIÓN DEL LIBERTADOR GENERAL BERNARDO O'HIGGINS,CACHAPOAL I,PARTIDO DE LA GENTE E INDEPENDIENTES,No aplica,PDG,PARTIDO DE LA GENTE,4710235,25,Aprueba,Sí,No
JORGE_LIZANA_ARANCIBIA__CACHAPOAL_I,JORGE LIZANA ARANCIBIA,H,REGIÓN DEL LIBERTADOR GENERAL BERNARDO O'HIGGINS,CACHAPOAL I,PARTIDO DE LA GENTE E INDEPENDIENTES,No aplica,PDG,PARTIDO DE LA GENTE,1730549,18,Aprueba con Observaciones,Sí,No
FELIPE_ALISTE_SOLIS__CACHAPOAL_I,FELIPE ALISTE SOLIS,H,REGIÓN DEL LIBERTADOR GENERAL BERNARDO O'HIGGINS,CACHAPOAL I,PARTIDO DE LA GENTE E INDEPENDIENTES,No aplica,PDG,PARTIDO DE LA GENTE,709646,5,Aprueba con Observaciones,Sí,No
MONSERRAT_GALLARDO_CONTRERAS__CACHAPOAL_I,MONSERRAT GALLARDO CONTRERAS,M,REGIÓN DEL LIBERTADOR GENERAL BERNARDO O'HIGGINS,CACHAPOAL I,PARTIDO DE LA GENTE E INDEPENDIENTES,No aplica,IND,INDEPENDIENTES,6400000,7,Rechaza,Sí,No
MARLENE_DIAZ_SANTA_MARIA__CACHAPOAL_I,MARLENE DIAZ SANTA MARIA,M,REGIÓN DEL LIBERTADOR GENERAL BERNARDO O'HIGGINS,CACHAPOAL I,POR UN CHILE MEJOR,No aplica,PDC,PARTIDO DEMOCRATA CRISTIANO,2425000,13,Aprueba,Sí,No
GERMAN_ALBERTO_ARENAS_SAEZ__CACHAPOAL_I,GERMAN ALBERTO ARENAS SAEZ,H,REGIÓN DEL LIBERTADOR GENERAL BERNARDO O'HIGGINS,CACHAPOAL I,FRENTE AMPLIO,FRENTE AMPLIO E INDEPENDIENTES,FA,FRENTE AMPLIO,9112678,20,Aprueba,Sí,No
MARIA_MARGARITA_CRESPO_URETA__CACHAPOAL_I,MARIA MARGARITA CRESPO URETA,M,REGIÓN DEL LIBERTADOR GENERAL BERNARDO O'HIGGINS,CACHAPOAL I,FRENTE AMPLIO,FRENTE AMPLIO E INDEPENDIENTES,FA,FRENTE AMPLIO,3552093,20,Aprueba,Sí,No
FELIPE_ALEJANDRO_GUTIERREZ_PEREZ__CACHAPOAL_I,FELIPE ALEJANDRO GUTIERREZ PEREZ,H,REGIÓN DEL LIBERTADOR GENERAL BERNARDO O'HIGGINS,CACHAPOAL I,FRENTE AMPLIO,FRENTE AMPLIO E INDEPENDIENTES,IND,INDEPENDIENTES,1070000,5,Aprueba con Observaciones,Sí,No
MARIO_IGNACIO_LOPEZ_TORO__CACHAPOAL_I,MARIO IGNACIO LOPEZ TORO,H,REGIÓN DEL LIBERTADOR GENERAL BERNARDO O'HIGGINS,CACHAPOAL I,FRENTE AMPLIO,FRENTE AMPLIO E INDEPENDIENTES,IND,INDEPENDIENTES,265250,2,Aprueba,Sí,No
IGNACIO_ANTONIO_MERINO_MONTERO__CACHAPOAL_I,IGNACIO ANTONIO MERIÑO MONTERO,H,REGIÓN DEL LIBERTADOR GENERAL BERNARDO O'HIGGINS,CACHAPOAL I,FRENTE AMPLIO,FRENTE AMPLIO E INDEPENDIENTES,IND,INDEPENDIENTES,0,0,Aprueba,No,No
PEDRO_HERNANDEZ_GARRIDO__CACHAPOAL_I,PEDRO HERNANDEZ GARRIDO,H,REGIÓN DEL LIBERTADOR GENERAL BERNARDO O'HIGGINS,CACHAPOAL I,CHILE VAMOS UDI - INDEPENDIENTES,No aplica,UDI,UNION DEMOCRATA INDEPENDIENTE,8447000,9,Aprueba con Observaciones,Sí,No
CAROL_GODOY_SAN_MARTIN__CACHAPOAL_I,CAROL GODOY SAN MARTIN,M,REGIÓN DEL LIBERTADOR GENERAL BERNARDO O'HIGGINS,CACHAPOAL I,CHILE VAMOS UDI - INDEPENDIENTES,No aplica,UDI,UNION DEMOCRATA INDEPENDIENTE,5511240,22,Aprueba con Observaciones,Sí,No
JORGE_PALMA_FAUNE__CACHAPOAL_I,JORGE PALMA FAUNE,H,REGIÓN DEL LIBERTADOR GENERAL BERNARDO O'HIGGINS,CACHAPOAL I,CHILE VAMOS UDI - INDEPENDIENTES,No aplica,UDI,UNION DEMOCRATA INDEPENDIENTE,1979769,8,Aprueba,Sí,No
KEVIN_ORTEGA_PONCE__CACHAPOAL_I,KEVIN ORTEGA PONCE,H,REGIÓN DEL LIBERTADOR GENERAL BERNARDO O'HIGGINS,CACHAPOAL I,CHILE VAMOS UDI - INDEPENDIENTES,No aplica,UDI,UNION DEMOCRATA INDEPENDIENTE,5145000,10,Aprueba con Observaciones,Sí,No
DAMARIE_MOYANO_MADRID__CACHAPOAL_I,DAMARIE MOYANO MADRID,M,REGIÓN DEL LIBERTADOR GENERAL BERNARDO O'HIGGINS,CACHAPOAL I,"ECOLOGISTAS, ANIMALISTAS E INDEPENDIENTES",No aplica,PAVP,PARTIDO ALIANZA VERDE POPULAR,8500000,9,Aprueba,Sí,No
JUAN_CARLOS_MACKAY_JARPA__CACHAPOAL_I,JUAN CARLOS MACKAY JARPA,H,REGIÓN DEL LIBERTADOR GENERAL BERNARDO O'HIGGINS,CACHAPOAL I,REPUBLICANOS E INDEPENDIENTES,No aplica,REPUBLICANO,PARTIDO REPUBLICANO DE CHILE,3181242,7,Aprueba con Observaciones,Sí,No
ALEJANDRO_PUJA_CAMPOS__CACHAPOAL_I,ALEJANDRO PUJA CAMPOS,H,REGIÓN DEL LIBERTADOR GENERAL BERNARDO O'HIGGINS,CACHAPOAL I,REPUBLICANOS E INDEPENDIENTES,No aplica,REPUBLICANO,PARTIDO REPUBLICANO DE CHILE,0,0,Aprueba,No,No
CLAUDIO_ALBERTO_SCHMINCKE_MARTINEZ__CACHAPOAL_I,CLAUDIO ALBERTO SCHMINCKE MARTINEZ,H,REGIÓN DEL LIBERTADOR GENERAL BERNARDO O'HIGGINS,CACHAPOAL I,REPUBLICANOS E INDEPENDIENTES,No aplica,REPUBLICANO,PARTIDO REPUBLICANO DE CHILE,2123804,7,Aprueba,Sí,No
HUGO_IVAN_BRAVO_FUENTES__CACHAPOAL_I,HUGO IVAN BRAVO FUENTES,H,REGIÓN DEL LIBERTADOR GENERAL BERNARDO O'HIGGINS,CACHAPOAL I,REPUBLICANOS E INDEPENDIENTES,No aplica,REPUBLICANO,PARTIDO REPUBLICANO DE CHILE,0,0,Aprueba,No,No
RICHARD_ALEXIS_TORRES_RIVAS__CACHAPOAL_I,RICHARD ALEXIS TORRES RIVAS,H,REGIÓN DEL LIBERTADOR GENERAL BERNARDO O'HIGGINS,CACHAPOAL I,REPUBLICANOS E INDEPENDIENTES,No aplica,IND,INDEPENDIENTES,7576000,6,Aprueba,Sí,No
ANA_LUZ_GONZALEZ_PALMA__CACHAPOAL_II,ANA LUZ GONZALEZ PALMA,M,REGIÓN DEL LIBERTADOR GENERAL BERNARDO O'HIGGINS,CACHAPOAL II,TODAS Y TODOS POR CHILE,PARTIDO COMUNISTA E INDEPENDIENTES,PCCH,PARTIDO COMUNISTA DE CHILE,3512911,11,Aprueba con Observaciones,Sí,No
YANARA_CLAUDINA_MARTINEZ_MUNOZ__CACHAPOAL_II,YANARA CLAUDINA MARTINEZ MUÑOZ,M,REGIÓN DEL LIBERTADOR GENERAL BERNARDO O'HIGGINS,CACHAPOAL II,TODAS Y TODOS POR CHILE,PARTIDO COMUNISTA E INDEPENDIENTES,PCCH,PARTIDO COMUNISTA DE CHILE,2150000,9,Aprueba con Observaciones,Sí,No
HUGO_VALENTIN_REY_AREVALO__CACHAPOAL_II,HUGO VALENTIN REY AREVALO,H,REGIÓN DEL LIBERTADOR GENERAL BERNARDO O'HIGGINS,CACHAPOAL II,TODAS Y TODOS POR CHILE,PARTIDO COMUNISTA E INDEPENDIENTES,IND,INDEPENDIENTES,1664819,27,Aprueba,Sí,No
ALVARO_SOTO_MONTECINOS__CACHAPOAL_II,ALVARO SOTO MONTECINOS,H,REGIÓN DEL LIBERTADOR GENERAL BERNARDO O'HIGGINS,CACHAPOAL II,CHILE VAMOS RENOVACION NACIONAL - INDEPENDIENTES,No aplica,RN,RENOVACION NACIONAL,3959071,9,Aprueba con Observaciones,Sí,No
CRISTOBAL_MEDINA_GONZALEZ__CACHAPOAL_II,CRISTOBAL MEDINA GONZALEZ,H,REGIÓN DEL LIBERTADOR GENERAL BERNARDO O'HIGGINS,CACHAPOAL II,CHILE VAMOS RENOVACION NACIONAL - INDEPENDIENTES,No aplica,RN,RENOVACION NACIONAL,9021830,7,Aprueba con Observaciones,Sí,No
LUCIA_MUNOZ_SANDOVAL__CACHAPOAL_II,LUCIA MUÑOZ SANDOVAL,M,REGIÓN DEL LIBERTADOR GENERAL BERNARDO O'HIGGINS,CACHAPOAL II,CHILE VAMOS RENOVACION NACIONAL - INDEPENDIENTES,No aplica,RN,RENOVACION NACIONAL,19403971,55,Aprueba con Observaciones,Sí,Sí
CARLOS_CAMILLA_FERNANDEZ__CACHAPOAL_II,CARLOS CAMILLA FERNANDEZ,H,REGIÓN DEL LIBERTADOR GENERAL BERNARDO O'HIGGINS,CACHAPOAL II,CHILE VAMOS RENOVACION NACIONAL - INDEPENDIENTES,No aplica,RN,RENOVACION NACIONAL,10548485,6,Aprueba con Observaciones,Sí,No
SEBASTIAN_MATURANA_SILVA__CACHAPOAL_II,SEBASTIAN MATURANA SILVA,H,REGIÓN DEL LIBERTADOR GENERAL BERNARDO O'HIGGINS,CACHAPOAL II,CHILE VAMOS RENOVACION NACIONAL - INDEPENDIENTES,No aplica,RN,RENOVACION NACIONAL,8478423,16,Aprueba con Observaciones,Sí,No
JULIO_GUTIERREZ_SEPULVEDA__CACHAPOAL_II,JULIO GUTIERREZ SEPULVEDA,H,REGIÓN DEL LIBERTADOR GENERAL BERNARDO O'HIGGINS,CACHAPOAL II,CHILE VAMOS RENOVACION NACIONAL - INDEPENDIENTES,No aplica,RN,RENOVACION NACIONAL,7334200,11,Aprueba con Observaciones,Sí,No
ROBERTO_VARGAS_PINO__CACHAPOAL_II,ROBERTO VARGAS PINO,H,REGIÓN DEL LIBERTADOR GENERAL BERNARDO O'HIGGINS,CACHAPOAL II,CHILE VAMOS RENOVACION NACIONAL - INDEPENDIENTES,No aplica,RN,RENOVACION NACIONAL,2828114,10,Aprueba con Observaciones,Sí,No
FRANCISCO_DUBOY_PAMPARANA__CACHAPOAL_II,FRANCISCO DUBOY PAMPARANA,H,REGIÓN DEL LIBERTADOR GENERAL BERNARDO O'HIGGINS,CACHAPOAL II,CHILE VAMOS RENOVACION NACIONAL - INDEPENDIENTES,No aplica,IND,INDEPENDIENTES,12014428,14,Aprueba con Observaciones,Sí,No
JULIO_CESAR_PENA_MUNOZ__CACHAPOAL_II,JULIO CESAR PEÑA MUÑOZ,H,REGIÓN DEL LIBERTADOR GENERAL BERNARDO O'HIGGINS,CACHAPOAL II,TU REGION RADICAL,No aplica,PR,PARTIDO RADICAL DE CHILE,3012819,8,Rechaza,Sí,No
DANIEL_ANTONIO_MORELLI_PASTENE__CACHAPOAL_II,DANIEL ANTONIO MORELLI PASTENE,H,REGIÓN DEL LIBERTADOR GENERAL BERNARDO O'HIGGINS,CACHAPOAL II,TU REGION RADICAL,No aplica,IND,INDEPENDIENTES,8104998,42,Aprueba con Observaciones,Sí,No
FRANCISCO_GUILLERMO_VALENZUELA_AVILA__CACHAPOAL_II,FRANCISCO GUILLERMO VALENZUELA AVILA,H,REGIÓN DEL LIBERTADOR GENERAL BERNARDO O'HIGGINS,CACHAPOAL II,TU REGION RADICAL,No aplica,IND,INDEPENDIENTES,3141055,11,Rechaza,Sí,No
LEANDRO_ANDRES_SANCHEZ_PINO__CACHAPOAL_II,LEANDRO ANDRES SANCHEZ PINO,H,REGIÓN DEL LIBERTADOR GENERAL BERNARDO O'HIGGINS,CACHAPOAL II,TU REGION RADICAL,No aplica,IND,INDEPENDIENTES,1594840,5,Rechaza,Sí,No
NELSON_RODRIGO_OSORIO_CARVAJAL__CACHAPOAL_II,NELSON RODRIGO OSORIO CARVAJAL,H,REGIÓN DEL LIBERTADOR GENERAL BERNARDO O'HIGGINS,CACHAPOAL II,TU REGION RADICAL,No aplica,IND,INDEPENDIENTES,3010083,24,Aprueba con Observaciones,Sí,No
JOSE_ALEJANDRO_MARTINEZ_PARDO__CACHAPOAL_II,JOSE ALEJANDRO MARTINEZ PARDO,H,REGIÓN DEL LIBERTADOR GENERAL BERNARDO O'HIGGINS,CACHAPOAL II,TU REGION RADICAL,No aplica,IND,INDEPENDIENTES,4110000,34,Aprueba,Sí,No
PAOLA_ALEJANDRA_REY_AHUMADA__CACHAPOAL_II,PAOLA ALEJANDRA REY AHUMADA,M,REGIÓN DEL LIBERTADOR GENERAL BERNARDO O'HIGGINS,CACHAPOAL II,REGIONES VERDES LIBERALES,No aplica,FREVS,FEDERACION REGIONALISTA VERDE SOCIAL,4750000,50,Aprueba,Sí,No
ERICK_MAURICIO_ARRIAGADA_MEDINA__CACHAPOAL_II,ERICK MAURICIO ARRIAGADA MEDINA,H,REGIÓN DEL LIBERTADOR GENERAL BERNARDO O'HIGGINS,CACHAPOAL II,REGIONES VERDES LIBERALES,No aplica,FREVS,FEDERACION REGIONALISTA VERDE SOCIAL,500000,1,Aprueba,Sí,No
ELIOTT_ROBINSON_JEOVANNI_GARCIA_ZUNIGA__CACHAPOAL_II,ELIOTT ROBINSON JEOVANNI GARCIA ZUÑIGA,H,REGIÓN DEL LIBERTADOR GENERAL BERNARDO O'HIGGINS,CACHAPOAL II,REGIONES VERDES LIBERALES,No aplica,IND,INDEPENDIENTES,2589457,12,Aprueba con Observaciones,Sí,No
FLORENIA_CARVAJAL_CID__CACHAPOAL_II,FLORENIA CARVAJAL CID,M,REGIÓN DEL LIBERTADOR GENERAL BERNARDO O'HIGGINS,CACHAPOAL II,LO MEJOR PARA CHILE,PPD E INDEPENDIENTES,PPD,PARTIDO POR LA DEMOCRACIA,790749,21,Aprueba con Observaciones,Sí,No
ALEX_RAMIREZ_ORTIZ__CACHAPOAL_II,ALEX RAMIREZ ORTIZ,H,REGIÓN DEL LIBERTADOR GENERAL BERNARDO O'HIGGINS,CACHAPOAL II,LO MEJOR PARA CHILE,PPD E INDEPENDIENTES,IND,INDEPENDIENTES,9831601,13,Aprueba,Sí,No
PABLO_JARAMILLO_ARANGUIZ__CACHAPOAL_II,PABLO JARAMILLO ARANGUIZ,H,REGIÓN DEL LIBERTADOR GENERAL BERNARDO O'HIGGINS,CACHAPOAL II,LO MEJOR PARA CHILE,PPD E INDEPENDIENTES,IND,INDEPENDIENTES,500000,3,Rechaza,Sí,No
JORGE_ANTONIO_CERDA_MUNOZ__CACHAPOAL_II,JORGE ANTONIO CERDA MUÑOZ,H,REGIÓN DEL LIBERTADOR GENERAL BERNARDO O'HIGGINS,CACHAPOAL II,LO MEJOR PARA CHILE,PPD E INDEPENDIENTES,IND,INDEPENDIENTES,12029916,18,Aprueba,Sí,No
JACQUELINE_ANDREA_JORQUERA_REINOSO__CACHAPOAL_II,JACQUELINE ANDREA JORQUERA REINOSO,M,REGIÓN DEL LIBERTADOR GENERAL BERNARDO O'HIGGINS,CACHAPOAL II,LO MEJOR PARA CHILE,PS E INDEPENDIENTES,PS,PARTIDO SOCIALISTA DE CHILE,10466528,39,Aprueba,Sí,No
ALVARO_AVILA_MENDEZ__CACHAPOAL_II,ALVARO AVILA MENDEZ,H,REGIÓN DEL LIBERTADOR GENERAL BERNARDO O'HIGGINS,CACHAPOAL II,LO MEJOR PARA CHILE,PS E INDEPENDIENTES,PS,PARTIDO SOCIALISTA DE CHILE,4675160,10,Aprueba con Observaciones,Sí,No
LIVA_EMILENE_ROJAS_MALDONADO__CACHAPOAL_II,LIVA EMILENE ROJAS MALDONADO,M,REGIÓN DEL LIBERTADOR GENERAL BERNARDO O'HIGGINS,CACHAPOAL II,LO MEJOR PARA CHILE,PS E INDEPENDIENTES,PS,PARTIDO SOCIALISTA DE CHILE,12519307,23,Aprueba,Sí,No
DOMINICA_LEONOR_GUZMAN_ARCE__CACHAPOAL_II,DOMINICA LEONOR GUZMAN ARCE,M,REGIÓN DEL LIBERTADOR GENERAL BERNARDO O'HIGGINS,CACHAPOAL II,LO MEJOR PARA CHILE,PS E INDEPENDIENTES,IND,INDEPENDIENTES,4241808,66,Aprueba con Observaciones,Sí,No
MARCELA_NARVAEZ_ZAPATA__CACHAPOAL_II,MARCELA NARVAEZ ZAPATA,M,REGIÓN DEL LIBERTADOR GENERAL BERNARDO O'HIGGINS,CACHAPOAL II,PARTIDO DE LA GENTE E INDEPENDIENTES,No aplica,PDG,PARTIDO DE LA GENTE,6524500,35,Aprueba,Sí,No
JULIA_OLIVARES_ORTIZ__CACHAPOAL_II,JULIA OLIVARES ORTIZ,M,REGIÓN DEL LIBERTADOR GENERAL BERNARDO O'HIGGINS,CACHAPOAL II,PARTIDO DE LA GENTE E INDEPENDIENTES,No aplica,PDG,PARTIDO DE LA GENTE,4666800,40,Aprueba,Sí,No
EDUARDO_MUTIS_ROBLEDO__CACHAPOAL_II,EDUARDO MUTIS ROBLEDO,H,REGIÓN DEL LIBERTADOR GENERAL BERNARDO O'HIGGINS,CACHAPOAL II,PARTIDO DE LA GENTE E INDEPENDIENTES,No aplica,PDG,PARTIDO DE LA GENTE,753617,2,Aprueba,Sí,No
JOSE_CARVALLO_CASTRO__CACHAPOAL_II,JOSE CARVALLO CASTRO,H,REGIÓN DEL LIBERTADOR GENERAL BERNARDO O'HIGGINS,CACHAPOAL II,PARTIDO DE LA GENTE E INDEPENDIENTES,No aplica,PDG,PARTIDO DE LA GENTE,3000000,26,Aprueba con Observaciones,Sí,No
MANUEL_IBARRA_VILLAR__CACHAPOAL_II,MANUEL IBARRA VILLAR,H,REGIÓN DEL LIBERTADOR GENERAL BERNARDO O'HIGGINS,CACHAPOAL II,PARTIDO DE LA GENTE E INDEPENDIENTES,No aplica,PDG,PARTIDO DE LA GENTE,1228328,25,Aprueba con Observaciones,Sí,No
RUTH_ALVARADO_MONTES__CACHAPOAL_II,RUTH ALVARADO MONTES,M,REGIÓN DEL LIBERTADOR GENERAL BERNARDO O'HIGGINS,CACHAPOAL II,PARTIDO DE LA GENTE E INDEPENDIENTES,No aplica,PDG,PARTIDO DE LA GENTE,1000000,10,Aprueba,Sí,No
RODRIGO_PENAILILLO_VALENZUELA__CACHAPOAL_II,RODRIGO PEÑAILILLO VALENZUELA,H,REGIÓN DEL LIBERTADOR GENERAL BERNARDO O'HIGGINS,CACHAPOAL II,PARTIDO DE LA GENTE E INDEPENDIENTES,No aplica,PDG,PARTIDO DE LA GENTE,400000,6,Aprueba con Observaciones,Sí,No
LINDSEY_PAVEZ_TAPIA__CACHAPOAL_II,LINDSEY PAVEZ TAPIA,M,REGIÓN DEL LIBERTADOR GENERAL BERNARDO O'HIGGINS,CACHAPOAL II,PARTIDO DE LA GENTE E INDEPENDIENTES,No aplica,PDG,PARTIDO DE LA GENTE,1942240,24,Rechaza,Sí,No
MIGUEL_ANGEL_RIVEROS_LANDAETA__CACHAPOAL_II,MIGUEL ANGEL RIVEROS LANDAETA,H,REGIÓN DEL LIBERTADOR GENERAL BERNARDO O'HIGGINS,CACHAPOAL II,POR UN CHILE MEJOR,No aplica,PDC,PARTIDO DEMOCRATA CRISTIANO,2090000,30,Aprueba con Observaciones,Sí,No
RODRIGO_ANTONIO_LAGOS_FUENTES__CACHAPOAL_II,RODRIGO ANTONIO LAGOS FUENTES,H,REGIÓN DEL LIBERTADOR GENERAL BERNARDO O'HIGGINS,CACHAPOAL II,POR UN CHILE MEJOR,No aplica,PDC,PARTIDO DEMOCRATA CRISTIANO,6916108,43,Aprueba,Sí,No
PABLO_FAVIO_VASQUEZ_PAVEZ__CACHAPOAL_II,PABLO FAVIO VASQUEZ PAVEZ,H,REGIÓN DEL LIBERTADOR GENERAL BERNARDO O'HIGGINS,CACHAPOAL II,POR UN CHILE MEJOR,No aplica,PDC,PARTIDO DEMOCRATA CRISTIANO,500000,1,Aprueba con Observaciones,Sí,No
JUAN_JOSE_DONOSO_OSORIO__CACHAPOAL_II,JUAN JOSE DONOSO OSORIO,H,REGIÓN DEL LIBERTADOR GENERAL BERNARDO O'HIGGINS,CACHAPOAL II,POR UN CHILE MEJOR,No aplica,PDC,PARTIDO DEMOCRATA CRISTIANO,7253920,12,Aprueba,Sí,No
MAURICIO_BAEZA_VASQUEZ__CACHAPOAL_II,MAURICIO BAEZA VASQUEZ,H,REGIÓN DEL LIBERTADOR GENERAL BERNARDO O'HIGGINS,CACHAPOAL II,POR UN CHILE MEJOR,No aplica,IND,INDEPENDIENTES,3060000,18,Aprueba,Sí,No
ROSA_DEL_CARMEN_ZACCONI_QUIROZ__CACHAPOAL_II,ROSA DEL CARMEN ZACCONI QUIROZ,M,REGIÓN DEL LIBERTADOR GENERAL BERNARDO O'HIGGINS,CACHAPOAL II,CENTRO DEMOCRATICO,DEMOCRATAS E INDEPENDIENTES,DEMOCRATAS,PARTIDO DEMOCRATAS CHILE,14438951,17,Aprueba con Observaciones,Sí,No
JULIA_ELENA_ESPINOZA_CARRASCO__CACHAPOAL_II,JULIA ELENA ESPINOZA CARRASCO,M,REGIÓN DEL LIBERTADOR GENERAL BERNARDO O'HIGGINS,CACHAPOAL II,CENTRO DEMOCRATICO,DEMOCRATAS E INDEPENDIENTES,DEMOCRATAS,PARTIDO DEMOCRATAS CHILE,179960,2,Aprueba con Observaciones,Sí,No
LAURA_ALEJANDRA_RAMIREZ_CANTILLANA__CACHAPOAL_II,LAURA ALEJANDRA RAMIREZ CANTILLANA,M,REGIÓN DEL LIBERTADOR GENERAL BERNARDO O'HIGGINS,CACHAPOAL II,CENTRO DEMOCRATICO,DEMOCRATAS E INDEPENDIENTES,IND,INDEPENDIENTES,5294980,9,Aprueba,Sí,No
SIMON_ANTONIO_ESCOBAR_GONZALEZ__CACHAPOAL_II,SIMON ANTONIO ESCOBAR GONZALEZ,H,REGIÓN DEL LIBERTADOR GENERAL BERNARDO O'HIGGINS,CACHAPOAL II,CENTRO DEMOCRATICO,DEMOCRATAS E INDEPENDIENTES,IND,INDEPENDIENTES,593157,7,Rechaza,Sí,No
PAULINA_ALEJANDRA_DUARTE_ABARZUA__CACHAPOAL_II,PAULINA ALEJANDRA DUARTE ABARZUA,M,REGIÓN DEL LIBERTADOR GENERAL BERNARDO O'HIGGINS,CACHAPOAL II,FRENTE AMPLIO,FRENTE AMPLIO E INDEPENDIENTES,FA,FRENTE AMPLIO,3405880,12,Aprueba,Sí,No
CRISTIAN_HERNAN_TORO_ROMERO__CACHAPOAL_II,CRISTIAN HERNAN TORO ROMERO,H,REGIÓN DEL LIBERTADOR GENERAL BERNARDO O'HIGGINS,CACHAPOAL II,FRENTE AMPLIO,FRENTE AMPLIO E INDEPENDIENTES,FA,FRENTE AMPLIO,80000,1,Aprueba,Sí,No
CRISTIAN_GONZALEZ_GUTIERREZ__CACHAPOAL_II,CRISTIAN GONZALEZ GUTIERREZ,H,REGIÓN DEL LIBERTADOR GENERAL BERNARDO O'HIGGINS,CACHAPOAL II,FRENTE AMPLIO,FRENTE AMPLIO E INDEPENDIENTES,FA,FRENTE AMPLIO,1980000,3,Aprueba con Observaciones,Sí,No
ROBERTO_ANTONIO_ARENAS_LIRA__CACHAPOAL_II,ROBERTO ANTONIO ARENAS LIRA,H,REGIÓN DEL LIBERTADOR GENERAL BERNARDO O'HIGGINS,CACHAPOAL II,FRENTE AMPLIO,FRENTE AMPLIO E INDEPENDIENTES,FA,FRENTE AMPLIO,1538431,12,Aprueba,Sí,No
MARIA_ALEXANDRA_GAETE_VALLEJOS__CACHAPOAL_II,MARIA ALEXANDRA GAETE VALLEJOS,M,REGIÓN DEL LIBERTADOR GENERAL BERNARDO O'HIGGINS,CACHAPOAL II,FRENTE AMPLIO,FRENTE AMPLIO E INDEPENDIENTES,FA,FRENTE AMPLIO,133352,4,Aprueba con Observaciones,Sí,No
FRANCISCO_JAVIER_CASTRO_SOTO__CACHAPOAL_II,FRANCISCO JAVIER CASTRO SOTO,H,REGIÓN DEL LIBERTADOR GENERAL BERNARDO O'HIGGINS,CACHAPOAL II,FRENTE AMPLIO,FRENTE AMPLIO E INDEPENDIENTES,IND,INDEPENDIENTES,2584750,4,Rechaza,Sí,No
JAVIER_IVAN_HERNANDEZ_NAGUIL__CACHAPOAL_II,JAVIER IVAN HERNANDEZ NAGUIL,H,REGIÓN DEL LIBERTADOR GENERAL BERNARDO O'HIGGINS,CACHAPOAL II,FRENTE AMPLIO,FRENTE AMPLIO E INDEPENDIENTES,IND,INDEPENDIENTES,0,0,Rechaza,No,No
CRISTIAN_RODRIGO_PAVEZ_HERRERA__CACHAPOAL_II,CRISTIAN RODRIGO PAVEZ HERRERA,H,REGIÓN DEL LIBERTADOR GENERAL BERNARDO O'HIGGINS,CACHAPOAL II,FRENTE AMPLIO,FRENTE AMPLIO E INDEPENDIENTES,IND,INDEPENDIENTES,10029001,14,Aprueba con Observaciones,Sí,No
HECTOR_JORQUERA_LOPEZ__CACHAPOAL_II,HECTOR JORQUERA LOPEZ,H,REGIÓN DEL LIBERTADOR GENERAL BERNARDO O'HIGGINS,CACHAPOAL II,CHILE VAMOS UDI - INDEPENDIENTES,No aplica,UDI,UNION DEMOCRATA INDEPENDIENTE,8050771,13,Rechaza,Sí,No
HUGO_NUNEZ_GUERRERO__CACHAPOAL_II,HUGO NUÑEZ GUERRERO,H,REGIÓN DEL LIBERTADOR GENERAL BERNARDO O'HIGGINS,CACHAPOAL II,CHILE VAMOS UDI - INDEPENDIENTES,No aplica,IND,INDEPENDIENTES,9230250,4,Aprueba con Observaciones,Sí,No
DEYSI_NAVARRO_PADILLA__CACHAPOAL_II,DEYSI NAVARRO PADILLA,M,REGIÓN DEL LIBERTADOR GENERAL BERNARDO O'HIGGINS,CACHAPOAL II,CHILE VAMOS UDI - INDEPENDIENTES,No aplica,IND,INDEPENDIENTES,23981816,29,Aprueba con Observaciones,Sí,Sí
ANDREA_MUJICA_AGUIRRE__CACHAPOAL_II,ANDREA MUJICA AGUIRRE,M,REGIÓN DEL LIBERTADOR GENERAL BERNARDO O'HIGGINS,CACHAPOAL II,CHILE VAMOS UDI - INDEPENDIENTES,No aplica,IND,INDEPENDIENTES,2978354,12,Aprueba con Observaciones,Sí,No
PEDRO_JOSE_BUSTAMANTE_DONOSO__CACHAPOAL_II,PEDRO JOSE BUSTAMANTE DONOSO,H,REGIÓN DEL LIBERTADOR GENERAL BERNARDO O'HIGGINS,CACHAPOAL II,REPUBLICANOS E INDEPENDIENTES,No aplica,REPUBLICANO,PARTIDO REPUBLICANO DE CHILE,2759552,8,Aprueba con Observaciones,Sí,No
MANUEL_ANTONIO_MORALES_BURGOS__CACHAPOAL_II,MANUEL ANTONIO MORALES BURGOS,H,REGIÓN DEL LIBERTADOR GENERAL BERNARDO O'HIGGINS,CACHAPOAL II,REPUBLICANOS E INDEPENDIENTES,No aplica,REPUBLICANO,PARTIDO REPUBLICANO DE CHILE,1678501,3,Aprueba,Sí,No
JAVIER_ORLANDO_PINA_PINA__CACHAPOAL_II,JAVIER ORLANDO PIÑA PIÑA,H,REGIÓN DEL LIBERTADOR GENERAL BERNARDO O'HIGGINS,CACHAPOAL II,REPUBLICANOS E INDEPENDIENTES,No aplica,REPUBLICANO,PARTIDO REPUBLICANO DE CHILE,485000,2,Aprueba,Sí,No
FRANCISCO_EDUARDO_FERNANDEZ_FLORES__CACHAPOAL_II,FRANCISCO EDUARDO FERNANDEZ FLORES,H,REGIÓN DEL LIBERTADOR GENERAL BERNARDO O'HIGGINS,CACHAPOAL II,REPUBLICANOS E INDEPENDIENTES,No aplica,REPUBLICANO,PARTIDO REPUBLICANO DE CHILE,5439017,11,Aprueba con Observaciones,Sí,No
SEBASTIAN_CRISTOFFANINI_JARAQUEMADA__CACHAPOAL_II,SEBASTIAN CRISTOFFANINI JARAQUEMADA,H,REGIÓN DEL LIBERTADOR GENERAL BERNARDO O'HIGGINS,CACHAPOAL II,REPUBLICANOS E INDEPENDIENTES,No aplica,IND,INDEPENDIENTES,24635000,11,Aprueba,Sí,Sí
MANUEL_ROBERTO_COFRE_PEREZ__CARDENAL_CARO,MANUEL ROBERTO COFRE PEREZ,H,REGIÓN DEL LIBERTADOR GENERAL BERNARDO O'HIGGINS,CARDENAL CARO,TODAS Y TODOS POR CHILE,PARTIDO COMUNISTA E INDEPENDIENTES,PCCH,PARTIDO COMUNISTA DE CHILE,5390063,20,Aprueba,Sí,No
JORGE_ANTONIO_TORO_ARANDA__CARDENAL_CARO,JORGE ANTONIO TORO ARANDA,H,REGIÓN DEL LIBERTADOR GENERAL BERNARDO O'HIGGINS,CARDENAL CARO,TU REGION RADICAL,No aplica,IND,INDEPENDIENTES,2279000,7,Aprueba con Observaciones,Sí,No
NESTOR_GERMAN_SEPULVEDA_SEPULVEDA__CARDENAL_CARO,NESTOR GERMAN SEPULVEDA SEPULVEDA,H,REGIÓN DEL LIBERTADOR GENERAL BERNARDO O'HIGGINS,CARDENAL CARO,TU REGION RADICAL,No aplica,IND,INDEPENDIENTES,562500,4,Rechaza,Sí,No
DIEGO_ALBERTO_GREZ_CANETE__CARDENAL_CARO,DIEGO ALBERTO GREZ CAÑETE,H,REGIÓN DEL LIBERTADOR GENERAL BERNARDO O'HIGGINS,CARDENAL CARO,REGIONES VERDES LIBERALES,No aplica,IND,INDEPENDIENTES,4893199,17,Aprueba con Observaciones,Sí,No
SERGIO_ENRIQUE_CUEVAS_VELOZO__CARDENAL_CARO,SERGIO ENRIQUE CUEVAS VELOZO,H,REGIÓN DEL LIBERTADOR GENERAL BERNARDO O'HIGGINS,CARDENAL CARO,LO MEJOR PARA CHILE,PS E INDEPENDIENTES,PS,PARTIDO SOCIALISTA DE CHILE,2222160,9,Aprueba con Observaciones,Sí,No
ABRAHAM_CURIFUTA_SILVA__CARDENAL_CARO,ABRAHAM CURIFUTA SILVA,H,REGIÓN DEL LIBERTADOR GENERAL BERNARDO O'HIGGINS,CARDENAL CARO,LO MEJOR PARA CHILE,PPD E INDEPENDIENTES,PPD,PARTIDO POR LA DEMOCRACIA,280,1,Aprueba con Observaciones,Sí,No
FIDEL_CHANDIA_PARRA__CARDENAL_CARO,FIDEL CHANDIA PARRA,H,REGIÓN DEL LIBERTADOR GENERAL BERNARDO O'HIGGINS,CARDENAL CARO,PARTIDO DE LA GENTE E INDEPENDIENTES,No aplica,IND,INDEPENDIENTES,1525001,4,Aprueba con Observaciones,Sí,No
ROBERTO_JULIO_LISBOA_VALLE__CARDENAL_CARO,ROBERTO JULIO LISBOA VALLE,H,REGIÓN DEL LIBERTADOR GENERAL BERNARDO O'HIGGINS,CARDENAL CARO,POR UN CHILE MEJOR,No aplica,PDC,PARTIDO DEMOCRATA CRISTIANO,1925463,29,Aprueba,Sí,No
DIEGO_FABIAN_ABARCA_DEL_PINO__CARDENAL_CARO,DIEGO FABIAN ABARCA DEL PINO,H,REGIÓN DEL LIBERTADOR GENERAL BERNARDO O'HIGGINS,CARDENAL CARO,POR UN CHILE MEJOR,No aplica,IND,INDEPENDIENTES,11430867,26,Aprueba con Observaciones,Sí,No
TAMARA_JEANNETTE_MONROY_VILLAR__CARDENAL_CARO,TAMARA JEANNETTE MONROY VILLAR,M,REGIÓN DEL LIBERTADOR GENERAL BERNARDO O'HIGGINS,CARDENAL CARO,FRENTE AMPLIO,FRENTE AMPLIO E INDEPENDIENTES,FA,FRENTE AMPLIO,11003221,27,Aprueba con Observaciones,Sí,No
JORGE_VARGAS_GONZALEZ__CARDENAL_CARO,JORGE VARGAS GONZALEZ,H,REGIÓN DEL LIBERTADOR GENERAL BERNARDO O'HIGGINS,CARDENAL CARO,CHILE VAMOS UDI - INDEPENDIENTES,No aplica,UDI,UNION DEMOCRATA INDEPENDIENTE,14127999,18,Aprueba,Sí,No
JOSE_IGNACIO_GONZALEZ_PINO__CARDENAL_CARO,JOSE IGNACIO GONZALEZ PINO,H,REGIÓN DEL LIBERTADOR GENERAL BERNARDO O'HIGGINS,CARDENAL CARO,CHILE VAMOS UDI - INDEPENDIENTES,No aplica,UDI,UNION DEMOCRATA INDEPENDIENTE,8378750,28,Aprueba,Sí,No
IGNACIO_SEBASTIAN_MORI_PEREZ__CARDENAL_CARO,IGNACIO SEBASTIAN MORI PEREZ,H,REGIÓN DEL LIBERTADOR GENERAL BERNARDO O'HIGGINS,CARDENAL CARO,CHILE VAMOS EVOPOLI - INDEPENDIENTES,No aplica,EVOPOLI,EVOLUCION POLITICA,1124935,7,Aprueba con Observaciones,Sí,No
MARIA_TRINIDAD_URZUA_ARIAS__COLCHAGUA,MARIA TRINIDAD URZUA ARIAS,M,REGIÓN DEL LIBERTADOR GENERAL BERNARDO O'HIGGINS,COLCHAGUA,TODAS Y TODOS POR CHILE,PARTIDO COMUNISTA E INDEPENDIENTES,PCCH,PARTIDO COMUNISTA DE CHILE,1160000,14,Aprueba con Observaciones,Sí,No
NATALY_CAROLINA_ZUNIGA_CALDERON__COLCHAGUA,NATALY CAROLINA ZUÑIGA CALDERON,M,REGIÓN DEL LIBERTADOR GENERAL BERNARDO O'HIGGINS,COLCHAGUA,TODAS Y TODOS POR CHILE,PARTIDO COMUNISTA E INDEPENDIENTES,PCCH,PARTIDO COMUNISTA DE CHILE,2333117,52,Aprueba con Observaciones,Sí,No
ROSA_DEL_CARMEN_URREA_ULLOA__COLCHAGUA,ROSA DEL CARMEN URREA ULLOA,M,REGIÓN DEL LIBERTADOR GENERAL BERNARDO O'HIGGINS,COLCHAGUA,PARTIDO SOCIAL CRISTIANO E INDEPENDIENTES,No aplica,PSC,PARTIDO SOCIAL CRISTIANO,234400,5,Aprueba con Observaciones,Sí,No
SUSY_EDITH_JARAMILLO_VIDAL__COLCHAGUA,SUSY EDITH JARAMILLO VIDAL,M,REGIÓN DEL LIBERTADOR GENERAL BERNARDO O'HIGGINS,COLCHAGUA,PARTIDO SOCIAL CRISTIANO E INDEPENDIENTES,No aplica,PSC,PARTIDO SOCIAL CRISTIANO,1022970,10,Rechaza,Sí,No
MARCOS_RODRIGO_CORTINEZ_PARADA__COLCHAGUA,MARCOS RODRIGO CORTINEZ PARADA,H,REGIÓN DEL LIBERTADOR GENERAL BERNARDO O'HIGGINS,COLCHAGUA,PARTIDO SOCIAL CRISTIANO E INDEPENDIENTES,No aplica,PSC,PARTIDO SOCIAL CRISTIANO,1270400,8,Aprueba,Sí,No
MAURICIO_DURAN_ARAVENA__COLCHAGUA,MAURICIO DURAN ARAVENA,H,REGIÓN DEL LIBERTADOR GENERAL BERNARDO O'HIGGINS,COLCHAGUA,CHILE VAMOS RENOVACION NACIONAL - INDEPENDIENTES,No aplica,RN,RENOVACION NACIONAL,0,0,Rechaza,No,No
DIEGO_ERRAZURIZ_LOPEZ__COLCHAGUA,DIEGO ERRAZURIZ LOPEZ,H,REGIÓN DEL LIBERTADOR GENERAL BERNARDO O'HIGGINS,COLCHAGUA,CHILE VAMOS RENOVACION NACIONAL - INDEPENDIENTES,No aplica,RN,RENOVACION NACIONAL,9036629,10,Aprueba,Sí,No
ROBERTA_CASTILLO_ARCE__COLCHAGUA,ROBERTA CASTILLO ARCE,M,REGIÓN DEL LIBERTADOR GENERAL BERNARDO O'HIGGINS,COLCHAGUA,CHILE VAMOS RENOVACION NACIONAL - INDEPENDIENTES,No aplica,RN,RENOVACION NACIONAL,1923746,26,Aprueba con Observaciones,Sí,No
GERARDO_CONTRERAS_JORQUERA__COLCHAGUA,GERARDO CONTRERAS JORQUERA,H,REGIÓN DEL LIBERTADOR GENERAL BERNARDO O'HIGGINS,COLCHAGUA,CHILE VAMOS RENOVACION NACIONAL - INDEPENDIENTES,No aplica,RN,RENOVACION NACIONAL,10648150,13,Aprueba,Sí,No
DANIELA_ALEJANDRA_FUENTES_NAVARRO__COLCHAGUA,DANIELA ALEJANDRA FUENTES NAVARRO,M,REGIÓN DEL LIBERTADOR GENERAL BERNARDO O'HIGGINS,COLCHAGUA,TU REGION RADICAL,No aplica,PR,PARTIDO RADICAL DE CHILE,1866608,8,Rechaza,Sí,No
CRISTIAN_SEBASTIAN_RETAMAL_GALARCE__COLCHAGUA,CRISTIAN SEBASTIAN RETAMAL GALARCE,H,REGIÓN DEL LIBERTADOR GENERAL BERNARDO O'HIGGINS,COLCHAGUA,TU REGION RADICAL,No aplica,PR,PARTIDO RADICAL DE CHILE,3070520,15,Aprueba,Sí,No
DANIEL_ANTONIO_GOMEZ_GOMEZ__COLCHAGUA,DANIEL ANTONIO GOMEZ GOMEZ,H,REGIÓN DEL LIBERTADOR GENERAL BERNARDO O'HIGGINS,COLCHAGUA,TU REGION RADICAL,No aplica,IND,INDEPENDIENTES,750000,2,Aprueba con Observaciones,Sí,No
ADAN_ANDRES_PARRAGUEZ_ORTIZ__COLCHAGUA,ADAN ANDRES PARRAGUEZ ORTIZ,H,REGIÓN DEL LIBERTADOR GENERAL BERNARDO O'HIGGINS,COLCHAGUA,TU REGION RADICAL,No aplica,IND,INDEPENDIENTES,0,0,Rechaza,No,No
ALEJANDRO_DIAZ_CORREA__COLCHAGUA,ALEJANDRO DIAZ CORREA,H,REGIÓN DEL LIBERTADOR GENERAL BERNARDO O'HIGGINS,COLCHAGUA,REGIONES VERDES LIBERALES,No aplica,IND,INDEPENDIENTES,4813040,12,Aprueba con Observaciones,Sí,No
MARIA_CAROLINA_MIRANDA_CAMPOS__COLCHAGUA,MARIA CAROLINA MIRANDA CAMPOS,M,REGIÓN DEL LIBERTADOR GENERAL BERNARDO O'HIGGINS,COLCHAGUA,REGIONES VERDES LIBERALES,No aplica,IND,INDEPENDIENTES,5101174,22,Aprueba con Observaciones,Sí,No
CRISTIAN_ALEJANDRO_MALDONADO_ROJAS__COLCHAGUA,CRISTIAN ALEJANDRO MALDONADO ROJAS,H,REGIÓN DEL LIBERTADOR GENERAL BERNARDO O'HIGGINS,COLCHAGUA,REGIONES VERDES LIBERALES,No aplica,IND,INDEPENDIENTES,1066094,8,Aprueba,Sí,No
IVO_LUCIANO_CASTILLO_OSORIO__COLCHAGUA,IVO LUCIANO CASTILLO OSORIO,H,REGIÓN DEL LIBERTADOR GENERAL BERNARDO O'HIGGINS,COLCHAGUA,REGIONES VERDES LIBERALES,No aplica,IND,INDEPENDIENTES,7372374,5,Aprueba con Observaciones,Sí,No
MARIA_MARGARITA_HENRIQUEZ_GONZALEZ__COLCHAGUA,MARIA MARGARITA HENRIQUEZ GONZALEZ,M,REGIÓN DEL LIBERTADOR GENERAL BERNARDO O'HIGGINS,COLCHAGUA,LO MEJOR PARA CHILE,PS E INDEPENDIENTES,PS,PARTIDO SOCIALISTA DE CHILE,7580552,52,Aprueba con Observaciones,Sí,No
ADRIANA_JANET_MERCEDES_CANCINO_MENESES__COLCHAGUA,ADRIANA JANET MERCEDES CANCINO MENESES,M,REGIÓN DEL LIBERTADOR GENERAL BERNARDO O'HIGGINS,COLCHAGUA,LO MEJOR PARA CHILE,PS E INDEPENDIENTES,PS,PARTIDO SOCIALISTA DE CHILE,3152096,14,Aprueba con Observaciones,Sí,No
CRISTINA_IVONNE_MARCHANT_SALINAS__COLCHAGUA,CRISTINA IVONNE MARCHANT SALINAS,M,REGIÓN DEL LIBERTADOR GENERAL BERNARDO O'HIGGINS,COLCHAGUA,LO MEJOR PARA CHILE,PS E INDEPENDIENTES,IND,INDEPENDIENTES,49981823,29,Aprueba con Observaciones,Sí,Sí
RODRIGO_MALDONADO_BECERRA__COLCHAGUA,RODRIGO MALDONADO BECERRA,H,REGIÓN DEL LIBERTADOR GENERAL BERNARDO O'HIGGINS,COLCHAGUA,PARTIDO DE LA GENTE E INDEPENDIENTES,No aplica,PDG,PARTIDO DE LA GENTE,2425000,13,Aprueba,Sí,No
VERONICA_SANCHEZ_VILLALOBOS__COLCHAGUA,VERONICA SANCHEZ VILLALOBOS,M,REGIÓN DEL LIBERTADOR GENERAL BERNARDO O'HIGGINS,COLCHAGUA,PARTIDO DE LA GENTE E INDEPENDIENTES,No aplica,PDG,PARTIDO DE LA GENTE,929767,24,Aprueba,Sí,No
WALDO_ANTONIO_CERDA_FARIAS__COLCHAGUA,WALDO ANTONIO CERDA FARIAS,H,REGIÓN DEL LIBERTADOR GENERAL BERNARDO O'HIGGINS,COLCHAGUA,POR UN CHILE MEJOR,No aplica,PDC,PARTIDO DEMOCRATA CRISTIANO,4096300,28,Aprueba,Sí,No
HECTOR_CEA_DUQUE__COLCHAGUA,HECTOR CEA DUQUE,H,REGIÓN DEL LIBERTADOR GENERAL BERNARDO O'HIGGINS,COLCHAGUA,POR UN CHILE MEJOR,No aplica,PDC,PARTIDO DEMOCRATA CRISTIANO,2579060,5,Aprueba,Sí,No
MARCELO_ANDRES_VALDES_ALISTE__COLCHAGUA,MARCELO ANDRES VALDES ALISTE,H,REGIÓN DEL LIBERTADOR GENERAL BERNARDO O'HIGGINS,COLCHAGUA,CENTRO DEMOCRATICO,DEMOCRATAS E INDEPENDIENTES,DEMOCRATAS,PARTIDO DEMOCRATAS CHILE,0,0,Rechaza,No,No
LESLIE_FERNANDA_URZUA_GALVEZ__COLCHAGUA,LESLIE FERNANDA URZUA GALVEZ,M,REGIÓN DEL LIBERTADOR GENERAL BERNARDO O'HIGGINS,COLCHAGUA,CENTRO DEMOCRATICO,DEMOCRATAS E INDEPENDIENTES,DEMOCRATAS,PARTIDO DEMOCRATAS CHILE,1860000,4,Aprueba,Sí,No
SONIA_ESTER_RODRIGUEZ_HERMOSILLA__COLCHAGUA,SONIA ESTER RODRIGUEZ HERMOSILLA,M,REGIÓN DEL LIBERTADOR GENERAL BERNARDO O'HIGGINS,COLCHAGUA,CENTRO DEMOCRATICO,DEMOCRATAS E INDEPENDIENTES,IND,INDEPENDIENTES,3628883,5,Aprueba con Observaciones,Sí,No
MARCELO_SEBASTIAN_VARGAS_DIAZ__COLCHAGUA,MARCELO SEBASTIAN VARGAS DIAZ,H,REGIÓN DEL LIBERTADOR GENERAL BERNARDO O'HIGGINS,COLCHAGUA,FRENTE AMPLIO,FRENTE AMPLIO E INDEPENDIENTES,FA,FRENTE AMPLIO,3830556,27,Aprueba con Observaciones,Sí,No
SEBASTIAN_ROCHA_MEDINA__COLCHAGUA,SEBASTIAN ROCHA MEDINA,H,REGIÓN DEL LIBERTADOR GENERAL BERNARDO O'HIGGINS,COLCHAGUA,CHILE VAMOS UDI - INDEPENDIENTES,No aplica,UDI,UNION DEMOCRATA INDEPENDIENTE,9498901,27,Aprueba,Sí,No
RICK_OSSES_ALIAGA__COLCHAGUA,RICK OSSES ALIAGA,H,REGIÓN DEL LIBERTADOR GENERAL BERNARDO O'HIGGINS,COLCHAGUA,CHILE VAMOS UDI - INDEPENDIENTES,No aplica,UDI,UNION DEMOCRATA INDEPENDIENTE,13545050,59,Aprueba con Observaciones,Sí,No
NATALIA_TOBAR_MORALES__COLCHAGUA,NATALIA TOBAR MORALES,M,REGIÓN DEL LIBERTADOR GENERAL BERNARDO O'HIGGINS,COLCHAGUA,CHILE VAMOS UDI - INDEPENDIENTES,No aplica,IND,INDEPENDIENTES,9722478,40,Aprueba,Sí,No
LUIS_ALBERTO_FLORES_ESQUIVEL__COLCHAGUA,LUIS ALBERTO FLORES ESQUIVEL,H,REGIÓN DEL LIBERTADOR GENERAL BERNARDO O'HIGGINS,COLCHAGUA,CHILE VAMOS EVOPOLI - INDEPENDIENTES,No aplica,IND,INDEPENDIENTES,532050,2,Aprueba con Observaciones,Sí,No
CRISTIAN_NICOLAS_LARENAS_PENA__COLCHAGUA,CRISTIAN NICOLAS LARENAS PEÑA,H,REGIÓN DEL LIBERTADOR GENERAL BERNARDO O'HIGGINS,COLCHAGUA,CHILE VAMOS EVOPOLI - INDEPENDIENTES,No aplica,IND,INDEPENDIENTES,4152391,18,Aprueba con Observaciones,Sí,No
EDGARDO_FABIAN_VARGAS_BOLBARAN__COLCHAGUA,EDGARDO FABIAN VARGAS BOLBARAN,H,REGIÓN DEL LIBERTADOR GENERAL BERNARDO O'HIGGINS,COLCHAGUA,REPUBLICANOS E INDEPENDIENTES,No aplica,REPUBLICANO,PARTIDO REPUBLICANO DE CHILE,6393133,18,Aprueba con Observaciones,Sí,No
MAURICIO_DONOSO_PAVEZ__COLCHAGUA,MAURICIO DONOSO PAVEZ,H,REGIÓN DEL LIBERTADOR GENERAL BERNARDO O'HIGGINS,COLCHAGUA,REPUBLICANOS E INDEPENDIENTES,No aplica,REPUBLICANO,PARTIDO REPUBLICANO DE CHILE,20400000,6,Aprueba,Sí,Sí
HARRY_RAYMOND_EVANS_CASTRO__COLCHAGUA,HARRY RAYMOND EVANS CASTRO,H,REGIÓN DEL LIBERTADOR GENERAL BERNARDO O'HIGGINS,COLCHAGUA,REPUBLICANOS E INDEPENDIENTES,No aplica,IND,INDEPENDIENTES,3208194,10,Rechaza,Sí,No
DANIELLA_SILVA_GARCIA__CAUQUENES,DANIELLA SILVA GARCIA,M,REGIÓN DEL MAULE,CAUQUENES,TODAS Y TODOS POR CHILE,PARTIDO COMUNISTA E INDEPENDIENTES,PCCH,PARTIDO COMUNISTA DE CHILE,2621171,20,Aprueba con Observaciones,Sí,No
JENNIFER_YOLANDA_ALVAREZ_ALVAREZ__CAUQUENES,JENNIFER YOLANDA ALVAREZ ALVAREZ,M,REGIÓN DEL MAULE,CAUQUENES,PARTIDO SOCIAL CRISTIANO E INDEPENDIENTES,No aplica,PSC,PARTIDO SOCIAL CRISTIANO,796095,7,Aprueba con Observaciones,Sí,No
JUAN_ANDRES_MUNOZ_SAAVEDRA__CAUQUENES,JUAN ANDRES MUÑOZ SAAVEDRA,H,REGIÓN DEL MAULE,CAUQUENES,CHILE VAMOS RENOVACION NACIONAL - INDEPENDIENTES,No aplica,RN,RENOVACION NACIONAL,22390015,16,Aprueba,Sí,Sí
MONICA_SEPULVEDA_SOTO__CAUQUENES,MONICA SEPULVEDA SOTO,M,REGIÓN DEL MAULE,CAUQUENES,TU REGION RADICAL,No aplica,PR,PARTIDO RADICAL DE CHILE,12135096,64,Aprueba,Sí,No
MARCELA_LORENA_CERNA_FUENTES__CAUQUENES,MARCELA LORENA CERNA FUENTES,M,REGIÓN DEL MAULE,CAUQUENES,TU REGION RADICAL,No aplica,IND,INDEPENDIENTES,2479770,10,Aprueba,Sí,No
ALEJANDRA_CAROLINA_LANDEROS_GARRIDO__CAUQUENES,ALEJANDRA CAROLINA LANDEROS GARRIDO,M,REGIÓN DEL MAULE,CAUQUENES,LO MEJOR PARA CHILE,PS E INDEPENDIENTES,IND,INDEPENDIENTES,6902114,10,Aprueba con Observaciones,Sí,No
DOMINGO_LEIVA_MENA__CAUQUENES,DOMINGO LEIVA MENA,H,REGIÓN DEL MAULE,CAUQUENES,LO MEJOR PARA CHILE,PPD E INDEPENDIENTES,IND,INDEPENDIENTES,2380600,9,Aprueba con Observaciones,Sí,No
MARIA_DEL_CARMEN_PEREZ_DONOSO__CAUQUENES,MARIA DEL CARMEN PEREZ DONOSO,M,REGIÓN DEL MAULE,CAUQUENES,POR UN CHILE MEJOR,No aplica,PDC,PARTIDO DEMOCRATA CRISTIANO,8363970,41,Rechaza,Sí,No
ALEJANDRA_RAMIREZ_VERDUGO__CAUQUENES,ALEJANDRA RAMIREZ VERDUGO,M,REGIÓN DEL MAULE,CAUQUENES,CHILE VAMOS UDI - INDEPENDIENTES,No aplica,IND,INDEPENDIENTES,9633238,15,Aprueba,Sí,No
FRANCISCO_JOSE_RUIZ_MUNOZ__CAUQUENES,FRANCISCO JOSE RUIZ MUÑOZ,H,REGIÓN DEL MAULE,CAUQUENES,REPUBLICANOS E INDEPENDIENTES,No aplica,REPUBLICANO,PARTIDO REPUBLICANO DE CHILE,5597254,35,Rechaza,Sí,No
CONSUELO_NICOLE_DAMORE_CONTRERAS__CAUQUENES,CONSUELO NICOLE DAMORE CONTRERAS,M,REGIÓN DEL MAULE,CAUQUENES,REPUBLICANOS E INDEPENDIENTES,No aplica,REPUBLICANO,PARTIDO REPUBLICANO DE CHILE,1083360,2,Aprueba con Observaciones,Sí,No
GABRIELA_ANDREA_VERGARA_MEDEL__CURICO,GABRIELA ANDREA VERGARA MEDEL,M,REGIÓN DEL MAULE,CURICO,TODAS Y TODOS POR CHILE,PARTIDO COMUNISTA E INDEPENDIENTES,IND,INDEPENDIENTES,50000,1,Aprueba,Sí,No
FRANCISCO_AGUSTIN_ALIAGA_SOTO__CURICO,FRANCISCO AGUSTIN ALIAGA SOTO,H,REGIÓN DEL MAULE,CURICO,PARTIDO SOCIAL CRISTIANO E INDEPENDIENTES,No aplica,PSC,PARTIDO SOCIAL CRISTIANO,226100,2,Aprueba con Observaciones,Sí,No
FIDEL_ESTEBAN_POBLETE_OSES__CURICO,FIDEL ESTEBAN POBLETE OSES,H,REGIÓN DEL MAULE,CURICO,PARTIDO SOCIAL CRISTIANO E INDEPENDIENTES,No aplica,PSC,PARTIDO SOCIAL CRISTIANO,6183446,9,Aprueba con Observaciones,Sí,No
JORGE_IVAN_PEREZ_ARRIGORRIAGA__CURICO,JORGE IVAN PEREZ ARRIGORRIAGA,H,REGIÓN DEL MAULE,CURICO,PARTIDO SOCIAL CRISTIANO E INDEPENDIENTES,No aplica,IND,INDEPENDIENTES,0,0,Rechaza,No,No
GABY_FUENTES_YANEZ__CURICO,GABY FUENTES YAÑEZ,M,REGIÓN DEL MAULE,CURICO,CHILE VAMOS RENOVACION NACIONAL - INDEPENDIENTES,No aplica,RN,RENOVACION NACIONAL,6212050,6,Aprueba,Sí,No
ROBERTO_GONZALEZ_OLAVE__CURICO,ROBERTO GONZALEZ OLAVE,H,REGIÓN DEL MAULE,CURICO,CHILE VAMOS RENOVACION NACIONAL - INDEPENDIENTES,No aplica,RN,RENOVACION NACIONAL,7210001,13,Aprueba,Sí,No
JOHN_VALDERRAMA_VALDERRAMA__CURICO,JOHN VALDERRAMA VALDERRAMA,H,REGIÓN DEL MAULE,CURICO,CHILE VAMOS RENOVACION NACIONAL - INDEPENDIENTES,No aplica,RN,RENOVACION NACIONAL,831610,2,Aprueba con Observaciones,Sí,No
ROBERTO_RIVERA_PINO__CURICO,ROBERTO RIVERA PINO,H,REGIÓN DEL MAULE,CURICO,CHILE VAMOS RENOVACION NACIONAL - INDEPENDIENTES,No aplica,IND,INDEPENDIENTES,24520393,15,Aprueba,Sí,Sí
DANIEL_HERNANDEZ_ACUNA__CURICO,DANIEL HERNANDEZ ACUÑA,H,REGIÓN DEL MAULE,CURICO,CHILE VAMOS RENOVACION NACIONAL - INDEPENDIENTES,No aplica,IND,INDEPENDIENTES,0,0,Rechaza,No,No
ISABEL_MARGARITA_GARCES_URETA__CURICO,ISABEL MARGARITA GARCES URETA,M,REGIÓN DEL MAULE,CURICO,CHILE VAMOS RENOVACION NACIONAL - INDEPENDIENTES,No aplica,IND,INDEPENDIENTES,15278523,19,Aprueba con Observaciones,Sí,Sí
JULIETA_ANDREA_MAUREIRA_LAGOS__CURICO,JULIETA ANDREA MAUREIRA LAGOS,M,REGIÓN DEL MAULE,CURICO,TU REGION RADICAL,No aplica,PR,PARTIDO RADICAL DE CHILE,6503839,15,Aprueba,Sí,No
JORGE_URIBE_GHIGLIOTTO__CURICO,JORGE URIBE GHIGLIOTTO,H,REGIÓN DEL MAULE,CURICO,TU REGION RADICAL,No aplica,PR,PARTIDO RADICAL DE CHILE,1033180,5,Aprueba,Sí,No
ROMAN_PAVEZ_LOPEZ__CURICO,ROMAN PAVEZ LOPEZ,H,REGIÓN DEL MAULE,CURICO,TU REGION RADICAL,No aplica,IND,INDEPENDIENTES,28141550,18,Aprueba,Sí,Sí
SANDRA_FABIOLA_HERRERA_SEPULVEDA__CURICO,SANDRA FABIOLA HERRERA SEPULVEDA,M,REGIÓN DEL MAULE,CURICO,TU REGION RADICAL,No aplica,IND,INDEPENDIENTES,3730000,6,Aprueba,Sí,No
MARIA_ANTONIETA_ROJAS_GONZALEZ__CURICO,MARIA ANTONIETA ROJAS GONZALEZ,M,REGIÓN DEL MAULE,CURICO,TU REGION RADICAL,No aplica,IND,INDEPENDIENTES,5372315,25,Aprueba con Observaciones,Sí,No
PAULA_ANGELICA_SANCHEZ_DIAZ__CURICO,PAULA ANGELICA SANCHEZ DIAZ,M,REGIÓN DEL MAULE,CURICO,TU REGION RADICAL,No aplica,IND,INDEPENDIENTES,13045626,56,Aprueba con Observaciones,Sí,No
MANUEL_AMESTICA_GAETE__CURICO,MANUEL AMESTICA GAETE,H,REGIÓN DEL MAULE,CURICO,REGIONES VERDES LIBERALES,No aplica,FREVS,FEDERACION REGIONALISTA VERDE SOCIAL,5544748,12,Rechaza,Sí,No
MARISOL_DEL_CARMEN_PEREZ_SAAVEDRA__CURICO,MARISOL DEL CARMEN PEREZ SAAVEDRA,M,REGIÓN DEL MAULE,CURICO,REGIONES VERDES LIBERALES,No aplica,FREVS,FEDERACION REGIONALISTA VERDE SOCIAL,1784748,3,Aprueba,Sí,No
ALNAT_NEFI_GARATE_SALAS__CURICO,ALNAT NEFI GARATE SALAS,H,REGIÓN DEL MAULE,CURICO,REGIONES VERDES LIBERALES,No aplica,IND,INDEPENDIENTES,182353,8,Aprueba,Sí,No
LUIS_ROJAS_ZUNIGA__CURICO,LUIS ROJAS ZUÑIGA,H,REGIÓN DEL MAULE,CURICO,REGIONES VERDES LIBERALES,No aplica,IND,INDEPENDIENTES,1802950,14,Aprueba con Observaciones,Sí,No
CAROLINA_ALARCON_KLEINHEMPEL__CURICO,CAROLINA ALARCON KLEINHEMPEL,M,REGIÓN DEL MAULE,CURICO,LO MEJOR PARA CHILE,PS E INDEPENDIENTES,PS,PARTIDO SOCIALISTA DE CHILE,4151270,66,Aprueba con Observaciones,Sí,No
ANTONIO_NUNEZ_BINIMELIS__CURICO,ANTONIO NUÑEZ BINIMELIS,H,REGIÓN DEL MAULE,CURICO,LO MEJOR PARA CHILE,PS E INDEPENDIENTES,PS,PARTIDO SOCIALISTA DE CHILE,1500000,3,Aprueba,Sí,No
MARIA_JOSE_CERDA_SALCEDO__CURICO,MARIA JOSE CERDA SALCEDO,M,REGIÓN DEL MAULE,CURICO,LO MEJOR PARA CHILE,PS E INDEPENDIENTES,IND,INDEPENDIENTES,1926634,3,Aprueba con Observaciones,Sí,No
PATRICIO_VERGARA_MORAGA__CURICO,PATRICIO VERGARA MORAGA,H,REGIÓN DEL MAULE,CURICO,LO MEJOR PARA CHILE,PPD E INDEPENDIENTES,PPD,PARTIDO POR LA DEMOCRACIA,6691680,9,Aprueba con Observaciones,Sí,No
JUAN_GABRIEL_JORQUERA_LOPEZ__CURICO,JUAN GABRIEL JORQUERA LOPEZ,H,REGIÓN DEL MAULE,CURICO,LO MEJOR PARA CHILE,PPD E INDEPENDIENTES,PPD,PARTIDO POR LA DEMOCRACIA,1100000,2,Aprueba,Sí,No
ROBERTO_GARCIA_PARRA__CURICO,ROBERTO GARCIA PARRA,H,REGIÓN DEL MAULE,CURICO,POR UN CHILE MEJOR,No aplica,PDC,PARTIDO DEMOCRATA CRISTIANO,9424166,38,Aprueba con Observaciones,Sí,No
BORIS_ALEJANDRO_TAPIA_MARTINEZ__CURICO,BORIS ALEJANDRO TAPIA MARTINEZ,H,REGIÓN DEL MAULE,CURICO,POR UN CHILE MEJOR,No aplica,PDC,PARTIDO DEMOCRATA CRISTIANO,7273835,10,Aprueba,Sí,No
SONIA_MATURANA_MARTINEZ__CURICO,SONIA MATURANA MARTINEZ,M,REGIÓN DEL MAULE,CURICO,POR UN CHILE MEJOR,No aplica,PDC,PARTIDO DEMOCRATA CRISTIANO,6520419,29,Aprueba con Observaciones,Sí,No
PAULO_RODRIGO_DONOSO_OSSES__CURICO,PAULO RODRIGO DONOSO OSSES,H,REGIÓN DEL MAULE,CURICO,POR UN CHILE MEJOR,No aplica,PDC,PARTIDO DEMOCRATA CRISTIANO,4509201,8,Aprueba,Sí,No
KARINA_PAOLA_VALENZUELA_VEAS__CURICO,KARINA PAOLA VALENZUELA VEAS,M,REGIÓN DEL MAULE,CURICO,CENTRO DEMOCRATICO,DEMOCRATAS E INDEPENDIENTES,DEMOCRATAS,PARTIDO DEMOCRATAS CHILE,1073862,13,Aprueba con Observaciones,Sí,No
PIA_JAVIERA_LILIAN_ILEIN_MUNOZ_RAMIREZ__CURICO,PIA JAVIERA LILIAN ILEIN MUÑOZ RAMIREZ,M,REGIÓN DEL MAULE,CURICO,CENTRO DEMOCRATICO,DEMOCRATAS E INDEPENDIENTES,IND,INDEPENDIENTES,1630000,3,Aprueba con Observaciones,Sí,No
MARIA_ANGELICA_REYES_BRAVO__CURICO,MARIA ANGELICA REYES BRAVO,M,REGIÓN DEL MAULE,CURICO,CENTRO DEMOCRATICO,AMARILLOS E INDEPENDIENTES,IND,INDEPENDIENTES,25690118,37,Aprueba,Sí,Sí
IGOR_FERNANDO_VILLARREAL_GUAJARDO__CURICO,IGOR FERNANDO VILLARREAL GUAJARDO,H,REGIÓN DEL MAULE,CURICO,FRENTE AMPLIO,FRENTE AMPLIO E INDEPENDIENTES,FA,FRENTE AMPLIO,10765877,12,Aprueba con Observaciones,Sí,No
CARLOS_ESTEBAN_BENAVENTE_AVILA__CURICO,CARLOS ESTEBAN BENAVENTE AVILA,H,REGIÓN DEL MAULE,CURICO,FRENTE AMPLIO,FRENTE AMPLIO E INDEPENDIENTES,IND,INDEPENDIENTES,1261650,15,Aprueba,Sí,No
LUZMIRA_ELIZABETH_ALBORNOZ_JIMENEZ__CURICO,LUZMIRA ELIZABETH ALBORNOZ JIMENEZ,M,REGIÓN DEL MAULE,CURICO,FRENTE AMPLIO,FRENTE AMPLIO E INDEPENDIENTES,IND,INDEPENDIENTES,6996098,21,Aprueba con Observaciones,Sí,No
LEONARDO_ALBERTO_CESPEDES_CESPEDES__CURICO,LEONARDO ALBERTO CESPEDES CESPEDES,H,REGIÓN DEL MAULE,CURICO,FRENTE AMPLIO,FRENTE AMPLIO E INDEPENDIENTES,IND,INDEPENDIENTES,680000,5,Aprueba,Sí,No
ERIKA_CECILIA_JORQUERA_FLORES__CURICO,ERIKA CECILIA JORQUERA FLORES,M,REGIÓN DEL MAULE,CURICO,FRENTE AMPLIO,FRENTE AMPLIO E INDEPENDIENTES,IND,INDEPENDIENTES,2112252,4,Aprueba con Observaciones,Sí,No
DAMIAN_MATIAS_HERNANDEZ_MORALES__CURICO,DAMIAN MATIAS HERNANDEZ MORALES,H,REGIÓN DEL MAULE,CURICO,FRENTE AMPLIO,FRENTE AMPLIO E INDEPENDIENTES,IND,INDEPENDIENTES,632700,10,Aprueba con Observaciones,Sí,No
MIRTHA_SEGURA_OVALLE__CURICO,MIRTHA SEGURA OVALLE,M,REGIÓN DEL MAULE,CURICO,CHILE VAMOS UDI - INDEPENDIENTES,No aplica,UDI,UNION DEMOCRATA INDEPENDIENTE,22545141,20,Aprueba con Observaciones,Sí,Sí
PABLO_PALMA_CERECERA__CURICO,PABLO PALMA CERECERA,H,REGIÓN DEL MAULE,CURICO,CHILE VAMOS UDI - INDEPENDIENTES,No aplica,UDI,UNION DEMOCRATA INDEPENDIENTE,10685200,23,Aprueba,Sí,No
JUAN_PABLO_ROMERO_VALDES__CURICO,JUAN PABLO ROMERO VALDES,H,REGIÓN DEL MAULE,CURICO,CHILE VAMOS UDI - INDEPENDIENTES,No aplica,UDI,UNION DEMOCRATA INDEPENDIENTE,2734266,23,Rechaza,Sí,No
CRISTINA_PUGA_TAPIA__CURICO,CRISTINA PUGA TAPIA,M,REGIÓN DEL MAULE,CURICO,CHILE VAMOS UDI - INDEPENDIENTES,No aplica,UDI,UNION DEMOCRATA INDEPENDIENTE,5897320,16,Aprueba,Sí,No
IRENE_ARAVENA_CORTES__CURICO,IRENE ARAVENA CORTES,M,REGIÓN DEL MAULE,CURICO,CHILE VAMOS UDI - INDEPENDIENTES,No aplica,UDI,UNION DEMOCRATA INDEPENDIENTE,7249000,7,Aprueba,Sí,No
JAIME_CANALES_GONZALEZ__CURICO,JAIME CANALES GONZALEZ,H,REGIÓN DEL MAULE,CURICO,CHILE VAMOS UDI - INDEPENDIENTES,No aplica,UDI,UNION DEMOCRATA INDEPENDIENTE,23166840,10,Aprueba,Sí,Sí
SEBASTIAN_CALDERON_LETELIER__CURICO,SEBASTIAN CALDERON LETELIER,H,REGIÓN DEL MAULE,CURICO,CHILE VAMOS EVOPOLI - INDEPENDIENTES,No aplica,EVOPOLI,EVOLUCION POLITICA,2039394,11,Aprueba,Sí,No
ARTURO_EUGENIO_ROZAS_PENA_PENA__CURICO,ARTURO EUGENIO ROZAS-PEÑA PEÑA,H,REGIÓN DEL MAULE,CURICO,CHILE VAMOS EVOPOLI - INDEPENDIENTES,No aplica,EVOPOLI,EVOLUCION POLITICA,7882020,18,Sin información,Sí,No
LUCAS_TOMAS_IGNACIO_CHAVEZ_MARTINEZ__CURICO,LUCAS TOMAS IGNACIO CHAVEZ MARTINEZ,H,REGIÓN DEL MAULE,CURICO,CHILE VAMOS EVOPOLI - INDEPENDIENTES,No aplica,EVOPOLI,EVOLUCION POLITICA,2489400,10,Aprueba con Observaciones,Sí,No
MATIAS_SEBASTIAN_AVENDANO_RAGGI__CURICO,MATIAS SEBASTIAN AVENDAÑO RAGGI,H,REGIÓN DEL MAULE,CURICO,CHILE VAMOS EVOPOLI - INDEPENDIENTES,No aplica,IND,INDEPENDIENTES,8732357,19,Aprueba,Sí,No
MACARENA_ANDREA_MUNOZ_CANCINO__CURICO,MACARENA ANDREA MUÑOZ CANCINO,M,REGIÓN DEL MAULE,CURICO,CHILE VAMOS EVOPOLI - INDEPENDIENTES,No aplica,IND,INDEPENDIENTES,1509400,3,Rechaza,Sí,No
DOMINIQUE_SCHLACK_SILVA__CURICO,DOMINIQUE SCHLACK SILVA,M,REGIÓN DEL MAULE,CURICO,REPUBLICANOS E INDEPENDIENTES,No aplica,REPUBLICANO,PARTIDO REPUBLICANO DE CHILE,2982737,31,Aprueba,Sí,No
SEGUNDO_ANDRES_HOJAS_DEL_VALLE__CURICO,SEGUNDO ANDRES HOJAS DEL VALLE,H,REGIÓN DEL MAULE,CURICO,REPUBLICANOS E INDEPENDIENTES,No aplica,REPUBLICANO,PARTIDO REPUBLICANO DE CHILE,31869545,163,Aprueba,Sí,Sí
NANCY_DEL_CARMEN_PIZARRO_SILVA__CURICO,NANCY DEL CARMEN PIZARRO SILVA,M,REGIÓN DEL MAULE,CURICO,REPUBLICANOS E INDEPENDIENTES,No aplica,REPUBLICANO,PARTIDO REPUBLICANO DE CHILE,10233809,31,Aprueba con Observaciones,Sí,No
JESSICA_REBECA_BELLENGER_HERMOSILLA__CURICO,JESSICA REBECA BELLENGER HERMOSILLA,M,REGIÓN DEL MAULE,CURICO,REPUBLICANOS E INDEPENDIENTES,No aplica,REPUBLICANO,PARTIDO REPUBLICANO DE CHILE,1735218,6,Aprueba,Sí,No
JOSE_LUIS_GOMEZ_CABRERA__CURICO,JOSE LUIS GOMEZ CABRERA,H,REGIÓN DEL MAULE,CURICO,REPUBLICANOS E INDEPENDIENTES,No aplica,IND,INDEPENDIENTES,4882705,6,Aprueba con Observaciones,Sí,No
SEBASTIAN_RAMIREZ_PASCAL__LINARES,SEBASTIAN RAMIREZ PASCAL,H,REGIÓN DEL MAULE,LINARES,TODAS Y TODOS POR CHILE,PARTIDO COMUNISTA E INDEPENDIENTES,PCCH,PARTIDO COMUNISTA DE CHILE,14013334,35,Aprueba,Sí,No
NATALIA_LUCERO_TRIVINO__LINARES,NATALIA LUCERO TRIVIÑO,M,REGIÓN DEL MAULE,LINARES,TODAS Y TODOS POR CHILE,PARTIDO COMUNISTA E INDEPENDIENTES,PCCH,PARTIDO COMUNISTA DE CHILE,445300,5,Aprueba con Observaciones,Sí,No
CYNTIA_LECAROS_VILLARROEL__LINARES,CYNTIA LECAROS VILLARROEL,M,REGIÓN DEL MAULE,LINARES,TODAS Y TODOS POR CHILE,PARTIDO COMUNISTA E INDEPENDIENTES,PCCH,PARTIDO COMUNISTA DE CHILE,627523,14,Aprueba,Sí,No
MARIA_ISABEL_JORQUERA_CACERES__LINARES,MARIA ISABEL JORQUERA CACERES,M,REGIÓN DEL MAULE,LINARES,TODAS Y TODOS POR CHILE,PARTIDO COMUNISTA E INDEPENDIENTES,IND,INDEPENDIENTES,437623,3,Aprueba,Sí,No
JONATHAN_ALFARO_TORRES__LINARES,JONATHAN ALFARO TORRES,H,REGIÓN DEL MAULE,LINARES,TODAS Y TODOS POR CHILE,PARTIDO COMUNISTA E INDEPENDIENTES,IND,INDEPENDIENTES,5125947,12,Aprueba con Observaciones,Sí,No
FILEMON_EDUARDO_FUENTES_HENRIQUEZ__LINARES,FILEMON EDUARDO FUENTES HENRIQUEZ,H,REGIÓN DEL MAULE,LINARES,PARTIDO SOCIAL CRISTIANO E INDEPENDIENTES,No aplica,IND,INDEPENDIENTES,6306818,5,Rechaza,Sí,No
ANGIE_VILLA_CERDA__LINARES,ANGIE VILLA CERDA,M,REGIÓN DEL MAULE,LINARES,PARTIDO SOCIAL CRISTIANO E INDEPENDIENTES,No aplica,IND,INDEPENDIENTES,5826100,4,Aprueba,Sí,No
CECILIA_PARHAM_MUCARQUER__LINARES,CECILIA PARHAM MUCARQUER,M,REGIÓN DEL MAULE,LINARES,CHILE VAMOS RENOVACION NACIONAL - INDEPENDIENTES,No aplica,RN,RENOVACION NACIONAL,16927373,130,Aprueba,Sí,Sí
FRANCISCO_DURAN_RAMIREZ__LINARES,FRANCISCO DURAN RAMIREZ,H,REGIÓN DEL MAULE,LINARES,CHILE VAMOS RENOVACION NACIONAL - INDEPENDIENTES,No aplica,RN,RENOVACION NACIONAL,15104324,35,Aprueba,Sí,Sí
JUAN_NAVARRO_ORMENO__LINARES,JUAN NAVARRO ORMEÑO,H,REGIÓN DEL MAULE,LINARES,CHILE VAMOS RENOVACION NACIONAL - INDEPENDIENTES,No aplica,RN,RENOVACION NACIONAL,25817156,82,Aprueba con Observaciones,Sí,Sí
ALVARO_SEGUEL_VALDES__LINARES,ALVARO SEGUEL VALDES,H,REGIÓN DEL MAULE,LINARES,CHILE VAMOS RENOVACION NACIONAL - INDEPENDIENTES,No aplica,IND,INDEPENDIENTES,10997740,80,Aprueba,Sí,No
ALBERTO_BRIONES_PEREZ__LINARES,ALBERTO BRIONES PEREZ,H,REGIÓN DEL MAULE,LINARES,CHILE VAMOS RENOVACION NACIONAL - INDEPENDIENTES,No aplica,IND,INDEPENDIENTES,6494854,22,Aprueba,Sí,No
FRANCISCO_JAVIER_AZOCAR_ZUBICUETA__LINARES,FRANCISCO JAVIER AZOCAR ZUBICUETA,H,REGIÓN DEL MAULE,LINARES,LO MEJOR PARA CHILE,PS E INDEPENDIENTES,IND,INDEPENDIENTES,5659800,23,Aprueba con Observaciones,Sí,No
ADELA_ROSA_DEL_CARMEN_ZUNIGA_IBANEZ__LINARES,ADELA ROSA DEL CARMEN ZUÑIGA IBAÑEZ,M,REGIÓN DEL MAULE,LINARES,LO MEJOR PARA CHILE,PS E INDEPENDIENTES,IND,INDEPENDIENTES,2950000,9,Aprueba,Sí,No
RICARDO_ANTONIO_LIZAMA_SOTO__LINARES,RICARDO ANTONIO LIZAMA SOTO,H,REGIÓN DEL MAULE,LINARES,LO MEJOR PARA CHILE,PPD E INDEPENDIENTES,PPD,PARTIDO POR LA DEMOCRACIA,5130622,28,Aprueba con Observaciones,Sí,No
CARLOS_ANDRES_GAJARDO_YANEZ__LINARES,CARLOS ANDRES GAJARDO YAÑEZ,H,REGIÓN DEL MAULE,LINARES,LO MEJOR PARA CHILE,PPD E INDEPENDIENTES,IND,INDEPENDIENTES,15210000,9,Aprueba con Observaciones,Sí,Sí
PABLO_EDUARDO_GUTIERREZ_PAREJA__LINARES,PABLO EDUARDO GUTIERREZ PAREJA,H,REGIÓN DEL MAULE,LINARES,LO MEJOR PARA CHILE,PPD E INDEPENDIENTES,IND,INDEPENDIENTES,15881332,10,Rechaza,Sí,Sí
CARLOS_BASCUNAN_TAPIA__LINARES,CARLOS BASCUÑAN TAPIA,H,REGIÓN DEL MAULE,LINARES,PARTIDO DE LA GENTE E INDEPENDIENTES,No aplica,PDG,PARTIDO DE LA GENTE,2530000,15,Aprueba,Sí,No
DANIELA_OLGUIN_ANDRADE__LINARES,DANIELA OLGUIN ANDRADE,M,REGIÓN DEL MAULE,LINARES,PARTIDO DE LA GENTE E INDEPENDIENTES,No aplica,PDG,PARTIDO DE LA GENTE,1049999,6,Aprueba con Observaciones,Sí,No
ALEJANDRO_ARAYA_VALDES__LINARES,ALEJANDRO ARAYA VALDES,H,REGIÓN DEL MAULE,LINARES,POR UN CHILE MEJOR,No aplica,PDC,PARTIDO DEMOCRATA CRISTIANO,10590000,25,Aprueba,Sí,No
FLAVIO_ESTEBAN_BAZZI_PEZOA__LINARES,FLAVIO ESTEBAN BAZZI PEZOA,H,REGIÓN DEL MAULE,LINARES,CENTRO DEMOCRATICO,DEMOCRATAS E INDEPENDIENTES,IND,INDEPENDIENTES,362300,2,Aprueba con Observaciones,Sí,No
KARINA_ANTONIETA_CARTAGENA_BASTIAS__LINARES,KARINA ANTONIETA CARTAGENA BASTIAS,M,REGIÓN DEL MAULE,LINARES,FRENTE AMPLIO,FRENTE AMPLIO E INDEPENDIENTES,FA,FRENTE AMPLIO,22675608,24,Aprueba,Sí,Sí
IGNACIO_GABRIEL_SALAS_SANDOVAL__LINARES,IGNACIO GABRIEL SALAS SANDOVAL,H,REGIÓN DEL MAULE,LINARES,FRENTE AMPLIO,FRENTE AMPLIO E INDEPENDIENTES,FA,FRENTE AMPLIO,16353465,28,Aprueba,Sí,Sí
MATIAS_ALONSO_MUNOZ_MEJIAS__LINARES,MATIAS ALONSO MUÑOZ MEJIAS,H,REGIÓN DEL MAULE,LINARES,FRENTE AMPLIO,FRENTE AMPLIO E INDEPENDIENTES,FA,FRENTE AMPLIO,19399318,36,Aprueba con Observaciones,Sí,Sí
ALAMIRO_GARRIDO_CACERES__LINARES,ALAMIRO GARRIDO CACERES,H,REGIÓN DEL MAULE,LINARES,CHILE VAMOS UDI - INDEPENDIENTES,No aplica,UDI,UNION DEMOCRATA INDEPENDIENTE,13167158,15,Aprueba,Sí,No
ALEJANDRA_HARRISON_SANDOVAL__LINARES,ALEJANDRA HARRISON SANDOVAL,M,REGIÓN DEL MAULE,LINARES,CHILE VAMOS UDI - INDEPENDIENTES,No aplica,UDI,UNION DEMOCRATA INDEPENDIENTE,10778050,20,Aprueba con Observaciones,Sí,No
PATRICIA_LABRA_BESSERER__LINARES,PATRICIA LABRA BESSERER,M,REGIÓN DEL MAULE,LINARES,CHILE VAMOS UDI - INDEPENDIENTES,No aplica,IND,INDEPENDIENTES,19991655,38,Aprueba con Observaciones,Sí,Sí
ISMAEL_FUENTES_CASTRO__LINARES,ISMAEL FUENTES CASTRO,H,REGIÓN DEL MAULE,LINARES,CHILE VAMOS UDI - INDEPENDIENTES,No aplica,IND,INDEPENDIENTES,34669503,69,Aprueba con Observaciones,Sí,Sí
JUAN_CARLOS_VALENZUELA_SOTO__LINARES,JUAN CARLOS VALENZUELA SOTO,H,REGIÓN DEL MAULE,LINARES,REPUBLICANOS E INDEPENDIENTES,No aplica,REPUBLICANO,PARTIDO REPUBLICANO DE CHILE,12212586,20,Aprueba,Sí,No
ANA_LUISA_FUENTES_ROCO__LINARES,ANA LUISA FUENTES ROCO,M,REGIÓN DEL MAULE,LINARES,REPUBLICANOS E INDEPENDIENTES,No aplica,REPUBLICANO,PARTIDO REPUBLICANO DE CHILE,185065,3,Aprueba con Observaciones,Sí,No
ANAIS_SORAYA_ORELLANA_RIQUELME__LINARES,ANAIS SORAYA ORELLANA RIQUELME,M,REGIÓN DEL MAULE,LINARES,REPUBLICANOS E INDEPENDIENTES,No aplica,REPUBLICANO,PARTIDO REPUBLICANO DE CHILE,1556728,2,Rechaza,Sí,No
JUAN_SEBASTIAN_MUNOZ_MUNOZ__LINARES,JUAN SEBASTIAN MUÑOZ MUÑOZ,H,REGIÓN DEL MAULE,LINARES,REPUBLICANOS E INDEPENDIENTES,No aplica,REPUBLICANO,PARTIDO REPUBLICANO DE CHILE,2082705,3,Rechaza,Sí,No
JUAN_PABLO_URRA_MUNOZ__LINARES,JUAN PABLO URRA MUÑOZ,H,REGIÓN DEL MAULE,LINARES,REPUBLICANOS E INDEPENDIENTES,No aplica,REPUBLICANO,PARTIDO REPUBLICANO DE CHILE,15890946,16,Rechaza,Sí,Sí
FELIPE_DURAN_MARTINEZ__TALCA,FELIPE DURAN MARTINEZ,H,REGIÓN DEL MAULE,TALCA,TODAS Y TODOS POR CHILE,ACCION HUMANISTA E INDEPENDIENTES,AH,PARTIDO ACCIÓN HUMANISTA,6215593,27,Aprueba con Observaciones,Sí,No
LEONEL_VALDES_ROJAS__TALCA,LEONEL VALDES ROJAS,H,REGIÓN DEL MAULE,TALCA,TODAS Y TODOS POR CHILE,ACCION HUMANISTA E INDEPENDIENTES,IND,INDEPENDIENTES,400000,5,Aprueba,Sí,No
JUAN_SALVADOR_RODRIGUEZ_BRAHM__TALCA,JUAN SALVADOR RODRIGUEZ BRAHM,H,REGIÓN DEL MAULE,TALCA,TODAS Y TODOS POR CHILE,PARTIDO COMUNISTA E INDEPENDIENTES,PCCH,PARTIDO COMUNISTA DE CHILE,10354118,34,Aprueba con Observaciones,Sí,No
CRISTOPHER_SALAS_SEPULVEDA__TALCA,CRISTOPHER SALAS SEPULVEDA,H,REGIÓN DEL MAULE,TALCA,TODAS Y TODOS POR CHILE,PARTIDO COMUNISTA E INDEPENDIENTES,PCCH,PARTIDO COMUNISTA DE CHILE,6045762,53,Aprueba con Observaciones,Sí,No
AQUILES_ALEJANDRO_CARRASCO_NAVAS__TALCA,AQUILES ALEJANDRO CARRASCO NAVAS,H,REGIÓN DEL MAULE,TALCA,TODAS Y TODOS POR CHILE,PARTIDO COMUNISTA E INDEPENDIENTES,IND,INDEPENDIENTES,11525949,35,Aprueba con Observaciones,Sí,No
BALDOBINO_CAMPOS_ROJAS__TALCA,BALDOBINO CAMPOS ROJAS,H,REGIÓN DEL MAULE,TALCA,PARTIDO SOCIAL CRISTIANO E INDEPENDIENTES,No aplica,PSC,PARTIDO SOCIAL CRISTIANO,226100,2,Aprueba con Observaciones,Sí,No
ROBERTO_MONSALVE_RAMIREZ__TALCA,ROBERTO MONSALVE RAMIREZ,H,REGIÓN DEL MAULE,TALCA,PARTIDO SOCIAL CRISTIANO E INDEPENDIENTES,No aplica,PSC,PARTIDO SOCIAL CRISTIANO,3680200,26,Aprueba,Sí,No
CAMILA_ESTER_SOTO_RODRIGUEZ__TALCA,CAMILA ESTER SOTO RODRIGUEZ,M,REGIÓN DEL MAULE,TALCA,PARTIDO SOCIAL CRISTIANO E INDEPENDIENTES,No aplica,PSC,PARTIDO SOCIAL CRISTIANO,3855309,5,Aprueba con Observaciones,Sí,No
JAVIER_ESTEBAN_ALVARADO_VALDES__TALCA,JAVIER ESTEBAN ALVARADO VALDES,H,REGIÓN DEL MAULE,TALCA,PARTIDO SOCIAL CRISTIANO E INDEPENDIENTES,No aplica,IND,INDEPENDIENTES,2026100,3,Rechaza,Sí,No
IVONNE_MARIANELA_GOMEZ_MUNOZ__TALCA,IVONNE MARIANELA GOMEZ MUÑOZ,M,REGIÓN DEL MAULE,TALCA,PARTIDO SOCIAL CRISTIANO E INDEPENDIENTES,No aplica,IND,INDEPENDIENTES,2432320,16,Aprueba con Observaciones,Sí,No
LUIS_FERNANDO_VILLALOBOS_URRUTIA__TALCA,LUIS FERNANDO VILLALOBOS URRUTIA,H,REGIÓN DEL MAULE,TALCA,PARTIDO SOCIAL CRISTIANO E INDEPENDIENTES,No aplica,IND,INDEPENDIENTES,0,0,Aprueba,No,No
PAOLA_GUAJARDO_OYARCE__TALCA,PAOLA GUAJARDO OYARCE,M,REGIÓN DEL MAULE,TALCA,CHILE VAMOS RENOVACION NACIONAL - INDEPENDIENTES,No aplica,RN,RENOVACION NACIONAL,18640482,35,Aprueba,Sí,Sí
GONZALO_MONTERO_VIVEROS__TALCA,GONZALO MONTERO VIVEROS,H,REGIÓN DEL MAULE,TALCA,CHILE VAMOS RENOVACION NACIONAL - INDEPENDIENTES,No aplica,RN,RENOVACION NACIONAL,50404556,61,Aprueba con Observaciones,Sí,Sí
RAFAEL_MARIN_GONZALEZ__TALCA,RAFAEL MARIN GONZALEZ,H,REGIÓN DEL MAULE,TALCA,CHILE VAMOS RENOVACION NACIONAL - INDEPENDIENTES,No aplica,RN,RENOVACION NACIONAL,1974380,3,Aprueba con Observaciones,Sí,No
MARCIA_YANEZ_MENDOZA__TALCA,MARCIA YAÑEZ MENDOZA,M,REGIÓN DEL MAULE,TALCA,CHILE VAMOS RENOVACION NACIONAL - INDEPENDIENTES,No aplica,RN,RENOVACION NACIONAL,9720145,7,Aprueba con Observaciones,Sí,No
ANTONIETA_MORALES_HERRERA__TALCA,ANTONIETA MORALES HERRERA,M,REGIÓN DEL MAULE,TALCA,CHILE VAMOS RENOVACION NACIONAL - INDEPENDIENTES,No aplica,RN,RENOVACION NACIONAL,21870000,40,Aprueba con Observaciones,Sí,Sí
FRANCISCO_GONZALEZ_RIVEROS__TALCA,FRANCISCO GONZALEZ RIVEROS,H,REGIÓN DEL MAULE,TALCA,CHILE VAMOS RENOVACION NACIONAL - INDEPENDIENTES,No aplica,RN,RENOVACION NACIONAL,4245265,17,Aprueba con Observaciones,Sí,No
RODRIGO_ROJAS_VALDES__TALCA,RODRIGO ROJAS VALDES,H,REGIÓN DEL MAULE,TALCA,CHILE VAMOS RENOVACION NACIONAL - INDEPENDIENTES,No aplica,RN,RENOVACION NACIONAL,5726445,15,Aprueba,Sí,No
SILVIO_JAVIER_DEL_RIO_JIMENEZ__TALCA,SILVIO JAVIER DEL RIO JIMENEZ,H,REGIÓN DEL MAULE,TALCA,TU REGION RADICAL,No aplica,PR,PARTIDO RADICAL DE CHILE,15144288,36,Aprueba con Observaciones,Sí,Sí
DANIEL_FLORES_TORRES__TALCA,DANIEL FLORES TORRES,H,REGIÓN DEL MAULE,TALCA,TU REGION RADICAL,No aplica,PR,PARTIDO RADICAL DE CHILE,8733180,9,Aprueba,Sí,No
ROSA_FUENZALIDA_TORRES__TALCA,ROSA FUENZALIDA TORRES,M,REGIÓN DEL MAULE,TALCA,TU REGION RADICAL,No aplica,PR,PARTIDO RADICAL DE CHILE,2882980,20,Aprueba con Observaciones,Sí,No
PATRICIO_RODRIGO_SCHMOLZ_LIZANA__TALCA,PATRICIO RODRIGO SCHMOLZ LIZANA,H,REGIÓN DEL MAULE,TALCA,TU REGION RADICAL,No aplica,PR,PARTIDO RADICAL DE CHILE,4836180,15,Aprueba,Sí,No
JOSE_RODRIGUEZ_OLIVARES__TALCA,JOSE RODRIGUEZ OLIVARES,H,REGIÓN DEL MAULE,TALCA,TU REGION RADICAL,No aplica,IND,INDEPENDIENTES,2085513,10,Aprueba,Sí,No
JUAN_JORQUERA_LARA__TALCA,JUAN JORQUERA LARA,H,REGIÓN DEL MAULE,TALCA,TU REGION RADICAL,No aplica,IND,INDEPENDIENTES,5958180,27,Aprueba con Observaciones,Sí,No
CARLOS_ALBERTO_HENRIQUEZ_RAMIREZ__TALCA,CARLOS ALBERTO HENRIQUEZ RAMIREZ,H,REGIÓN DEL MAULE,TALCA,REGIONES VERDES LIBERALES,No aplica,FREVS,FEDERACION REGIONALISTA VERDE SOCIAL,228561,1,Aprueba con Observaciones,Sí,No
FELIPE_ANDRES_SANDOVAL_VERGARA__TALCA,FELIPE ANDRES SANDOVAL VERGARA,H,REGIÓN DEL MAULE,TALCA,LO MEJOR PARA CHILE,PPD E INDEPENDIENTES,PPD,PARTIDO POR LA DEMOCRACIA,1181102,6,Aprueba,Sí,No
CARLOS_ROBERTO_FUENZALIDA_ROJAS__TALCA,CARLOS ROBERTO FUENZALIDA ROJAS,H,REGIÓN DEL MAULE,TALCA,LO MEJOR PARA CHILE,PPD E INDEPENDIENTES,IND,INDEPENDIENTES,0,0,Aprueba con Observaciones,No,No
SERGIO_PATRICIO_AGUILO_MELO__TALCA,SERGIO PATRICIO AGUILO MELO,H,REGIÓN DEL MAULE,TALCA,LO MEJOR PARA CHILE,PS E INDEPENDIENTES,PS,PARTIDO SOCIALISTA DE CHILE,21788994,62,Aprueba con Observaciones,Sí,Sí
PAULINA_IVONNE_CAMPOS_ANDAUR__TALCA,PAULINA IVONNE CAMPOS ANDAUR,M,REGIÓN DEL MAULE,TALCA,LO MEJOR PARA CHILE,PS E INDEPENDIENTES,PS,PARTIDO SOCIALISTA DE CHILE,5283487,28,Aprueba con Observaciones,Sí,No
HECTOR_CONTRERAS_MORALES__TALCA,HECTOR CONTRERAS MORALES,H,REGIÓN DEL MAULE,TALCA,LO MEJOR PARA CHILE,PS E INDEPENDIENTES,IND,INDEPENDIENTES,2020221,7,Aprueba con Observaciones,Sí,No
PEDRO_ALVARADO_MORALES__TALCA,PEDRO ALVARADO MORALES,H,REGIÓN DEL MAULE,TALCA,PARTIDO DE LA GENTE E INDEPENDIENTES,No aplica,PDG,PARTIDO DE LA GENTE,10977950,6,Aprueba con Observaciones,Sí,No
FERNANDO_ISIDRO_MARTEL_CACERES__TALCA,FERNANDO ISIDRO MARTEL CACERES,H,REGIÓN DEL MAULE,TALCA,PARTIDO DE LA GENTE E INDEPENDIENTES,No aplica,PDG,PARTIDO DE LA GENTE,0,0,Rechaza,No,No
ROMINA_MALDONADO_VALDES__TALCA,ROMINA MALDONADO VALDES,M,REGIÓN DEL MAULE,TALCA,PARTIDO DE LA GENTE E INDEPENDIENTES,No aplica,IND,INDEPENDIENTES,1893260,6,Aprueba,Sí,No
LORENA_BRAVO_BRAVO__TALCA,LORENA BRAVO BRAVO,M,REGIÓN DEL MAULE,TALCA,PARTIDO DE LA GENTE E INDEPENDIENTES,No aplica,IND,INDEPENDIENTES,100000,2,Aprueba,Sí,No
GUILLERMO_VALDES_CARMONA__TALCA,GUILLERMO VALDES CARMONA,H,REGIÓN DEL MAULE,TALCA,PARTIDO DE LA GENTE E INDEPENDIENTES,No aplica,IND,INDEPENDIENTES,2084450,4,Aprueba,Sí,No
NATALIA_ISABEL_AHUMADA_MACHUCA__TALCA,NATALIA ISABEL AHUMADA MACHUCA,M,REGIÓN DEL MAULE,TALCA,PARTIDO DE LA GENTE E INDEPENDIENTES,No aplica,IND,INDEPENDIENTES,2624072,6,Aprueba,Sí,No
PATRICIO_DOMINGUEZ_IBARRA__TALCA,PATRICIO DOMINGUEZ IBARRA,H,REGIÓN DEL MAULE,TALCA,POR UN CHILE MEJOR,No aplica,PDC,PARTIDO DEMOCRATA CRISTIANO,11599985,17,Aprueba,Sí,No
JORGE_ARTURO_RAMOS_ROCO__TALCA,JORGE ARTURO RAMOS ROCO,H,REGIÓN DEL MAULE,TALCA,POR UN CHILE MEJOR,No aplica,PDC,PARTIDO DEMOCRATA CRISTIANO,5034360,26,Aprueba,Sí,No
CARLOS_ROBERTO_PATRICIO_DIAZ_AVENDANO__TALCA,CARLOS ROBERTO PATRICIO DIAZ AVENDAÑO,H,REGIÓN DEL MAULE,TALCA,POR UN CHILE MEJOR,No aplica,PDC,PARTIDO DEMOCRATA CRISTIANO,3363924,27,Aprueba con Observaciones,Sí,No
DANIEL_REYES_ARAYA__TALCA,DANIEL REYES ARAYA,H,REGIÓN DEL MAULE,TALCA,POR UN CHILE MEJOR,No aplica,PDC,PARTIDO DEMOCRATA CRISTIANO,9324826,28,Aprueba con Observaciones,Sí,No
ERNESTO_BRAVO_SANTELICES__TALCA,ERNESTO BRAVO SANTELICES,H,REGIÓN DEL MAULE,TALCA,POR UN CHILE MEJOR,No aplica,PDC,PARTIDO DEMOCRATA CRISTIANO,3000000,5,Aprueba,Sí,No
BAIRON_ALEXIS_REYES_SEPULVEDA__TALCA,BAIRON ALEXIS REYES SEPULVEDA,H,REGIÓN DEL MAULE,TALCA,POR UN CHILE MEJOR,No aplica,IND,INDEPENDIENTES,1860000,20,Aprueba con Observaciones,Sí,No
ALEJANDRO_ESTEBAN_MARTINEZ_CHIRINO__TALCA,ALEJANDRO ESTEBAN MARTINEZ CHIRINO,H,REGIÓN DEL MAULE,TALCA,CENTRO DEMOCRATICO,AMARILLOS E INDEPENDIENTES,AMARILLOS,MOVIMIENTO AMARILLOS POR CHILE,3618404,16,Aprueba,Sí,No
PATRICIO_MIGUEL_SAROVIC_URZUA__TALCA,PATRICIO MIGUEL SAROVIC URZUA,H,REGIÓN DEL MAULE,TALCA,CENTRO DEMOCRATICO,AMARILLOS E INDEPENDIENTES,IND,INDEPENDIENTES,1235228,5,Aprueba con Observaciones,Sí,No
FRANCISCO_JAVIER_DIAZ_ROJAS__TALCA,FRANCISCO JAVIER DIAZ ROJAS,H,REGIÓN DEL MAULE,TALCA,CENTRO DEMOCRATICO,DEMOCRATAS E INDEPENDIENTES,DEMOCRATAS,PARTIDO DEMOCRATAS CHILE,8630767,16,Aprueba con Observaciones,Sí,No
LEANDRO_ANTONIO_GONZALEZ_OPAZO__TALCA,LEANDRO ANTONIO GONZALEZ OPAZO,H,REGIÓN DEL MAULE,TALCA,CENTRO DEMOCRATICO,DEMOCRATAS E INDEPENDIENTES,DEMOCRATAS,PARTIDO DEMOCRATAS CHILE,120000,1,Aprueba con Observaciones,Sí,No
ROSA_ESTER_VALENZUELA_GAJARDO__TALCA,ROSA ESTER VALENZUELA GAJARDO,M,REGIÓN DEL MAULE,TALCA,CENTRO DEMOCRATICO,DEMOCRATAS E INDEPENDIENTES,IND,INDEPENDIENTES,3665000,5,Aprueba,Sí,No
FANY_ANGELICA_YANEZ_MORAGA__TALCA,FANY ANGELICA YAÑEZ MORAGA,M,REGIÓN DEL MAULE,TALCA,CENTRO DEMOCRATICO,DEMOCRATAS E INDEPENDIENTES,IND,INDEPENDIENTES,2529703,4,Aprueba,Sí,No
BRIAN_JHON_VILLALOBOS_RETAMAL__TALCA,BRIAN JHON VILLALOBOS RETAMAL,H,REGIÓN DEL MAULE,TALCA,CENTRO DEMOCRATICO,DEMOCRATAS E INDEPENDIENTES,IND,INDEPENDIENTES,2429900,15,Aprueba con Observaciones,Sí,No
ROCIO_MARGARITA_MOYA_ROMERO__TALCA,ROCIO MARGARITA MOYA ROMERO,M,REGIÓN DEL MAULE,TALCA,FRENTE AMPLIO,FRENTE AMPLIO E INDEPENDIENTES,FA,FRENTE AMPLIO,14798603,15,Aprueba con Observaciones,Sí,Sí
NICOLE_EDIBETH_ROMAN_SALAS__TALCA,NICOLE EDIBETH ROMAN SALAS,M,REGIÓN DEL MAULE,TALCA,FRENTE AMPLIO,FRENTE AMPLIO E INDEPENDIENTES,FA,FRENTE AMPLIO,692833,5,Aprueba con Observaciones,Sí,No
MARCELA_ANDREA_ASTORGA_VERDUGO__TALCA,MARCELA ANDREA ASTORGA VERDUGO,M,REGIÓN DEL MAULE,TALCA,FRENTE AMPLIO,FRENTE AMPLIO E INDEPENDIENTES,FA,FRENTE AMPLIO,2451576,5,Aprueba,Sí,No
PABLO_JOSE_MIGUEL_HERNANDEZ_SEPULVEDA__TALCA,PABLO JOSE MIGUEL HERNANDEZ SEPULVEDA,H,REGIÓN DEL MAULE,TALCA,FRENTE AMPLIO,FRENTE AMPLIO E INDEPENDIENTES,FA,FRENTE AMPLIO,1100000,2,Rechaza,Sí,No
RAPHAEL_ZUNIGA_MENDOZA__TALCA,RAPHAEL ZUÑIGA MENDOZA,H,REGIÓN DEL MAULE,TALCA,CHILE VAMOS UDI - INDEPENDIENTES,No aplica,UDI,UNION DEMOCRATA INDEPENDIENTE,18493906,15,Aprueba,Sí,Sí
JUAN_ENRIQUE_LEIVA_MADARIAGA__TALCA,JUAN ENRIQUE LEIVA MADARIAGA,H,REGIÓN DEL MAULE,TALCA,CHILE VAMOS UDI - INDEPENDIENTES,No aplica,UDI,UNION DEMOCRATA INDEPENDIENTE,11625821,29,Rechaza,Sí,No
ELENA_ROJAS_ALVARADO__TALCA,ELENA ROJAS ALVARADO,M,REGIÓN DEL MAULE,TALCA,CHILE VAMOS UDI - INDEPENDIENTES,No aplica,UDI,UNION DEMOCRATA INDEPENDIENTE,9776045,16,Aprueba con Observaciones,Sí,No
RODRIGO_MANRIQUEZ_DIAZ__TALCA,RODRIGO MANRIQUEZ DIAZ,H,REGIÓN DEL MAULE,TALCA,CHILE VAMOS UDI - INDEPENDIENTES,No aplica,UDI,UNION DEMOCRATA INDEPENDIENTE,25607149,33,Aprueba con Observaciones,Sí,Sí
ALBERTO_VARGAS_DIAZ__TALCA,ALBERTO VARGAS DIAZ,H,REGIÓN DEL MAULE,TALCA,CHILE VAMOS UDI - INDEPENDIENTES,No aplica,IND,INDEPENDIENTES,4793300,14,Aprueba,Sí,No
ALBERTO_BRAVO_ESPINOSA__TALCA,ALBERTO BRAVO ESPINOSA,H,REGIÓN DEL MAULE,TALCA,CHILE VAMOS UDI - INDEPENDIENTES,No aplica,IND,INDEPENDIENTES,2226035,8,Aprueba,Sí,No
CARLOS_GONZALEZ_HERRERA__TALCA,CARLOS GONZALEZ HERRERA,H,REGIÓN DEL MAULE,TALCA,CHILE VAMOS UDI - INDEPENDIENTES,No aplica,IND,INDEPENDIENTES,11704167,34,Aprueba con Observaciones,Sí,No
PABLO_OLIVARES_ORELLANA__TALCA,PABLO OLIVARES ORELLANA,H,REGIÓN DEL MAULE,TALCA,CHILE VAMOS EVOPOLI - INDEPENDIENTES,No aplica,EVOPOLI,EVOLUCION POLITICA,16886991,45,Aprueba,Sí,Sí
PATRICIO_ANDRES_LINEROS_GONZALEZ__TALCA,PATRICIO ANDRES LINEROS GONZALEZ,H,REGIÓN DEL MAULE,TALCA,CHILE VAMOS EVOPOLI - INDEPENDIENTES,No aplica,EVOPOLI,EVOLUCION POLITICA,7409400,12,Rechaza,Sí,No
JULIO_ANTONIO_CHERIF_PEREZ__TALCA,JULIO ANTONIO CHERIF PEREZ,H,REGIÓN DEL MAULE,TALCA,CHILE VAMOS EVOPOLI - INDEPENDIENTES,No aplica,EVOPOLI,EVOLUCION POLITICA,6529400,20,Aprueba con Observaciones,Sí,No
YAZNA_MARIA_BARRERA_CESAREO__TALCA,YAZNA MARIA BARRERA CESAREO,M,REGIÓN DEL MAULE,TALCA,CHILE VAMOS EVOPOLI - INDEPENDIENTES,No aplica,EVOPOLI,EVOLUCION POLITICA,4365250,7,Rechaza,Sí,No
EDUARDO_ESTEBAN_RODRIGUEZ_AREVALO__TALCA,EDUARDO ESTEBAN RODRIGUEZ AREVALO,H,REGIÓN DEL MAULE,TALCA,CHILE VAMOS EVOPOLI - INDEPENDIENTES,No aplica,EVOPOLI,EVOLUCION POLITICA,297600,2,Aprueba con Observaciones,Sí,No
HECTOR_JUAN_ESPINOSA_PEREIRA__TALCA,HECTOR JUAN ESPINOSA PEREIRA,H,REGIÓN DEL MAULE,TALCA,CHILE VAMOS EVOPOLI - INDEPENDIENTES,No aplica,IND,INDEPENDIENTES,2002016,7,Aprueba con Observaciones,Sí,No
CRISTIAN_ANDRES_PINO_LOYOLA__TALCA,CRISTIAN ANDRES PINO LOYOLA,H,REGIÓN DEL MAULE,TALCA,CHILE VAMOS EVOPOLI - INDEPENDIENTES,No aplica,IND,INDEPENDIENTES,5338402,16,Rechaza,Sí,No
ROSANNA_GARCIA_CHEVECICH__TALCA,ROSANNA GARCIA CHEVECICH,M,REGIÓN DEL MAULE,TALCA,REPUBLICANOS E INDEPENDIENTES,No aplica,REPUBLICANO,PARTIDO REPUBLICANO DE CHILE,250000,4,Aprueba,Sí,No
VALESKA_DAHIANA_FAJARDO_HENRIQUEZ__TALCA,VALESKA DAHIANA FAJARDO HENRIQUEZ,M,REGIÓN DEL MAULE,TALCA,REPUBLICANOS E INDEPENDIENTES,No aplica,REPUBLICANO,PARTIDO REPUBLICANO DE CHILE,15760354,30,Aprueba con Observaciones,Sí,Sí
DIEGO_ANTONIO_PINTO_RAMIREZ__TALCA,DIEGO ANTONIO PINTO RAMIREZ,H,REGIÓN DEL MAULE,TALCA,REPUBLICANOS E INDEPENDIENTES,No aplica,REPUBLICANO,PARTIDO REPUBLICANO DE CHILE,1534105,7,Aprueba,Sí,No
CLAUDIO_ENRIQUE_FLORES_SEPULVEDA__TALCA,CLAUDIO ENRIQUE FLORES SEPULVEDA,H,REGIÓN DEL MAULE,TALCA,REPUBLICANOS E INDEPENDIENTES,No aplica,REPUBLICANO,PARTIDO REPUBLICANO DE CHILE,1442225,8,Aprueba,Sí,No
JOSE_CRISTIAN_ROJAS_APABLAZA__TALCA,JOSE CRISTIAN ROJAS APABLAZA,H,REGIÓN DEL MAULE,TALCA,REPUBLICANOS E INDEPENDIENTES,No aplica,REPUBLICANO,PARTIDO REPUBLICANO DE CHILE,108885,2,Aprueba,Sí,No
DALTON_BORIS_CASTRO_CASTRO__TALCA,DALTON BORIS CASTRO CASTRO,H,REGIÓN DEL MAULE,TALCA,REPUBLICANOS E INDEPENDIENTES,No aplica,REPUBLICANO,PARTIDO REPUBLICANO DE CHILE,251685,3,Aprueba,Sí,No
VALENTIN_MATIAS_ABACA_GOMEZ__TALCA,VALENTIN MATIAS ABACA GOMEZ,H,REGIÓN DEL MAULE,TALCA,REPUBLICANOS E INDEPENDIENTES,No aplica,REPUBLICANO,PARTIDO REPUBLICANO DE CHILE,1084607,6,Aprueba,Sí,No
PATRICIA_ISIDORA_VERA_LILLO__DIGUILLIN,PATRICIA ISIDORA VERA LILLO,M,REGIÓN DE ÑUBLE,DIGUILLIN,TODAS Y TODOS POR CHILE,PARTIDO COMUNISTA E INDEPENDIENTES,PCCH,PARTIDO COMUNISTA DE CHILE,8600000,28,Aprueba,Sí,No
CECILIA_DEL_PILAR_PALACIOS_LEIVA__DIGUILLIN,CECILIA DEL PILAR PALACIOS LEIVA,M,REGIÓN DE ÑUBLE,DIGUILLIN,TODAS Y TODOS POR CHILE,PARTIDO COMUNISTA E INDEPENDIENTES,PCCH,PARTIDO COMUNISTA DE CHILE,2549300,20,Aprueba,Sí,No
SERGIO_MEZA_CARRASCO__DIGUILLIN,SERGIO MEZA CARRASCO,H,REGIÓN DE ÑUBLE,DIGUILLIN,TODAS Y TODOS POR CHILE,PARTIDO COMUNISTA E INDEPENDIENTES,IND,INDEPENDIENTES,2089855,10,Aprueba con Observaciones,Sí,No
GERALDINE_ARAVENA_GODOY__DIGUILLIN,GERALDINE ARAVENA GODOY,M,REGIÓN DE ÑUBLE,DIGUILLIN,PARTIDO SOCIAL CRISTIANO E INDEPENDIENTES,No aplica,PSC,PARTIDO SOCIAL CRISTIANO,1091200,3,Aprueba,Sí,No
HUGO_HIDALGO_BASTIAS__DIGUILLIN,HUGO HIDALGO BASTIAS,H,REGIÓN DE ÑUBLE,DIGUILLIN,PARTIDO SOCIAL CRISTIANO E INDEPENDIENTES,No aplica,PSC,PARTIDO SOCIAL CRISTIANO,2357620,12,Aprueba,Sí,No
ELIZABETH_SILVA_MORALES__DIGUILLIN,ELIZABETH SILVA MORALES,M,REGIÓN DE ÑUBLE,DIGUILLIN,PARTIDO SOCIAL CRISTIANO E INDEPENDIENTES,No aplica,PSC,PARTIDO SOCIAL CRISTIANO,816782,5,Aprueba con Observaciones,Sí,No
VICTOR_BELTRAN_MUNOZ__DIGUILLIN,VICTOR BELTRAN MUÑOZ,H,REGIÓN DE ÑUBLE,DIGUILLIN,PARTIDO SOCIAL CRISTIANO E INDEPENDIENTES,No aplica,PSC,PARTIDO SOCIAL CRISTIANO,1373400,3,Aprueba,Sí,No
LUIS_ENRIQUE_SEPULVEDA_CASTRO__DIGUILLIN,LUIS ENRIQUE SEPULVEDA CASTRO,H,REGIÓN DE ÑUBLE,DIGUILLIN,PARTIDO SOCIAL CRISTIANO E INDEPENDIENTES,No aplica,PSC,PARTIDO SOCIAL CRISTIANO,1295200,4,Aprueba,Sí,No
IVAN_BARRIA_HASEN__DIGUILLIN,IVAN BARRIA HASEN,H,REGIÓN DE ÑUBLE,DIGUILLIN,PARTIDO SOCIAL CRISTIANO E INDEPENDIENTES,No aplica,PSC,PARTIDO SOCIAL CRISTIANO,200400,2,Aprueba con Observaciones,Sí,No
ABDIAS_ISAI_CASTILLO_PACHECO__DIGUILLIN,ABDIAS ISAI CASTILLO PACHECO,H,REGIÓN DE ÑUBLE,DIGUILLIN,PARTIDO SOCIAL CRISTIANO E INDEPENDIENTES,No aplica,IND,INDEPENDIENTES,0,0,Rechaza,No,No
ALEJANDRA_OSORIO_CORTES__DIGUILLIN,ALEJANDRA OSORIO CORTES,M,REGIÓN DE ÑUBLE,DIGUILLIN,PARTIDO SOCIAL CRISTIANO E INDEPENDIENTES,No aplica,IND,INDEPENDIENTES,3335329,20,Aprueba,Sí,No
BARBARA_HENNIG_GODOY__DIGUILLIN,BARBARA HENNIG GODOY,M,REGIÓN DE ÑUBLE,DIGUILLIN,CHILE VAMOS RENOVACION NACIONAL - INDEPENDIENTES,No aplica,RN,RENOVACION NACIONAL,4810384,32,Aprueba con Observaciones,Sí,No
LESLIE_ALFARO_ROMERO__DIGUILLIN,LESLIE ALFARO ROMERO,M,REGIÓN DE ÑUBLE,DIGUILLIN,CHILE VAMOS RENOVACION NACIONAL - INDEPENDIENTES,No aplica,RN,RENOVACION NACIONAL,1643445,7,Aprueba con Observaciones,Sí,No
CARLOS_ACEVEDO_CIFUENTES__DIGUILLIN,CARLOS ACEVEDO CIFUENTES,H,REGIÓN DE ÑUBLE,DIGUILLIN,CHILE VAMOS RENOVACION NACIONAL - INDEPENDIENTES,No aplica,RN,RENOVACION NACIONAL,4199533,17,Aprueba con Observaciones,Sí,No
MARGARITA_CRISOSTOMO_LAZO__DIGUILLIN,MARGARITA CRISOSTOMO LAZO,M,REGIÓN DE ÑUBLE,DIGUILLIN,CHILE VAMOS RENOVACION NACIONAL - INDEPENDIENTES,No aplica,IND,INDEPENDIENTES,0,0,Rechaza,No,No
ANTONIO_ALEJANDRO_PRADO_BETANZO__DIGUILLIN,ANTONIO ALEJANDRO PRADO BETANZO,H,REGIÓN DE ÑUBLE,DIGUILLIN,TU REGION RADICAL,No aplica,PR,PARTIDO RADICAL DE CHILE,2299750,9,Aprueba con Observaciones,Sí,No
CRISTIAN_ORTIZ_RUBIO__DIGUILLIN,CRISTIAN ORTIZ RUBIO,H,REGIÓN DE ÑUBLE,DIGUILLIN,TU REGION RADICAL,No aplica,PR,PARTIDO RADICAL DE CHILE,9598422,22,Aprueba con Observaciones,Sí,No
ERNESTO_ALEXI_PONCE_MORA__DIGUILLIN,ERNESTO ALEXI PONCE MORA,H,REGIÓN DE ÑUBLE,DIGUILLIN,TU REGION RADICAL,No aplica,IND,INDEPENDIENTES,3457921,10,Aprueba con Observaciones,Sí,No
CARLOS_ALEJANDRO_RODRIGUEZ_SAEZ__DIGUILLIN,CARLOS ALEJANDRO RODRIGUEZ SAEZ,H,REGIÓN DE ÑUBLE,DIGUILLIN,TU REGION RADICAL,No aplica,IND,INDEPENDIENTES,1650000,2,Aprueba con Observaciones,Sí,No
FELIPE_LEAL_MEDINA__DIGUILLIN,FELIPE LEAL MEDINA,H,REGIÓN DE ÑUBLE,DIGUILLIN,REGIONES VERDES LIBERALES,No aplica,PL,PARTIDO LIBERAL DE CHILE,3653053,19,Aprueba,Sí,No
JUAN_PABLO_AREVALO_YANEZ__DIGUILLIN,JUAN PABLO AREVALO YAÑEZ,H,REGIÓN DE ÑUBLE,DIGUILLIN,REGIONES VERDES LIBERALES,No aplica,PL,PARTIDO LIBERAL DE CHILE,0,0,Rechaza,No,No
MANUEL_ARTURO_SAAVEDRA_YANEZ__DIGUILLIN,MANUEL ARTURO SAAVEDRA YAÑEZ,H,REGIÓN DE ÑUBLE,DIGUILLIN,REGIONES VERDES LIBERALES,No aplica,FREVS,FEDERACION REGIONALISTA VERDE SOCIAL,0,0,Aprueba con Observaciones,No,No
FANNY_ESTHER_ARAYA_BAHAMONDE__DIGUILLIN,FANNY ESTHER ARAYA BAHAMONDE,M,REGIÓN DE ÑUBLE,DIGUILLIN,REGIONES VERDES LIBERALES,No aplica,FREVS,FEDERACION REGIONALISTA VERDE SOCIAL,228561,1,Aprueba con Observaciones,Sí,No
JULIO_ANDRES_BECERRA_ESPINOZA__DIGUILLIN,JULIO ANDRES BECERRA ESPINOZA,H,REGIÓN DE ÑUBLE,DIGUILLIN,REGIONES VERDES LIBERALES,No aplica,IND,INDEPENDIENTES,5354566,15,Rechaza,Sí,No
HECTOR_ARTURO_UBILLA_GONZALEZ__DIGUILLIN,HECTOR ARTURO UBILLA GONZALEZ,H,REGIÓN DE ÑUBLE,DIGUILLIN,REGIONES VERDES LIBERALES,No aplica,IND,INDEPENDIENTES,738561,6,Aprueba,Sí,No
FRANCO_IGNACIO_ORTIZ_MANRIQUEZ__DIGUILLIN,FRANCO IGNACIO ORTIZ MANRIQUEZ,H,REGIÓN DE ÑUBLE,DIGUILLIN,REGIONES VERDES LIBERALES,No aplica,IND,INDEPENDIENTES,100000,1,Aprueba con Observaciones,Sí,No
DANIELA_GUZMAN_YEVENES__DIGUILLIN,DANIELA GUZMAN YEVENES,M,REGIÓN DE ÑUBLE,DIGUILLIN,LO MEJOR PARA CHILE,PS E INDEPENDIENTES,PS,PARTIDO SOCIALISTA DE CHILE,10608370,12,Rechaza,Sí,No
JOSE_ANTONIO_SILVA_ESPINOZA__DIGUILLIN,JOSE ANTONIO SILVA ESPINOZA,H,REGIÓN DE ÑUBLE,DIGUILLIN,LO MEJOR PARA CHILE,PS E INDEPENDIENTES,PS,PARTIDO SOCIALISTA DE CHILE,1000019,4,Aprueba con Observaciones,Sí,No
MARCELO_CIFUENTES_CIFUENTES__DIGUILLIN,MARCELO CIFUENTES CIFUENTES,H,REGIÓN DE ÑUBLE,DIGUILLIN,LO MEJOR PARA CHILE,PS E INDEPENDIENTES,PS,PARTIDO SOCIALISTA DE CHILE,3023915,46,Aprueba,Sí,No
WALTER_ROA_ORELLANA__DIGUILLIN,WALTER ROA ORELLANA,H,REGIÓN DE ÑUBLE,DIGUILLIN,LO MEJOR PARA CHILE,PS E INDEPENDIENTES,IND,INDEPENDIENTES,2588575,25,Aprueba con Observaciones,Sí,No
LORENA_ANDREA_VERA_ARRIAGADA__DIGUILLIN,LORENA ANDREA VERA ARRIAGADA,M,REGIÓN DE ÑUBLE,DIGUILLIN,LO MEJOR PARA CHILE,PPD E INDEPENDIENTES,PPD,PARTIDO POR LA DEMOCRACIA,5365287,37,Aprueba,Sí,No
CAMILA_TORRES_UMANZOR__DIGUILLIN,CAMILA TORRES UMANZOR,M,REGIÓN DE ÑUBLE,DIGUILLIN,LO MEJOR PARA CHILE,PPD E INDEPENDIENTES,PPD,PARTIDO POR LA DEMOCRACIA,6916250,5,Rechaza,Sí,No
VICTOR_HUGO_YEVENES_NAVARRETE__DIGUILLIN,VICTOR HUGO YEVENES NAVARRETE,H,REGIÓN DE ÑUBLE,DIGUILLIN,LO MEJOR PARA CHILE,PPD E INDEPENDIENTES,IND,INDEPENDIENTES,7066895,10,Aprueba,Sí,No
DAVID_KELLER_FREEMAN__DIGUILLIN,DAVID KELLER FREEMAN,H,REGIÓN DE ÑUBLE,DIGUILLIN,LO MEJOR PARA CHILE,PPD E INDEPENDIENTES,IND,INDEPENDIENTES,0,2,Aprueba con Observaciones,No,No
MIGUEL_ANGEL_SEGUNDO_CHAVEZ_MENDOZA__DIGUILLIN,MIGUEL ANGEL SEGUNDO CHAVEZ MENDOZA,H,REGIÓN DE ÑUBLE,DIGUILLIN,PARTIDO DE LA GENTE E INDEPENDIENTES,No aplica,PDG,PARTIDO DE LA GENTE,6175314,18,Aprueba con Observaciones,Sí,No
CLIFF_ROGERS_HENRIQUEZ_RETAMAL__DIGUILLIN,CLIFF ROGERS HENRIQUEZ RETAMAL,H,REGIÓN DE ÑUBLE,DIGUILLIN,PARTIDO DE LA GENTE E INDEPENDIENTES,No aplica,PDG,PARTIDO DE LA GENTE,6997729,21,Aprueba,Sí,No
DANIEL_ENRIQUE_GODOY_LAGOS__DIGUILLIN,DANIEL ENRIQUE GODOY LAGOS,H,REGIÓN DE ÑUBLE,DIGUILLIN,PARTIDO DE LA GENTE E INDEPENDIENTES,No aplica,PDG,PARTIDO DE LA GENTE,0,0,Aprueba,No,No
PABLO_ALEJANDRO_SAN_MARTIN_CANDIA__DIGUILLIN,PABLO ALEJANDRO SAN MARTIN CANDIA,H,REGIÓN DE ÑUBLE,DIGUILLIN,PARTIDO DE LA GENTE E INDEPENDIENTES,No aplica,PDG,PARTIDO DE LA GENTE,7450000,17,Aprueba con Observaciones,Sí,No
MARIELA_DEL_TRANSITO_ESPINOZA_NAVARRETE__DIGUILLIN,MARIELA DEL TRANSITO ESPINOZA NAVARRETE,M,REGIÓN DE ÑUBLE,DIGUILLIN,PARTIDO DE LA GENTE E INDEPENDIENTES,No aplica,PDG,PARTIDO DE LA GENTE,18067931,12,Rechaza,Sí,Sí
GUILLERMO_GINNO_ABURTO_CERNA__DIGUILLIN,GUILLERMO GINNO ABURTO CERNA,H,REGIÓN DE ÑUBLE,DIGUILLIN,POR UN CHILE MEJOR,No aplica,PDC,PARTIDO DEMOCRATA CRISTIANO,0,0,Rechaza,No,No
MARIO_ALEXIS_URRA_ZAMBRANO__DIGUILLIN,MARIO ALEXIS URRA ZAMBRANO,H,REGIÓN DE ÑUBLE,DIGUILLIN,POR UN CHILE MEJOR,No aplica,IND,INDEPENDIENTES,15006700,46,Aprueba con Observaciones,Sí,Sí
FREDY_ALEJANDRO_MARIN_ROMERO__DIGUILLIN,FREDY ALEJANDRO MARIN ROMERO,H,REGIÓN DE ÑUBLE,DIGUILLIN,POR UN CHILE MEJOR,No aplica,IND,INDEPENDIENTES,3700000,8,Aprueba,Sí,No
FRANCISCO_JOSE_LAMA_VERGARA__DIGUILLIN,FRANCISCO JOSE LAMA VERGARA,H,REGIÓN DE ÑUBLE,DIGUILLIN,CENTRO DEMOCRATICO,AMARILLOS E INDEPENDIENTES,AMARILLOS,MOVIMIENTO AMARILLOS POR CHILE,2148884,10,Aprueba,Sí,No
JULIA_LETICIA_ZAPPETTINI_VASQUEZ__DIGUILLIN,JULIA LETICIA ZAPPETTINI VASQUEZ,M,REGIÓN DE ÑUBLE,DIGUILLIN,CENTRO DEMOCRATICO,AMARILLOS E INDEPENDIENTES,AMARILLOS,MOVIMIENTO AMARILLOS POR CHILE,1692909,6,Aprueba con Observaciones,Sí,No
GIOVANNA_ANDREA_MONTES_MONTES__DIGUILLIN,GIOVANNA ANDREA MONTES MONTES,M,REGIÓN DE ÑUBLE,DIGUILLIN,CENTRO DEMOCRATICO,AMARILLOS E INDEPENDIENTES,IND,INDEPENDIENTES,147010,1,Rechaza,Sí,No
ALBERTO_ENRIQUE_JARPA_LEIVA__DIGUILLIN,ALBERTO ENRIQUE JARPA LEIVA,H,REGIÓN DE ÑUBLE,DIGUILLIN,CENTRO DEMOCRATICO,DEMOCRATAS E INDEPENDIENTES,DEMOCRATAS,PARTIDO DEMOCRATAS CHILE,11262436,14,Aprueba con Observaciones,Sí,No
PABLO_ALEJANDRO_GONZALEZ_GONZALEZ__DIGUILLIN,PABLO ALEJANDRO GONZALEZ GONZALEZ,H,REGIÓN DE ÑUBLE,DIGUILLIN,CENTRO DEMOCRATICO,DEMOCRATAS E INDEPENDIENTES,IND,INDEPENDIENTES,5517090,32,Aprueba con Observaciones,Sí,No
BEATRIZ_IGNACIA_MUNOZ_BAQUEDANO__DIGUILLIN,BEATRIZ IGNACIA MUÑOZ BAQUEDANO,M,REGIÓN DE ÑUBLE,DIGUILLIN,FRENTE AMPLIO,FRENTE AMPLIO E INDEPENDIENTES,FA,FRENTE AMPLIO,1602713,17,Aprueba con Observaciones,Sí,No
SEBASTIAN_IGNACIO_FREDES_AVENDANO__DIGUILLIN,SEBASTIAN IGNACIO FREDES AVENDAÑO,H,REGIÓN DE ÑUBLE,DIGUILLIN,FRENTE AMPLIO,FRENTE AMPLIO E INDEPENDIENTES,FA,FRENTE AMPLIO,3240271,26,Aprueba con Observaciones,Sí,No
NICOLE_VALESKA_SUAZO_BARRIGA__DIGUILLIN,NICOLE VALESKA SUAZO BARRIGA,M,REGIÓN DE ÑUBLE,DIGUILLIN,FRENTE AMPLIO,FRENTE AMPLIO E INDEPENDIENTES,FA,FRENTE AMPLIO,4936898,14,Rechaza,Sí,No
REINALDO_ARTURO_CAMANO_BARRIA__DIGUILLIN,REINALDO ARTURO CAMAÑO BARRIA,H,REGIÓN DE ÑUBLE,DIGUILLIN,FRENTE AMPLIO,FRENTE AMPLIO E INDEPENDIENTES,FA,FRENTE AMPLIO,354193,7,Aprueba con Observaciones,Sí,No
CARLA_RETAMAL_COFRE_COFRE__DIGUILLIN,CARLA RETAMAL-COFRE COFRE,M,REGIÓN DE ÑUBLE,DIGUILLIN,FRENTE AMPLIO,FRENTE AMPLIO E INDEPENDIENTES,FA,FRENTE AMPLIO,1588931,12,Sin información,Sí,No
SEBASTIAN_ALEJANDRO_VASQUEZ_MISSENE__DIGUILLIN,SEBASTIAN ALEJANDRO VASQUEZ MISSENE,H,REGIÓN DE ÑUBLE,DIGUILLIN,FRENTE AMPLIO,FRENTE AMPLIO E INDEPENDIENTES,FA,FRENTE AMPLIO,5470412,13,Aprueba,Sí,No
RODRIGO_SEBASTIAN_DINAMARCA_MUNOZ__DIGUILLIN,RODRIGO SEBASTIAN DINAMARCA MUÑOZ,H,REGIÓN DE ÑUBLE,DIGUILLIN,CHILE VAMOS UDI - INDEPENDIENTES,No aplica,UDI,UNION DEMOCRATA INDEPENDIENTE,10176683,12,Aprueba,Sí,No
ALDO_GUSTAVO_SANDOVAL_GARRIDO__DIGUILLIN,ALDO GUSTAVO SANDOVAL GARRIDO,H,REGIÓN DE ÑUBLE,DIGUILLIN,CHILE VAMOS UDI - INDEPENDIENTES,No aplica,UDI,UNION DEMOCRATA INDEPENDIENTE,10492639,17,Aprueba con Observaciones,Sí,No
JOHN_EXEQUIEL_POLANCO_ESPINOZA__DIGUILLIN,JOHN EXEQUIEL POLANCO ESPINOZA,H,REGIÓN DE ÑUBLE,DIGUILLIN,CHILE VAMOS UDI - INDEPENDIENTES,No aplica,UDI,UNION DEMOCRATA INDEPENDIENTE,1500000,7,Aprueba,Sí,No
MAXIMILIANO_DINAMARCA_TORRES__DIGUILLIN,MAXIMILIANO DINAMARCA TORRES,H,REGIÓN DE ÑUBLE,DIGUILLIN,CHILE VAMOS UDI - INDEPENDIENTES,No aplica,UDI,UNION DEMOCRATA INDEPENDIENTE,0,0,Rechaza,No,No
CARLOS_CHANDIA_BRAVO__DIGUILLIN,CARLOS CHANDIA BRAVO,H,REGIÓN DE ÑUBLE,DIGUILLIN,CHILE VAMOS UDI - INDEPENDIENTES,No aplica,UDI,UNION DEMOCRATA INDEPENDIENTE,8700975,23,Aprueba,Sí,No
STALIN_ALEJANDRO_MELLADO_MUNOZ__DIGUILLIN,STALIN ALEJANDRO MELLADO MUÑOZ,H,REGIÓN DE ÑUBLE,DIGUILLIN,CHILE VAMOS EVOPOLI - INDEPENDIENTES,No aplica,EVOPOLI,EVOLUCION POLITICA,760000,2,Aprueba,Sí,No
LUCAS_ANDRES_VIDAL_MAUREIRA__DIGUILLIN,LUCAS ANDRES VIDAL MAUREIRA,H,REGIÓN DE ÑUBLE,DIGUILLIN,CHILE VAMOS EVOPOLI - INDEPENDIENTES,No aplica,EVOPOLI,EVOLUCION POLITICA,0,0,Aprueba,No,No
JUAN_IGNACIO_LARRERE_GARCIA__DIGUILLIN,JUAN IGNACIO LARRERE GARCIA,H,REGIÓN DE ÑUBLE,DIGUILLIN,CHILE VAMOS EVOPOLI - INDEPENDIENTES,No aplica,EVOPOLI,EVOLUCION POLITICA,4280246,10,Aprueba con Observaciones,Sí,No
RICARDO_JAVIER_JARA_JARA__DIGUILLIN,RICARDO JAVIER JARA JARA,H,REGIÓN DE ÑUBLE,DIGUILLIN,CHILE VAMOS EVOPOLI - INDEPENDIENTES,No aplica,EVOPOLI,EVOLUCION POLITICA,324733,2,Aprueba con Observaciones,Sí,No
EDUARDO_SAVATTINI_NUNEZ__DIGUILLIN,EDUARDO SAVATTINI NUÑEZ,H,REGIÓN DE ÑUBLE,DIGUILLIN,"ECOLOGISTAS, ANIMALISTAS E INDEPENDIENTES",No aplica,IND,INDEPENDIENTES,8552000,10,Rechaza,Sí,No
MARIA_ELENA_ACUNA_OLIVERA__DIGUILLIN,MARIA ELENA ACUÑA OLIVERA,M,REGIÓN DE ÑUBLE,DIGUILLIN,REPUBLICANOS E INDEPENDIENTES,No aplica,REPUBLICANO,PARTIDO REPUBLICANO DE CHILE,12542931,21,Aprueba,Sí,No
CHRISTOPHER_CASANOVA_GONZALEZ__DIGUILLIN,CHRISTOPHER CASANOVA GONZALEZ,H,REGIÓN DE ÑUBLE,DIGUILLIN,REPUBLICANOS E INDEPENDIENTES,No aplica,REPUBLICANO,PARTIDO REPUBLICANO DE CHILE,4040000,9,Rechaza,Sí,No
SONIA_ALEJANDRA_CHAMBLAS_MORALES__DIGUILLIN,SONIA ALEJANDRA CHAMBLAS MORALES,M,REGIÓN DE ÑUBLE,DIGUILLIN,REPUBLICANOS E INDEPENDIENTES,No aplica,REPUBLICANO,PARTIDO REPUBLICANO DE CHILE,3140148,14,Aprueba con Observaciones,Sí,No
RAMON_EDUARDO_AUDALA_AREVALO__DIGUILLIN,RAMON EDUARDO AUDALA AREVALO,H,REGIÓN DE ÑUBLE,DIGUILLIN,REPUBLICANOS E INDEPENDIENTES,No aplica,REPUBLICANO,PARTIDO REPUBLICANO DE CHILE,1336410,3,Rechaza,Sí,No
OLGA_JULIETA_BRAVO_BRAVO__DIGUILLIN,OLGA JULIETA BRAVO BRAVO,M,REGIÓN DE ÑUBLE,DIGUILLIN,REPUBLICANOS E INDEPENDIENTES,No aplica,REPUBLICANO,PARTIDO REPUBLICANO DE CHILE,5808473,6,Aprueba,Sí,No
SERGIO_EDUARDO_MARTINEZ_FICA__DIGUILLIN,SERGIO EDUARDO MARTINEZ FICA,H,REGIÓN DE ÑUBLE,DIGUILLIN,REPUBLICANOS E INDEPENDIENTES,No aplica,REPUBLICANO,PARTIDO REPUBLICANO DE CHILE,0,0,Aprueba,No,No
OSCAR_JUAN_MERINO_MORALES__DIGUILLIN,OSCAR JUAN MERINO MORALES,H,REGIÓN DE ÑUBLE,DIGUILLIN,REPUBLICANOS E INDEPENDIENTES,No aplica,REPUBLICANO,PARTIDO REPUBLICANO DE CHILE,3997171,17,Aprueba,Sí,No
MAGDALENA_OYARCE_SEPULVEDA__DIGUILLIN,MAGDALENA OYARCE SEPULVEDA,M,REGIÓN DE ÑUBLE,DIGUILLIN,REPUBLICANOS E INDEPENDIENTES,No aplica,REPUBLICANO,PARTIDO REPUBLICANO DE CHILE,0,0,Rechaza,No,No
MARIA_JOSE_PEREZ_GARRIDO__ITATA,MARIA JOSE PEREZ GARRIDO,M,REGIÓN DE ÑUBLE,ITATA,PARTIDO SOCIAL CRISTIANO E INDEPENDIENTES,No aplica,PSC,PARTIDO SOCIAL CRISTIANO,1320400,5,Aprueba,Sí,No
CRISTOPHER_ARTURO_QUEZADA_BELLO__ITATA,CRISTOPHER ARTURO QUEZADA BELLO,H,REGIÓN DE ÑUBLE,ITATA,PARTIDO SOCIAL CRISTIANO E INDEPENDIENTES,No aplica,PSC,PARTIDO SOCIAL CRISTIANO,0,0,Aprueba con Observaciones,No,No
MARCELO_GALVEZ_MUNOZ__ITATA,MARCELO GALVEZ MUÑOZ,H,REGIÓN DE ÑUBLE,ITATA,PARTIDO SOCIAL CRISTIANO E INDEPENDIENTES,No aplica,IND,INDEPENDIENTES,830881,18,Aprueba con Observaciones,Sí,No
LUIS_SEGUEL_ARRIAGADA__ITATA,LUIS SEGUEL ARRIAGADA,H,REGIÓN DE ÑUBLE,ITATA,PARTIDO SOCIAL CRISTIANO E INDEPENDIENTES,No aplica,IND,INDEPENDIENTES,1190400,5,Rechaza,Sí,No
DALIBOR_FRANULIC_MUNOZ__ITATA,DALIBOR FRANULIC MUÑOZ,H,REGIÓN DE ÑUBLE,ITATA,CHILE VAMOS RENOVACION NACIONAL - INDEPENDIENTES,No aplica,RN,RENOVACION NACIONAL,4244138,11,Aprueba,Sí,No
GABRIEL_ARRIAGADA_MORAGA__ITATA,GABRIEL ARRIAGADA MORAGA,H,REGIÓN DE ÑUBLE,ITATA,CHILE VAMOS RENOVACION NACIONAL - INDEPENDIENTES,No aplica,RN,RENOVACION NACIONAL,1336345,4,Aprueba,Sí,No
SERGIO_INOSTROZA_ESPINOZA__ITATA,SERGIO INOSTROZA ESPINOZA,H,REGIÓN DE ÑUBLE,ITATA,CHILE VAMOS RENOVACION NACIONAL - INDEPENDIENTES,No aplica,RN,RENOVACION NACIONAL,4085155,11,Aprueba,Sí,No
FERNANDO_VARGAS_SANDOVAL__ITATA,FERNANDO VARGAS SANDOVAL,H,REGIÓN DE ÑUBLE,ITATA,CHILE VAMOS RENOVACION NACIONAL - INDEPENDIENTES,No aplica,IND,INDEPENDIENTES,2660155,6,Aprueba con Observaciones,Sí,No
JUAN_EDUARDO_RIQUELME_VENEGAS__ITATA,JUAN EDUARDO RIQUELME VENEGAS,H,REGIÓN DE ÑUBLE,ITATA,TU REGION RADICAL,No aplica,PR,PARTIDO RADICAL DE CHILE,8755510,26,Aprueba con Observaciones,Sí,No
WILSON_MARCELO_PONCE_HERNANDEZ__ITATA,WILSON MARCELO PONCE HERNANDEZ,H,REGIÓN DE ÑUBLE,ITATA,TU REGION RADICAL,No aplica,IND,INDEPENDIENTES,1700710,4,Aprueba con Observaciones,Sí,No
JUAN_SALVADOR_RAMIREZ_NOVA__ITATA,JUAN SALVADOR RAMIREZ NOVA,H,REGIÓN DE ÑUBLE,ITATA,REGIONES VERDES LIBERALES,No aplica,FREVS,FEDERACION REGIONALISTA VERDE SOCIAL,5507906,16,Aprueba con Observaciones,Sí,No
RODRIGO_ALFREDO_MUNOZ_TRONCOSO__ITATA,RODRIGO ALFREDO MUÑOZ TRONCOSO,H,REGIÓN DE ÑUBLE,ITATA,REGIONES VERDES LIBERALES,No aplica,FREVS,FEDERACION REGIONALISTA VERDE SOCIAL,392849,3,Aprueba,Sí,No
MANUEL_DANILO_PINTO_QUEZADA__ITATA,MANUEL DANILO PINTO QUEZADA,H,REGIÓN DE ÑUBLE,ITATA,REGIONES VERDES LIBERALES,No aplica,IND,INDEPENDIENTES,0,0,Aprueba con Observaciones,No,No
BRIGIDA_ESCALONA_GONZALEZ__ITATA,BRIGIDA ESCALONA GONZALEZ,M,REGIÓN DE ÑUBLE,ITATA,LO MEJOR PARA CHILE,PS E INDEPENDIENTES,PS,PARTIDO SOCIALISTA DE CHILE,5047119,11,Aprueba,Sí,No
YENNY_ARAVENA_IBARRA__ITATA,YENNY ARAVENA IBARRA,M,REGIÓN DE ÑUBLE,ITATA,LO MEJOR PARA CHILE,PS E INDEPENDIENTES,IND,INDEPENDIENTES,3700000,13,Aprueba con Observaciones,Sí,No
CAROL_DAYANA_SAAVEDRA_SAAVEDRA__ITATA,CAROL DAYANA SAAVEDRA SAAVEDRA,M,REGIÓN DE ÑUBLE,ITATA,LO MEJOR PARA CHILE,PPD E INDEPENDIENTES,IND,INDEPENDIENTES,2637999,9,Aprueba con Observaciones,Sí,No
MARIA_DE_LAS_MERCEDES_AGUILERA_CERNA__ITATA,MARIA DE LAS MERCEDES AGUILERA CERNA,M,REGIÓN DE ÑUBLE,ITATA,LO MEJOR PARA CHILE,PPD E INDEPENDIENTES,IND,INDEPENDIENTES,0,0,Rechaza,No,No
VERONICA_CARMEN_LAGOS_OJEDA__ITATA,VERONICA CARMEN LAGOS OJEDA,M,REGIÓN DE ÑUBLE,ITATA,PARTIDO DE LA GENTE E INDEPENDIENTES,No aplica,PDG,PARTIDO DE LA GENTE,903467,20,Aprueba con Observaciones,Sí,No
CHRISTIAN_ALBERTO_ASTUDILLO_MUNOZ__ITATA,CHRISTIAN ALBERTO ASTUDILLO MUÑOZ,H,REGIÓN DE ÑUBLE,ITATA,PARTIDO DE LA GENTE E INDEPENDIENTES,No aplica,PDG,PARTIDO DE LA GENTE,1320000,3,Aprueba,Sí,No
ITER_ALEJANDRO_STUARDO_MALVERDE__ITATA,ITER ALEJANDRO STUARDO MALVERDE,H,REGIÓN DE ÑUBLE,ITATA,POR UN CHILE MEJOR,No aplica,IND,INDEPENDIENTES,12811377,25,Aprueba,Sí,No
JUAN_ANTONIO_CID_FUENTES__ITATA,JUAN ANTONIO CID FUENTES,H,REGIÓN DE ÑUBLE,ITATA,POR UN CHILE MEJOR,No aplica,IND,INDEPENDIENTES,1014000,2,Aprueba con Observaciones,Sí,No
HECTOR_ROMUALDO_ROJAS_RAMIREZ__ITATA,HECTOR ROMUALDO ROJAS RAMIREZ,H,REGIÓN DE ÑUBLE,ITATA,POR UN CHILE MEJOR,No aplica,IND,INDEPENDIENTES,1389772,4,Aprueba con Observaciones,Sí,No
OSVALDO_ANTONIO_CARO_CARO__ITATA,OSVALDO ANTONIO CARO CARO,H,REGIÓN DE ÑUBLE,ITATA,POR UN CHILE MEJOR,No aplica,IND,INDEPENDIENTES,2778500,12,Rechaza,Sí,No
MARIO_RODOLFO_QUEZADA_ACUNA__ITATA,MARIO RODOLFO QUEZADA ACUÑA,H,REGIÓN DE ÑUBLE,ITATA,CENTRO DEMOCRATICO,AMARILLOS E INDEPENDIENTES,AMARILLOS,MOVIMIENTO AMARILLOS POR CHILE,1991683,52,Aprueba,Sí,No
CHERYL_LEFNO_CARRILLO__ITATA,CHERYL LEFNO CARRILLO,M,REGIÓN DE ÑUBLE,ITATA,CENTRO DEMOCRATICO,AMARILLOS E INDEPENDIENTES,AMARILLOS,MOVIMIENTO AMARILLOS POR CHILE,839520,17,Rechaza,Sí,No
CARLOS_HUMBERTO_GARRIDO_CARCAMO__ITATA,CARLOS HUMBERTO GARRIDO CARCAMO,H,REGIÓN DE ÑUBLE,ITATA,CHILE VAMOS UDI - INDEPENDIENTES,No aplica,UDI,UNION DEMOCRATA INDEPENDIENTE,5837822,19,Aprueba,Sí,No
RAUL_ANDRADE_VERA__ITATA,RAUL ANDRADE VERA,H,REGIÓN DE ÑUBLE,ITATA,CHILE VAMOS UDI - INDEPENDIENTES,No aplica,IND,INDEPENDIENTES,3223611,19,Aprueba con Observaciones,Sí,No
CAROLINA_ALEJANDRA_GOMEZ_CACERES__ITATA,CAROLINA ALEJANDRA GOMEZ CACERES,M,REGIÓN DE ÑUBLE,ITATA,CHILE VAMOS EVOPOLI - INDEPENDIENTES,No aplica,EVOPOLI,EVOLUCION POLITICA,1965395,10,Aprueba,Sí,No
PABLO_RAMIRO_GONZALEZ_FIGUEROA__ITATA,PABLO RAMIRO GONZALEZ FIGUEROA,H,REGIÓN DE ÑUBLE,ITATA,REPUBLICANOS E INDEPENDIENTES,No aplica,REPUBLICANO,PARTIDO REPUBLICANO DE CHILE,2607000,10,Aprueba,Sí,No
JOSE_LUIS_SAAVEDRA_GATICA__ITATA,JOSE LUIS SAAVEDRA GATICA,H,REGIÓN DE ÑUBLE,ITATA,REPUBLICANOS E INDEPENDIENTES,No aplica,REPUBLICANO,PARTIDO REPUBLICANO DE CHILE,0,0,Rechaza,No,No
DASNA_DEL_PILAR_ROMERO_MUNIZAGA__ITATA,DASNA DEL PILAR ROMERO MUNIZAGA,M,REGIÓN DE ÑUBLE,ITATA,REPUBLICANOS E INDEPENDIENTES,No aplica,REPUBLICANO,PARTIDO REPUBLICANO DE CHILE,0,0,Aprueba,No,No
ALEJANDRO_CESAR_ACUNA_PULGAR__PUNILLA,ALEJANDRO CESAR ACUÑA PULGAR,H,REGIÓN DE ÑUBLE,PUNILLA,TODAS Y TODOS POR CHILE,PARTIDO COMUNISTA E INDEPENDIENTES,PCCH,PARTIDO COMUNISTA DE CHILE,3090000,16,Aprueba con Observaciones,Sí,No
GABRIELA_ELIANA_LAZCANO_CANDIA__PUNILLA,GABRIELA ELIANA LAZCANO CANDIA,M,REGIÓN DE ÑUBLE,PUNILLA,TODAS Y TODOS POR CHILE,PARTIDO COMUNISTA E INDEPENDIENTES,PCCH,PARTIDO COMUNISTA DE CHILE,700000,4,Aprueba,Sí,No
PEDRO_ANTONIO_FLORES_LAGOS__PUNILLA,PEDRO ANTONIO FLORES LAGOS,H,REGIÓN DE ÑUBLE,PUNILLA,TODAS Y TODOS POR CHILE,PARTIDO COMUNISTA E INDEPENDIENTES,PCCH,PARTIDO COMUNISTA DE CHILE,1235007,8,Aprueba,Sí,No
YENIFFER_FERRADA_CANTO__PUNILLA,YENIFFER FERRADA CANTO,M,REGIÓN DE ÑUBLE,PUNILLA,CHILE VAMOS RENOVACION NACIONAL - INDEPENDIENTES,No aplica,RN,RENOVACION NACIONAL,11457771,42,Rechaza,Sí,No
SERGIO_RUIZ_AEDO__PUNILLA,SERGIO RUIZ AEDO,H,REGIÓN DE ÑUBLE,PUNILLA,CHILE VAMOS RENOVACION NACIONAL - INDEPENDIENTES,No aplica,IND,INDEPENDIENTES,7387914,8,Aprueba,Sí,No
LAURA_POZO_MONAR__PUNILLA,LAURA POZO MONAR,M,REGIÓN DE ÑUBLE,PUNILLA,CHILE VAMOS RENOVACION NACIONAL - INDEPENDIENTES,No aplica,IND,INDEPENDIENTES,1492535,7,Rechaza,Sí,No
JAIME_ANDRES_BUSTOS_MENDEZ__PUNILLA,JAIME ANDRES BUSTOS MENDEZ,H,REGIÓN DE ÑUBLE,PUNILLA,TU REGION RADICAL,No aplica,PR,PARTIDO RADICAL DE CHILE,1056320,10,Aprueba con Observaciones,Sí,No
ARNOLDO_MANUEL_JIMENEZ_VENEGAS__PUNILLA,ARNOLDO MANUEL JIMENEZ VENEGAS,H,REGIÓN DE ÑUBLE,PUNILLA,TU REGION RADICAL,No aplica,IND,INDEPENDIENTES,10161300,23,Aprueba,Sí,No
CRISTIAN_ORLANDO_VILLA_ROA__PUNILLA,CRISTIAN ORLANDO VILLA ROA,H,REGIÓN DE ÑUBLE,PUNILLA,TU REGION RADICAL,No aplica,IND,INDEPENDIENTES,450000,1,Aprueba,Sí,No
JOSE_LEONIDAS_FERNANDEZ_MUNOZ__PUNILLA,JOSE LEONIDAS FERNANDEZ MUÑOZ,H,REGIÓN DE ÑUBLE,PUNILLA,REGIONES VERDES LIBERALES,No aplica,IND,INDEPENDIENTES,205000,1,Aprueba con Observaciones,Sí,No
LORENA_RAQUEL_SAN_MARTIN_NAVARRO__PUNILLA,LORENA RAQUEL SAN MARTIN NAVARRO,M,REGIÓN DE ÑUBLE,PUNILLA,REGIONES VERDES LIBERALES,No aplica,IND,INDEPENDIENTES,1746000,13,Aprueba con Observaciones,Sí,No
ROSENDO_GUERRA_CISTERNA__PUNILLA,ROSENDO GUERRA CISTERNA,H,REGIÓN DE ÑUBLE,PUNILLA,LO MEJOR PARA CHILE,PS E INDEPENDIENTES,PS,PARTIDO SOCIALISTA DE CHILE,2909879,8,Aprueba,Sí,No
PABLO_JIMENEZ_ACUNA__PUNILLA,PABLO JIMENEZ ACUÑA,H,REGIÓN DE ÑUBLE,PUNILLA,LO MEJOR PARA CHILE,PS E INDEPENDIENTES,PS,PARTIDO SOCIALISTA DE CHILE,4662470,15,Aprueba,Sí,No
FERNANDO_CORREA_PEREZ__PUNILLA,FERNANDO CORREA PEREZ,H,REGIÓN DE ÑUBLE,PUNILLA,LO MEJOR PARA CHILE,PS E INDEPENDIENTES,PS,PARTIDO SOCIALISTA DE CHILE,2170000,5,Aprueba con Observaciones,Sí,No
NELSON_JULIAN_MIRANDA_GOMEZ__PUNILLA,NELSON JULIAN MIRANDA GOMEZ,H,REGIÓN DE ÑUBLE,PUNILLA,LO MEJOR PARA CHILE,PPD E INDEPENDIENTES,IND,INDEPENDIENTES,780008,15,Aprueba con Observaciones,Sí,No
RAFAEL_ZACARIAS_RAMIREZ_YANEZ__PUNILLA,RAFAEL ZACARIAS RAMIREZ YAÑEZ,H,REGIÓN DE ÑUBLE,PUNILLA,CENTRO DEMOCRATICO,DEMOCRATAS E INDEPENDIENTES,IND,INDEPENDIENTES,3762695,7,Aprueba con Observaciones,Sí,No
MANUEL_ANTONIO_MERCADO_SOTO__PUNILLA,MANUEL ANTONIO MERCADO SOTO,H,REGIÓN DE ÑUBLE,PUNILLA,CENTRO DEMOCRATICO,AMARILLOS E INDEPENDIENTES,IND,INDEPENDIENTES,1599480,3,Aprueba con Observaciones,Sí,No
LORENA_JARDUA_CAMPOS__PUNILLA,LORENA JARDUA CAMPOS,M,REGIÓN DE ÑUBLE,PUNILLA,CHILE VAMOS UDI - INDEPENDIENTES,No aplica,UDI,UNION DEMOCRATA INDEPENDIENTE,10565939,10,Aprueba,Sí,No
PIA_CAMILA_SANDOVAL_MANOSALVA__PUNILLA,PIA CAMILA SANDOVAL MANOSALVA,M,REGIÓN DE ÑUBLE,PUNILLA,CHILE VAMOS UDI - INDEPENDIENTES,No aplica,UDI,UNION DEMOCRATA INDEPENDIENTE,4100157,21,Aprueba,Sí,No
JACK_OVIDIO_BEHAR_SARAVIA__PUNILLA,JACK OVIDIO BEHAR SARAVIA,H,REGIÓN DE ÑUBLE,PUNILLA,CHILE VAMOS UDI - INDEPENDIENTES,No aplica,IND,INDEPENDIENTES,6293283,11,Aprueba con Observaciones,Sí,No
CARLOS_NELSON_MORANDE_GONZALEZ__PUNILLA,CARLOS NELSON MORANDE GONZALEZ,H,REGIÓN DE ÑUBLE,PUNILLA,CHILE VAMOS EVOPOLI - INDEPENDIENTES,No aplica,EVOPOLI,EVOLUCION POLITICA,3392610,21,Aprueba,Sí,No
JUAN_LUIS_ENRIQUEZ_FUENTES__PUNILLA,JUAN LUIS ENRIQUEZ FUENTES,H,REGIÓN DE ÑUBLE,PUNILLA,REPUBLICANOS E INDEPENDIENTES,No aplica,REPUBLICANO,PARTIDO REPUBLICANO DE CHILE,10191680,18,Aprueba,Sí,No
LILIAN_DE_LAS_MERCEDES_DINAMARCA_MUNOZ__PUNILLA,LILIAN DE LAS MERCEDES DINAMARCA MUÑOZ,M,REGIÓN DE ÑUBLE,PUNILLA,REPUBLICANOS E INDEPENDIENTES,No aplica,REPUBLICANO,PARTIDO REPUBLICANO DE CHILE,4030090,10,Rechaza,Sí,No
ABRAHAM_MANUEL_GONZALEZ_OLAVE__PUNILLA,ABRAHAM MANUEL GONZALEZ OLAVE,H,REGIÓN DE ÑUBLE,PUNILLA,REPUBLICANOS E INDEPENDIENTES,No aplica,REPUBLICANO,PARTIDO REPUBLICANO DE CHILE,2401550,15,Aprueba,Sí,No
JOSE_ANTONIO_VIDELA_PONCE__PUNILLA,JOSE ANTONIO VIDELA PONCE,H,REGIÓN DE ÑUBLE,PUNILLA,REPUBLICANOS E INDEPENDIENTES,No aplica,REPUBLICANO,PARTIDO REPUBLICANO DE CHILE,0,0,Aprueba,No,No
LEONIDAS_PENA_HENRIQUEZ__ARAUCO,LEONIDAS PEÑA HENRIQUEZ,H,REGIÓN DEL BIOBÍO,ARAUCO,TODAS Y TODOS POR CHILE,PARTIDO COMUNISTA E INDEPENDIENTES,PCCH,PARTIDO COMUNISTA DE CHILE,10319840,15,Aprueba con Observaciones,Sí,No
GABRIEL_GUERRERO_RIFO__ARAUCO,GABRIEL GUERRERO RIFO,H,REGIÓN DEL BIOBÍO,ARAUCO,PARTIDO SOCIAL CRISTIANO E INDEPENDIENTES,No aplica,PSC,PARTIDO SOCIAL CRISTIANO,6624688,12,Aprueba,Sí,No
GERARDO_ANCALEO_LEPILLAN__ARAUCO,GERARDO ANCALEO LEPILLAN,H,REGIÓN DEL BIOBÍO,ARAUCO,PARTIDO SOCIAL CRISTIANO E INDEPENDIENTES,No aplica,IND,INDEPENDIENTES,1399320,11,Aprueba,Sí,No
FABIOLA_ORELLANA_JEREZ__ARAUCO,FABIOLA ORELLANA JEREZ,M,REGIÓN DEL BIOBÍO,ARAUCO,PARTIDO SOCIAL CRISTIANO E INDEPENDIENTES,No aplica,IND,INDEPENDIENTES,710400,6,Aprueba,Sí,No
ANA_PAOLA_HORMAZABAL_NAVARRETE__ARAUCO,ANA PAOLA HORMAZABAL NAVARRETE,M,REGIÓN DEL BIOBÍO,ARAUCO,PARTIDO SOCIAL CRISTIANO E INDEPENDIENTES,No aplica,IND,INDEPENDIENTES,5115270,12,Aprueba con Observaciones,Sí,No
CHRISTOPHER_GENGNAGEL_CARRASCO__ARAUCO,CHRISTOPHER GENGNAGEL CARRASCO,H,REGIÓN DEL BIOBÍO,ARAUCO,CHILE VAMOS RENOVACION NACIONAL - INDEPENDIENTES,No aplica,RN,RENOVACION NACIONAL,13686388,17,Aprueba con Observaciones,Sí,No
JUAN_PABLO_MOLINA_LEPILLAN__ARAUCO,JUAN PABLO MOLINA LEPILLAN,H,REGIÓN DEL BIOBÍO,ARAUCO,CHILE VAMOS RENOVACION NACIONAL - INDEPENDIENTES,No aplica,RN,RENOVACION NACIONAL,2160478,9,Aprueba,Sí,No
JUAN_PABLO_ARIAS_RUEDI__ARAUCO,JUAN PABLO ARIAS RUEDI,H,REGIÓN DEL BIOBÍO,ARAUCO,CHILE VAMOS RENOVACION NACIONAL - INDEPENDIENTES,No aplica,RN,RENOVACION NACIONAL,3003584,14,Aprueba con Observaciones,Sí,No
CYNTIA_CRUZ_FIGUEROA__ARAUCO,CYNTIA CRUZ FIGUEROA,M,REGIÓN DEL BIOBÍO,ARAUCO,CHILE VAMOS RENOVACION NACIONAL - INDEPENDIENTES,No aplica,RN,RENOVACION NACIONAL,2924678,18,Aprueba con Observaciones,Sí,No
CLAUDIO_JAVIER_PAMPALONI_ALTAMIRANO__ARAUCO,CLAUDIO JAVIER PAMPALONI ALTAMIRANO,H,REGIÓN DEL BIOBÍO,ARAUCO,TU REGION RADICAL,No aplica,IND,INDEPENDIENTES,3576246,31,Aprueba,Sí,No
MONICA_ELISABET_CARRILLO_JEREZ__ARAUCO,MONICA ELISABET CARRILLO JEREZ,M,REGIÓN DEL BIOBÍO,ARAUCO,REGIONES VERDES LIBERALES,No aplica,FREVS,FEDERACION REGIONALISTA VERDE SOCIAL,1052612,8,Aprueba con Observaciones,Sí,No
LUIS_ESTEBAN_ISLAS_COFRE__ARAUCO,LUIS ESTEBAN ISLAS COFRE,H,REGIÓN DEL BIOBÍO,ARAUCO,REGIONES VERDES LIBERALES,No aplica,FREVS,FEDERACION REGIONALISTA VERDE SOCIAL,950000,1,Aprueba,Sí,No
HECTOR_HUGO_RAMIREZ_ALVEAL__ARAUCO,HECTOR HUGO RAMIREZ ALVEAL,H,REGIÓN DEL BIOBÍO,ARAUCO,LO MEJOR PARA CHILE,PS E INDEPENDIENTES,PS,PARTIDO SOCIALISTA DE CHILE,4573415,20,Aprueba con Observaciones,Sí,No
GABRIEL_MACHEO_HORMAZABAL__ARAUCO,GABRIEL MACHEO HORMAZABAL,H,REGIÓN DEL BIOBÍO,ARAUCO,LO MEJOR PARA CHILE,PS E INDEPENDIENTES,IND,INDEPENDIENTES,4051261,50,Aprueba,Sí,No
EDUARDO_ANTONIO_DOTE_BRAVO__ARAUCO,EDUARDO ANTONIO DOTE BRAVO,H,REGIÓN DEL BIOBÍO,ARAUCO,PARTIDO DE LA GENTE E INDEPENDIENTES,No aplica,PDG,PARTIDO DE LA GENTE,1842260,11,Aprueba,Sí,No
MANUEL_VIDAL_YEVILAO__ARAUCO,MANUEL VIDAL YEVILAO,H,REGIÓN DEL BIOBÍO,ARAUCO,POR UN CHILE MEJOR,No aplica,PDC,PARTIDO DEMOCRATA CRISTIANO,6071647,29,Aprueba,Sí,No
BRENDA_VIGUERAS_MATAMALA__ARAUCO,BRENDA VIGUERAS MATAMALA,M,REGIÓN DEL BIOBÍO,ARAUCO,CENTRO DEMOCRATICO,DEMOCRATAS E INDEPENDIENTES,DEMOCRATAS,PARTIDO DEMOCRATAS CHILE,5665000,17,Aprueba,Sí,No
MONICA_GAYOSO_SALGADO__ARAUCO,MONICA GAYOSO SALGADO,M,REGIÓN DEL BIOBÍO,ARAUCO,CENTRO DEMOCRATICO,DEMOCRATAS E INDEPENDIENTES,IND,INDEPENDIENTES,3247317,39,Aprueba con Observaciones,Sí,No
PATRICIO_EDUARDO_MIRANDA_ORMENO__ARAUCO,PATRICIO EDUARDO MIRANDA ORMEÑO,H,REGIÓN DEL BIOBÍO,ARAUCO,CENTRO DEMOCRATICO,AMARILLOS E INDEPENDIENTES,IND,INDEPENDIENTES,0,0,Rechaza,No,No
CLAUDIA_ANDREA_GODOY_MONTERO__ARAUCO,CLAUDIA ANDREA GODOY MONTERO,M,REGIÓN DEL BIOBÍO,ARAUCO,CENTRO DEMOCRATICO,AMARILLOS E INDEPENDIENTES,IND,INDEPENDIENTES,448488,2,Aprueba con Observaciones,Sí,No
ALVARO_ALONSO_ALARCON_JEREZ__ARAUCO,ALVARO ALONSO ALARCON JEREZ,H,REGIÓN DEL BIOBÍO,ARAUCO,FRENTE AMPLIO,FRENTE AMPLIO E INDEPENDIENTES,IND,INDEPENDIENTES,4258683,12,Aprueba con Observaciones,Sí,No
MANUEL_ZENON_DANILO_SOBARZO_GARCIA__ARAUCO,MANUEL ZENON DANILO SOBARZO GARCIA,H,REGIÓN DEL BIOBÍO,ARAUCO,FRENTE AMPLIO,FRENTE AMPLIO E INDEPENDIENTES,IND,INDEPENDIENTES,508310,3,Aprueba,Sí,No
CRISTIAN_GENGNAGEL_NAVARRO__ARAUCO,CRISTIAN GENGNAGEL NAVARRO,H,REGIÓN DEL BIOBÍO,ARAUCO,CHILE VAMOS UDI - INDEPENDIENTES,No aplica,UDI,UNION DEMOCRATA INDEPENDIENTE,7555601,11,Aprueba con Observaciones,Sí,No
SILVANA_TORRES_CASTRO__ARAUCO,SILVANA TORRES CASTRO,M,REGIÓN DEL BIOBÍO,ARAUCO,CHILE VAMOS UDI - INDEPENDIENTES,No aplica,IND,INDEPENDIENTES,2183218,15,Aprueba con Observaciones,Sí,No
PEDRO_MOLINA_MIRANDA__ARAUCO,PEDRO MOLINA MIRANDA,H,REGIÓN DEL BIOBÍO,ARAUCO,CHILE VAMOS UDI - INDEPENDIENTES,No aplica,IND,INDEPENDIENTES,2740011,8,Rechaza,Sí,No
CRISTIAN_MEDINA_CEA__ARAUCO,CRISTIAN MEDINA CEA,H,REGIÓN DEL BIOBÍO,ARAUCO,CHILE VAMOS UDI - INDEPENDIENTES,No aplica,IND,INDEPENDIENTES,15785401,67,Aprueba con Observaciones,Sí,Sí
ANGELO_MAURICIO_MILLAMAN_LOPEZ__ARAUCO,ANGELO MAURICIO MILLAMAN LOPEZ,H,REGIÓN DEL BIOBÍO,ARAUCO,REPUBLICANOS E INDEPENDIENTES,No aplica,REPUBLICANO,PARTIDO REPUBLICANO DE CHILE,4197416,6,Rechaza,Sí,No
ERIC_FERNANDO_JAVIER_GONZALEZ_CARRASCO__ARAUCO,ERIC FERNANDO JAVIER GONZALEZ CARRASCO,H,REGIÓN DEL BIOBÍO,ARAUCO,REPUBLICANOS E INDEPENDIENTES,No aplica,REPUBLICANO,PARTIDO REPUBLICANO DE CHILE,4666493,30,Aprueba,Sí,No
FRANCISCO_ALEJANDRO_YANEZ_BENAVENTE__ARAUCO,FRANCISCO ALEJANDRO YAÑEZ BENAVENTE,H,REGIÓN DEL BIOBÍO,ARAUCO,REPUBLICANOS E INDEPENDIENTES,No aplica,IND,INDEPENDIENTES,789538,4,Aprueba con Observaciones,Sí,No
MARIA_JOSE_GAYOSO_TOLOZA__ARAUCO,MARIA JOSE GAYOSO TOLOZA,M,REGIÓN DEL BIOBÍO,ARAUCO,REPUBLICANOS E INDEPENDIENTES,No aplica,IND,INDEPENDIENTES,1565600,5,Aprueba,Sí,No
VILMA_MELLADO_CALDERON__BIOBIO,VILMA MELLADO CALDERON,M,REGIÓN DEL BIOBÍO,BIOBIO,IZQUIERDA ECOLOGISTA POPULAR,No aplica,IGUALDAD,IGUALDAD,7332867,22,Aprueba,Sí,No
KATHERINE_ANDREA_ALVAREZ_OLAVE__BIOBIO,KATHERINE ANDREA ALVAREZ OLAVE,M,REGIÓN DEL BIOBÍO,BIOBIO,IZQUIERDA ECOLOGISTA POPULAR,No aplica,IGUALDAD,IGUALDAD,800000,3,Aprueba,Sí,No
CATHERIN_HERNANDEZ_CARIAGA__BIOBIO,CATHERIN HERNANDEZ CARIAGA,M,REGIÓN DEL BIOBÍO,BIOBIO,IZQUIERDA ECOLOGISTA POPULAR,No aplica,IND,INDEPENDIENTES,577114,10,Aprueba,Sí,No
NATALIA_ANDREA_BEQUER_MENA__BIOBIO,NATALIA ANDREA BEQUER MENA,M,REGIÓN DEL BIOBÍO,BIOBIO,TODAS Y TODOS POR CHILE,PARTIDO COMUNISTA E INDEPENDIENTES,PCCH,PARTIDO COMUNISTA DE CHILE,750670,5,Aprueba,Sí,No
IVANIA_PAOLA_ROJAS_CASTILLO__BIOBIO,IVANIA PAOLA ROJAS CASTILLO,M,REGIÓN DEL BIOBÍO,BIOBIO,PARTIDO SOCIAL CRISTIANO E INDEPENDIENTES,No aplica,PSC,PARTIDO SOCIAL CRISTIANO,12910859,25,Aprueba con Observaciones,Sí,No
KEVIN_CARDENAS_SANDOVAL__BIOBIO,KEVIN CARDENAS SANDOVAL,H,REGIÓN DEL BIOBÍO,BIOBIO,PARTIDO SOCIAL CRISTIANO E INDEPENDIENTES,No aplica,PSC,PARTIDO SOCIAL CRISTIANO,190400,1,Aprueba con Observaciones,Sí,No
JOSE_CASTILLO_GAETE__BIOBIO,JOSE CASTILLO GAETE,H,REGIÓN DEL BIOBÍO,BIOBIO,PARTIDO SOCIAL CRISTIANO E INDEPENDIENTES,No aplica,PSC,PARTIDO SOCIAL CRISTIANO,1190400,2,Rechaza,Sí,No
ALEXIS_TORRES_ISLA__BIOBIO,ALEXIS TORRES ISLA,H,REGIÓN DEL BIOBÍO,BIOBIO,PARTIDO SOCIAL CRISTIANO E INDEPENDIENTES,No aplica,PSC,PARTIDO SOCIAL CRISTIANO,190400,1,Aprueba con Observaciones,Sí,No
MIGUEL_DURAN_GONZALEZ__BIOBIO,MIGUEL DURAN GONZALEZ,H,REGIÓN DEL BIOBÍO,BIOBIO,PARTIDO SOCIAL CRISTIANO E INDEPENDIENTES,No aplica,IND,INDEPENDIENTES,549400,5,Aprueba,Sí,No
IGNACIO_FICA_ESPINOZA__BIOBIO,IGNACIO FICA ESPINOZA,H,REGIÓN DEL BIOBÍO,BIOBIO,CHILE VAMOS RENOVACION NACIONAL - INDEPENDIENTES,No aplica,RN,RENOVACION NACIONAL,21977545,12,Aprueba con Observaciones,Sí,Sí
EDGARD_SANDOVAL_JARA__BIOBIO,EDGARD SANDOVAL JARA,H,REGIÓN DEL BIOBÍO,BIOBIO,CHILE VAMOS RENOVACION NACIONAL - INDEPENDIENTES,No aplica,RN,RENOVACION NACIONAL,9553045,18,Aprueba con Observaciones,Sí,No
JUAN_MIGUEL_BENAVENTE_NAVARRETE__BIOBIO,JUAN MIGUEL BENAVENTE NAVARRETE,H,REGIÓN DEL BIOBÍO,BIOBIO,CHILE VAMOS RENOVACION NACIONAL - INDEPENDIENTES,No aplica,RN,RENOVACION NACIONAL,3697478,29,Aprueba con Observaciones,Sí,No
PAMELA_ANDREA_RAMOS_RIQUELME__BIOBIO,PAMELA ANDREA RAMOS RIQUELME,M,REGIÓN DEL BIOBÍO,BIOBIO,CHILE VAMOS RENOVACION NACIONAL - INDEPENDIENTES,No aplica,RN,RENOVACION NACIONAL,1042800,7,Aprueba con Observaciones,Sí,No
GASTON_VILLAGRAN_AVARIA__BIOBIO,GASTON VILLAGRAN AVARIA,H,REGIÓN DEL BIOBÍO,BIOBIO,CHILE VAMOS RENOVACION NACIONAL - INDEPENDIENTES,No aplica,IND,INDEPENDIENTES,7769125,35,Aprueba con Observaciones,Sí,No
PABLO_NICOLAS_SOUPER_ABURTO__BIOBIO,PABLO NICOLAS SOUPER ABURTO,H,REGIÓN DEL BIOBÍO,BIOBIO,CHILE VAMOS RENOVACION NACIONAL - INDEPENDIENTES,No aplica,IND,INDEPENDIENTES,1189496,7,Rechaza,Sí,No
DIEGO_ARNOLDO_LEAL_SEPULVEDA__BIOBIO,DIEGO ARNOLDO LEAL SEPULVEDA,H,REGIÓN DEL BIOBÍO,BIOBIO,TU REGION RADICAL,No aplica,PR,PARTIDO RADICAL DE CHILE,10043224,82,Aprueba con Observaciones,Sí,No
DAPHNE_NAYARET_PRISCILA_HERNANDEZ_RIVAS__BIOBIO,DAPHNE NAYARET PRISCILA HERNANDEZ RIVAS,M,REGIÓN DEL BIOBÍO,BIOBIO,TU REGION RADICAL,No aplica,PR,PARTIDO RADICAL DE CHILE,1527498,3,Aprueba con Observaciones,Sí,No
JUAN_ESTEBAN_ORTEGA_RODRIGUEZ__BIOBIO,JUAN ESTEBAN ORTEGA RODRIGUEZ,H,REGIÓN DEL BIOBÍO,BIOBIO,TU REGION RADICAL,No aplica,PR,PARTIDO RADICAL DE CHILE,450000,2,Aprueba,Sí,No
JUAN_CARLOS_MEDINA_MARTINEZ__BIOBIO,JUAN CARLOS MEDINA MARTINEZ,H,REGIÓN DEL BIOBÍO,BIOBIO,TU REGION RADICAL,No aplica,IND,INDEPENDIENTES,8585407,37,Aprueba con Observaciones,Sí,No
HECTOR_FELIPE_RUBILAR_PEREZ__BIOBIO,HECTOR FELIPE RUBILAR PEREZ,H,REGIÓN DEL BIOBÍO,BIOBIO,TU REGION RADICAL,No aplica,IND,INDEPENDIENTES,15121719,59,Aprueba,Sí,Sí
KARINA_EMILIA_CABRERA_VALDEBENITO__BIOBIO,KARINA EMILIA CABRERA VALDEBENITO,M,REGIÓN DEL BIOBÍO,BIOBIO,TU REGION RADICAL,No aplica,IND,INDEPENDIENTES,1420701,26,Aprueba con Observaciones,Sí,No
JAVIER_FUCHSLOCHER_BAEZA__BIOBIO,JAVIER FUCHSLOCHER BAEZA,H,REGIÓN DEL BIOBÍO,BIOBIO,LO MEJOR PARA CHILE,PS E INDEPENDIENTES,PS,PARTIDO SOCIALISTA DE CHILE,7759432,25,Aprueba con Observaciones,Sí,No
ANGELICA_GODOY_SALGADO__BIOBIO,ANGELICA GODOY SALGADO,M,REGIÓN DEL BIOBÍO,BIOBIO,LO MEJOR PARA CHILE,PS E INDEPENDIENTES,PS,PARTIDO SOCIALISTA DE CHILE,3630000,13,Aprueba,Sí,No
ROBERTS_CORDOVA_BUSTOS__BIOBIO,ROBERTS CORDOVA BUSTOS,H,REGIÓN DEL BIOBÍO,BIOBIO,LO MEJOR PARA CHILE,PS E INDEPENDIENTES,IND,INDEPENDIENTES,0,0,Rechaza,No,No
LUIS_EUGENIO_MEDEL_FIGUEROA__BIOBIO,LUIS EUGENIO MEDEL FIGUEROA,H,REGIÓN DEL BIOBÍO,BIOBIO,LO MEJOR PARA CHILE,PPD E INDEPENDIENTES,PPD,PARTIDO POR LA DEMOCRACIA,0,0,Rechaza,No,No
JAIME_ENRIQUE_FIGUEROA_VALDEBENITO__BIOBIO,JAIME ENRIQUE FIGUEROA VALDEBENITO,H,REGIÓN DEL BIOBÍO,BIOBIO,LO MEJOR PARA CHILE,PPD E INDEPENDIENTES,IND,INDEPENDIENTES,2508760,9,Aprueba con Observaciones,Sí,No
LILIAN_ALEJANDRA_BETANCURT_DELGADO__BIOBIO,LILIAN ALEJANDRA BETANCURT DELGADO,M,REGIÓN DEL BIOBÍO,BIOBIO,PARTIDO DE LA GENTE E INDEPENDIENTES,No aplica,PDG,PARTIDO DE LA GENTE,7557830,33,Aprueba con Observaciones,Sí,No
JUAN_CARLOS_ANDRES_VILLANUEVA_CABAS__BIOBIO,JUAN CARLOS ANDRES VILLANUEVA CABAS,H,REGIÓN DEL BIOBÍO,BIOBIO,POR UN CHILE MEJOR,No aplica,PDC,PARTIDO DEMOCRATA CRISTIANO,11049810,29,Aprueba,Sí,No
FRANCISCO_JAVIER_FLORES_LEON__BIOBIO,FRANCISCO JAVIER FLORES LEON,H,REGIÓN DEL BIOBÍO,BIOBIO,POR UN CHILE MEJOR,No aplica,PDC,PARTIDO DEMOCRATA CRISTIANO,10250000,25,Aprueba con Observaciones,Sí,No
MARCO_ANDRES_FIGUEROA_CUEVAS__BIOBIO,MARCO ANDRES FIGUEROA CUEVAS,H,REGIÓN DEL BIOBÍO,BIOBIO,POR UN CHILE MEJOR,No aplica,PDC,PARTIDO DEMOCRATA CRISTIANO,2942760,9,Rechaza,Sí,No
JORGE_EDUARDO_ARANEDA_NAVARRO__BIOBIO,JORGE EDUARDO ARANEDA NAVARRO,H,REGIÓN DEL BIOBÍO,BIOBIO,POR UN CHILE MEJOR,No aplica,PDC,PARTIDO DEMOCRATA CRISTIANO,3656724,9,Rechaza,Sí,No
WALDEMAR_ANTONIO_AGUILERA_LAVIN__BIOBIO,WALDEMAR ANTONIO AGUILERA LAVIN,H,REGIÓN DEL BIOBÍO,BIOBIO,POR UN CHILE MEJOR,No aplica,PDC,PARTIDO DEMOCRATA CRISTIANO,3451170,24,Aprueba,Sí,No
ITALO_GALLEGOS_PULIDO__BIOBIO,ITALO GALLEGOS PULIDO,H,REGIÓN DEL BIOBÍO,BIOBIO,POR UN CHILE MEJOR,No aplica,IND,INDEPENDIENTES,17875571,95,Aprueba con Observaciones,Sí,Sí
CRISTIAN_CONCHA_ZAPATA__BIOBIO,CRISTIAN CONCHA ZAPATA,H,REGIÓN DEL BIOBÍO,BIOBIO,CENTRO DEMOCRATICO,DEMOCRATAS E INDEPENDIENTES,DEMOCRATAS,PARTIDO DEMOCRATAS CHILE,6877850,6,Aprueba con Observaciones,Sí,No
MAURICIO_RODRIGO_RIOS_LAVADO__BIOBIO,MAURICIO RODRIGO RIOS LAVADO,H,REGIÓN DEL BIOBÍO,BIOBIO,CENTRO DEMOCRATICO,DEMOCRATAS E INDEPENDIENTES,DEMOCRATAS,PARTIDO DEMOCRATAS CHILE,9471242,10,Rechaza,Sí,No
CLAUDIO_ANDRES_MATUS_SAAVEDRA__BIOBIO,CLAUDIO ANDRES MATUS SAAVEDRA,H,REGIÓN DEL BIOBÍO,BIOBIO,CENTRO DEMOCRATICO,DEMOCRATAS E INDEPENDIENTES,IND,INDEPENDIENTES,6794014,5,Aprueba,Sí,No
DANIELA_MICHAEL_PENA__BIOBIO,DANIELA MICHAEL PEÑA,M,REGIÓN DEL BIOBÍO,BIOBIO,CENTRO DEMOCRATICO,DEMOCRATAS E INDEPENDIENTES,IND,INDEPENDIENTES,2600000,13,Aprueba,Sí,No
JAVIER_AMADO_ORDENES_RODRIGUEZ__BIOBIO,JAVIER AMADO ORDENES RODRIGUEZ,H,REGIÓN DEL BIOBÍO,BIOBIO,CENTRO DEMOCRATICO,AMARILLOS E INDEPENDIENTES,IND,INDEPENDIENTES,2818484,20,Aprueba,Sí,No
ALEJANDRA_ANDREA_MUNOZ_BRAVO__BIOBIO,ALEJANDRA ANDREA MUÑOZ BRAVO,M,REGIÓN DEL BIOBÍO,BIOBIO,FRENTE AMPLIO,FRENTE AMPLIO E INDEPENDIENTES,FA,FRENTE AMPLIO,0,0,Aprueba con Observaciones,No,No
GERMAN_ANTONIO_SEPULVEDA_MELLADO__BIOBIO,GERMAN ANTONIO SEPULVEDA MELLADO,H,REGIÓN DEL BIOBÍO,BIOBIO,FRENTE AMPLIO,FRENTE AMPLIO E INDEPENDIENTES,FA,FRENTE AMPLIO,0,0,Rechaza,No,No
ANDREA_NICOLE_ACUNA_MUNOZ__BIOBIO,ANDREA NICOLE ACUÑA MUÑOZ,M,REGIÓN DEL BIOBÍO,BIOBIO,FRENTE AMPLIO,FRENTE AMPLIO E INDEPENDIENTES,FA,FRENTE AMPLIO,925468,5,Aprueba con Observaciones,Sí,No
OSCAR_DYLAN_ANDRADE_CRUZ__BIOBIO,OSCAR DYLAN ANDRADE CRUZ,H,REGIÓN DEL BIOBÍO,BIOBIO,FRENTE AMPLIO,FRENTE AMPLIO E INDEPENDIENTES,IND,INDEPENDIENTES,7240552,31,Aprueba con Observaciones,Sí,No
ENRIQUE_KRAUSE_LOBOS__BIOBIO,ENRIQUE KRAUSE LOBOS,H,REGIÓN DEL BIOBÍO,BIOBIO,CHILE VAMOS UDI - INDEPENDIENTES,No aplica,UDI,UNION DEMOCRATA INDEPENDIENTE,32756236,20,Aprueba,Sí,Sí
MIGUEL_PEZOA_REYES__BIOBIO,MIGUEL PEZOA REYES,H,REGIÓN DEL BIOBÍO,BIOBIO,CHILE VAMOS UDI - INDEPENDIENTES,No aplica,UDI,UNION DEMOCRATA INDEPENDIENTE,17150692,29,Aprueba con Observaciones,Sí,Sí
PAMELA_ESCOBAR_QUEZADA__BIOBIO,PAMELA ESCOBAR QUEZADA,M,REGIÓN DEL BIOBÍO,BIOBIO,CHILE VAMOS UDI - INDEPENDIENTES,No aplica,UDI,UNION DEMOCRATA INDEPENDIENTE,2714950,12,Aprueba con Observaciones,Sí,No
CLAUDIO_MERINO_BARRIENTOS__BIOBIO,CLAUDIO MERINO BARRIENTOS,H,REGIÓN DEL BIOBÍO,BIOBIO,CHILE VAMOS UDI - INDEPENDIENTES,No aplica,UDI,UNION DEMOCRATA INDEPENDIENTE,3263386,4,Aprueba,Sí,No
YESSICA_FLORES_CEA__BIOBIO,YESSICA FLORES CEA,M,REGIÓN DEL BIOBÍO,BIOBIO,CHILE VAMOS UDI - INDEPENDIENTES,No aplica,IND,INDEPENDIENTES,2139961,5,Aprueba con Observaciones,Sí,No
PEDRO_SANHUEZA_CACERES__BIOBIO,PEDRO SANHUEZA CACERES,H,REGIÓN DEL BIOBÍO,BIOBIO,CHILE VAMOS UDI - INDEPENDIENTES,No aplica,IND,INDEPENDIENTES,1198021,28,Aprueba,Sí,No
SEBASTIAN_ALEJANDRO_ABUTER_GANGAS__BIOBIO,SEBASTIAN ALEJANDRO ABUTER GANGAS,H,REGIÓN DEL BIOBÍO,BIOBIO,CHILE VAMOS EVOPOLI - INDEPENDIENTES,No aplica,IND,INDEPENDIENTES,100000,1,Aprueba,Sí,No
GRISELLE_MACARENA_ARENAS_BELTRAN__BIOBIO,GRISELLE MACARENA ARENAS BELTRAN,M,REGIÓN DEL BIOBÍO,BIOBIO,CHILE VAMOS EVOPOLI - INDEPENDIENTES,No aplica,IND,INDEPENDIENTES,1280276,8,Aprueba con Observaciones,Sí,No
SUSANA_IVONNE_ABURTO_ARAVENA__BIOBIO,SUSANA IVONNE ABURTO ARAVENA,M,REGIÓN DEL BIOBÍO,BIOBIO,CHILE VAMOS EVOPOLI - INDEPENDIENTES,No aplica,IND,INDEPENDIENTES,1404200,2,Aprueba con Observaciones,Sí,No
MARIA_ELENA_NUNEZ_RAMIREZ__BIOBIO,MARIA ELENA NUÑEZ RAMIREZ,M,REGIÓN DEL BIOBÍO,BIOBIO,REPUBLICANOS E INDEPENDIENTES,No aplica,REPUBLICANO,PARTIDO REPUBLICANO DE CHILE,13875350,10,Aprueba con Observaciones,Sí,No
JUDITH_ALEJANDRA_GIACOMOZZI_FERNANDEZ__BIOBIO,JUDITH ALEJANDRA GIACOMOZZI FERNANDEZ,M,REGIÓN DEL BIOBÍO,BIOBIO,REPUBLICANOS E INDEPENDIENTES,No aplica,REPUBLICANO,PARTIDO REPUBLICANO DE CHILE,19875609,10,Aprueba con Observaciones,Sí,Sí
CARLOS_FRANCISCO_ORDENES_GATICA__BIOBIO,CARLOS FRANCISCO ORDENES GATICA,H,REGIÓN DEL BIOBÍO,BIOBIO,REPUBLICANOS E INDEPENDIENTES,No aplica,REPUBLICANO,PARTIDO REPUBLICANO DE CHILE,0,0,Rechaza,No,No
JUAN_PAULO_MIRANDA_TRONCOSO__BIOBIO,JUAN PAULO MIRANDA TRONCOSO,H,REGIÓN DEL BIOBÍO,BIOBIO,REPUBLICANOS E INDEPENDIENTES,No aplica,REPUBLICANO,PARTIDO REPUBLICANO DE CHILE,1655406,6,Rechaza,Sí,No
CAMILA_ARRIAGADA_GONZALEZ__CONCEPCION_I,CAMILA ARRIAGADA GONZALEZ,M,REGIÓN DEL BIOBÍO,CONCEPCION I,IZQUIERDA ECOLOGISTA POPULAR,No aplica,IGUALDAD,IGUALDAD,4558026,42,Aprueba con Observaciones,Sí,No
CRISTIAN_HERRERA_FERNANDEZ__CONCEPCION_I,CRISTIAN HERRERA FERNANDEZ,H,REGIÓN DEL BIOBÍO,CONCEPCION I,IZQUIERDA ECOLOGISTA POPULAR,No aplica,IGUALDAD,IGUALDAD,305000,2,Aprueba con Observaciones,Sí,No
AIDA_CONEJEROS_CONEJEROS__CONCEPCION_I,AIDA CONEJEROS CONEJEROS,M,REGIÓN DEL BIOBÍO,CONCEPCION I,IZQUIERDA ECOLOGISTA POPULAR,No aplica,IGUALDAD,IGUALDAD,900000,2,Aprueba con Observaciones,Sí,No
AUKAN_NELSON_MUNOZ__CONCEPCION_I,AUKAN NELSON MUÑOZ,H,REGIÓN DEL BIOBÍO,CONCEPCION I,IZQUIERDA ECOLOGISTA POPULAR,No aplica,IGUALDAD,IGUALDAD,600000,3,Rechaza,Sí,No
ANGELO_JARA_CARVAJAL__CONCEPCION_I,ANGELO JARA CARVAJAL,H,REGIÓN DEL BIOBÍO,CONCEPCION I,IZQUIERDA ECOLOGISTA POPULAR,No aplica,IGUALDAD,IGUALDAD,300000,3,Aprueba,Sí,No
ALEX_PALACIOS_JARA__CONCEPCION_I,ALEX PALACIOS JARA,H,REGIÓN DEL BIOBÍO,CONCEPCION I,IZQUIERDA ECOLOGISTA POPULAR,No aplica,IGUALDAD,IGUALDAD,1133774,11,Aprueba con Observaciones,Sí,No
CRISTIAN_BERNARDO_SILVA_BERMEDO__CONCEPCION_I,CRISTIAN BERNARDO SILVA BERMEDO,H,REGIÓN DEL BIOBÍO,CONCEPCION I,TODAS Y TODOS POR CHILE,PARTIDO COMUNISTA E INDEPENDIENTES,PCCH,PARTIDO COMUNISTA DE CHILE,1995430,15,Aprueba,Sí,No
MIKEL_GOTZON_CAPETILLO_CARDENAS__CONCEPCION_I,MIKEL GOTZON CAPETILLO CARDENAS,H,REGIÓN DEL BIOBÍO,CONCEPCION I,TODAS Y TODOS POR CHILE,PARTIDO COMUNISTA E INDEPENDIENTES,PCCH,PARTIDO COMUNISTA DE CHILE,4266675,12,Aprueba,Sí,No
EVELYN_LILIAN_CABRERA_MIRANDA__CONCEPCION_I,EVELYN LILIAN CABRERA MIRANDA,M,REGIÓN DEL BIOBÍO,CONCEPCION I,TODAS Y TODOS POR CHILE,PARTIDO COMUNISTA E INDEPENDIENTES,PCCH,PARTIDO COMUNISTA DE CHILE,1167270,14,Aprueba con Observaciones,Sí,No
PEDRO_SEGUEL_MONSALVE__CONCEPCION_I,PEDRO SEGUEL MONSALVE,H,REGIÓN DEL BIOBÍO,CONCEPCION I,PARTIDO SOCIAL CRISTIANO E INDEPENDIENTES,No aplica,PSC,PARTIDO SOCIAL CRISTIANO,9393995,12,Aprueba,Sí,No
MIREYA_MUNOZ_VILLA__CONCEPCION_I,MIREYA MUÑOZ VILLA,M,REGIÓN DEL BIOBÍO,CONCEPCION I,PARTIDO SOCIAL CRISTIANO E INDEPENDIENTES,No aplica,PSC,PARTIDO SOCIAL CRISTIANO,518602,2,Aprueba con Observaciones,Sí,No
ANA_BASTIAS_REYES__CONCEPCION_I,ANA BASTIAS REYES,M,REGIÓN DEL BIOBÍO,CONCEPCION I,PARTIDO SOCIAL CRISTIANO E INDEPENDIENTES,No aplica,PSC,PARTIDO SOCIAL CRISTIANO,2399525,6,Aprueba,Sí,No
ANGELA_SAEZ_TORRES__CONCEPCION_I,ANGELA SAEZ TORRES,M,REGIÓN DEL BIOBÍO,CONCEPCION I,PARTIDO SOCIAL CRISTIANO E INDEPENDIENTES,No aplica,PSC,PARTIDO SOCIAL CRISTIANO,6081162,13,Aprueba con Observaciones,Sí,No
ANTONIO_URRUTIA_CARO__CONCEPCION_I,ANTONIO URRUTIA CARO,H,REGIÓN DEL BIOBÍO,CONCEPCION I,PARTIDO SOCIAL CRISTIANO E INDEPENDIENTES,No aplica,PSC,PARTIDO SOCIAL CRISTIANO,6745400,7,Aprueba con Observaciones,Sí,No
REINALDO_GONZALEZ_MARIANGEL__CONCEPCION_I,REINALDO GONZALEZ MARIANGEL,H,REGIÓN DEL BIOBÍO,CONCEPCION I,PARTIDO SOCIAL CRISTIANO E INDEPENDIENTES,No aplica,IND,INDEPENDIENTES,3955872,15,Aprueba con Observaciones,Sí,No
PATRICIO_LARA_CHANDIA__CONCEPCION_I,PATRICIO LARA CHANDIA,H,REGIÓN DEL BIOBÍO,CONCEPCION I,CHILE VAMOS RENOVACION NACIONAL - INDEPENDIENTES,No aplica,RN,RENOVACION NACIONAL,7160478,56,Aprueba con Observaciones,Sí,No
MACARENA_ARIAS_NEIRA__CONCEPCION_I,MACARENA ARIAS NEIRA,M,REGIÓN DEL BIOBÍO,CONCEPCION I,CHILE VAMOS RENOVACION NACIONAL - INDEPENDIENTES,No aplica,RN,RENOVACION NACIONAL,1569811,3,Aprueba con Observaciones,Sí,No
PAOLA_ERICES_VERGARA__CONCEPCION_I,PAOLA ERICES VERGARA,M,REGIÓN DEL BIOBÍO,CONCEPCION I,CHILE VAMOS RENOVACION NACIONAL - INDEPENDIENTES,No aplica,RN,RENOVACION NACIONAL,8747221,22,Aprueba con Observaciones,Sí,No
MARCELO_ENRIQUE_RIVERA_ARANCIBIA__CONCEPCION_I,MARCELO ENRIQUE RIVERA ARANCIBIA,H,REGIÓN DEL BIOBÍO,CONCEPCION I,TU REGION RADICAL,No aplica,IND,INDEPENDIENTES,29665053,50,Aprueba con Observaciones,Sí,Sí
GRACIELA_VIVIANA_NAVARRO_PASTOR__CONCEPCION_I,GRACIELA VIVIANA NAVARRO PASTOR,M,REGIÓN DEL BIOBÍO,CONCEPCION I,TU REGION RADICAL,No aplica,IND,INDEPENDIENTES,1750000,7,Aprueba,Sí,No
LUIS_ENRIQUE_CHAMORRO_URIBE__CONCEPCION_I,LUIS ENRIQUE CHAMORRO URIBE,H,REGIÓN DEL BIOBÍO,CONCEPCION I,TU REGION RADICAL,No aplica,IND,INDEPENDIENTES,3195040,12,Aprueba,Sí,No
DIANA_EDITH_GONZALEZ_CATALAN__CONCEPCION_I,DIANA EDITH GONZALEZ CATALAN,M,REGIÓN DEL BIOBÍO,CONCEPCION I,TU REGION RADICAL,No aplica,IND,INDEPENDIENTES,2442442,15,Aprueba con Observaciones,Sí,No
LUIS_HERNAN_DIAZ_VILLAVICENCIO__CONCEPCION_I,LUIS HERNAN DIAZ VILLAVICENCIO,H,REGIÓN DEL BIOBÍO,CONCEPCION I,TU REGION RADICAL,No aplica,IND,INDEPENDIENTES,0,0,Rechaza,No,No
DAVID_LANDAUR_SANCHEZ__CONCEPCION_I,DAVID LANDAUR SANCHEZ,H,REGIÓN DEL BIOBÍO,CONCEPCION I,TU REGION RADICAL,No aplica,IND,INDEPENDIENTES,450000,3,Aprueba con Observaciones,Sí,No
MARISOL_ANDREA_ENRIQUEZ_VILLALOBOS__CONCEPCION_I,MARISOL ANDREA ENRIQUEZ VILLALOBOS,M,REGIÓN DEL BIOBÍO,CONCEPCION I,REGIONES VERDES LIBERALES,No aplica,FREVS,FEDERACION REGIONALISTA VERDE SOCIAL,9626354,11,Aprueba,Sí,No
GUSTAVO_FELIPE_SOTOMAYOR_OLATE__CONCEPCION_I,GUSTAVO FELIPE SOTOMAYOR OLATE,H,REGIÓN DEL BIOBÍO,CONCEPCION I,REGIONES VERDES LIBERALES,No aplica,IND,INDEPENDIENTES,4813406,8,Aprueba con Observaciones,Sí,No
JUAN_CARLOS_VENEGAS_VILLA__CONCEPCION_I,JUAN CARLOS VENEGAS VILLA,H,REGIÓN DEL BIOBÍO,CONCEPCION I,REGIONES VERDES LIBERALES,No aplica,IND,INDEPENDIENTES,1581200,4,Aprueba,Sí,No
EDGARDO_MAURICIO_VEGA_REYES__CONCEPCION_I,EDGARDO MAURICIO VEGA REYES,H,REGIÓN DEL BIOBÍO,CONCEPCION I,REGIONES VERDES LIBERALES,No aplica,IND,INDEPENDIENTES,1826187,3,Aprueba con Observaciones,Sí,No
JORDAN_ARIEL_INZUNZA_PUENTES__CONCEPCION_I,JORDAN ARIEL INZUNZA PUENTES,H,REGIÓN DEL BIOBÍO,CONCEPCION I,REGIONES VERDES LIBERALES,No aplica,IND,INDEPENDIENTES,1076187,2,Aprueba,Sí,No
JOSE_ALEJANDRO_LOPEZ_CARTES__CONCEPCION_I,JOSE ALEJANDRO LOPEZ CARTES,H,REGIÓN DEL BIOBÍO,CONCEPCION I,REGIONES VERDES LIBERALES,No aplica,IND,INDEPENDIENTES,1779600,3,Aprueba,Sí,No
LUIS_ARMANDO_ONATE_MOSCOSO__CONCEPCION_I,LUIS ARMANDO OÑATE MOSCOSO,H,REGIÓN DEL BIOBÍO,CONCEPCION I,LO MEJOR PARA CHILE,PPD E INDEPENDIENTES,PPD,PARTIDO POR LA DEMOCRACIA,6053346,35,Aprueba con Observaciones,Sí,No
DARWIN_RODRIGO_ACUNA_BECERRA__CONCEPCION_I,DARWIN RODRIGO ACUÑA BECERRA,H,REGIÓN DEL BIOBÍO,CONCEPCION I,LO MEJOR PARA CHILE,PPD E INDEPENDIENTES,IND,INDEPENDIENTES,1700000,3,Aprueba con Observaciones,Sí,No
PAOLA_ANDREA_VIRGINIA_ZUNIGA_MUNOZ__CONCEPCION_I,PAOLA ANDREA VIRGINIA ZUÑIGA MUÑOZ,M,REGIÓN DEL BIOBÍO,CONCEPCION I,LO MEJOR PARA CHILE,PPD E INDEPENDIENTES,IND,INDEPENDIENTES,2496400,8,Aprueba con Observaciones,Sí,No
MONICA_ANGELINA_ARRAU_GAMONAL__CONCEPCION_I,MONICA ANGELINA ARRAU GAMONAL,M,REGIÓN DEL BIOBÍO,CONCEPCION I,LO MEJOR PARA CHILE,PS E INDEPENDIENTES,PS,PARTIDO SOCIALISTA DE CHILE,2099149,5,Aprueba con Observaciones,Sí,No
ESTEBAN_LLANOS_REYES__CONCEPCION_I,ESTEBAN LLANOS REYES,H,REGIÓN DEL BIOBÍO,CONCEPCION I,LO MEJOR PARA CHILE,PS E INDEPENDIENTES,PS,PARTIDO SOCIALISTA DE CHILE,7800500,39,Aprueba,Sí,No
JAIME_PENAILILLO_GARRIDO__CONCEPCION_I,JAIME PEÑAILILLO GARRIDO,H,REGIÓN DEL BIOBÍO,CONCEPCION I,LO MEJOR PARA CHILE,PS E INDEPENDIENTES,IND,INDEPENDIENTES,7490513,12,Rechaza,Sí,No
ADRIANA_DELGADO_CAREAGA__CONCEPCION_I,ADRIANA DELGADO CAREAGA,M,REGIÓN DEL BIOBÍO,CONCEPCION I,PARTIDO DE LA GENTE E INDEPENDIENTES,No aplica,PDG,PARTIDO DE LA GENTE,2406208,7,Aprueba con Observaciones,Sí,No
VERONICA_DEL_PILAR_NUNEZ_BARRA__CONCEPCION_I,VERONICA DEL PILAR NUÑEZ BARRA,M,REGIÓN DEL BIOBÍO,CONCEPCION I,PARTIDO DE LA GENTE E INDEPENDIENTES,No aplica,PDG,PARTIDO DE LA GENTE,8584875,22,Aprueba con Observaciones,Sí,No
MARIELLA_ANDREA_GONZALEZ_HIDALGO__CONCEPCION_I,MARIELLA ANDREA GONZALEZ HIDALGO,M,REGIÓN DEL BIOBÍO,CONCEPCION I,PARTIDO DE LA GENTE E INDEPENDIENTES,No aplica,PDG,PARTIDO DE LA GENTE,2168950,12,Rechaza,Sí,No
MARCELO_EDUARDO_YEVENES_SOTO__CONCEPCION_I,MARCELO EDUARDO YEVENES SOTO,H,REGIÓN DEL BIOBÍO,CONCEPCION I,POR UN CHILE MEJOR,No aplica,PDC,PARTIDO DEMOCRATA CRISTIANO,6413029,16,Aprueba con Observaciones,Sí,No
CRISTIAN_SAN_MARTIN_CARRASCO__CONCEPCION_I,CRISTIAN SAN MARTIN CARRASCO,H,REGIÓN DEL BIOBÍO,CONCEPCION I,POR UN CHILE MEJOR,No aplica,PDC,PARTIDO DEMOCRATA CRISTIANO,8249926,15,Aprueba,Sí,No
EDUARDO_FROILAN_ACUNA_MOLINA__CONCEPCION_I,EDUARDO FROILAN ACUÑA MOLINA,H,REGIÓN DEL BIOBÍO,CONCEPCION I,POR UN CHILE MEJOR,No aplica,PDC,PARTIDO DEMOCRATA CRISTIANO,2491779,13,Aprueba,Sí,No
RAUL_ANGEL_RAMIREZ_VERGARA__CONCEPCION_I,RAUL ANGEL RAMIREZ VERGARA,H,REGIÓN DEL BIOBÍO,CONCEPCION I,POR UN CHILE MEJOR,No aplica,PDC,PARTIDO DEMOCRATA CRISTIANO,2068000,9,Aprueba,Sí,No
CAMILA_LORETO_MARDONES_SANTANA__CONCEPCION_I,CAMILA LORETO MARDONES SANTANA,M,REGIÓN DEL BIOBÍO,CONCEPCION I,POR UN CHILE MEJOR,No aplica,IND,INDEPENDIENTES,0,0,Rechaza,No,No
MIGUEL_ANGEL_RIVAS_ORTIZ__CONCEPCION_I,MIGUEL ANGEL RIVAS ORTIZ,H,REGIÓN DEL BIOBÍO,CONCEPCION I,POR UN CHILE MEJOR,No aplica,IND,INDEPENDIENTES,0,0,Rechaza,No,No
JUAN_GUILLERMO_CRUZ_RIVERA__CONCEPCION_I,JUAN GUILLERMO CRUZ RIVERA,H,REGIÓN DEL BIOBÍO,CONCEPCION I,CENTRO DEMOCRATICO,DEMOCRATAS E INDEPENDIENTES,DEMOCRATAS,PARTIDO DEMOCRATAS CHILE,5262000,8,Aprueba,Sí,No
MANUEL_ANTONIO_SANTIBANEZ_NAVARRETE__CONCEPCION_I,MANUEL ANTONIO SANTIBAÑEZ NAVARRETE,H,REGIÓN DEL BIOBÍO,CONCEPCION I,CENTRO DEMOCRATICO,DEMOCRATAS E INDEPENDIENTES,IND,INDEPENDIENTES,63000,1,Aprueba,Sí,No
MABEL_TORO_CUEVAS__CONCEPCION_I,MABEL TORO CUEVAS,M,REGIÓN DEL BIOBÍO,CONCEPCION I,CENTRO DEMOCRATICO,DEMOCRATAS E INDEPENDIENTES,IND,INDEPENDIENTES,47500,3,Aprueba con Observaciones,Sí,No
PEDRO_DAVID_CARVAJAL_SANHUEZA__CONCEPCION_I,PEDRO DAVID CARVAJAL SANHUEZA,H,REGIÓN DEL BIOBÍO,CONCEPCION I,CENTRO DEMOCRATICO,AMARILLOS E INDEPENDIENTES,IND,INDEPENDIENTES,0,0,Rechaza,No,No
ERNESTO_ANDRES_TORRES_MACHUCA__CONCEPCION_I,ERNESTO ANDRES TORRES MACHUCA,H,REGIÓN DEL BIOBÍO,CONCEPCION I,CENTRO DEMOCRATICO,AMARILLOS E INDEPENDIENTES,IND,INDEPENDIENTES,9059884,34,Aprueba con Observaciones,Sí,No
CAROLINA_ANDREA_OPAZO_URQUIZA__CONCEPCION_I,CAROLINA ANDREA OPAZO URQUIZA,M,REGIÓN DEL BIOBÍO,CONCEPCION I,FRENTE AMPLIO,FRENTE AMPLIO E INDEPENDIENTES,FA,FRENTE AMPLIO,4337568,12,Aprueba,Sí,No
CLAUDIO_ANTONIO_JARA_JONES__CONCEPCION_I,CLAUDIO ANTONIO JARA JONES,H,REGIÓN DEL BIOBÍO,CONCEPCION I,FRENTE AMPLIO,FRENTE AMPLIO E INDEPENDIENTES,IND,INDEPENDIENTES,750135,7,Aprueba,Sí,No
HERNAN_ORLANDO_PINO_SEGUEL__CONCEPCION_I,HERNAN ORLANDO PINO SEGUEL,H,REGIÓN DEL BIOBÍO,CONCEPCION I,FRENTE AMPLIO,FRENTE AMPLIO E INDEPENDIENTES,IND,INDEPENDIENTES,3577000,4,Aprueba,Sí,No
TATIANA_PARDO_VENEGAS__CONCEPCION_I,TATIANA PARDO VENEGAS,M,REGIÓN DEL BIOBÍO,CONCEPCION I,FRENTE AMPLIO,FRENTE AMPLIO E INDEPENDIENTES,IND,INDEPENDIENTES,250000,2,Aprueba,Sí,No
LARRY_SANDOVAL_LARA__CONCEPCION_I,LARRY SANDOVAL LARA,H,REGIÓN DEL BIOBÍO,CONCEPCION I,CHILE VAMOS UDI - INDEPENDIENTES,No aplica,UDI,UNION DEMOCRATA INDEPENDIENTE,2087899,7,Aprueba,Sí,No
MANFRED_LAVIN_MIRANDA__CONCEPCION_I,MANFRED LAVIN MIRANDA,H,REGIÓN DEL BIOBÍO,CONCEPCION I,CHILE VAMOS UDI - INDEPENDIENTES,No aplica,UDI,UNION DEMOCRATA INDEPENDIENTE,2917555,20,Aprueba con Observaciones,Sí,No
GABRIEL_TORRES_HERMOSILLA__CONCEPCION_I,GABRIEL TORRES HERMOSILLA,H,REGIÓN DEL BIOBÍO,CONCEPCION I,CHILE VAMOS UDI - INDEPENDIENTES,No aplica,IND,INDEPENDIENTES,13453691,82,Aprueba con Observaciones,Sí,No
GRACE_FARIAS_RIQUELME__CONCEPCION_I,GRACE FARIAS RIQUELME,M,REGIÓN DEL BIOBÍO,CONCEPCION I,CHILE VAMOS UDI - INDEPENDIENTES,No aplica,IND,INDEPENDIENTES,8884750,7,Aprueba con Observaciones,Sí,No
OCTAVIO_PARRA_CUADRA__CONCEPCION_I,OCTAVIO PARRA CUADRA,H,REGIÓN DEL BIOBÍO,CONCEPCION I,CHILE VAMOS UDI - INDEPENDIENTES,No aplica,IND,INDEPENDIENTES,4387757,9,Aprueba,Sí,No
CARLOS_ANTONIO_INOSTROZA_RUIZ__CONCEPCION_I,CARLOS ANTONIO INOSTROZA RUIZ,H,REGIÓN DEL BIOBÍO,CONCEPCION I,CHILE VAMOS EVOPOLI - INDEPENDIENTES,No aplica,EVOPOLI,EVOLUCION POLITICA,333200,1,Aprueba,Sí,No
LUIS_ALBERTO_SANTIBANEZ_BASTIDAS__CONCEPCION_I,LUIS ALBERTO SANTIBAÑEZ BASTIDAS,H,REGIÓN DEL BIOBÍO,CONCEPCION I,REPUBLICANOS E INDEPENDIENTES,No aplica,REPUBLICANO,PARTIDO REPUBLICANO DE CHILE,15352044,11,Aprueba con Observaciones,Sí,Sí
CHRISTIAN_LUIS_ARELLANO_VERA__CONCEPCION_I,CHRISTIAN LUIS ARELLANO VERA,H,REGIÓN DEL BIOBÍO,CONCEPCION I,REPUBLICANOS E INDEPENDIENTES,No aplica,REPUBLICANO,PARTIDO REPUBLICANO DE CHILE,507703,27,Aprueba,Sí,No
ENZO_CRISTOBAL_PARRA_MOSCOSO__CONCEPCION_I,ENZO CRISTOBAL PARRA MOSCOSO,H,REGIÓN DEL BIOBÍO,CONCEPCION I,REPUBLICANOS E INDEPENDIENTES,No aplica,REPUBLICANO,PARTIDO REPUBLICANO DE CHILE,3311274,17,Aprueba,Sí,No
CLAUDIO_IVAN_PARDO_SANTOS__CONCEPCION_I,CLAUDIO IVAN PARDO SANTOS,H,REGIÓN DEL BIOBÍO,CONCEPCION I,REPUBLICANOS E INDEPENDIENTES,No aplica,REPUBLICANO,PARTIDO REPUBLICANO DE CHILE,4172624,3,Aprueba,Sí,No
CRISTIAN_EUGENIO_ANDRADE_SALGADO__CONCEPCION_I,CRISTIAN EUGENIO ANDRADE SALGADO,H,REGIÓN DEL BIOBÍO,CONCEPCION I,REPUBLICANOS E INDEPENDIENTES,No aplica,IND,INDEPENDIENTES,1696498,3,Aprueba con Observaciones,Sí,No
FRANCO_QUIDEL_MORA__CONCEPCION_II,FRANCO QUIDEL MORA,H,REGIÓN DEL BIOBÍO,CONCEPCION II,IZQUIERDA ECOLOGISTA POPULAR,No aplica,IGUALDAD,IGUALDAD,6569310,22,Aprueba,Sí,No
CATHERINE_GONZALEZ_LOPEZ__CONCEPCION_II,CATHERINE GONZALEZ LOPEZ,M,REGIÓN DEL BIOBÍO,CONCEPCION II,IZQUIERDA ECOLOGISTA POPULAR,No aplica,IGUALDAD,IGUALDAD,2400000,4,Aprueba,Sí,No
JOSE_CORONADO_RODRIGUEZ__CONCEPCION_II,JOSE CORONADO RODRIGUEZ,H,REGIÓN DEL BIOBÍO,CONCEPCION II,IZQUIERDA ECOLOGISTA POPULAR,No aplica,IGUALDAD,IGUALDAD,1264018,6,Aprueba,Sí,No
FELIPE_MIGUIELES_PINILLA__CONCEPCION_II,FELIPE MIGUIELES PINILLA,H,REGIÓN DEL BIOBÍO,CONCEPCION II,IZQUIERDA ECOLOGISTA POPULAR,No aplica,IGUALDAD,IGUALDAD,3934502,37,Aprueba,Sí,No
XIMENA_MUNOZ_VALLEJOS__CONCEPCION_II,XIMENA MUÑOZ VALLEJOS,M,REGIÓN DEL BIOBÍO,CONCEPCION II,IZQUIERDA ECOLOGISTA POPULAR,No aplica,IGUALDAD,IGUALDAD,1275610,10,Aprueba con Observaciones,Sí,No
FELIPE_DEMIAN_ARANCIBIA_LABRANA__CONCEPCION_II,FELIPE DEMIAN ARANCIBIA LABRAÑA,H,REGIÓN DEL BIOBÍO,CONCEPCION II,IZQUIERDA ECOLOGISTA POPULAR,No aplica,IND,INDEPENDIENTES,1456831,7,Aprueba con Observaciones,Sí,No
ALEX_PATRICIO_ITURRA_JARA__CONCEPCION_II,ALEX PATRICIO ITURRA JARA,H,REGIÓN DEL BIOBÍO,CONCEPCION II,TODAS Y TODOS POR CHILE,PARTIDO COMUNISTA E INDEPENDIENTES,PCCH,PARTIDO COMUNISTA DE CHILE,3246851,15,Aprueba,Sí,No
HECTOR_EDUARDO_GRANDON_LAGUNAS__CONCEPCION_II,HECTOR EDUARDO GRANDON LAGUNAS,H,REGIÓN DEL BIOBÍO,CONCEPCION II,TODAS Y TODOS POR CHILE,PARTIDO COMUNISTA E INDEPENDIENTES,PCCH,PARTIDO COMUNISTA DE CHILE,4086767,21,Aprueba,Sí,No
FABIANA_MILLARAY_TAPIA_TELLO__CONCEPCION_II,FABIANA MILLARAY TAPIA TELLO,M,REGIÓN DEL BIOBÍO,CONCEPCION II,TODAS Y TODOS POR CHILE,PARTIDO COMUNISTA E INDEPENDIENTES,PCCH,PARTIDO COMUNISTA DE CHILE,1231211,15,Aprueba con Observaciones,Sí,No
ESTEBAN_MARIO_AREVALO_DIAZ__CONCEPCION_II,ESTEBAN MARIO AREVALO DIAZ,H,REGIÓN DEL BIOBÍO,CONCEPCION II,TODAS Y TODOS POR CHILE,PARTIDO COMUNISTA E INDEPENDIENTES,PCCH,PARTIDO COMUNISTA DE CHILE,3208467,11,Aprueba con Observaciones,Sí,No
MICHAEL_EDUARDO_ROCHA_FERNANDEZ__CONCEPCION_II,MICHAEL EDUARDO ROCHA FERNANDEZ,H,REGIÓN DEL BIOBÍO,CONCEPCION II,TODAS Y TODOS POR CHILE,PARTIDO COMUNISTA E INDEPENDIENTES,IND,INDEPENDIENTES,1167452,12,Aprueba con Observaciones,Sí,No
YANINA_CONTRERAS_ALVAREZ__CONCEPCION_II,YANINA CONTRERAS ALVAREZ,M,REGIÓN DEL BIOBÍO,CONCEPCION II,PARTIDO SOCIAL CRISTIANO E INDEPENDIENTES,No aplica,PSC,PARTIDO SOCIAL CRISTIANO,25368062,17,Aprueba,Sí,Sí
JACQUELINE_BURGOS_RIOS__CONCEPCION_II,JACQUELINE BURGOS RIOS,M,REGIÓN DEL BIOBÍO,CONCEPCION II,PARTIDO SOCIAL CRISTIANO E INDEPENDIENTES,No aplica,PSC,PARTIDO SOCIAL CRISTIANO,6445267,16,Aprueba,Sí,No
CESAR_VILUGRON_TRONCOSO__CONCEPCION_II,CESAR VILUGRON TRONCOSO,H,REGIÓN DEL BIOBÍO,CONCEPCION II,PARTIDO SOCIAL CRISTIANO E INDEPENDIENTES,No aplica,PSC,PARTIDO SOCIAL CRISTIANO,5592833,6,Aprueba con Observaciones,Sí,No
SINTIA_LEYTON_AEDO__CONCEPCION_II,SINTIA LEYTON AEDO,M,REGIÓN DEL BIOBÍO,CONCEPCION II,PARTIDO SOCIAL CRISTIANO E INDEPENDIENTES,No aplica,PSC,PARTIDO SOCIAL CRISTIANO,9196598,8,Aprueba con Observaciones,Sí,No
AMADO_GODOY_DIAZ__CONCEPCION_II,AMADO GODOY DIAZ,H,REGIÓN DEL BIOBÍO,CONCEPCION II,PARTIDO SOCIAL CRISTIANO E INDEPENDIENTES,No aplica,IND,INDEPENDIENTES,1214350,4,Rechaza,Sí,No
MARCELA_MARIANGEL_CASTILLO__CONCEPCION_II,MARCELA MARIANGEL CASTILLO,M,REGIÓN DEL BIOBÍO,CONCEPCION II,PARTIDO SOCIAL CRISTIANO E INDEPENDIENTES,No aplica,IND,INDEPENDIENTES,3574790,10,Aprueba con Observaciones,Sí,No
MONICA_TRONCOSO_SALINAS__CONCEPCION_II,MONICA TRONCOSO SALINAS,M,REGIÓN DEL BIOBÍO,CONCEPCION II,CHILE VAMOS RENOVACION NACIONAL - INDEPENDIENTES,No aplica,RN,RENOVACION NACIONAL,3363940,7,Rechaza,Sí,No
PATRICIO_LYNCH_GAETE__CONCEPCION_II,PATRICIO LYNCH GAETE,H,REGIÓN DEL BIOBÍO,CONCEPCION II,CHILE VAMOS RENOVACION NACIONAL - INDEPENDIENTES,No aplica,RN,RENOVACION NACIONAL,6890357,7,Aprueba,Sí,No
PIA_ZEPEDA_NOVOA__CONCEPCION_II,PIA ZEPEDA NOVOA,M,REGIÓN DEL BIOBÍO,CONCEPCION II,CHILE VAMOS RENOVACION NACIONAL - INDEPENDIENTES,No aplica,IND,INDEPENDIENTES,3561718,8,Aprueba con Observaciones,Sí,No
OCTAVIO_SPIERCCOLLI_HENRIQUEZ__CONCEPCION_II,OCTAVIO SPIERCCOLLI HENRIQUEZ,H,REGIÓN DEL BIOBÍO,CONCEPCION II,CHILE VAMOS RENOVACION NACIONAL - INDEPENDIENTES,No aplica,IND,INDEPENDIENTES,2332933,4,Aprueba con Observaciones,Sí,No
BLAS_PEREIRA_VIDAL__CONCEPCION_II,BLAS PEREIRA VIDAL,H,REGIÓN DEL BIOBÍO,CONCEPCION II,CHILE VAMOS RENOVACION NACIONAL - INDEPENDIENTES,No aplica,IND,INDEPENDIENTES,2069705,6,Aprueba con Observaciones,Sí,No
MATIAS_TORRES_YANEZ__CONCEPCION_II,MATIAS TORRES YAÑEZ,H,REGIÓN DEL BIOBÍO,CONCEPCION II,TU REGION RADICAL,No aplica,PR,PARTIDO RADICAL DE CHILE,11292500,12,Aprueba,Sí,No
MIREYA_ALEJANDRA_AGUERO_FLORES__CONCEPCION_II,MIREYA ALEJANDRA AGUERO FLORES,M,REGIÓN DEL BIOBÍO,CONCEPCION II,REGIONES VERDES LIBERALES,No aplica,FREVS,FEDERACION REGIONALISTA VERDE SOCIAL,1600648,4,Aprueba,Sí,No
RODRIGO_ANSELMO_REINOSO_CENDOYA__CONCEPCION_II,RODRIGO ANSELMO REINOSO CENDOYA,H,REGIÓN DEL BIOBÍO,CONCEPCION II,REGIONES VERDES LIBERALES,No aplica,FREVS,FEDERACION REGIONALISTA VERDE SOCIAL,2280935,5,Aprueba,Sí,No
JUAN_PABLO_PEZO_DALMAZO__CONCEPCION_II,JUAN PABLO PEZO DALMAZO,H,REGIÓN DEL BIOBÍO,CONCEPCION II,REGIONES VERDES LIBERALES,No aplica,IND,INDEPENDIENTES,5331112,9,Aprueba con Observaciones,Sí,No
JAVIERA_KONSTANZA_ESPINOZA_CAMPOS__CONCEPCION_II,JAVIERA KONSTANZA ESPINOZA CAMPOS,M,REGIÓN DEL BIOBÍO,CONCEPCION II,REGIONES VERDES LIBERALES,No aplica,IND,INDEPENDIENTES,1328561,3,Aprueba con Observaciones,Sí,No
ADRIANA_INES_BESARES_JARA__CONCEPCION_II,ADRIANA INES BESARES JARA,M,REGIÓN DEL BIOBÍO,CONCEPCION II,REGIONES VERDES LIBERALES,No aplica,IND,INDEPENDIENTES,538260,3,Aprueba,Sí,No
PERLA_ARAYA_CASTILLO__CONCEPCION_II,PERLA ARAYA CASTILLO,M,REGIÓN DEL BIOBÍO,CONCEPCION II,LO MEJOR PARA CHILE,PS E INDEPENDIENTES,PS,PARTIDO SOCIALISTA DE CHILE,6605928,43,Aprueba con Observaciones,Sí,No
CARMEN_GLORIA_HENRIQUEZ_MORENO__CONCEPCION_II,CARMEN GLORIA HENRIQUEZ MORENO,M,REGIÓN DEL BIOBÍO,CONCEPCION II,LO MEJOR PARA CHILE,PS E INDEPENDIENTES,PS,PARTIDO SOCIALISTA DE CHILE,0,0,Rechaza,No,No
MARIO_RODRIGUEZ_ALARCON__CONCEPCION_II,MARIO RODRIGUEZ ALARCON,H,REGIÓN DEL BIOBÍO,CONCEPCION II,LO MEJOR PARA CHILE,PS E INDEPENDIENTES,PS,PARTIDO SOCIALISTA DE CHILE,0,0,Rechaza,No,No
HUGO_ANTONIO_SOTO_BECERRA__CONCEPCION_II,HUGO ANTONIO SOTO BECERRA,H,REGIÓN DEL BIOBÍO,CONCEPCION II,PARTIDO DE LA GENTE E INDEPENDIENTES,No aplica,PDG,PARTIDO DE LA GENTE,10812500,17,Aprueba,Sí,No
VICTOR_HUGO_FLORES_CARTES__CONCEPCION_II,VICTOR HUGO FLORES CARTES,H,REGIÓN DEL BIOBÍO,CONCEPCION II,PARTIDO DE LA GENTE E INDEPENDIENTES,No aplica,PDG,PARTIDO DE LA GENTE,400000,1,Aprueba,Sí,No
DEMETRIO_MIGUEL_OLATE_BRAVO__CONCEPCION_II,DEMETRIO MIGUEL OLATE BRAVO,H,REGIÓN DEL BIOBÍO,CONCEPCION II,PARTIDO DE LA GENTE E INDEPENDIENTES,No aplica,PDG,PARTIDO DE LA GENTE,2430000,15,Aprueba,Sí,No
JOSEFA_SOFIA_BONILLA_MORENO__CONCEPCION_II,JOSEFA SOFIA BONILLA MORENO,M,REGIÓN DEL BIOBÍO,CONCEPCION II,PARTIDO DE LA GENTE E INDEPENDIENTES,No aplica,PDG,PARTIDO DE LA GENTE,799990,10,Aprueba con Observaciones,Sí,No
JORGE_IVES_SEGUEL_SANHUEZA__CONCEPCION_II,JORGE IVES SEGUEL SANHUEZA,H,REGIÓN DEL BIOBÍO,CONCEPCION II,PARTIDO DE LA GENTE E INDEPENDIENTES,No aplica,PDG,PARTIDO DE LA GENTE,3593100,5,Rechaza,Sí,No
JULIETTE_CRISTINA_VILLALOBOS_CARES__CONCEPCION_II,JULIETTE CRISTINA VILLALOBOS CARES,M,REGIÓN DEL BIOBÍO,CONCEPCION II,PARTIDO DE LA GENTE E INDEPENDIENTES,No aplica,PDG,PARTIDO DE LA GENTE,9366868,37,Aprueba,Sí,No
JESSICA_IRIS_PEREIRA_REYES__CONCEPCION_II,JESSICA IRIS PEREIRA REYES,M,REGIÓN DEL BIOBÍO,CONCEPCION II,POR UN CHILE MEJOR,No aplica,PDC,PARTIDO DEMOCRATA CRISTIANO,8489126,41,Aprueba con Observaciones,Sí,No
PEDRO_VENEGAS_CASTRO__CONCEPCION_II,PEDRO VENEGAS CASTRO,H,REGIÓN DEL BIOBÍO,CONCEPCION II,POR UN CHILE MEJOR,No aplica,PDC,PARTIDO DEMOCRATA CRISTIANO,11828550,25,Aprueba con Observaciones,Sí,No
JOSE_LUIS_GUARDERAS_MARIN__CONCEPCION_II,JOSE LUIS GUARDERAS MARIN,H,REGIÓN DEL BIOBÍO,CONCEPCION II,POR UN CHILE MEJOR,No aplica,PDC,PARTIDO DEMOCRATA CRISTIANO,8308414,41,Aprueba con Observaciones,Sí,No
MIGUEL_ANGEL_RAMIREZ_GOMEZ__CONCEPCION_II,MIGUEL ANGEL RAMIREZ GOMEZ,H,REGIÓN DEL BIOBÍO,CONCEPCION II,POR UN CHILE MEJOR,No aplica,PDC,PARTIDO DEMOCRATA CRISTIANO,1818000,12,Rechaza,Sí,No
ALDRIN_YURI_AGUAYO_SANCHEZ__CONCEPCION_II,ALDRIN YURI AGUAYO SANCHEZ,H,REGIÓN DEL BIOBÍO,CONCEPCION II,POR UN CHILE MEJOR,No aplica,PDC,PARTIDO DEMOCRATA CRISTIANO,13226100,13,Aprueba con Observaciones,Sí,No
JORGE_ANTONIO_FIGUEROA_SAEZ__CONCEPCION_II,JORGE ANTONIO FIGUEROA SAEZ,H,REGIÓN DEL BIOBÍO,CONCEPCION II,POR UN CHILE MEJOR,No aplica,PDC,PARTIDO DEMOCRATA CRISTIANO,4631606,14,Rechaza,Sí,No
ALAN_RUBEN_BASTIAS_URRUTIA__CONCEPCION_II,ALAN RUBEN BASTIAS URRUTIA,H,REGIÓN DEL BIOBÍO,CONCEPCION II,CENTRO DEMOCRATICO,DEMOCRATAS E INDEPENDIENTES,DEMOCRATAS,PARTIDO DEMOCRATAS CHILE,5310280,5,Aprueba,Sí,No
JUAN_EDUARDO_QUILODRAN_ROJAS__CONCEPCION_II,JUAN EDUARDO QUILODRAN ROJAS,H,REGIÓN DEL BIOBÍO,CONCEPCION II,CENTRO DEMOCRATICO,DEMOCRATAS E INDEPENDIENTES,IND,INDEPENDIENTES,16564046,45,Aprueba con Observaciones,Sí,Sí
BENJAMIN_MENDEL_BELMAR__CONCEPCION_II,BENJAMIN MENDEL BELMAR,H,REGIÓN DEL BIOBÍO,CONCEPCION II,CENTRO DEMOCRATICO,DEMOCRATAS E INDEPENDIENTES,IND,INDEPENDIENTES,4910000,11,Aprueba,Sí,No
GUILLERMO_RUZ_MONCADO__CONCEPCION_II,GUILLERMO RUZ MONCADO,H,REGIÓN DEL BIOBÍO,CONCEPCION II,CENTRO DEMOCRATICO,DEMOCRATAS E INDEPENDIENTES,IND,INDEPENDIENTES,3645027,7,Aprueba con Observaciones,Sí,No
CARLOS_EDUARDO_MARTINEZ_HERNANDEZ__CONCEPCION_II,CARLOS EDUARDO MARTINEZ HERNANDEZ,H,REGIÓN DEL BIOBÍO,CONCEPCION II,CENTRO DEMOCRATICO,AMARILLOS E INDEPENDIENTES,IND,INDEPENDIENTES,1218760,4,Aprueba con Observaciones,Sí,No
NELSON_FAUSTINO_CABA_ARRIAGADA__CONCEPCION_II,NELSON FAUSTINO CABA ARRIAGADA,H,REGIÓN DEL BIOBÍO,CONCEPCION II,CENTRO DEMOCRATICO,AMARILLOS E INDEPENDIENTES,IND,INDEPENDIENTES,508496,3,Aprueba con Observaciones,Sí,No
PEDRO_EULOGIO_CISTERNA_OSORIO__CONCEPCION_II,PEDRO EULOGIO CISTERNA OSORIO,H,REGIÓN DEL BIOBÍO,CONCEPCION II,FRENTE AMPLIO,FRENTE AMPLIO E INDEPENDIENTES,FA,FRENTE AMPLIO,4665963,20,Aprueba con Observaciones,Sí,No
MARIA_JOSE_RUBIO_OYARZUN__CONCEPCION_II,MARIA JOSE RUBIO OYARZUN,M,REGIÓN DEL BIOBÍO,CONCEPCION II,FRENTE AMPLIO,FRENTE AMPLIO E INDEPENDIENTES,FA,FRENTE AMPLIO,10648077,53,Aprueba,Sí,No
CAMILA_NISLETH_JARPA_FERNANDEZ__CONCEPCION_II,CAMILA NISLETH JARPA FERNANDEZ,M,REGIÓN DEL BIOBÍO,CONCEPCION II,FRENTE AMPLIO,FRENTE AMPLIO E INDEPENDIENTES,FA,FRENTE AMPLIO,4275727,9,Rechaza,Sí,No
FABIAN_ANDRES_VEGA_GONZALEZ__CONCEPCION_II,FABIAN ANDRES VEGA GONZALEZ,H,REGIÓN DEL BIOBÍO,CONCEPCION II,FRENTE AMPLIO,FRENTE AMPLIO E INDEPENDIENTES,FA,FRENTE AMPLIO,13272646,44,Aprueba,Sí,No
KEREN_INGERBORN_OLGUIN_FUENTES__CONCEPCION_II,KEREN INGERBORN OLGUIN FUENTES,M,REGIÓN DEL BIOBÍO,CONCEPCION II,FRENTE AMPLIO,FRENTE AMPLIO E INDEPENDIENTES,IND,INDEPENDIENTES,0,0,Aprueba,No,No
PATRICIO_KUHN_ARTIGUES__CONCEPCION_II,PATRICIO KUHN ARTIGUES,H,REGIÓN DEL BIOBÍO,CONCEPCION II,CHILE VAMOS UDI - INDEPENDIENTES,No aplica,UDI,UNION DEMOCRATA INDEPENDIENTE,7927365,38,Aprueba,Sí,No
FERNANDO_GONZALEZ_SANCHEZ__CONCEPCION_II,FERNANDO GONZALEZ SANCHEZ,H,REGIÓN DEL BIOBÍO,CONCEPCION II,CHILE VAMOS UDI - INDEPENDIENTES,No aplica,UDI,UNION DEMOCRATA INDEPENDIENTE,7976450,10,Aprueba con Observaciones,Sí,No
PIA_CORDES_LAMAS__CONCEPCION_II,PIA CORDES LAMAS,M,REGIÓN DEL BIOBÍO,CONCEPCION II,CHILE VAMOS UDI - INDEPENDIENTES,No aplica,UDI,UNION DEMOCRATA INDEPENDIENTE,6301355,20,Rechaza,Sí,No
PABLO_MONCADA_ZUNIGA__CONCEPCION_II,PABLO MONCADA ZUÑIGA,H,REGIÓN DEL BIOBÍO,CONCEPCION II,CHILE VAMOS UDI - INDEPENDIENTES,No aplica,IND,INDEPENDIENTES,9288159,8,Aprueba con Observaciones,Sí,No
CLAUDIA_MUNOZ_RAMOS__CONCEPCION_II,CLAUDIA MUÑOZ RAMOS,M,REGIÓN DEL BIOBÍO,CONCEPCION II,CHILE VAMOS UDI - INDEPENDIENTES,No aplica,IND,INDEPENDIENTES,4848996,12,Rechaza,Sí,No
CAMILA_VALENTINA_MORA_VILCHES__CONCEPCION_II,CAMILA VALENTINA MORA VILCHES,M,REGIÓN DEL BIOBÍO,CONCEPCION II,CHILE VAMOS EVOPOLI - INDEPENDIENTES,No aplica,EVOPOLI,EVOLUCION POLITICA,2105160,6,Aprueba,Sí,No
MANUEL_EDUARDO_YANEZ_PIZARRO__CONCEPCION_II,MANUEL EDUARDO YAÑEZ PIZARRO,H,REGIÓN DEL BIOBÍO,CONCEPCION II,CHILE VAMOS EVOPOLI - INDEPENDIENTES,No aplica,EVOPOLI,EVOLUCION POLITICA,333200,1,Aprueba con Observaciones,Sí,No
CLAUDIO_ENRIQUE_LAPOSTOL_VARGAS__CONCEPCION_II,CLAUDIO ENRIQUE LAPOSTOL VARGAS,H,REGIÓN DEL BIOBÍO,CONCEPCION II,REPUBLICANOS E INDEPENDIENTES,No aplica,REPUBLICANO,PARTIDO REPUBLICANO DE CHILE,18733446,40,Aprueba con Observaciones,Sí,Sí
ELISEO_ANDRES_SAN_MARTIN_SOTO__CONCEPCION_II,ELISEO ANDRES SAN MARTIN SOTO,H,REGIÓN DEL BIOBÍO,CONCEPCION II,REPUBLICANOS E INDEPENDIENTES,No aplica,REPUBLICANO,PARTIDO REPUBLICANO DE CHILE,10452837,11,Aprueba,Sí,No
YASNA_LORENA_JARAMILLO_RIQUELME__CONCEPCION_II,YASNA LORENA JARAMILLO RIQUELME,M,REGIÓN DEL BIOBÍO,CONCEPCION II,REPUBLICANOS E INDEPENDIENTES,No aplica,REPUBLICANO,PARTIDO REPUBLICANO DE CHILE,0,0,Aprueba con Observaciones,No,No
JUAN_EDUARDO_JESUS_RIVAS_ANDRADE__CONCEPCION_II,JUAN EDUARDO JESUS RIVAS ANDRADE,H,REGIÓN DEL BIOBÍO,CONCEPCION II,REPUBLICANOS E INDEPENDIENTES,No aplica,REPUBLICANO,PARTIDO REPUBLICANO DE CHILE,0,0,Aprueba,No,No
CRISTIAN_MAURICIO_HENRIQUEZ_SILVA__CONCEPCION_II,CRISTIAN MAURICIO HENRIQUEZ SILVA,H,REGIÓN DEL BIOBÍO,CONCEPCION II,REPUBLICANOS E INDEPENDIENTES,No aplica,REPUBLICANO,PARTIDO REPUBLICANO DE CHILE,50000,1,Aprueba,Sí,No
TAMARA_ANGELICA_CONCHA_CABRERA__CONCEPCION_III,TAMARA ANGELICA CONCHA CABRERA,M,REGIÓN DEL BIOBÍO,CONCEPCION III,TODAS Y TODOS POR CHILE,PARTIDO COMUNISTA E INDEPENDIENTES,PCCH,PARTIDO COMUNISTA DE CHILE,2438666,12,Aprueba con Observaciones,Sí,No
FREDDY_ESTEBAN_CABRERA_CAMPOS__CONCEPCION_III,FREDDY ESTEBAN CABRERA CAMPOS,H,REGIÓN DEL BIOBÍO,CONCEPCION III,TODAS Y TODOS POR CHILE,PARTIDO COMUNISTA E INDEPENDIENTES,PCCH,PARTIDO COMUNISTA DE CHILE,1318032,10,Aprueba con Observaciones,Sí,No
FLAVIA_JUDITH_ROZAS_CAMPOS__CONCEPCION_III,FLAVIA JUDITH ROZAS CAMPOS,M,REGIÓN DEL BIOBÍO,CONCEPCION III,TODAS Y TODOS POR CHILE,PARTIDO COMUNISTA E INDEPENDIENTES,PCCH,PARTIDO COMUNISTA DE CHILE,1546880,20,Aprueba,Sí,No
VICTOR_EDUARDO_CANTEROS_TORRES__CONCEPCION_III,VICTOR EDUARDO CANTEROS TORRES,H,REGIÓN DEL BIOBÍO,CONCEPCION III,TODAS Y TODOS POR CHILE,PARTIDO COMUNISTA E INDEPENDIENTES,IND,INDEPENDIENTES,0,0,Rechaza,No,No
ANDRES_ARROYO_MUNOZ__CONCEPCION_III,ANDRES ARROYO MUÑOZ,H,REGIÓN DEL BIOBÍO,CONCEPCION III,PARTIDO SOCIAL CRISTIANO E INDEPENDIENTES,No aplica,PSC,PARTIDO SOCIAL CRISTIANO,6317761,15,Rechaza,Sí,No
YOHANNA_VERGARA_GAJARDO__CONCEPCION_III,YOHANNA VERGARA GAJARDO,M,REGIÓN DEL BIOBÍO,CONCEPCION III,PARTIDO SOCIAL CRISTIANO E INDEPENDIENTES,No aplica,PSC,PARTIDO SOCIAL CRISTIANO,3147795,4,Rechaza,Sí,No
DANIEL_PADILLA_SOTO_AGUILAR__CONCEPCION_III,DANIEL PADILLA SOTO-AGUILAR,H,REGIÓN DEL BIOBÍO,CONCEPCION III,PARTIDO SOCIAL CRISTIANO E INDEPENDIENTES,No aplica,PSC,PARTIDO SOCIAL CRISTIANO,6879626,15,Sin información,Sí,No
ROSTBELL_ARROS_BIZAMA__CONCEPCION_III,ROSTBELL ARROS BIZAMA,H,REGIÓN DEL BIOBÍO,CONCEPCION III,PARTIDO SOCIAL CRISTIANO E INDEPENDIENTES,No aplica,PSC,PARTIDO SOCIAL CRISTIANO,4427900,27,Aprueba,Sí,No
VIVIANA_ALONZO_RAMOS__CONCEPCION_III,VIVIANA ALONZO RAMOS,M,REGIÓN DEL BIOBÍO,CONCEPCION III,PARTIDO SOCIAL CRISTIANO E INDEPENDIENTES,No aplica,IND,INDEPENDIENTES,385774,12,Aprueba con Observaciones,Sí,No
ELVIS_REYES_OPAZO__CONCEPCION_III,ELVIS REYES OPAZO,H,REGIÓN DEL BIOBÍO,CONCEPCION III,PARTIDO SOCIAL CRISTIANO E INDEPENDIENTES,No aplica,IND,INDEPENDIENTES,476438,3,Aprueba con Observaciones,Sí,No
ANSELMO_PENA_RODRIGUEZ__CONCEPCION_III,ANSELMO PEÑA RODRIGUEZ,H,REGIÓN DEL BIOBÍO,CONCEPCION III,CHILE VAMOS RENOVACION NACIONAL - INDEPENDIENTES,No aplica,RN,RENOVACION NACIONAL,10891938,7,Rechaza,Sí,No
RUBEN_MARTINEZ_STENGER__CONCEPCION_III,RUBEN MARTINEZ STENGER,H,REGIÓN DEL BIOBÍO,CONCEPCION III,CHILE VAMOS RENOVACION NACIONAL - INDEPENDIENTES,No aplica,RN,RENOVACION NACIONAL,5941238,13,Aprueba con Observaciones,Sí,No
OSCAR_HENRIQUEZ_ARRIAGADA__CONCEPCION_III,OSCAR HENRIQUEZ ARRIAGADA,H,REGIÓN DEL BIOBÍO,CONCEPCION III,CHILE VAMOS RENOVACION NACIONAL - INDEPENDIENTES,No aplica,RN,RENOVACION NACIONAL,6866190,7,Aprueba,Sí,No
ANTONIO_MORA_AROS__CONCEPCION_III,ANTONIO MORA AROS,H,REGIÓN DEL BIOBÍO,CONCEPCION III,CHILE VAMOS RENOVACION NACIONAL - INDEPENDIENTES,No aplica,RN,RENOVACION NACIONAL,4866947,14,Aprueba,Sí,No
CRISTIAN_VENEGAS_CARRILLO__CONCEPCION_III,CRISTIAN VENEGAS CARRILLO,H,REGIÓN DEL BIOBÍO,CONCEPCION III,CHILE VAMOS RENOVACION NACIONAL - INDEPENDIENTES,No aplica,IND,INDEPENDIENTES,4429178,6,Rechaza,Sí,No
SEBASTIAN_MATAMALA_COFRE__CONCEPCION_III,SEBASTIAN MATAMALA COFRE,H,REGIÓN DEL BIOBÍO,CONCEPCION III,CHILE VAMOS RENOVACION NACIONAL - INDEPENDIENTES,No aplica,IND,INDEPENDIENTES,15434783,44,Aprueba,Sí,Sí
MACARENA_ANDREA_INOSTROZA_TORRES__CONCEPCION_III,MACARENA ANDREA INOSTROZA TORRES,M,REGIÓN DEL BIOBÍO,CONCEPCION III,TU REGION RADICAL,No aplica,PR,PARTIDO RADICAL DE CHILE,932929,7,Aprueba con Observaciones,Sí,No
AURELIA_DEL_CARMEN_ORMENO_CARVALLO__CONCEPCION_III,AURELIA DEL CARMEN ORMEÑO CARVALLO,M,REGIÓN DEL BIOBÍO,CONCEPCION III,TU REGION RADICAL,No aplica,PR,PARTIDO RADICAL DE CHILE,4142746,7,Rechaza,Sí,No
JAVIERA_ANDREA_VARGAS_MUNOZ__CONCEPCION_III,JAVIERA ANDREA VARGAS MUÑOZ,M,REGIÓN DEL BIOBÍO,CONCEPCION III,REGIONES VERDES LIBERALES,No aplica,FREVS,FEDERACION REGIONALISTA VERDE SOCIAL,1680000,9,Rechaza,Sí,No
HERNAN_MAURICIO_CORTES_BERNAL__CONCEPCION_III,HERNAN MAURICIO CORTES BERNAL,H,REGIÓN DEL BIOBÍO,CONCEPCION III,REGIONES VERDES LIBERALES,No aplica,FREVS,FEDERACION REGIONALISTA VERDE SOCIAL,1517548,4,Aprueba con Observaciones,Sí,No
PIERO_ENRIQUE_BLAS_MUNOZ__CONCEPCION_III,PIERO ENRIQUE BLAS MUÑOZ,H,REGIÓN DEL BIOBÍO,CONCEPCION III,REGIONES VERDES LIBERALES,No aplica,IND,INDEPENDIENTES,2442637,9,Aprueba,Sí,No
SERGIO_NEIL_MELLA_RIOS__CONCEPCION_III,SERGIO NEIL MELLA RIOS,H,REGIÓN DEL BIOBÍO,CONCEPCION III,REGIONES VERDES LIBERALES,No aplica,IND,INDEPENDIENTES,402000,1,Aprueba con Observaciones,Sí,No
HECTOR_FERNANDEZ_SALAMANCA__CONCEPCION_III,HECTOR FERNANDEZ SALAMANCA,H,REGIÓN DEL BIOBÍO,CONCEPCION III,LO MEJOR PARA CHILE,PS E INDEPENDIENTES,PS,PARTIDO SOCIALISTA DE CHILE,6649783,6,Aprueba con Observaciones,Sí,No
CAROLINA_CEBALLOS_REYES__CONCEPCION_III,CAROLINA CEBALLOS REYES,M,REGIÓN DEL BIOBÍO,CONCEPCION III,LO MEJOR PARA CHILE,PS E INDEPENDIENTES,PS,PARTIDO SOCIALISTA DE CHILE,7699999,31,Aprueba,Sí,No
DANIEL_SAEZ_YANTEN__CONCEPCION_III,DANIEL SAEZ YANTEN,H,REGIÓN DEL BIOBÍO,CONCEPCION III,LO MEJOR PARA CHILE,PS E INDEPENDIENTES,PS,PARTIDO SOCIALISTA DE CHILE,6100000,6,Rechaza,Sí,No
FRANCISCO_JAVIER_REYES_AGUAYO__CONCEPCION_III,FRANCISCO JAVIER REYES AGUAYO,H,REGIÓN DEL BIOBÍO,CONCEPCION III,LO MEJOR PARA CHILE,PPD E INDEPENDIENTES,PPD,PARTIDO POR LA DEMOCRACIA,9250890,26,Aprueba,Sí,No
PAOLA_ANDREA_LOPEZ_FARIAS__CONCEPCION_III,PAOLA ANDREA LOPEZ FARIAS,M,REGIÓN DEL BIOBÍO,CONCEPCION III,LO MEJOR PARA CHILE,PPD E INDEPENDIENTES,PPD,PARTIDO POR LA DEMOCRACIA,1100000,3,Aprueba con Observaciones,Sí,No
ANGELA_NOEMI_GARRETON_RAMIREZ__CONCEPCION_III,ANGELA NOEMI GARRETON RAMIREZ,M,REGIÓN DEL BIOBÍO,CONCEPCION III,LO MEJOR PARA CHILE,PPD E INDEPENDIENTES,IND,INDEPENDIENTES,1970100,3,Aprueba,Sí,No
MARCELA_ANDREA_GONZALEZ_ZARATE__CONCEPCION_III,MARCELA ANDREA GONZALEZ ZARATE,M,REGIÓN DEL BIOBÍO,CONCEPCION III,PARTIDO DE LA GENTE E INDEPENDIENTES,No aplica,PDG,PARTIDO DE LA GENTE,2200004,9,Aprueba con Observaciones,Sí,No
VICTOR_MANUEL_CONCHA_ALIAGA__CONCEPCION_III,VICTOR MANUEL CONCHA ALIAGA,H,REGIÓN DEL BIOBÍO,CONCEPCION III,POR UN CHILE MEJOR,No aplica,PDC,PARTIDO DEMOCRATA CRISTIANO,4615037,32,Aprueba,Sí,No
PABLO_ESTEBAN_UBILLA_SANTIBANEZ__CONCEPCION_III,PABLO ESTEBAN UBILLA SANTIBAÑEZ,H,REGIÓN DEL BIOBÍO,CONCEPCION III,POR UN CHILE MEJOR,No aplica,PDC,PARTIDO DEMOCRATA CRISTIANO,2050000,8,Aprueba,Sí,No
SERGIO_EDUARDO_FUENTES_SANHUEZA__CONCEPCION_III,SERGIO EDUARDO FUENTES SANHUEZA,H,REGIÓN DEL BIOBÍO,CONCEPCION III,POR UN CHILE MEJOR,No aplica,PDC,PARTIDO DEMOCRATA CRISTIANO,3522416,21,Aprueba,Sí,No
NICOLAS_GUTIERREZ_HERRERA__CONCEPCION_III,NICOLAS GUTIERREZ HERRERA,H,REGIÓN DEL BIOBÍO,CONCEPCION III,CENTRO DEMOCRATICO,DEMOCRATAS E INDEPENDIENTES,DEMOCRATAS,PARTIDO DEMOCRATAS CHILE,5277134,8,Aprueba,Sí,No
JOSE_LUIS_BIZAMA_MUNOZ__CONCEPCION_III,JOSE LUIS BIZAMA MUÑOZ,H,REGIÓN DEL BIOBÍO,CONCEPCION III,CENTRO DEMOCRATICO,DEMOCRATAS E INDEPENDIENTES,DEMOCRATAS,PARTIDO DEMOCRATAS CHILE,0,0,Rechaza,No,No
ANGELICA_SAN_CRISTOBAL_SILVA__CONCEPCION_III,ANGELICA SAN CRISTOBAL SILVA,M,REGIÓN DEL BIOBÍO,CONCEPCION III,CENTRO DEMOCRATICO,DEMOCRATAS E INDEPENDIENTES,IND,INDEPENDIENTES,1670761,4,Aprueba con Observaciones,Sí,No
JAIME_JARA_ARANEDA__CONCEPCION_III,JAIME JARA ARANEDA,H,REGIÓN DEL BIOBÍO,CONCEPCION III,CENTRO DEMOCRATICO,DEMOCRATAS E INDEPENDIENTES,IND,INDEPENDIENTES,2350000,5,Aprueba,Sí,No
ROBERTO_ANDRES_FRANCESCONI_RIQUELME__CONCEPCION_III,ROBERTO ANDRES FRANCESCONI RIQUELME,H,REGIÓN DEL BIOBÍO,CONCEPCION III,CENTRO DEMOCRATICO,DEMOCRATAS E INDEPENDIENTES,IND,INDEPENDIENTES,3496230,3,Rechaza,Sí,No
MYRIAM_ELIZABETH_TORRES_CORREA__CONCEPCION_III,MYRIAM ELIZABETH TORRES CORREA,M,REGIÓN DEL BIOBÍO,CONCEPCION III,CENTRO DEMOCRATICO,AMARILLOS E INDEPENDIENTES,IND,INDEPENDIENTES,1005484,3,Aprueba,Sí,No
GONZALO_OSORIO_RIOSECO__CONCEPCION_III,GONZALO OSORIO RIOSECO,H,REGIÓN DEL BIOBÍO,CONCEPCION III,FRENTE AMPLIO,FRENTE AMPLIO E INDEPENDIENTES,FA,FRENTE AMPLIO,16995000,15,Aprueba con Observaciones,Sí,Sí
DOMINGO_AVELINO_RAMOS_AVELLO__CONCEPCION_III,DOMINGO AVELINO RAMOS AVELLO,H,REGIÓN DEL BIOBÍO,CONCEPCION III,FRENTE AMPLIO,FRENTE AMPLIO E INDEPENDIENTES,FA,FRENTE AMPLIO,5135366,25,Aprueba con Observaciones,Sí,No
HELMITA_MARIA_ADRIANA_CASTILLO_MORENO__CONCEPCION_III,HELMITA MARIA ADRIANA CASTILLO MORENO,M,REGIÓN DEL BIOBÍO,CONCEPCION III,FRENTE AMPLIO,FRENTE AMPLIO E INDEPENDIENTES,FA,FRENTE AMPLIO,1520108,7,Aprueba con Observaciones,Sí,No
JUAN_FERNANDO_ULLOA_ORTIZ__CONCEPCION_III,JUAN FERNANDO ULLOA ORTIZ,H,REGIÓN DEL BIOBÍO,CONCEPCION III,FRENTE AMPLIO,FRENTE AMPLIO E INDEPENDIENTES,FA,FRENTE AMPLIO,1048940,5,Aprueba,Sí,No
ATRIX_ARACELY_BADILLA_HERNANDEZ__CONCEPCION_III,ATRIX ARACELY BADILLA HERNANDEZ,M,REGIÓN DEL BIOBÍO,CONCEPCION III,FRENTE AMPLIO,FRENTE AMPLIO E INDEPENDIENTES,IND,INDEPENDIENTES,1582327,9,Rechaza,Sí,No
LUCY_AMENABAR_SEPULVEDA__CONCEPCION_III,LUCY AMENABAR SEPULVEDA,M,REGIÓN DEL BIOBÍO,CONCEPCION III,CHILE VAMOS UDI - INDEPENDIENTES,No aplica,UDI,UNION DEMOCRATA INDEPENDIENTE,4669189,10,Rechaza,Sí,No
MARCELO_SEPULVEDA_PAREDES__CONCEPCION_III,MARCELO SEPULVEDA PAREDES,H,REGIÓN DEL BIOBÍO,CONCEPCION III,CHILE VAMOS UDI - INDEPENDIENTES,No aplica,UDI,UNION DEMOCRATA INDEPENDIENTE,847826,11,Aprueba con Observaciones,Sí,No
ARNOLD_SCHIRMER_PRIETO__CONCEPCION_III,ARNOLD SCHIRMER PRIETO,H,REGIÓN DEL BIOBÍO,CONCEPCION III,CHILE VAMOS UDI - INDEPENDIENTES,No aplica,UDI,UNION DEMOCRATA INDEPENDIENTE,3166926,60,Aprueba con Observaciones,Sí,No
PAMELA_GALLARDO_CONTRERAS__CONCEPCION_III,PAMELA GALLARDO CONTRERAS,M,REGIÓN DEL BIOBÍO,CONCEPCION III,CHILE VAMOS UDI - INDEPENDIENTES,No aplica,IND,INDEPENDIENTES,501050,7,Aprueba con Observaciones,Sí,No
ANDREA_CAROLINA_SOUPER_MUNIZ__CONCEPCION_III,ANDREA CAROLINA SOUPER MUÑIZ,M,REGIÓN DEL BIOBÍO,CONCEPCION III,CHILE VAMOS EVOPOLI - INDEPENDIENTES,No aplica,EVOPOLI,EVOLUCION POLITICA,7634220,12,Rechaza,Sí,No
RODRIGO_FELIPE_MORA_GONZALEZ__CONCEPCION_III,RODRIGO FELIPE MORA GONZALEZ,H,REGIÓN DEL BIOBÍO,CONCEPCION III,CHILE VAMOS EVOPOLI - INDEPENDIENTES,No aplica,EVOPOLI,EVOLUCION POLITICA,4710150,49,Aprueba con Observaciones,Sí,No
CARLA_JAZMINA_CEBALLOS_SANTIBANEZ__CONCEPCION_III,CARLA JAZMINA CEBALLOS SANTIBAÑEZ,M,REGIÓN DEL BIOBÍO,CONCEPCION III,CHILE VAMOS EVOPOLI - INDEPENDIENTES,No aplica,IND,INDEPENDIENTES,9256998,13,Aprueba con Observaciones,Sí,No
PAULINA_LORENA_NOVA_VEGA__CONCEPCION_III,PAULINA LORENA NOVA VEGA,M,REGIÓN DEL BIOBÍO,CONCEPCION III,CHILE VAMOS EVOPOLI - INDEPENDIENTES,No aplica,IND,INDEPENDIENTES,1436775,4,Rechaza,Sí,No
AMERICO_MONDACA_DAZA__CONCEPCION_III,AMERICO MONDACA DAZA,H,REGIÓN DEL BIOBÍO,CONCEPCION III,REPUBLICANOS E INDEPENDIENTES,No aplica,REPUBLICANO,PARTIDO REPUBLICANO DE CHILE,8277037,8,Aprueba,Sí,No
PEDRO_ALEYDE_VENEGAS_GUERRA__CONCEPCION_III,PEDRO ALEYDE VENEGAS GUERRA,H,REGIÓN DEL BIOBÍO,CONCEPCION III,REPUBLICANOS E INDEPENDIENTES,No aplica,REPUBLICANO,PARTIDO REPUBLICANO DE CHILE,10744738,101,Aprueba con Observaciones,Sí,No
LUIS_ANDRES_CHAMORRO_BARRIENTOS__CONCEPCION_III,LUIS ANDRES CHAMORRO BARRIENTOS,H,REGIÓN DEL BIOBÍO,CONCEPCION III,REPUBLICANOS E INDEPENDIENTES,No aplica,REPUBLICANO,PARTIDO REPUBLICANO DE CHILE,5696150,3,Aprueba con Observaciones,Sí,No
SERGIO_ERNESTO_EHIJOS_MARDONES__CAUTIN_I,SERGIO ERNESTO EHIJOS MARDONES,H,REGIÓN DE LA ARAUCANÍA,CAUTIN I,TODAS Y TODOS POR CHILE,PARTIDO COMUNISTA E INDEPENDIENTES,PCCH,PARTIDO COMUNISTA DE CHILE,1838529,8,Aprueba con Observaciones,Sí,No
MARIA_JOSEFA_GUZMAN_GUZMAN__CAUTIN_I,MARIA JOSEFA GUZMAN GUZMAN,M,REGIÓN DE LA ARAUCANÍA,CAUTIN I,TODAS Y TODOS POR CHILE,PARTIDO COMUNISTA E INDEPENDIENTES,PCCH,PARTIDO COMUNISTA DE CHILE,1300000,15,Aprueba con Observaciones,Sí,No
CARLOS_EDUARDO_ALVARADO_JULIAN__CAUTIN_I,CARLOS EDUARDO ALVARADO JULIAN,H,REGIÓN DE LA ARAUCANÍA,CAUTIN I,TODAS Y TODOS POR CHILE,PARTIDO COMUNISTA E INDEPENDIENTES,IND,INDEPENDIENTES,2224830,5,Rechaza,Sí,No
ESTRELLA_CONSTANZA_MEZA_LAVANDERO__CAUTIN_I,ESTRELLA CONSTANZA MEZA LAVANDERO,M,REGIÓN DE LA ARAUCANÍA,CAUTIN I,PARTIDO SOCIAL CRISTIANO E INDEPENDIENTES,No aplica,PSC,PARTIDO SOCIAL CRISTIANO,7272954,20,Aprueba,Sí,No
CARLOS_HUMBERTO_CARRERA_VALENZUELA__CAUTIN_I,CARLOS HUMBERTO CARRERA VALENZUELA,H,REGIÓN DE LA ARAUCANÍA,CAUTIN I,PARTIDO SOCIAL CRISTIANO E INDEPENDIENTES,No aplica,PSC,PARTIDO SOCIAL CRISTIANO,1190400,2,Aprueba,Sí,No
RODRIGO_ALVAREZ_OTERO__CAUTIN_I,RODRIGO ALVAREZ OTERO,H,REGIÓN DE LA ARAUCANÍA,CAUTIN I,PARTIDO SOCIAL CRISTIANO E INDEPENDIENTES,No aplica,PSC,PARTIDO SOCIAL CRISTIANO,240400,2,Aprueba,Sí,No
LORENA_ANDREA_ARIAS_RIOS__CAUTIN_I,LORENA ANDREA ARIAS RIOS,M,REGIÓN DE LA ARAUCANÍA,CAUTIN I,PARTIDO SOCIAL CRISTIANO E INDEPENDIENTES,No aplica,PSC,PARTIDO SOCIAL CRISTIANO,690400,2,Aprueba con Observaciones,Sí,No
JUAN_EDUARDO_VERGARA_TAPIA__CAUTIN_I,JUAN EDUARDO VERGARA TAPIA,H,REGIÓN DE LA ARAUCANÍA,CAUTIN I,PARTIDO SOCIAL CRISTIANO E INDEPENDIENTES,No aplica,PSC,PARTIDO SOCIAL CRISTIANO,220412,2,Aprueba con Observaciones,Sí,No
CECIA_NERY_CARRASCO_RIVERA__CAUTIN_I,CECIA NERY CARRASCO RIVERA,M,REGIÓN DE LA ARAUCANÍA,CAUTIN I,PARTIDO SOCIAL CRISTIANO E INDEPENDIENTES,No aplica,IND,INDEPENDIENTES,190400,1,Aprueba con Observaciones,Sí,No
SILVANA_VALERIA_PICHUNMAN_GONZALEZ__CAUTIN_I,SILVANA VALERIA PICHUNMAN GONZALEZ,M,REGIÓN DE LA ARAUCANÍA,CAUTIN I,PARTIDO SOCIAL CRISTIANO E INDEPENDIENTES,No aplica,IND,INDEPENDIENTES,0,0,Rechaza,No,No
SARA_SUAZO_SUAZO__CAUTIN_I,SARA SUAZO SUAZO,M,REGIÓN DE LA ARAUCANÍA,CAUTIN I,CHILE VAMOS RENOVACION NACIONAL - INDEPENDIENTES,No aplica,RN,RENOVACION NACIONAL,14212358,20,Aprueba con Observaciones,Sí,No
HANS_VAN_DER_MOLEN_MORA__CAUTIN_I,HANS VAN DER MOLEN MORA,H,REGIÓN DE LA ARAUCANÍA,CAUTIN I,CHILE VAMOS RENOVACION NACIONAL - INDEPENDIENTES,No aplica,RN,RENOVACION NACIONAL,14150274,54,Aprueba,Sí,No
ALEX_HENRIQUEZ_ARANEDA__CAUTIN_I,ALEX HENRIQUEZ ARANEDA,H,REGIÓN DE LA ARAUCANÍA,CAUTIN I,CHILE VAMOS RENOVACION NACIONAL - INDEPENDIENTES,No aplica,IND,INDEPENDIENTES,2480000,35,Aprueba con Observaciones,Sí,No
LEONEL_NUALART_CASTRO__CAUTIN_I,LEONEL NUALART CASTRO,H,REGIÓN DE LA ARAUCANÍA,CAUTIN I,CHILE VAMOS RENOVACION NACIONAL - INDEPENDIENTES,No aplica,IND,INDEPENDIENTES,5239915,24,Aprueba con Observaciones,Sí,No
PABLO_ARTIGAS_VERGARA__CAUTIN_I,PABLO ARTIGAS VERGARA,H,REGIÓN DE LA ARAUCANÍA,CAUTIN I,CHILE VAMOS RENOVACION NACIONAL - INDEPENDIENTES,No aplica,IND,INDEPENDIENTES,4064146,29,Aprueba,Sí,No
JAIME_SALINAS_MANSILLA__CAUTIN_I,JAIME SALINAS MANSILLA,H,REGIÓN DE LA ARAUCANÍA,CAUTIN I,CHILE VAMOS RENOVACION NACIONAL - INDEPENDIENTES,No aplica,IND,INDEPENDIENTES,18080217,11,Rechaza,Sí,Sí
SERGIO_CASTILLO_CARDENAS__CAUTIN_I,SERGIO CASTILLO CARDENAS,H,REGIÓN DE LA ARAUCANÍA,CAUTIN I,CHILE VAMOS RENOVACION NACIONAL - INDEPENDIENTES,No aplica,IND,INDEPENDIENTES,1822300,2,Aprueba con Observaciones,Sí,No
HECTOR_QUEUPUMIL_MINCHIQUEO__CAUTIN_I,HECTOR QUEUPUMIL MINCHIQUEO,H,REGIÓN DE LA ARAUCANÍA,CAUTIN I,TU REGION RADICAL,No aplica,IND,INDEPENDIENTES,8239600,56,Rechaza,Sí,No
PATRICIO_ARIEL_CORNEJO_GONZALEZ__CAUTIN_I,PATRICIO ARIEL CORNEJO GONZALEZ,H,REGIÓN DE LA ARAUCANÍA,CAUTIN I,REGIONES VERDES LIBERALES,No aplica,FREVS,FEDERACION REGIONALISTA VERDE SOCIAL,728561,2,Aprueba con Observaciones,Sí,No
DANIEL_ABRAHAM_HIDALGO_VELOSO__CAUTIN_I,DANIEL ABRAHAM HIDALGO VELOSO,H,REGIÓN DE LA ARAUCANÍA,CAUTIN I,REGIONES VERDES LIBERALES,No aplica,FREVS,FEDERACION REGIONALISTA VERDE SOCIAL,728561,2,Aprueba con Observaciones,Sí,No
PATRICIO_ANDRES_LIRA_NAVARRETE__CAUTIN_I,PATRICIO ANDRES LIRA NAVARRETE,H,REGIÓN DE LA ARAUCANÍA,CAUTIN I,REGIONES VERDES LIBERALES,No aplica,IND,INDEPENDIENTES,594000,5,Aprueba con Observaciones,Sí,No
JESSICA_ALEJANDRA_MENDEZ_CANAVES__CAUTIN_I,JESSICA ALEJANDRA MENDEZ CANAVES,M,REGIÓN DE LA ARAUCANÍA,CAUTIN I,REGIONES VERDES LIBERALES,No aplica,IND,INDEPENDIENTES,465970,16,Aprueba con Observaciones,Sí,No
FELIPE_GONZALEZ_VALDES__CAUTIN_I,FELIPE GONZALEZ VALDES,H,REGIÓN DE LA ARAUCANÍA,CAUTIN I,REGIONES VERDES LIBERALES,No aplica,IND,INDEPENDIENTES,10099555,17,Aprueba,Sí,No
RODRIGO_MARINGER_SANCHEZ__CAUTIN_I,RODRIGO MARINGER SANCHEZ,H,REGIÓN DE LA ARAUCANÍA,CAUTIN I,REGIONES VERDES LIBERALES,No aplica,IND,INDEPENDIENTES,0,0,Rechaza,No,No
ANDRES_ARCOS_SOTO__CAUTIN_I,ANDRES ARCOS SOTO,H,REGIÓN DE LA ARAUCANÍA,CAUTIN I,REGIONES VERDES LIBERALES,No aplica,IND,INDEPENDIENTES,11242599,7,Aprueba,Sí,No
ANA_MARIA_SOTO_CEA__CAUTIN_I,ANA MARIA SOTO CEA,M,REGIÓN DE LA ARAUCANÍA,CAUTIN I,LO MEJOR PARA CHILE,PPD E INDEPENDIENTES,PPD,PARTIDO POR LA DEMOCRACIA,13079572,42,Aprueba con Observaciones,Sí,No
JULIO_CESAR_SUAZO_PALMA__CAUTIN_I,JULIO CESAR SUAZO PALMA,H,REGIÓN DE LA ARAUCANÍA,CAUTIN I,LO MEJOR PARA CHILE,PPD E INDEPENDIENTES,PPD,PARTIDO POR LA DEMOCRACIA,1557282,8,Aprueba con Observaciones,Sí,No
MARCOS_ALEJANDRO_TORRES_PATINO__CAUTIN_I,MARCOS ALEJANDRO TORRES PATIÑO,H,REGIÓN DE LA ARAUCANÍA,CAUTIN I,LO MEJOR PARA CHILE,PPD E INDEPENDIENTES,IND,INDEPENDIENTES,1164011,4,Aprueba con Observaciones,Sí,No
MIGUEL_ANGEL_PROVOSTE_MONTIEL__CAUTIN_I,MIGUEL ANGEL PROVOSTE MONTIEL,H,REGIÓN DE LA ARAUCANÍA,CAUTIN I,LO MEJOR PARA CHILE,PPD E INDEPENDIENTES,IND,INDEPENDIENTES,660000,9,Aprueba con Observaciones,Sí,No
MICHELLE_LISSETH_CORREA_SEPULVEDA__CAUTIN_I,MICHELLE LISSETH CORREA SEPULVEDA,M,REGIÓN DE LA ARAUCANÍA,CAUTIN I,LO MEJOR PARA CHILE,PS E INDEPENDIENTES,PS,PARTIDO SOCIALISTA DE CHILE,7789441,30,Aprueba con Observaciones,Sí,No
RICHARD_MAURICIO_QUINTANA_VALDEBENITO__CAUTIN_I,RICHARD MAURICIO QUINTANA VALDEBENITO,H,REGIÓN DE LA ARAUCANÍA,CAUTIN I,LO MEJOR PARA CHILE,PS E INDEPENDIENTES,PS,PARTIDO SOCIALISTA DE CHILE,9082957,59,Aprueba con Observaciones,Sí,No
JORGE_CESAR_ROMERO_FUENTES__CAUTIN_I,JORGE CESAR ROMERO FUENTES,H,REGIÓN DE LA ARAUCANÍA,CAUTIN I,LO MEJOR PARA CHILE,PS E INDEPENDIENTES,PS,PARTIDO SOCIALISTA DE CHILE,6497532,13,Aprueba,Sí,No
FLOR_ROSSANY_CONTRERAS_VIVALLO__CAUTIN_I,FLOR ROSSANY CONTRERAS VIVALLO,M,REGIÓN DE LA ARAUCANÍA,CAUTIN I,PARTIDO DE LA GENTE E INDEPENDIENTES,No aplica,PDG,PARTIDO DE LA GENTE,2740000,13,Aprueba,Sí,No
MARISEL_PEDREROS_VENEGAS__CAUTIN_I,MARISEL PEDREROS VENEGAS,M,REGIÓN DE LA ARAUCANÍA,CAUTIN I,PARTIDO DE LA GENTE E INDEPENDIENTES,No aplica,PDG,PARTIDO DE LA GENTE,8722714,28,Aprueba con Observaciones,Sí,No
ALVARO_JOSE_BURGOS_NECULMAN__CAUTIN_I,ALVARO JOSE BURGOS NECULMAN,H,REGIÓN DE LA ARAUCANÍA,CAUTIN I,PARTIDO DE LA GENTE E INDEPENDIENTES,No aplica,PDG,PARTIDO DE LA GENTE,1020650,13,Aprueba con Observaciones,Sí,No
ROBERTO_RICARDO_PAREDES_SANDOVAL__CAUTIN_I,ROBERTO RICARDO PAREDES SANDOVAL,H,REGIÓN DE LA ARAUCANÍA,CAUTIN I,POR UN CHILE MEJOR,No aplica,PDC,PARTIDO DEMOCRATA CRISTIANO,6250781,29,Aprueba,Sí,No
MIRIAM_PAOLA_VALDES_ZUNIGA__CAUTIN_I,MIRIAM PAOLA VALDES ZUÑIGA,M,REGIÓN DE LA ARAUCANÍA,CAUTIN I,POR UN CHILE MEJOR,No aplica,PDC,PARTIDO DEMOCRATA CRISTIANO,8971157,29,Aprueba con Observaciones,Sí,No
CRISTOBAL_CAMPOS_AGUILERA__CAUTIN_I,CRISTOBAL CAMPOS AGUILERA,H,REGIÓN DE LA ARAUCANÍA,CAUTIN I,POR UN CHILE MEJOR,No aplica,PDC,PARTIDO DEMOCRATA CRISTIANO,3344479,17,Aprueba con Observaciones,Sí,No
ALEJANDRO_BELTRAN_ULLOA__CAUTIN_I,ALEJANDRO BELTRAN ULLOA,H,REGIÓN DE LA ARAUCANÍA,CAUTIN I,POR UN CHILE MEJOR,No aplica,PDC,PARTIDO DEMOCRATA CRISTIANO,1700000,6,Aprueba,Sí,No
ERICA_DEL_PILAR_LOPEZ_SOTO__CAUTIN_I,ERICA DEL PILAR LOPEZ SOTO,M,REGIÓN DE LA ARAUCANÍA,CAUTIN I,POR UN CHILE MEJOR,No aplica,IND,INDEPENDIENTES,7680252,11,Aprueba con Observaciones,Sí,No
LUIS_IVAN_MARTINEZ_PEZO__CAUTIN_I,LUIS IVAN MARTINEZ PEZO,H,REGIÓN DE LA ARAUCANÍA,CAUTIN I,POR UN CHILE MEJOR,No aplica,IND,INDEPENDIENTES,2767840,15,Aprueba con Observaciones,Sí,No
FELIPE_ALONSO_OCHARAN_TORRE__CAUTIN_I,FELIPE ALONSO OCHARAN TORRE,H,REGIÓN DE LA ARAUCANÍA,CAUTIN I,POR UN CHILE MEJOR,No aplica,IND,INDEPENDIENTES,3700005,24,Aprueba,Sí,No
LEONARDO_ASTETE_MELIVILU__CAUTIN_I,LEONARDO ASTETE MELIVILU,H,REGIÓN DE LA ARAUCANÍA,CAUTIN I,CENTRO DEMOCRATICO,DEMOCRATAS E INDEPENDIENTES,DEMOCRATAS,PARTIDO DEMOCRATAS CHILE,6161250,39,Aprueba con Observaciones,Sí,No
PABLO_ANDRES_RIFFO_GALLEGOS__CAUTIN_I,PABLO ANDRES RIFFO GALLEGOS,H,REGIÓN DE LA ARAUCANÍA,CAUTIN I,CENTRO DEMOCRATICO,DEMOCRATAS E INDEPENDIENTES,DEMOCRATAS,PARTIDO DEMOCRATAS CHILE,1020000,8,Aprueba con Observaciones,Sí,No
MIGUEL_ANGEL_CORTES_IBARRA__CAUTIN_I,MIGUEL ANGEL CORTES IBARRA,H,REGIÓN DE LA ARAUCANÍA,CAUTIN I,CENTRO DEMOCRATICO,AMARILLOS E INDEPENDIENTES,AMARILLOS,MOVIMIENTO AMARILLOS POR CHILE,9447074,11,Aprueba,Sí,No
LUIS_ALBERTO_OJEDA_CONTRERAS__CAUTIN_I,LUIS ALBERTO OJEDA CONTRERAS,H,REGIÓN DE LA ARAUCANÍA,CAUTIN I,CENTRO DEMOCRATICO,AMARILLOS E INDEPENDIENTES,AMARILLOS,MOVIMIENTO AMARILLOS POR CHILE,3176984,18,Aprueba,Sí,No
JOSE_OMAR_LARA_LARA__CAUTIN_I,JOSE OMAR LARA LARA,H,REGIÓN DE LA ARAUCANÍA,CAUTIN I,CENTRO DEMOCRATICO,AMARILLOS E INDEPENDIENTES,IND,INDEPENDIENTES,0,0,Rechaza,No,No
PATRICIA_ANDREA_PAILLAO_MILLAN__CAUTIN_I,PATRICIA ANDREA PAILLAO MILLAN,M,REGIÓN DE LA ARAUCANÍA,CAUTIN I,FRENTE AMPLIO,FRENTE AMPLIO E INDEPENDIENTES,FA,FRENTE AMPLIO,13077672,33,Aprueba con Observaciones,Sí,No
REYNIER_EDUARDO_CAMPOS_JIMENEZ__CAUTIN_I,REYNIER EDUARDO CAMPOS JIMENEZ,H,REGIÓN DE LA ARAUCANÍA,CAUTIN I,FRENTE AMPLIO,FRENTE AMPLIO E INDEPENDIENTES,FA,FRENTE AMPLIO,4404526,26,Aprueba,Sí,No
MARIANELA_DEL_PILAR_JARAMILLO_MORA__CAUTIN_I,MARIANELA DEL PILAR JARAMILLO MORA,M,REGIÓN DE LA ARAUCANÍA,CAUTIN I,FRENTE AMPLIO,FRENTE AMPLIO E INDEPENDIENTES,FA,FRENTE AMPLIO,1475183,13,Aprueba con Observaciones,Sí,No
CARLOS_IGNACIO_LEONARDO_VACCARO_VEGA__CAUTIN_I,CARLOS IGNACIO LEONARDO VACCARO VEGA,H,REGIÓN DE LA ARAUCANÍA,CAUTIN I,FRENTE AMPLIO,FRENTE AMPLIO E INDEPENDIENTES,FA,FRENTE AMPLIO,1903470,6,Aprueba con Observaciones,Sí,No
DIEGO_IGNACIO_ITURRA_NEIRA__CAUTIN_I,DIEGO IGNACIO ITURRA NEIRA,H,REGIÓN DE LA ARAUCANÍA,CAUTIN I,FRENTE AMPLIO,FRENTE AMPLIO E INDEPENDIENTES,FA,FRENTE AMPLIO,6195236,10,Aprueba con Observaciones,Sí,No
SUSANA_AIDA_DIAZ_FIGUEROA__CAUTIN_I,SUSANA AIDA DIAZ FIGUEROA,M,REGIÓN DE LA ARAUCANÍA,CAUTIN I,FRENTE AMPLIO,FRENTE AMPLIO E INDEPENDIENTES,IND,INDEPENDIENTES,1745600,5,Aprueba,Sí,No
AGUSTIN_MAXIMILIANO_MARTINEZ_ANTIVIL__CAUTIN_I,AGUSTIN MAXIMILIANO MARTINEZ ANTIVIL,H,REGIÓN DE LA ARAUCANÍA,CAUTIN I,FRENTE AMPLIO,FRENTE AMPLIO E INDEPENDIENTES,IND,INDEPENDIENTES,2369900,15,Aprueba,Sí,No
CESAR_MORENO_BURGOS__CAUTIN_I,CESAR MORENO BURGOS,H,REGIÓN DE LA ARAUCANÍA,CAUTIN I,CHILE VAMOS UDI - INDEPENDIENTES,No aplica,UDI,UNION DEMOCRATA INDEPENDIENTE,11124738,16,Aprueba,Sí,No
RAUL_ESCARATE_PETERS__CAUTIN_I,RAUL ESCARATE PETERS,H,REGIÓN DE LA ARAUCANÍA,CAUTIN I,CHILE VAMOS UDI - INDEPENDIENTES,No aplica,UDI,UNION DEMOCRATA INDEPENDIENTE,800000,4,Rechaza,Sí,No
YURISAN_CASTRO_GONZALEZ__CAUTIN_I,YURISAN CASTRO GONZALEZ,M,REGIÓN DE LA ARAUCANÍA,CAUTIN I,CHILE VAMOS UDI - INDEPENDIENTES,No aplica,IND,INDEPENDIENTES,12457374,16,Aprueba,Sí,No
PAOLA_GARCES_VIVANCO__CAUTIN_I,PAOLA GARCES VIVANCO,M,REGIÓN DE LA ARAUCANÍA,CAUTIN I,CHILE VAMOS UDI - INDEPENDIENTES,No aplica,IND,INDEPENDIENTES,12002488,36,Rechaza,Sí,No
EDWIN_CRUZ_RUIZ__CAUTIN_I,EDWIN CRUZ RUIZ,H,REGIÓN DE LA ARAUCANÍA,CAUTIN I,CHILE VAMOS UDI - INDEPENDIENTES,No aplica,IND,INDEPENDIENTES,8246226,12,Aprueba,Sí,No
MARCO_ANTONIO_FAJRE_DIAZ__CAUTIN_I,MARCO ANTONIO FAJRE DIAZ,H,REGIÓN DE LA ARAUCANÍA,CAUTIN I,CHILE VAMOS UDI - INDEPENDIENTES,No aplica,IND,INDEPENDIENTES,7933935,17,Rechaza,Sí,No
MATTIAS_MELLA_PADILLA__CAUTIN_I,MATTIAS MELLA PADILLA,H,REGIÓN DE LA ARAUCANÍA,CAUTIN I,CHILE VAMOS UDI - INDEPENDIENTES,No aplica,IND,INDEPENDIENTES,672311,4,Aprueba con Observaciones,Sí,No
IGNACIO_ANDRES_MALIG_MEZA__CAUTIN_I,IGNACIO ANDRES MALIG MEZA,H,REGIÓN DE LA ARAUCANÍA,CAUTIN I,CHILE VAMOS EVOPOLI - INDEPENDIENTES,No aplica,EVOPOLI,EVOLUCION POLITICA,5020178,21,Aprueba con Observaciones,Sí,No
RICARDO_OMAR_PIZARRO_JIMENEZ__CAUTIN_I,RICARDO OMAR PIZARRO JIMENEZ,H,REGIÓN DE LA ARAUCANÍA,CAUTIN I,CHILE VAMOS EVOPOLI - INDEPENDIENTES,No aplica,IND,INDEPENDIENTES,1479000,8,Rechaza,Sí,No
JOSE_ANDRES_JARA_MARTINEZ__CAUTIN_I,JOSE ANDRES JARA MARTINEZ,H,REGIÓN DE LA ARAUCANÍA,CAUTIN I,CHILE VAMOS EVOPOLI - INDEPENDIENTES,No aplica,IND,INDEPENDIENTES,309400,1,Aprueba,Sí,No
VICTOR_OSVALDO_YANEZ_ARANCIBIA__CAUTIN_I,VICTOR OSVALDO YAÑEZ ARANCIBIA,H,REGIÓN DE LA ARAUCANÍA,CAUTIN I,REPUBLICANOS E INDEPENDIENTES,No aplica,REPUBLICANO,PARTIDO REPUBLICANO DE CHILE,15794229,9,Rechaza,Sí,Sí
JAIME_LISTER_MILLAR_CISTERNAS__CAUTIN_I,JAIME LISTER MILLAR CISTERNAS,H,REGIÓN DE LA ARAUCANÍA,CAUTIN I,REPUBLICANOS E INDEPENDIENTES,No aplica,REPUBLICANO,PARTIDO REPUBLICANO DE CHILE,5550000,6,Aprueba con Observaciones,Sí,No
VICTOR_PATRICIO_MELINAO_CANALES__CAUTIN_I,VICTOR PATRICIO MELINAO CANALES,H,REGIÓN DE LA ARAUCANÍA,CAUTIN I,REPUBLICANOS E INDEPENDIENTES,No aplica,REPUBLICANO,PARTIDO REPUBLICANO DE CHILE,8032898,73,Aprueba con Observaciones,Sí,No
VILMA_ROXANA_CASTILLO_ALVARADO__CAUTIN_I,VILMA ROXANA CASTILLO ALVARADO,M,REGIÓN DE LA ARAUCANÍA,CAUTIN I,REPUBLICANOS E INDEPENDIENTES,No aplica,REPUBLICANO,PARTIDO REPUBLICANO DE CHILE,17396000,4,Aprueba con Observaciones,Sí,Sí
ALEJANDRO_ANDRES_GOMEZ_MORAGA__CAUTIN_I,ALEJANDRO ANDRES GOMEZ MORAGA,H,REGIÓN DE LA ARAUCANÍA,CAUTIN I,REPUBLICANOS E INDEPENDIENTES,No aplica,REPUBLICANO,PARTIDO REPUBLICANO DE CHILE,3020000,2,Aprueba con Observaciones,Sí,No
ALEJANDRO_DANILO_HERNANDEZ_AEDO__CAUTIN_I,ALEJANDRO DANILO HERNANDEZ AEDO,H,REGIÓN DE LA ARAUCANÍA,CAUTIN I,REPUBLICANOS E INDEPENDIENTES,No aplica,REPUBLICANO,PARTIDO REPUBLICANO DE CHILE,2549300,2,Aprueba,Sí,No
MIGUEL_ANGEL_CONTRERAS_MALDONADO__CAUTIN_I,MIGUEL ANGEL CONTRERAS MALDONADO,H,REGIÓN DE LA ARAUCANÍA,CAUTIN I,CANDIDATURA INDEPENDIENTE,No aplica,IND,INDEPENDIENTES,28139621,14,Rechaza,Sí,Sí
TAMARA_LEONOR_BRICENO_CASTRO__CAUTIN_II,TAMARA LEONOR BRICEÑO CASTRO,M,REGIÓN DE LA ARAUCANÍA,CAUTIN II,TODAS Y TODOS POR CHILE,PARTIDO COMUNISTA E INDEPENDIENTES,PCCH,PARTIDO COMUNISTA DE CHILE,1000000,12,Aprueba con Observaciones,Sí,No
SEFORA_ANTONIA_SEPULVEDA_SANHUEZA__CAUTIN_II,SEFORA ANTONIA SEPULVEDA SANHUEZA,M,REGIÓN DE LA ARAUCANÍA,CAUTIN II,PARTIDO SOCIAL CRISTIANO E INDEPENDIENTES,No aplica,IND,INDEPENDIENTES,290400,2,Aprueba,Sí,No
PABLO_ABELARDO_CADENA_MATUS__CAUTIN_II,PABLO ABELARDO CADENA MATUS,H,REGIÓN DE LA ARAUCANÍA,CAUTIN II,PARTIDO SOCIAL CRISTIANO E INDEPENDIENTES,No aplica,IND,INDEPENDIENTES,4184170,6,Rechaza,Sí,No
EDUARDO_HERNANDEZ_SCHMIDT__CAUTIN_II,EDUARDO HERNANDEZ SCHMIDT,H,REGIÓN DE LA ARAUCANÍA,CAUTIN II,CHILE VAMOS RENOVACION NACIONAL - INDEPENDIENTES,No aplica,RN,RENOVACION NACIONAL,6758025,18,Rechaza,Sí,No
GILDA_MENDOZA_VASQUEZ__CAUTIN_II,GILDA MENDOZA VASQUEZ,M,REGIÓN DE LA ARAUCANÍA,CAUTIN II,CHILE VAMOS RENOVACION NACIONAL - INDEPENDIENTES,No aplica,RN,RENOVACION NACIONAL,10671248,21,Aprueba con Observaciones,Sí,No
NAYADETH_MUNOZ_URRUTIA__CAUTIN_II,NAYADETH MUÑOZ URRUTIA,M,REGIÓN DE LA ARAUCANÍA,CAUTIN II,CHILE VAMOS RENOVACION NACIONAL - INDEPENDIENTES,No aplica,RN,RENOVACION NACIONAL,6363732,34,Aprueba,Sí,No
FABIOLA_LEAL_LINCOPIL__CAUTIN_II,FABIOLA LEAL LINCOPIL,M,REGIÓN DE LA ARAUCANÍA,CAUTIN II,CHILE VAMOS RENOVACION NACIONAL - INDEPENDIENTES,No aplica,RN,RENOVACION NACIONAL,6530605,15,Aprueba con Observaciones,Sí,No
JOAQUIN_ROVETTO_GRANDON__CAUTIN_II,JOAQUIN ROVETTO GRANDON,H,REGIÓN DE LA ARAUCANÍA,CAUTIN II,CHILE VAMOS RENOVACION NACIONAL - INDEPENDIENTES,No aplica,IND,INDEPENDIENTES,7877049,11,Aprueba con Observaciones,Sí,No
FERNANDO_GARRIDO_MERA__CAUTIN_II,FERNANDO GARRIDO MERA,H,REGIÓN DE LA ARAUCANÍA,CAUTIN II,CHILE VAMOS RENOVACION NACIONAL - INDEPENDIENTES,No aplica,IND,INDEPENDIENTES,1795744,6,Aprueba con Observaciones,Sí,No
JULIO_FIGUEROA_SILVA__CAUTIN_II,JULIO FIGUEROA SILVA,H,REGIÓN DE LA ARAUCANÍA,CAUTIN II,CHILE VAMOS RENOVACION NACIONAL - INDEPENDIENTES,No aplica,IND,INDEPENDIENTES,6589853,147,Aprueba con Observaciones,Sí,No
ANDRES_MATTA_CUMINAO__CAUTIN_II,ANDRES MATTA CUMINAO,H,REGIÓN DE LA ARAUCANÍA,CAUTIN II,CHILE VAMOS RENOVACION NACIONAL - INDEPENDIENTES,No aplica,IND,INDEPENDIENTES,5829446,60,Aprueba,Sí,No
PAULINA_BEATRIZ_NESBET_REUS__CAUTIN_II,PAULINA BEATRIZ NESBET REUS,M,REGIÓN DE LA ARAUCANÍA,CAUTIN II,TU REGION RADICAL,No aplica,PR,PARTIDO RADICAL DE CHILE,7513960,12,Aprueba,Sí,No
DANIEL_HUMBERTO_QUILODRAN_BASCUR__CAUTIN_II,DANIEL HUMBERTO QUILODRAN BASCUR,H,REGIÓN DE LA ARAUCANÍA,CAUTIN II,TU REGION RADICAL,No aplica,PR,PARTIDO RADICAL DE CHILE,1412059,16,Aprueba,Sí,No
LUIS_ERNESTO_HUERAMAN_RIVAS__CAUTIN_II,LUIS ERNESTO HUERAMAN RIVAS,H,REGIÓN DE LA ARAUCANÍA,CAUTIN II,REGIONES VERDES LIBERALES,No aplica,FREVS,FEDERACION REGIONALISTA VERDE SOCIAL,13928760,9,Aprueba con Observaciones,Sí,No
PATRICIA_JULIETA_CARDENAS_PAREDES__CAUTIN_II,PATRICIA JULIETA CARDENAS PAREDES,M,REGIÓN DE LA ARAUCANÍA,CAUTIN II,REGIONES VERDES LIBERALES,No aplica,FREVS,FEDERACION REGIONALISTA VERDE SOCIAL,1088561,11,Aprueba,Sí,No
JOSE_SANTIAGO_ARAYA_REICHE__CAUTIN_II,JOSE SANTIAGO ARAYA REICHE,H,REGIÓN DE LA ARAUCANÍA,CAUTIN II,REGIONES VERDES LIBERALES,No aplica,FREVS,FEDERACION REGIONALISTA VERDE SOCIAL,3228561,2,Rechaza,Sí,No
GEMITA_DEL_PILAR_ALVAREZ_SEPULVEDA__CAUTIN_II,GEMITA DEL PILAR ALVAREZ SEPULVEDA,M,REGIÓN DE LA ARAUCANÍA,CAUTIN II,REGIONES VERDES LIBERALES,No aplica,FREVS,FEDERACION REGIONALISTA VERDE SOCIAL,1530000,5,Aprueba,Sí,No
PATRICIO_ALEJANDRO_SAGREDO_CURIO__CAUTIN_II,PATRICIO ALEJANDRO SAGREDO CURIO,H,REGIÓN DE LA ARAUCANÍA,CAUTIN II,REGIONES VERDES LIBERALES,No aplica,IND,INDEPENDIENTES,386291,5,Aprueba con Observaciones,Sí,No
MARIO_ALCALDE_NAVARRO__CAUTIN_II,MARIO ALCALDE NAVARRO,H,REGIÓN DE LA ARAUCANÍA,CAUTIN II,LO MEJOR PARA CHILE,PPD E INDEPENDIENTES,IND,INDEPENDIENTES,590910,5,Aprueba con Observaciones,Sí,No
MAURICIO_EDUARDO_DEVAUD_MORALES__CAUTIN_II,MAURICIO EDUARDO DEVAUD MORALES,H,REGIÓN DE LA ARAUCANÍA,CAUTIN II,LO MEJOR PARA CHILE,PPD E INDEPENDIENTES,IND,INDEPENDIENTES,18067069,13,Aprueba con Observaciones,Sí,Sí
CARLOS_ALEXIS_CASTILLO_TORRES__CAUTIN_II,CARLOS ALEXIS CASTILLO TORRES,H,REGIÓN DE LA ARAUCANÍA,CAUTIN II,LO MEJOR PARA CHILE,PPD E INDEPENDIENTES,IND,INDEPENDIENTES,6732786,23,Aprueba con Observaciones,Sí,No
DANIEL_ALFREDO_NECULPAN_LINCUANTE__CAUTIN_II,DANIEL ALFREDO NECULPAN LINCUANTE,H,REGIÓN DE LA ARAUCANÍA,CAUTIN II,LO MEJOR PARA CHILE,PS E INDEPENDIENTES,PS,PARTIDO SOCIALISTA DE CHILE,12061261,108,Aprueba,Sí,No
LUIS_EMILIO_CASTILLO_SANDOVAL__CAUTIN_II,LUIS EMILIO CASTILLO SANDOVAL,H,REGIÓN DE LA ARAUCANÍA,CAUTIN II,LO MEJOR PARA CHILE,PS E INDEPENDIENTES,PS,PARTIDO SOCIALISTA DE CHILE,2728000,29,Aprueba con Observaciones,Sí,No
REMIGIO_SANTIAGO_HUENOLAF_HUIRCALAF__CAUTIN_II,REMIGIO SANTIAGO HUENOLAF HUIRCALAF,H,REGIÓN DE LA ARAUCANÍA,CAUTIN II,LO MEJOR PARA CHILE,PS E INDEPENDIENTES,PS,PARTIDO SOCIALISTA DE CHILE,5380000,11,Aprueba con Observaciones,Sí,No
ORLANDO_CHRISTIAN_MACHEFERT_INOSTROZA__CAUTIN_II,ORLANDO CHRISTIAN MACHEFERT INOSTROZA,H,REGIÓN DE LA ARAUCANÍA,CAUTIN II,PARTIDO DE LA GENTE E INDEPENDIENTES,No aplica,PDG,PARTIDO DE LA GENTE,4990009,24,Aprueba,Sí,No
CONSTANZA_ANAIS_CARVACHO_ESCALONA__CAUTIN_II,CONSTANZA ANAIS CARVACHO ESCALONA,M,REGIÓN DE LA ARAUCANÍA,CAUTIN II,PARTIDO DE LA GENTE E INDEPENDIENTES,No aplica,PDG,PARTIDO DE LA GENTE,400000,4,Rechaza,Sí,No
MARCELO_BERMEDO_LILLO__CAUTIN_II,MARCELO BERMEDO LILLO,H,REGIÓN DE LA ARAUCANÍA,CAUTIN II,PARTIDO DE LA GENTE E INDEPENDIENTES,No aplica,PDG,PARTIDO DE LA GENTE,3389370,16,Aprueba con Observaciones,Sí,No
JORGE_ENRIQUE_RAMIREZ_MOLINA__CAUTIN_II,JORGE ENRIQUE RAMIREZ MOLINA,H,REGIÓN DE LA ARAUCANÍA,CAUTIN II,PARTIDO DE LA GENTE E INDEPENDIENTES,No aplica,PDG,PARTIDO DE LA GENTE,8400000,8,Rechaza,Sí,No
CARLOS_ALEXIS_VALLEJOS_VALLEJOS__CAUTIN_II,CARLOS ALEXIS VALLEJOS VALLEJOS,H,REGIÓN DE LA ARAUCANÍA,CAUTIN II,POR UN CHILE MEJOR,No aplica,PDC,PARTIDO DEMOCRATA CRISTIANO,4052000,11,Aprueba,Sí,No
MARCELO_ANDRES_POVEDA_LAVADO__CAUTIN_II,MARCELO ANDRES POVEDA LAVADO,H,REGIÓN DE LA ARAUCANÍA,CAUTIN II,POR UN CHILE MEJOR,No aplica,IND,INDEPENDIENTES,2221472,5,Aprueba,Sí,No
JOHANE_JESUS_OYARZUN_OYARZUN__CAUTIN_II,JOHANE JESUS OYARZUN OYARZUN,H,REGIÓN DE LA ARAUCANÍA,CAUTIN II,POR UN CHILE MEJOR,No aplica,IND,INDEPENDIENTES,0,0,Rechaza,No,No
CRISTIAN_ALEXIS_HERRERA_GONZALEZ__CAUTIN_II,CRISTIAN ALEXIS HERRERA GONZALEZ,H,REGIÓN DE LA ARAUCANÍA,CAUTIN II,CENTRO DEMOCRATICO,DEMOCRATAS E INDEPENDIENTES,DEMOCRATAS,PARTIDO DEMOCRATAS CHILE,1989000,9,Aprueba,Sí,No
JOSE_GREGORIO_VEGA_BELLO__CAUTIN_II,JOSE GREGORIO VEGA BELLO,H,REGIÓN DE LA ARAUCANÍA,CAUTIN II,CENTRO DEMOCRATICO,DEMOCRATAS E INDEPENDIENTES,IND,INDEPENDIENTES,950002,9,Aprueba con Observaciones,Sí,No
PEDRO_PABLO_COLIPE_CASTILLO__CAUTIN_II,PEDRO PABLO COLIPE CASTILLO,H,REGIÓN DE LA ARAUCANÍA,CAUTIN II,CENTRO DEMOCRATICO,DEMOCRATAS E INDEPENDIENTES,IND,INDEPENDIENTES,1289940,19,Aprueba con Observaciones,Sí,No
MANUEL_ALEJANDRO_RIVERA_LOPEZ__CAUTIN_II,MANUEL ALEJANDRO RIVERA LOPEZ,H,REGIÓN DE LA ARAUCANÍA,CAUTIN II,CENTRO DEMOCRATICO,DEMOCRATAS E INDEPENDIENTES,IND,INDEPENDIENTES,3653478,7,Aprueba con Observaciones,Sí,No
MANUEL_ARAVENA_SAAVEDRA__CAUTIN_II,MANUEL ARAVENA SAAVEDRA,H,REGIÓN DE LA ARAUCANÍA,CAUTIN II,CENTRO DEMOCRATICO,DEMOCRATAS E INDEPENDIENTES,IND,INDEPENDIENTES,15800818,56,Aprueba con Observaciones,Sí,Sí
SAUL_ALFREDO_SEPULVEDA_SEPULVEDA__CAUTIN_II,SAUL ALFREDO SEPULVEDA SEPULVEDA,H,REGIÓN DE LA ARAUCANÍA,CAUTIN II,FRENTE AMPLIO,FRENTE AMPLIO E INDEPENDIENTES,FA,FRENTE AMPLIO,9938000,14,Aprueba con Observaciones,Sí,No
NELSON_GABRIEL_FIERRO_PINO__CAUTIN_II,NELSON GABRIEL FIERRO PINO,H,REGIÓN DE LA ARAUCANÍA,CAUTIN II,FRENTE AMPLIO,FRENTE AMPLIO E INDEPENDIENTES,FA,FRENTE AMPLIO,3268000,31,Aprueba,Sí,No
JULIO_NELSON_MARILEO_CALFUQUEO__CAUTIN_II,JULIO NELSON MARILEO CALFUQUEO,H,REGIÓN DE LA ARAUCANÍA,CAUTIN II,FRENTE AMPLIO,FRENTE AMPLIO E INDEPENDIENTES,IND,INDEPENDIENTES,9146726,12,Aprueba con Observaciones,Sí,No
CESAR_ANTONIO_GUARDA_INALAF__CAUTIN_II,CESAR ANTONIO GUARDA INALAF,H,REGIÓN DE LA ARAUCANÍA,CAUTIN II,FRENTE AMPLIO,FRENTE AMPLIO E INDEPENDIENTES,IND,INDEPENDIENTES,527852,1,Aprueba con Observaciones,Sí,No
RODRIGO_PACHECO_AGUILERA__CAUTIN_II,RODRIGO PACHECO AGUILERA,H,REGIÓN DE LA ARAUCANÍA,CAUTIN II,CHILE VAMOS UDI - INDEPENDIENTES,No aplica,UDI,UNION DEMOCRATA INDEPENDIENTE,26312182,14,Rechaza,Sí,Sí
JOSE_LIZAMA_DIAZ__CAUTIN_II,JOSE LIZAMA DIAZ,H,REGIÓN DE LA ARAUCANÍA,CAUTIN II,CHILE VAMOS UDI - INDEPENDIENTES,No aplica,UDI,UNION DEMOCRATA INDEPENDIENTE,6610623,21,Aprueba con Observaciones,Sí,No
CRISTOBAL_BRAVO_VALENZUELA__CAUTIN_II,CRISTOBAL BRAVO VALENZUELA,H,REGIÓN DE LA ARAUCANÍA,CAUTIN II,CHILE VAMOS UDI - INDEPENDIENTES,No aplica,IND,INDEPENDIENTES,6830202,10,Aprueba con Observaciones,Sí,No
EDON_VELASQUEZ_CATALAN__CAUTIN_II,EDON VELASQUEZ CATALAN,H,REGIÓN DE LA ARAUCANÍA,CAUTIN II,CHILE VAMOS UDI - INDEPENDIENTES,No aplica,IND,INDEPENDIENTES,5245616,11,Aprueba con Observaciones,Sí,No
MARIANELA_QUININAO_COLICOY__CAUTIN_II,MARIANELA QUIÑINAO COLICOY,M,REGIÓN DE LA ARAUCANÍA,CAUTIN II,CHILE VAMOS UDI - INDEPENDIENTES,No aplica,IND,INDEPENDIENTES,1100000,3,Aprueba con Observaciones,Sí,No
RENE_FERNANDO_FERNANDEZ_HUERTA__CAUTIN_II,RENE FERNANDO FERNANDEZ HUERTA,H,REGIÓN DE LA ARAUCANÍA,CAUTIN II,CHILE VAMOS EVOPOLI - INDEPENDIENTES,No aplica,EVOPOLI,EVOLUCION POLITICA,0,0,Aprueba,No,No
YOSELYN_BENAVENTE_CASTILLO__CAUTIN_II,YOSELYN BENAVENTE CASTILLO,M,REGIÓN DE LA ARAUCANÍA,CAUTIN II,CHILE VAMOS EVOPOLI - INDEPENDIENTES,No aplica,EVOPOLI,EVOLUCION POLITICA,2911177,11,Rechaza,Sí,No
ANTONIO_HUIRILEF_BARRA__CAUTIN_II,ANTONIO HUIRILEF BARRA,H,REGIÓN DE LA ARAUCANÍA,CAUTIN II,CHILE VAMOS EVOPOLI - INDEPENDIENTES,No aplica,IND,INDEPENDIENTES,871160,14,Aprueba,Sí,No
KATHERINE_MARION_FUENTEALBA_HUENCHUMAN__CAUTIN_II,KATHERINE MARION FUENTEALBA HUENCHUMAN,M,REGIÓN DE LA ARAUCANÍA,CAUTIN II,CHILE VAMOS EVOPOLI - INDEPENDIENTES,No aplica,IND,INDEPENDIENTES,409400,2,Aprueba,Sí,No
MARISOL_WICKEL_NAVARRETE__CAUTIN_II,MARISOL WICKEL NAVARRETE,M,REGIÓN DE LA ARAUCANÍA,CAUTIN II,REPUBLICANOS E INDEPENDIENTES,No aplica,REPUBLICANO,PARTIDO REPUBLICANO DE CHILE,10633706,30,Aprueba con Observaciones,Sí,No
STEFANI_DEL_PILAR_ALARCON_HERRERA__CAUTIN_II,STEFANI DEL PILAR ALARCON HERRERA,M,REGIÓN DE LA ARAUCANÍA,CAUTIN II,REPUBLICANOS E INDEPENDIENTES,No aplica,REPUBLICANO,PARTIDO REPUBLICANO DE CHILE,5578261,8,Aprueba,Sí,No
FEDERICO_FIGUEROA_LIZAMA__CAUTIN_II,FEDERICO FIGUEROA LIZAMA,H,REGIÓN DE LA ARAUCANÍA,CAUTIN II,REPUBLICANOS E INDEPENDIENTES,No aplica,REPUBLICANO,PARTIDO REPUBLICANO DE CHILE,10280976,9,Aprueba con Observaciones,Sí,No
GUIDO_ALEXIS_CALDERON_PENA__CAUTIN_II,GUIDO ALEXIS CALDERON PEÑA,H,REGIÓN DE LA ARAUCANÍA,CAUTIN II,REPUBLICANOS E INDEPENDIENTES,No aplica,REPUBLICANO,PARTIDO REPUBLICANO DE CHILE,2999380,8,Aprueba,Sí,No
PATRICIO_ANDRES_DUCOMMUN_JIMENEZ__CAUTIN_II,PATRICIO ANDRES DUCOMMUN JIMENEZ,H,REGIÓN DE LA ARAUCANÍA,CAUTIN II,REPUBLICANOS E INDEPENDIENTES,No aplica,REPUBLICANO,PARTIDO REPUBLICANO DE CHILE,2211031,9,Aprueba con Observaciones,Sí,No
ALBERT_AQUILES_SANCHEZ_CARRASCO__CAUTIN_II,ALBERT AQUILES SANCHEZ CARRASCO,H,REGIÓN DE LA ARAUCANÍA,CAUTIN II,REPUBLICANOS E INDEPENDIENTES,No aplica,REPUBLICANO,PARTIDO REPUBLICANO DE CHILE,0,0,Aprueba,No,No
IGNACIO_YERSON_VERDUGO_MUNOZ__CAUTIN_II,IGNACIO YERSON VERDUGO MUÑOZ,H,REGIÓN DE LA ARAUCANÍA,CAUTIN II,REPUBLICANOS E INDEPENDIENTES,No aplica,REPUBLICANO,PARTIDO REPUBLICANO DE CHILE,990942,2,Aprueba,Sí,No
ROBERTO_CARLOS_QUINTANA_BURGOS__MALLECO,ROBERTO CARLOS QUINTANA BURGOS,H,REGIÓN DE LA ARAUCANÍA,MALLECO,PARTIDO SOCIAL CRISTIANO E INDEPENDIENTES,No aplica,IND,INDEPENDIENTES,4130000,6,Rechaza,Sí,No
RAYEN_CAMILA_ANCATEN_PALOMINOS__MALLECO,RAYEN CAMILA ANCATEN PALOMINOS,M,REGIÓN DE LA ARAUCANÍA,MALLECO,PARTIDO SOCIAL CRISTIANO E INDEPENDIENTES,No aplica,IND,INDEPENDIENTES,190400,1,Aprueba con Observaciones,Sí,No
CLAUDIO_ISLA_HENRIQUEZ__MALLECO,CLAUDIO ISLA HENRIQUEZ,H,REGIÓN DE LA ARAUCANÍA,MALLECO,PARTIDO SOCIAL CRISTIANO E INDEPENDIENTES,No aplica,IND,INDEPENDIENTES,9414615,106,Aprueba con Observaciones,Sí,No
MARITA_GUTIERREZ_SAAVEDRA__MALLECO,MARITA GUTIERREZ SAAVEDRA,M,REGIÓN DE LA ARAUCANÍA,MALLECO,CHILE VAMOS RENOVACION NACIONAL - INDEPENDIENTES,No aplica,RN,RENOVACION NACIONAL,10859597,17,Aprueba con Observaciones,Sí,No
JUAN_CANUPAN_CARILAO__MALLECO,JUAN CAÑUPAN CARILAO,H,REGIÓN DE LA ARAUCANÍA,MALLECO,CHILE VAMOS RENOVACION NACIONAL - INDEPENDIENTES,No aplica,RN,RENOVACION NACIONAL,4968675,15,Aprueba,Sí,No
ALBERTO_FRANCOIS_ROSAS__MALLECO,ALBERTO FRANCOIS ROSAS,H,REGIÓN DE LA ARAUCANÍA,MALLECO,CHILE VAMOS RENOVACION NACIONAL - INDEPENDIENTES,No aplica,RN,RENOVACION NACIONAL,3632214,12,Aprueba,Sí,No
HUGO_BAYO_ESCALONA__MALLECO,HUGO BAYO ESCALONA,H,REGIÓN DE LA ARAUCANÍA,MALLECO,CHILE VAMOS RENOVACION NACIONAL - INDEPENDIENTES,No aplica,IND,INDEPENDIENTES,3147276,10,Aprueba,Sí,No
MARIA_CRISTINA_LAVIN_BASSALETTI__MALLECO,MARIA CRISTINA LAVIN BASSALETTI,M,REGIÓN DE LA ARAUCANÍA,MALLECO,CHILE VAMOS RENOVACION NACIONAL - INDEPENDIENTES,No aplica,IND,INDEPENDIENTES,7871001,26,Aprueba,Sí,No
ZAUDIEL_ALBERTO_MORA_SALAZAR__MALLECO,ZAUDIEL ALBERTO MORA SALAZAR,H,REGIÓN DE LA ARAUCANÍA,MALLECO,TU REGION RADICAL,No aplica,PR,PARTIDO RADICAL DE CHILE,7107400,21,Aprueba,Sí,No
ESSIO_EDGARDO_GUIDOTTI_VALLEJOS__MALLECO,ESSIO EDGARDO GUIDOTTI VALLEJOS,H,REGIÓN DE LA ARAUCANÍA,MALLECO,LO MEJOR PARA CHILE,PPD E INDEPENDIENTES,PPD,PARTIDO POR LA DEMOCRACIA,0,0,Rechaza,No,No
ALEJANDRA_CECILIA_MALIAN_COLLIO__MALLECO,ALEJANDRA CECILIA MALIAN COLLIO,M,REGIÓN DE LA ARAUCANÍA,MALLECO,LO MEJOR PARA CHILE,PPD E INDEPENDIENTES,PPD,PARTIDO POR LA DEMOCRACIA,2228500,7,Aprueba con Observaciones,Sí,No
SANDRA_SUSANA_MIERES_PAREDES__MALLECO,SANDRA SUSANA MIERES PAREDES,M,REGIÓN DE LA ARAUCANÍA,MALLECO,LO MEJOR PARA CHILE,PPD E INDEPENDIENTES,IND,INDEPENDIENTES,4851000,13,Aprueba,Sí,No
LEOPOLDO_RODOLFO_ROSALES_NEIRA__MALLECO,LEOPOLDO RODOLFO ROSALES NEIRA,H,REGIÓN DE LA ARAUCANÍA,MALLECO,LO MEJOR PARA CHILE,PS E INDEPENDIENTES,PS,PARTIDO SOCIALISTA DE CHILE,5197490,41,Aprueba con Observaciones,Sí,No
MONICA_RODRIGUEZ_RODRIGUEZ__MALLECO,MONICA RODRIGUEZ RODRIGUEZ,M,REGIÓN DE LA ARAUCANÍA,MALLECO,POR UN CHILE MEJOR,No aplica,PDC,PARTIDO DEMOCRATA CRISTIANO,8867061,50,Aprueba,Sí,No
SERGIO_ENRIQUE_ESPINOZA_GAVILAN__MALLECO,SERGIO ENRIQUE ESPINOZA GAVILAN,H,REGIÓN DE LA ARAUCANÍA,MALLECO,POR UN CHILE MEJOR,No aplica,PDC,PARTIDO DEMOCRATA CRISTIANO,6190125,15,Aprueba,Sí,No
KIRIA_GLADYS_ANTILEO_MELLA__MALLECO,KIRIA GLADYS ANTILEO MELLA,M,REGIÓN DE LA ARAUCANÍA,MALLECO,POR UN CHILE MEJOR,No aplica,PDC,PARTIDO DEMOCRATA CRISTIANO,3090925,13,Aprueba,Sí,No
IVAN_RODRIGO_ROMAN_MANDUJANO__MALLECO,IVAN RODRIGO ROMAN MANDUJANO,H,REGIÓN DE LA ARAUCANÍA,MALLECO,POR UN CHILE MEJOR,No aplica,IND,INDEPENDIENTES,5000000,18,Aprueba,Sí,No
GISSELA_JAZMIN_FIGUEROA_ERICES__MALLECO,GISSELA JAZMIN FIGUEROA ERICES,M,REGIÓN DE LA ARAUCANÍA,MALLECO,POR UN CHILE MEJOR,No aplica,IND,INDEPENDIENTES,3647119,8,Aprueba con Observaciones,Sí,No
MARLENNE_ANDREA_ARANEDA_CARRASCO__MALLECO,MARLENNE ANDREA ARANEDA CARRASCO,M,REGIÓN DE LA ARAUCANÍA,MALLECO,CENTRO DEMOCRATICO,DEMOCRATAS E INDEPENDIENTES,DEMOCRATAS,PARTIDO DEMOCRATAS CHILE,600000,5,Aprueba,Sí,No
MARIA_JOSEFA_BELEN_ALCAMAN_CURIN__MALLECO,MARIA JOSEFA BELEN ALCAMAN CURIN,M,REGIÓN DE LA ARAUCANÍA,MALLECO,FRENTE AMPLIO,FRENTE AMPLIO E INDEPENDIENTES,FA,FRENTE AMPLIO,3464789,42,Aprueba,Sí,No
EDWIN_DANTE_FIGUEROA_LAGOS__MALLECO,EDWIN DANTE FIGUEROA LAGOS,H,REGIÓN DE LA ARAUCANÍA,MALLECO,FRENTE AMPLIO,FRENTE AMPLIO E INDEPENDIENTES,FA,FRENTE AMPLIO,1655970,10,Aprueba con Observaciones,Sí,No
PATRICIO_BERTRAND_ABDALA_SEPULVEDA__MALLECO,PATRICIO BERTRAND ABDALA SEPULVEDA,H,REGIÓN DE LA ARAUCANÍA,MALLECO,FRENTE AMPLIO,FRENTE AMPLIO E INDEPENDIENTES,FA,FRENTE AMPLIO,1945478,23,Aprueba con Observaciones,Sí,No
ROXANA_PAOLA_MAUREIRA_CACERES__MALLECO,ROXANA PAOLA MAUREIRA CACERES,M,REGIÓN DE LA ARAUCANÍA,MALLECO,FRENTE AMPLIO,FRENTE AMPLIO E INDEPENDIENTES,IND,INDEPENDIENTES,230000,3,Aprueba,Sí,No
FABIAN_ULISES_HUENTENAO_SILVA__MALLECO,FABIAN ULISES HUENTENAO SILVA,H,REGIÓN DE LA ARAUCANÍA,MALLECO,FRENTE AMPLIO,FRENTE AMPLIO E INDEPENDIENTES,IND,INDEPENDIENTES,673370,3,Rechaza,Sí,No
JOSE_EDUARDO_GARCIA_GODOY__MALLECO,JOSE EDUARDO GARCIA GODOY,H,REGIÓN DE LA ARAUCANÍA,MALLECO,CHILE VAMOS UDI - INDEPENDIENTES,No aplica,UDI,UNION DEMOCRATA INDEPENDIENTE,807044,6,Aprueba,Sí,No
JORGE_ESPINOZA_NUALART__MALLECO,JORGE ESPINOZA NUALART,H,REGIÓN DE LA ARAUCANÍA,MALLECO,CHILE VAMOS UDI - INDEPENDIENTES,No aplica,UDI,UNION DEMOCRATA INDEPENDIENTE,667001,8,Aprueba con Observaciones,Sí,No
CRISTIAN_GARCES_GARCES__MALLECO,CRISTIAN GARCES GARCES,H,REGIÓN DE LA ARAUCANÍA,MALLECO,CHILE VAMOS UDI - INDEPENDIENTES,No aplica,IND,INDEPENDIENTES,2273971,5,Aprueba con Observaciones,Sí,No
GISSELA_FUENTES_GALAZ__MALLECO,GISSELA FUENTES GALAZ,M,REGIÓN DE LA ARAUCANÍA,MALLECO,CHILE VAMOS UDI - INDEPENDIENTES,No aplica,IND,INDEPENDIENTES,736810,2,Aprueba,Sí,No
ALEJANDRA_GARDULSKI_PINTO__MALLECO,ALEJANDRA GARDULSKI PINTO,M,REGIÓN DE LA ARAUCANÍA,MALLECO,CHILE VAMOS UDI - INDEPENDIENTES,No aplica,IND,INDEPENDIENTES,2036760,8,Aprueba con Observaciones,Sí,No
FRANCISCO_JAVIER_VENEGAS_PEZO__MALLECO,FRANCISCO JAVIER VENEGAS PEZO,H,REGIÓN DE LA ARAUCANÍA,MALLECO,CHILE VAMOS EVOPOLI - INDEPENDIENTES,No aplica,EVOPOLI,EVOLUCION POLITICA,11442142,10,Aprueba con Observaciones,Sí,No
HUGO_ROLANDO_MONSALVES_CASTILLO__MALLECO,HUGO ROLANDO MONSALVES CASTILLO,H,REGIÓN DE LA ARAUCANÍA,MALLECO,CHILE VAMOS EVOPOLI - INDEPENDIENTES,No aplica,IND,INDEPENDIENTES,5997350,14,Aprueba con Observaciones,Sí,No
ROLANDO_FLORES_FERNANDEZ__MALLECO,ROLANDO FLORES FERNANDEZ,H,REGIÓN DE LA ARAUCANÍA,MALLECO,CHILE VAMOS EVOPOLI - INDEPENDIENTES,No aplica,IND,INDEPENDIENTES,8434531,20,Aprueba con Observaciones,Sí,No
NELSON_JUAN_PABLO_PROUST_SAAVEDRA__MALLECO,NELSON JUAN PABLO PROUST SAAVEDRA,H,REGIÓN DE LA ARAUCANÍA,MALLECO,CHILE VAMOS EVOPOLI - INDEPENDIENTES,No aplica,IND,INDEPENDIENTES,398675,13,Aprueba con Observaciones,Sí,No
ALEJANDRA_MONSO_GUERRATY__MALLECO,ALEJANDRA MONSO GUERRATY,M,REGIÓN DE LA ARAUCANÍA,MALLECO,CHILE VAMOS EVOPOLI - INDEPENDIENTES,No aplica,IND,INDEPENDIENTES,0,0,Rechaza,No,No
NICOLAS_ALBERTO_DONZE_CABEZAS__MALLECO,NICOLAS ALBERTO DONZE CABEZAS,H,REGIÓN DE LA ARAUCANÍA,MALLECO,REPUBLICANOS E INDEPENDIENTES,No aplica,REPUBLICANO,PARTIDO REPUBLICANO DE CHILE,8224059,14,Aprueba con Observaciones,Sí,No
PATRICIA_MEYNET_ROBLES__MALLECO,PATRICIA MEYNET ROBLES,M,REGIÓN DE LA ARAUCANÍA,MALLECO,REPUBLICANOS E INDEPENDIENTES,No aplica,IND,INDEPENDIENTES,8461795,24,Aprueba con Observaciones,Sí,No
YASNA_MARIBEL_NAVARRETE_GUTIERREZ__MALLECO,YASNA MARIBEL NAVARRETE GUTIERREZ,M,REGIÓN DE LA ARAUCANÍA,MALLECO,REPUBLICANOS E INDEPENDIENTES,No aplica,IND,INDEPENDIENTES,15782061,25,Rechaza,Sí,Sí
ALEJANDRO_RODOLFO_REYES_DIAZ__MALLECO,ALEJANDRO RODOLFO REYES DIAZ,H,REGIÓN DE LA ARAUCANÍA,MALLECO,REPUBLICANOS E INDEPENDIENTES,No aplica,IND,INDEPENDIENTES,2009319,14,Aprueba,Sí,No
RICARDO_ANTONIO_SEPULVEDA_CABRERA__MALLECO,RICARDO ANTONIO SEPULVEDA CABRERA,H,REGIÓN DE LA ARAUCANÍA,MALLECO,REPUBLICANOS E INDEPENDIENTES,No aplica,IND,INDEPENDIENTES,2622729,22,Aprueba con Observaciones,Sí,No
SOLEDAD_CUESTA_VALLEJOS__RANCO,SOLEDAD CUESTA VALLEJOS,M,REGIÓN DE LOS RÍOS,RANCO,CHILE VAMOS RENOVACION NACIONAL - INDEPENDIENTES,No aplica,IND,INDEPENDIENTES,14525934,20,Aprueba,Sí,No
CINDY_CATHERINE_DELGADO_REYES__RANCO,CINDY CATHERINE DELGADO REYES,M,REGIÓN DE LOS RÍOS,RANCO,CHILE VAMOS RENOVACION NACIONAL - INDEPENDIENTES,No aplica,IND,INDEPENDIENTES,5565290,20,Aprueba,Sí,No
VICTOR_DELGADO_SOLIS__RANCO,VICTOR DELGADO SOLIS,H,REGIÓN DE LOS RÍOS,RANCO,CHILE VAMOS RENOVACION NACIONAL - INDEPENDIENTES,No aplica,IND,INDEPENDIENTES,5954639,27,Aprueba con Observaciones,Sí,No
CARLOS_ULLOA_HEINSOHN__RANCO,CARLOS ULLOA HEINSOHN,H,REGIÓN DE LOS RÍOS,RANCO,CHILE VAMOS RENOVACION NACIONAL - INDEPENDIENTES,No aplica,IND,INDEPENDIENTES,600000,2,Aprueba con Observaciones,Sí,No
CATALINA_HOTT_SOLIS__RANCO,CATALINA HOTT SOLIS,M,REGIÓN DE LOS RÍOS,RANCO,LO MEJOR PARA CHILE,PPD E INDEPENDIENTES,PPD,PARTIDO POR LA DEMOCRACIA,9264686,67,Aprueba con Observaciones,Sí,No
SARITA_EVELYNE_JARAMILLO_ARISMENDI__RANCO,SARITA EVELYNE JARAMILLO ARISMENDI,M,REGIÓN DE LOS RÍOS,RANCO,LO MEJOR PARA CHILE,PPD E INDEPENDIENTES,PPD,PARTIDO POR LA DEMOCRACIA,9208462,34,Aprueba,Sí,No
SEBASTIAN_ANDRES_GOMEZ_PEREZ__RANCO,SEBASTIAN ANDRES GOMEZ PEREZ,H,REGIÓN DE LOS RÍOS,RANCO,LO MEJOR PARA CHILE,PPD E INDEPENDIENTES,PPD,PARTIDO POR LA DEMOCRACIA,8338367,15,Aprueba con Observaciones,Sí,No
DIEGO_FLORES_VERA__RANCO,DIEGO FLORES VERA,H,REGIÓN DE LOS RÍOS,RANCO,LO MEJOR PARA CHILE,PS E INDEPENDIENTES,PS,PARTIDO SOCIALISTA DE CHILE,6234754,8,Rechaza,Sí,No
YENIFER_ADRIANA_QUILEMPAN_COLIHUINCA__RANCO,YENIFER ADRIANA QUILEMPAN COLIHUINCA,M,REGIÓN DE LOS RÍOS,RANCO,LO MEJOR PARA CHILE,PS E INDEPENDIENTES,IND,INDEPENDIENTES,2464251,10,Aprueba con Observaciones,Sí,No
MARIO_ANDRES_CUMIAN_PORTALES__RANCO,MARIO ANDRES CUMIAN PORTALES,H,REGIÓN DE LOS RÍOS,RANCO,POR UN CHILE MEJOR,No aplica,PDC,PARTIDO DEMOCRATA CRISTIANO,1966263,9,Aprueba con Observaciones,Sí,No
FREDY_LEONEL_DIAZ_ULLOA__RANCO,FREDY LEONEL DIAZ ULLOA,H,REGIÓN DE LOS RÍOS,RANCO,POR UN CHILE MEJOR,No aplica,PDC,PARTIDO DEMOCRATA CRISTIANO,2198315,24,Aprueba,Sí,No
VICTOR_HUGO_HIDALGO_BRUNO__RANCO,VICTOR HUGO HIDALGO BRUNO,H,REGIÓN DE LOS RÍOS,RANCO,POR UN CHILE MEJOR,No aplica,PDC,PARTIDO DEMOCRATA CRISTIANO,1974418,14,Aprueba,Sí,No
CRISTIAN_FERNANDO_CUADRA_AGUILAR__RANCO,CRISTIAN FERNANDO CUADRA AGUILAR,H,REGIÓN DE LOS RÍOS,RANCO,POR UN CHILE MEJOR,No aplica,PDC,PARTIDO DEMOCRATA CRISTIANO,2840851,24,Aprueba,Sí,No
MARISOL_BAHAMONDEZ_MILLAR__RANCO,MARISOL BAHAMONDEZ MILLAR,M,REGIÓN DE LOS RÍOS,RANCO,CHILE VAMOS UDI - INDEPENDIENTES,No aplica,UDI,UNION DEMOCRATA INDEPENDIENTE,7611314,21,Aprueba,Sí,No
VICTOR_MANUEL_VERA_CALFUEQUE__RANCO,VICTOR MANUEL VERA CALFUEQUE,H,REGIÓN DE LOS RÍOS,RANCO,CHILE VAMOS UDI - INDEPENDIENTES,No aplica,UDI,UNION DEMOCRATA INDEPENDIENTE,495500,4,Aprueba con Observaciones,Sí,No
SVEN_VON_MUHLENBROCK_SCHLATTER__RANCO,SVEN VON MUHLENBROCK SCHLATTER,H,REGIÓN DE LOS RÍOS,RANCO,CHILE VAMOS UDI - INDEPENDIENTES,No aplica,IND,INDEPENDIENTES,10435694,87,Aprueba con Observaciones,Sí,No
ALEJANDRO_SABALA_RISCO__RANCO,ALEJANDRO SABALA RISCO,H,REGIÓN DE LOS RÍOS,RANCO,CHILE VAMOS UDI - INDEPENDIENTES,No aplica,IND,INDEPENDIENTES,1480000,6,Aprueba,Sí,No
CARLOS_DUHALDE_SALINAS__RANCO,CARLOS DUHALDE SALINAS,H,REGIÓN DE LOS RÍOS,RANCO,CHILE VAMOS UDI - INDEPENDIENTES,No aplica,IND,INDEPENDIENTES,3873032,20,Aprueba,Sí,No
ANE_LOBETH_CONTRERAS_ALVAREZ__RANCO,ANE LOBETH CONTRERAS ALVAREZ,M,REGIÓN DE LOS RÍOS,RANCO,REPUBLICANOS E INDEPENDIENTES,No aplica,REPUBLICANO,PARTIDO REPUBLICANO DE CHILE,8405649,19,Aprueba,Sí,No
PAULINA_TAMARA_HERNANDEZ_VALDERRAMA__RANCO,PAULINA TAMARA HERNANDEZ VALDERRAMA,M,REGIÓN DE LOS RÍOS,RANCO,REPUBLICANOS E INDEPENDIENTES,No aplica,REPUBLICANO,PARTIDO REPUBLICANO DE CHILE,7666408,30,Aprueba con Observaciones,Sí,No
JUAN_MANUEL_LIZAMA_MUNOZ__RANCO,JUAN MANUEL LIZAMA MUÑOZ,H,REGIÓN DE LOS RÍOS,RANCO,REPUBLICANOS E INDEPENDIENTES,No aplica,REPUBLICANO,PARTIDO REPUBLICANO DE CHILE,857978,16,Aprueba con Observaciones,Sí,No
GENESIS_BETZABETH_GARRIDO_RUIZ__RANCO,GENESIS BETZABETH GARRIDO RUIZ,M,REGIÓN DE LOS RÍOS,RANCO,REPUBLICANOS E INDEPENDIENTES,No aplica,REPUBLICANO,PARTIDO REPUBLICANO DE CHILE,154958,3,Aprueba con Observaciones,Sí,No
JULIO_ISMAEL_AVILA_MANCILLA__RANCO,JULIO ISMAEL AVILA MANCILLA,H,REGIÓN DE LOS RÍOS,RANCO,REPUBLICANOS E INDEPENDIENTES,No aplica,IND,INDEPENDIENTES,348000,7,Aprueba con Observaciones,Sí,No
CARLOS_FELIPE_GALINDO_VIVANCO__VALDIVIA,CARLOS FELIPE GALINDO VIVANCO,H,REGIÓN DE LOS RÍOS,VALDIVIA,TODAS Y TODOS POR CHILE,PARTIDO COMUNISTA E INDEPENDIENTES,PCCH,PARTIDO COMUNISTA DE CHILE,4800000,10,Aprueba con Observaciones,Sí,No
LILITH_VICTORIA_ATENEA_TRUJILLO_ESPINOZA__VALDIVIA,LILITH VICTORIA ATENEA TRUJILLO ESPINOZA,M,REGIÓN DE LOS RÍOS,VALDIVIA,TODAS Y TODOS POR CHILE,PARTIDO COMUNISTA E INDEPENDIENTES,IND,INDEPENDIENTES,2269255,20,Rechaza,Sí,No
CATHERINNE_PAMELA_MARINKOVIC_VASQUEZ__VALDIVIA,CATHERINNE PAMELA MARINKOVIC VASQUEZ,M,REGIÓN DE LOS RÍOS,VALDIVIA,TODAS Y TODOS POR CHILE,PARTIDO COMUNISTA E INDEPENDIENTES,IND,INDEPENDIENTES,2820000,8,Aprueba,Sí,No
JORGE_ADOLFO_SERON_TAPIA__VALDIVIA,JORGE ADOLFO SERON TAPIA,H,REGIÓN DE LOS RÍOS,VALDIVIA,TODAS Y TODOS POR CHILE,PARTIDO COMUNISTA E INDEPENDIENTES,IND,INDEPENDIENTES,1393930,11,Aprueba,Sí,No
MARIBEL_DEL_PILAR_MORENO_PANGUI__VALDIVIA,MARIBEL DEL PILAR MORENO PANGUI,M,REGIÓN DE LOS RÍOS,VALDIVIA,TODAS Y TODOS POR CHILE,PARTIDO COMUNISTA E INDEPENDIENTES,IND,INDEPENDIENTES,1100000,5,Aprueba,Sí,No
FELIPE_RIVERA_ALVAREZ__VALDIVIA,FELIPE RIVERA ALVAREZ,H,REGIÓN DE LOS RÍOS,VALDIVIA,CHILE VAMOS RENOVACION NACIONAL - INDEPENDIENTES,No aplica,RN,RENOVACION NACIONAL,6710970,28,Aprueba,Sí,No
ARIEL_MUNOZ_MORALES__VALDIVIA,ARIEL MUÑOZ MORALES,H,REGIÓN DE LOS RÍOS,VALDIVIA,CHILE VAMOS RENOVACION NACIONAL - INDEPENDIENTES,No aplica,RN,RENOVACION NACIONAL,4406345,24,Aprueba,Sí,No
KARINA_SILVA_FERNANDEZ__VALDIVIA,KARINA SILVA FERNANDEZ,M,REGIÓN DE LOS RÍOS,VALDIVIA,CHILE VAMOS RENOVACION NACIONAL - INDEPENDIENTES,No aplica,RN,RENOVACION NACIONAL,6414000,36,Aprueba,Sí,No
MARIO_SCHMEISSER_MUNOZ__VALDIVIA,MARIO SCHMEISSER MUÑOZ,H,REGIÓN DE LOS RÍOS,VALDIVIA,CHILE VAMOS RENOVACION NACIONAL - INDEPENDIENTES,No aplica,RN,RENOVACION NACIONAL,6571589,8,Rechaza,Sí,No
YOHANA_SILVA_QUEZADA__VALDIVIA,YOHANA SILVA QUEZADA,M,REGIÓN DE LOS RÍOS,VALDIVIA,CHILE VAMOS RENOVACION NACIONAL - INDEPENDIENTES,No aplica,IND,INDEPENDIENTES,1597990,4,Aprueba,Sí,No
CARLOS_RODRIGUEZ_RODRIGUEZ__VALDIVIA,CARLOS RODRIGUEZ RODRIGUEZ,H,REGIÓN DE LOS RÍOS,VALDIVIA,CHILE VAMOS RENOVACION NACIONAL - INDEPENDIENTES,No aplica,IND,INDEPENDIENTES,3646881,11,Aprueba con Observaciones,Sí,No
BEATRIZ_KUNSTMANN_BARBA__VALDIVIA,BEATRIZ KUNSTMANN BARBA,M,REGIÓN DE LOS RÍOS,VALDIVIA,CHILE VAMOS RENOVACION NACIONAL - INDEPENDIENTES,No aplica,IND,INDEPENDIENTES,15219271,55,Aprueba con Observaciones,Sí,Sí
GUILLERMO_MITRE_FLORES__VALDIVIA,GUILLERMO MITRE FLORES,H,REGIÓN DE LOS RÍOS,VALDIVIA,CHILE VAMOS RENOVACION NACIONAL - INDEPENDIENTES,No aplica,IND,INDEPENDIENTES,3792900,15,Aprueba con Observaciones,Sí,No
CLAUDIO_BARRIA_ALVAREZ__VALDIVIA,CLAUDIO BARRIA ALVAREZ,H,REGIÓN DE LOS RÍOS,VALDIVIA,CHILE VAMOS RENOVACION NACIONAL - INDEPENDIENTES,No aplica,IND,INDEPENDIENTES,9459285,44,Aprueba con Observaciones,Sí,No
SEBASTIAN_EDUARDO_DAVILA_HERNANDEZ__VALDIVIA,SEBASTIAN EDUARDO DAVILA HERNANDEZ,H,REGIÓN DE LOS RÍOS,VALDIVIA,TU REGION RADICAL,No aplica,PR,PARTIDO RADICAL DE CHILE,1700000,11,Rechaza,Sí,No
CAROLINA_SUSANA_CARRASCO_BELTRAN__VALDIVIA,CAROLINA SUSANA CARRASCO BELTRAN,M,REGIÓN DE LOS RÍOS,VALDIVIA,TU REGION RADICAL,No aplica,IND,INDEPENDIENTES,450000,1,Aprueba con Observaciones,Sí,No
MARTA_ELISA_VASQUEZ_BREVIS__VALDIVIA,MARTA ELISA VASQUEZ BREVIS,M,REGIÓN DE LOS RÍOS,VALDIVIA,TU REGION RADICAL,No aplica,IND,INDEPENDIENTES,450000,2,Rechaza,Sí,No
ELMO_RODOLFO_HUENUN_HUEITRA__VALDIVIA,ELMO RODOLFO HUENUN HUEITRA,H,REGIÓN DE LOS RÍOS,VALDIVIA,TU REGION RADICAL,No aplica,IND,INDEPENDIENTES,2219790,7,Rechaza,Sí,No
MARIO_RICHARD_MONTECINOS_AROS__VALDIVIA,MARIO RICHARD MONTECINOS AROS,H,REGIÓN DE LOS RÍOS,VALDIVIA,REGIONES VERDES LIBERALES,No aplica,FREVS,FEDERACION REGIONALISTA VERDE SOCIAL,782111,3,Aprueba,Sí,No
ITALO_MARTINEZ_CARVALLO__VALDIVIA,ITALO MARTINEZ CARVALLO,H,REGIÓN DE LOS RÍOS,VALDIVIA,LO MEJOR PARA CHILE,PS E INDEPENDIENTES,PS,PARTIDO SOCIALISTA DE CHILE,11258851,21,Rechaza,Sí,No
NANCY_HERMINDA_SILVA_GUERRERO__VALDIVIA,NANCY HERMINDA SILVA GUERRERO,M,REGIÓN DE LOS RÍOS,VALDIVIA,LO MEJOR PARA CHILE,PS E INDEPENDIENTES,PS,PARTIDO SOCIALISTA DE CHILE,6378943,63,Aprueba,Sí,No
FELIPE_ARMANDO_LOPEZ_PALMA__VALDIVIA,FELIPE ARMANDO LOPEZ PALMA,H,REGIÓN DE LOS RÍOS,VALDIVIA,LO MEJOR PARA CHILE,PS E INDEPENDIENTES,PS,PARTIDO SOCIALISTA DE CHILE,24504957,20,Aprueba con Observaciones,Sí,Sí
LUIS_EDUARDO_AGUILAR_AGUILAR__VALDIVIA,LUIS EDUARDO AGUILAR AGUILAR,H,REGIÓN DE LOS RÍOS,VALDIVIA,LO MEJOR PARA CHILE,PS E INDEPENDIENTES,PS,PARTIDO SOCIALISTA DE CHILE,3322503,34,Aprueba con Observaciones,Sí,No
PEDRO_ROBERTO_PACHECO_SAEZ__VALDIVIA,PEDRO ROBERTO PACHECO SAEZ,H,REGIÓN DE LOS RÍOS,VALDIVIA,LO MEJOR PARA CHILE,PS E INDEPENDIENTES,PS,PARTIDO SOCIALISTA DE CHILE,2945000,5,Aprueba,Sí,No
PATRICIO_ALEJANDRO_FUENTES_PAREDES__VALDIVIA,PATRICIO ALEJANDRO FUENTES PAREDES,H,REGIÓN DE LOS RÍOS,VALDIVIA,LO MEJOR PARA CHILE,PPD E INDEPENDIENTES,PPD,PARTIDO POR LA DEMOCRACIA,4235846,73,Aprueba con Observaciones,Sí,No
MARCOS_RUBEN_CORTEZ_MUNOZ__VALDIVIA,MARCOS RUBEN CORTEZ MUÑOZ,H,REGIÓN DE LOS RÍOS,VALDIVIA,LO MEJOR PARA CHILE,PPD E INDEPENDIENTES,PPD,PARTIDO POR LA DEMOCRACIA,16150234,13,Aprueba con Observaciones,Sí,Sí
JUAN_GABRIEL_HUANQUIL_HUANQUIL__VALDIVIA,JUAN GABRIEL HUANQUIL HUANQUIL,H,REGIÓN DE LOS RÍOS,VALDIVIA,LO MEJOR PARA CHILE,PPD E INDEPENDIENTES,PPD,PARTIDO POR LA DEMOCRACIA,45220,1,Aprueba,Sí,No
CAMILO_ANDRES_VASQUEZ_HERRERA__VALDIVIA,CAMILO ANDRES VASQUEZ HERRERA,H,REGIÓN DE LOS RÍOS,VALDIVIA,LO MEJOR PARA CHILE,PPD E INDEPENDIENTES,IND,INDEPENDIENTES,0,1,Aprueba con Observaciones,No,No
EMMA_PATRICIA_CIFUENTES_BARRIENTOS__VALDIVIA,EMMA PATRICIA CIFUENTES BARRIENTOS,M,REGIÓN DE LOS RÍOS,VALDIVIA,PARTIDO DE LA GENTE E INDEPENDIENTES,No aplica,PDG,PARTIDO DE LA GENTE,3151740,15,Aprueba,Sí,No
FRANCISCO_ISIDORO_HENRIQUEZ_MUNOZ__VALDIVIA,FRANCISCO ISIDORO HENRIQUEZ MUÑOZ,H,REGIÓN DE LOS RÍOS,VALDIVIA,PARTIDO DE LA GENTE E INDEPENDIENTES,No aplica,PDG,PARTIDO DE LA GENTE,4878407,5,Aprueba con Observaciones,Sí,No
GERARDO_EFRAIN_LARA_MARTINEZ__VALDIVIA,GERARDO EFRAIN LARA MARTINEZ,H,REGIÓN DE LOS RÍOS,VALDIVIA,PARTIDO DE LA GENTE E INDEPENDIENTES,No aplica,PDG,PARTIDO DE LA GENTE,1349996,13,Aprueba,Sí,No
HECTOR_MANUEL_PACHECO_RIVERA__VALDIVIA,HECTOR MANUEL PACHECO RIVERA,H,REGIÓN DE LOS RÍOS,VALDIVIA,POR UN CHILE MEJOR,No aplica,PDC,PARTIDO DEMOCRATA CRISTIANO,9605291,57,Aprueba con Observaciones,Sí,No
ANDRES_FERNANDO_BARRIGA_QUEZADA__VALDIVIA,ANDRES FERNANDO BARRIGA QUEZADA,H,REGIÓN DE LOS RÍOS,VALDIVIA,POR UN CHILE MEJOR,No aplica,PDC,PARTIDO DEMOCRATA CRISTIANO,3550000,42,Aprueba con Observaciones,Sí,No
TERESA_GRACIELA_RIVERA_CARRASCO__VALDIVIA,TERESA GRACIELA RIVERA CARRASCO,M,REGIÓN DE LOS RÍOS,VALDIVIA,POR UN CHILE MEJOR,No aplica,PDC,PARTIDO DEMOCRATA CRISTIANO,1853270,10,Aprueba con Observaciones,Sí,No
JACINTO_SEGUNDO_TEJEDA_MUNOZ__VALDIVIA,JACINTO SEGUNDO TEJEDA MUÑOZ,H,REGIÓN DE LOS RÍOS,VALDIVIA,POR UN CHILE MEJOR,No aplica,PDC,PARTIDO DEMOCRATA CRISTIANO,1943690,9,Aprueba con Observaciones,Sí,No
EDUARDO_ALBERTO_VASQUEZ_HUIRIMAN__VALDIVIA,EDUARDO ALBERTO VASQUEZ HUIRIMAN,H,REGIÓN DE LOS RÍOS,VALDIVIA,POR UN CHILE MEJOR,No aplica,PDC,PARTIDO DEMOCRATA CRISTIANO,2002790,6,Aprueba con Observaciones,Sí,No
MARCO_ANTONIO_IDE_MAYORGA__VALDIVIA,MARCO ANTONIO IDE MAYORGA,H,REGIÓN DE LOS RÍOS,VALDIVIA,POR UN CHILE MEJOR,No aplica,IND,INDEPENDIENTES,6767013,29,Aprueba con Observaciones,Sí,No
ERWIN_CONRADO_PACHECO_AYALA__VALDIVIA,ERWIN CONRADO PACHECO AYALA,H,REGIÓN DE LOS RÍOS,VALDIVIA,POR UN CHILE MEJOR,No aplica,IND,INDEPENDIENTES,2170000,5,Aprueba,Sí,No
CAMILA_JOSEFA_DARIM_MATTAR_HAZBUN__VALDIVIA,CAMILA JOSEFA DARIM MATTAR HAZBUN,M,REGIÓN DE LOS RÍOS,VALDIVIA,FRENTE AMPLIO,FRENTE AMPLIO E INDEPENDIENTES,FA,FRENTE AMPLIO,10970061,44,Aprueba,Sí,No
VALERIA_AMANDA_OCHOA_HINRICHSEN__VALDIVIA,VALERIA AMANDA OCHOA HINRICHSEN,M,REGIÓN DE LOS RÍOS,VALDIVIA,FRENTE AMPLIO,FRENTE AMPLIO E INDEPENDIENTES,FA,FRENTE AMPLIO,5971162,71,Aprueba,Sí,No
HECTOR_ALEJANDRO_RAMIREZ_BARRERA__VALDIVIA,HECTOR ALEJANDRO RAMIREZ BARRERA,H,REGIÓN DE LOS RÍOS,VALDIVIA,FRENTE AMPLIO,FRENTE AMPLIO E INDEPENDIENTES,FA,FRENTE AMPLIO,4933341,5,Aprueba,Sí,No
PAULA_CAROLINA_OBANDO_SOTO__VALDIVIA,PAULA CAROLINA OBANDO SOTO,M,REGIÓN DE LOS RÍOS,VALDIVIA,FRENTE AMPLIO,FRENTE AMPLIO E INDEPENDIENTES,FA,FRENTE AMPLIO,912350,5,Rechaza,Sí,No
GONZALO_ERNESTO_GUTIERREZ_SILVA__VALDIVIA,GONZALO ERNESTO GUTIERREZ SILVA,H,REGIÓN DE LOS RÍOS,VALDIVIA,FRENTE AMPLIO,FRENTE AMPLIO E INDEPENDIENTES,FA,FRENTE AMPLIO,1995320,8,Rechaza,Sí,No
LILIAN_DEL_CARMEN_PINO_ILABEL__VALDIVIA,LILIAN DEL CARMEN PINO ILABEL,M,REGIÓN DE LOS RÍOS,VALDIVIA,FRENTE AMPLIO,FRENTE AMPLIO E INDEPENDIENTES,IND,INDEPENDIENTES,2737051,15,Aprueba con Observaciones,Sí,No
JULIO_EDUARDO_CORREA_VERA__VALDIVIA,JULIO EDUARDO CORREA VERA,H,REGIÓN DE LOS RÍOS,VALDIVIA,FRENTE AMPLIO,FRENTE AMPLIO E INDEPENDIENTES,IND,INDEPENDIENTES,0,0,Rechaza,No,No
SERGIO_ALBORNOZ_ASENJO__VALDIVIA,SERGIO ALBORNOZ ASENJO,H,REGIÓN DE LOS RÍOS,VALDIVIA,CHILE VAMOS UDI - INDEPENDIENTES,No aplica,UDI,UNION DEMOCRATA INDEPENDIENTE,13070801,16,Aprueba,Sí,No
FRANCISCO_JAVIER_LARA_ROLOFF__VALDIVIA,FRANCISCO JAVIER LARA ROLOFF,H,REGIÓN DE LOS RÍOS,VALDIVIA,CHILE VAMOS UDI - INDEPENDIENTES,No aplica,IND,INDEPENDIENTES,3770590,19,Aprueba,Sí,No
JUAN_CARLOS_FARIAS_SILVA__VALDIVIA,JUAN CARLOS FARIAS SILVA,H,REGIÓN DE LOS RÍOS,VALDIVIA,CHILE VAMOS UDI - INDEPENDIENTES,No aplica,IND,INDEPENDIENTES,9558623,32,Aprueba,Sí,No
MARCELO_VARGAS_MARTINEZ__VALDIVIA,MARCELO VARGAS MARTINEZ,H,REGIÓN DE LOS RÍOS,VALDIVIA,CHILE VAMOS UDI - INDEPENDIENTES,No aplica,IND,INDEPENDIENTES,950000,14,Aprueba con Observaciones,Sí,No
VIVIANA_MANQUE_MOSQUEIRA__VALDIVIA,VIVIANA MANQUE MOSQUEIRA,M,REGIÓN DE LOS RÍOS,VALDIVIA,CHILE VAMOS UDI - INDEPENDIENTES,No aplica,IND,INDEPENDIENTES,1031890,11,Aprueba con Observaciones,Sí,No
JUAN_MANUEL_TALADRIZ_EGUILUZ__VALDIVIA,JUAN MANUEL TALADRIZ EGUILUZ,H,REGIÓN DE LOS RÍOS,VALDIVIA,CHILE VAMOS EVOPOLI - INDEPENDIENTES,No aplica,EVOPOLI,EVOLUCION POLITICA,6460541,12,Aprueba con Observaciones,Sí,No
CAROLINA_VALESKA_FABRES_ULLOA__VALDIVIA,CAROLINA VALESKA FABRES ULLOA,M,REGIÓN DE LOS RÍOS,VALDIVIA,CHILE VAMOS EVOPOLI - INDEPENDIENTES,No aplica,EVOPOLI,EVOLUCION POLITICA,2798758,5,Aprueba,Sí,No
CRISTIAN_RAUL_DURAN_EGLE__VALDIVIA,CRISTIAN RAUL DURAN EGLE,H,REGIÓN DE LOS RÍOS,VALDIVIA,CHILE VAMOS EVOPOLI - INDEPENDIENTES,No aplica,EVOPOLI,EVOLUCION POLITICA,3175472,15,Aprueba,Sí,No
XIMENA_SOLEDAD_CASTILLO_BECERRA__VALDIVIA,XIMENA SOLEDAD CASTILLO BECERRA,M,REGIÓN DE LOS RÍOS,VALDIVIA,CHILE VAMOS EVOPOLI - INDEPENDIENTES,No aplica,IND,INDEPENDIENTES,6494312,21,Aprueba con Observaciones,Sí,No
LORENA_LEON_HUILIPAN__VALDIVIA,LORENA LEON HUILIPAN,M,REGIÓN DE LOS RÍOS,VALDIVIA,CHILE VAMOS EVOPOLI - INDEPENDIENTES,No aplica,IND,INDEPENDIENTES,1359400,2,Aprueba,Sí,No
SERGIO_ALEJANDRO_DURAN_ARAYA__VALDIVIA,SERGIO ALEJANDRO DURAN ARAYA,H,REGIÓN DE LOS RÍOS,VALDIVIA,CHILE VAMOS EVOPOLI - INDEPENDIENTES,No aplica,IND,INDEPENDIENTES,0,0,Rechaza,No,No
ROLANDO_HERNAN_PENA_RIQUELME__VALDIVIA,ROLANDO HERNAN PEÑA RIQUELME,H,REGIÓN DE LOS RÍOS,VALDIVIA,CHILE VAMOS EVOPOLI - INDEPENDIENTES,No aplica,IND,INDEPENDIENTES,7480570,33,Aprueba con Observaciones,Sí,No
SERGIO_IVAN_VALENZUELA_IRIGOYEN__VALDIVIA,SERGIO IVAN VALENZUELA IRIGOYEN,H,REGIÓN DE LOS RÍOS,VALDIVIA,REPUBLICANOS E INDEPENDIENTES,No aplica,REPUBLICANO,PARTIDO REPUBLICANO DE CHILE,9713042,15,Aprueba,Sí,No
YASNA_DANIKSA_RODRIGUEZ_VILLA__VALDIVIA,YASNA DANIKSA RODRIGUEZ VILLA,M,REGIÓN DE LOS RÍOS,VALDIVIA,REPUBLICANOS E INDEPENDIENTES,No aplica,REPUBLICANO,PARTIDO REPUBLICANO DE CHILE,319632,7,Rechaza,Sí,No
JUAN_MARCELO_RAMIREZ_MATUS__VALDIVIA,JUAN MARCELO RAMIREZ MATUS,H,REGIÓN DE LOS RÍOS,VALDIVIA,REPUBLICANOS E INDEPENDIENTES,No aplica,REPUBLICANO,PARTIDO REPUBLICANO DE CHILE,3565000,16,Rechaza,Sí,No
RICARDO_ARIEL_VARAS_HERRERA__VALDIVIA,RICARDO ARIEL VARAS HERRERA,H,REGIÓN DE LOS RÍOS,VALDIVIA,REPUBLICANOS E INDEPENDIENTES,No aplica,REPUBLICANO,PARTIDO REPUBLICANO DE CHILE,295001,2,Aprueba,Sí,No
NORA_BERTA_URTUBIA_REZZIO__VALDIVIA,NORA BERTA URTUBIA REZZIO,M,REGIÓN DE LOS RÍOS,VALDIVIA,REPUBLICANOS E INDEPENDIENTES,No aplica,REPUBLICANO,PARTIDO REPUBLICANO DE CHILE,1339743,6,Aprueba,Sí,No
LUIS_EDUARDO_TRONCOSO_VALLEJOS__VALDIVIA,LUIS EDUARDO TRONCOSO VALLEJOS,H,REGIÓN DE LOS RÍOS,VALDIVIA,REPUBLICANOS E INDEPENDIENTES,No aplica,IND,INDEPENDIENTES,8938096,31,Aprueba con Observaciones,Sí,No
ANA_VERA_ARANCIBIA__CHILOE,ANA VERA ARANCIBIA,M,REGIÓN DE LOS LAGOS,CHILOE,TODAS Y TODOS POR CHILE,PARTIDO COMUNISTA E INDEPENDIENTES,PCCH,PARTIDO COMUNISTA DE CHILE,5980000,14,Aprueba,Sí,No
FABIAN_ALEJANDRO_BARRIA_VIVAR__CHILOE,FABIAN ALEJANDRO BARRIA VIVAR,H,REGIÓN DE LOS LAGOS,CHILOE,TODAS Y TODOS POR CHILE,PARTIDO COMUNISTA E INDEPENDIENTES,PCCH,PARTIDO COMUNISTA DE CHILE,813565,3,Aprueba con Observaciones,Sí,No
CATALDO_DEL_TRANSITO_MARTINEZ_PARDO__CHILOE,CATALDO DEL TRANSITO MARTINEZ PARDO,H,REGIÓN DE LOS LAGOS,CHILOE,TODAS Y TODOS POR CHILE,PARTIDO COMUNISTA E INDEPENDIENTES,PCCH,PARTIDO COMUNISTA DE CHILE,400000,3,Aprueba,Sí,No
CAROLINA_NINOSKA_MORAGA_SANCHEZ__CHILOE,CAROLINA NINOSKA MORAGA SANCHEZ,M,REGIÓN DE LOS LAGOS,CHILOE,TODAS Y TODOS POR CHILE,PARTIDO COMUNISTA E INDEPENDIENTES,IND,INDEPENDIENTES,700000,4,Aprueba,Sí,No
CLAUDIO_FAUNDEZ_QUINTULLANCA__CHILOE,CLAUDIO FAUNDEZ QUINTULLANCA,H,REGIÓN DE LOS LAGOS,CHILOE,PARTIDO SOCIAL CRISTIANO E INDEPENDIENTES,No aplica,PSC,PARTIDO SOCIAL CRISTIANO,1100400,10,Aprueba con Observaciones,Sí,No
FRANCISCO_CARCAMO_HERNANDEZ__CHILOE,FRANCISCO CARCAMO HERNANDEZ,H,REGIÓN DE LOS LAGOS,CHILOE,CHILE VAMOS RENOVACION NACIONAL - INDEPENDIENTES,No aplica,RN,RENOVACION NACIONAL,5644823,29,Aprueba,Sí,No
JULIO_SANZANA_CARDENAS__CHILOE,JULIO SANZANA CARDENAS,H,REGIÓN DE LOS LAGOS,CHILOE,CHILE VAMOS RENOVACION NACIONAL - INDEPENDIENTES,No aplica,RN,RENOVACION NACIONAL,3890185,6,Rechaza,Sí,No
JUANA_CARDENAS_VEGA__CHILOE,JUANA CARDENAS VEGA,M,REGIÓN DE LOS LAGOS,CHILOE,CHILE VAMOS RENOVACION NACIONAL - INDEPENDIENTES,No aplica,RN,RENOVACION NACIONAL,1949947,31,Aprueba,Sí,No
CLAUDIA_UNICAHUIN_QUINAN__CHILOE,CLAUDIA UNICAHUIN QUINAN,M,REGIÓN DE LOS LAGOS,CHILOE,CHILE VAMOS RENOVACION NACIONAL - INDEPENDIENTES,No aplica,RN,RENOVACION NACIONAL,2644635,31,Aprueba,Sí,No
NELSON_DELGADO_BARRIA__CHILOE,NELSON DELGADO BARRIA,H,REGIÓN DE LOS LAGOS,CHILOE,REGIONES VERDES LIBERALES,No aplica,IND,INDEPENDIENTES,8568732,15,Aprueba con Observaciones,Sí,No
DANIELA_MENDEZ_CARDENAS__CHILOE,DANIELA MENDEZ CARDENAS,M,REGIÓN DE LOS LAGOS,CHILOE,LO MEJOR PARA CHILE,PS E INDEPENDIENTES,PS,PARTIDO SOCIALISTA DE CHILE,2921523,37,Aprueba,Sí,No
JAVIER_CABELLO_STOM__CHILOE,JAVIER CABELLO STOM,H,REGIÓN DE LOS LAGOS,CHILOE,LO MEJOR PARA CHILE,PS E INDEPENDIENTES,IND,INDEPENDIENTES,8273826,36,Aprueba con Observaciones,Sí,No
MIRNA_ORABIA_HERNANDEZ_BARRIA__CHILOE,MIRNA ORABIA HERNANDEZ BARRIA,M,REGIÓN DE LOS LAGOS,CHILOE,LO MEJOR PARA CHILE,PPD E INDEPENDIENTES,PPD,PARTIDO POR LA DEMOCRACIA,0,0,Rechaza,No,No
PEDRO_HERNAN_EUGENIO_LARRERE_CASTRO__CHILOE,PEDRO HERNAN EUGENIO LARRERE CASTRO,H,REGIÓN DE LOS LAGOS,CHILOE,LO MEJOR PARA CHILE,PPD E INDEPENDIENTES,PPD,PARTIDO POR LA DEMOCRACIA,5961598,29,Aprueba con Observaciones,Sí,No
NELSON_HUGO_AGUILA_SERPA__CHILOE,NELSON HUGO AGUILA SERPA,H,REGIÓN DE LOS LAGOS,CHILOE,POR UN CHILE MEJOR,No aplica,PDC,PARTIDO DEMOCRATA CRISTIANO,7522780,14,Aprueba,Sí,No
ELCIRA_ANGELICA_LEHMAN_CORTEZ__CHILOE,ELCIRA ANGELICA LEHMAN CORTEZ,M,REGIÓN DE LOS LAGOS,CHILOE,POR UN CHILE MEJOR,No aplica,PDC,PARTIDO DEMOCRATA CRISTIANO,3391986,66,Aprueba con Observaciones,Sí,No
JOSE_DANIEL_CURUMILLA_GALLARDO__CHILOE,JOSE DANIEL CURUMILLA GALLARDO,H,REGIÓN DE LOS LAGOS,CHILOE,POR UN CHILE MEJOR,No aplica,PDC,PARTIDO DEMOCRATA CRISTIANO,1366000,4,Aprueba con Observaciones,Sí,No
FRANCISCA_MARIANELA_VARAS_ROJAS__CHILOE,FRANCISCA MARIANELA VARAS ROJAS,M,REGIÓN DE LOS LAGOS,CHILOE,FRENTE AMPLIO,FRENTE AMPLIO E INDEPENDIENTES,FA,FRENTE AMPLIO,1640000,5,Aprueba con Observaciones,Sí,No
GABRIEL_ALFONSO_PENA_PENA__CHILOE,GABRIEL ALFONSO PEÑA PEÑA,H,REGIÓN DE LOS LAGOS,CHILOE,FRENTE AMPLIO,FRENTE AMPLIO E INDEPENDIENTES,FA,FRENTE AMPLIO,3879175,21,Aprueba con Observaciones,Sí,No
ROSA_OJEDA_OJEDA__CHILOE,ROSA OJEDA OJEDA,M,REGIÓN DE LOS LAGOS,CHILOE,FRENTE AMPLIO,FRENTE AMPLIO E INDEPENDIENTES,FA,FRENTE AMPLIO,1697600,11,Aprueba con Observaciones,Sí,No
MARIA_JEANNETTE_SANTANA_MARQUEZ__CHILOE,MARIA JEANNETTE SANTANA MARQUEZ,M,REGIÓN DE LOS LAGOS,CHILOE,CHILE VAMOS UDI - INDEPENDIENTES,No aplica,IND,INDEPENDIENTES,10671834,45,Aprueba,Sí,No
JULIO_VARGAS_BRAVO__CHILOE,JULIO VARGAS BRAVO,H,REGIÓN DE LOS LAGOS,CHILOE,CHILE VAMOS UDI - INDEPENDIENTES,No aplica,IND,INDEPENDIENTES,4613066,13,Aprueba con Observaciones,Sí,No
MARIO_SAN_MARTIN_ESPINOZA__CHILOE,MARIO SAN MARTIN ESPINOZA,H,REGIÓN DE LOS LAGOS,CHILOE,CHILE VAMOS UDI - INDEPENDIENTES,No aplica,IND,INDEPENDIENTES,4049444,52,Aprueba con Observaciones,Sí,No
FREDDY_GALLARDO_PACHECO__CHILOE,FREDDY GALLARDO PACHECO,H,REGIÓN DE LOS LAGOS,CHILOE,CHILE VAMOS UDI - INDEPENDIENTES,No aplica,IND,INDEPENDIENTES,0,0,Rechaza,No,No
ALEX_ANTONIO_RITTER_FERNANDEZ__CHILOE,ALEX ANTONIO RITTER FERNANDEZ,H,REGIÓN DE LOS LAGOS,CHILOE,REPUBLICANOS E INDEPENDIENTES,No aplica,REPUBLICANO,PARTIDO REPUBLICANO DE CHILE,5752799,11,Aprueba con Observaciones,Sí,No
PEDRO_ENRIQUE_PERANCHIGUAY_NEUM__CHILOE,PEDRO ENRIQUE PERANCHIGUAY NEUM,H,REGIÓN DE LOS LAGOS,CHILOE,REPUBLICANOS E INDEPENDIENTES,No aplica,REPUBLICANO,PARTIDO REPUBLICANO DE CHILE,0,0,Aprueba,No,No
MARIO_ENRIQUE_GONZALEZ_RODRIGUEZ__CHILOE,MARIO ENRIQUE GONZALEZ RODRIGUEZ,H,REGIÓN DE LOS LAGOS,CHILOE,REPUBLICANOS E INDEPENDIENTES,No aplica,REPUBLICANO,PARTIDO REPUBLICANO DE CHILE,1066169,10,Aprueba con Observaciones,Sí,No
OSCAR_DAMIAN_FERNANDEZ_FERNANDEZ__CHILOE,OSCAR DAMIAN FERNANDEZ FERNANDEZ,H,REGIÓN DE LOS LAGOS,CHILOE,REPUBLICANOS E INDEPENDIENTES,No aplica,REPUBLICANO,PARTIDO REPUBLICANO DE CHILE,0,0,Rechaza,No,No
ALEXIS_SALVADOR_OSSES_MOYANO__LLANQUIHUE,ALEXIS SALVADOR OSSES MOYANO,H,REGIÓN DE LOS LAGOS,LLANQUIHUE,TODAS Y TODOS POR CHILE,PARTIDO COMUNISTA E INDEPENDIENTES,PCCH,PARTIDO COMUNISTA DE CHILE,9533990,15,Aprueba con Observaciones,Sí,No
DANTE_VLADIMIR_RIOS_ESCOBAR__LLANQUIHUE,DANTE VLADIMIR RIOS ESCOBAR,H,REGIÓN DE LOS LAGOS,LLANQUIHUE,TODAS Y TODOS POR CHILE,PARTIDO COMUNISTA E INDEPENDIENTES,PCCH,PARTIDO COMUNISTA DE CHILE,835930,8,Aprueba con Observaciones,Sí,No
TITO_GOMEZ_MARQUEZ__LLANQUIHUE,TITO GOMEZ MARQUEZ,H,REGIÓN DE LOS LAGOS,LLANQUIHUE,CHILE VAMOS RENOVACION NACIONAL - INDEPENDIENTES,No aplica,RN,RENOVACION NACIONAL,6900155,37,Aprueba,Sí,No
CESAR_NEGRON_BARRIA__LLANQUIHUE,CESAR NEGRON BARRIA,H,REGIÓN DE LOS LAGOS,LLANQUIHUE,CHILE VAMOS RENOVACION NACIONAL - INDEPENDIENTES,No aplica,RN,RENOVACION NACIONAL,15792175,21,Rechaza,Sí,Sí
MARIBEL_VARAS_LONCUANTE__LLANQUIHUE,MARIBEL VARAS LONCUANTE,M,REGIÓN DE LOS LAGOS,LLANQUIHUE,CHILE VAMOS RENOVACION NACIONAL - INDEPENDIENTES,No aplica,RN,RENOVACION NACIONAL,3264999,23,Aprueba,Sí,No
LUIS_AMERICO_TOLEDO_MORA__LLANQUIHUE,LUIS AMERICO TOLEDO MORA,H,REGIÓN DE LOS LAGOS,LLANQUIHUE,CHILE VAMOS RENOVACION NACIONAL - INDEPENDIENTES,No aplica,RN,RENOVACION NACIONAL,12369708,43,Aprueba,Sí,No
JOSE_EULOGIO_ABURTO_ANCAPAN__LLANQUIHUE,JOSE EULOGIO ABURTO ANCAPAN,H,REGIÓN DE LOS LAGOS,LLANQUIHUE,CHILE VAMOS RENOVACION NACIONAL - INDEPENDIENTES,No aplica,RN,RENOVACION NACIONAL,2193460,32,Aprueba con Observaciones,Sí,No
JORGE_GUEVARA_STEPHENS__LLANQUIHUE,JORGE GUEVARA STEPHENS,H,REGIÓN DE LOS LAGOS,LLANQUIHUE,CHILE VAMOS RENOVACION NACIONAL - INDEPENDIENTES,No aplica,IND,INDEPENDIENTES,1549711,117,Rechaza,Sí,No
CLAUDIO_ANTONIO_CID_JARA__LLANQUIHUE,CLAUDIO ANTONIO CID JARA,H,REGIÓN DE LOS LAGOS,LLANQUIHUE,REGIONES VERDES LIBERALES,No aplica,FREVS,FEDERACION REGIONALISTA VERDE SOCIAL,6256648,9,Aprueba,Sí,No
JAIME_ROBERTO_FONTBONA_TORRES__LLANQUIHUE,JAIME ROBERTO FONTBONA TORRES,H,REGIÓN DE LOS LAGOS,LLANQUIHUE,REGIONES VERDES LIBERALES,No aplica,PL,PARTIDO LIBERAL DE CHILE,3054000,23,Rechaza,Sí,No
OSCAR_ANDRES_AGUILERA_ESPARZA__LLANQUIHUE,OSCAR ANDRES AGUILERA ESPARZA,H,REGIÓN DE LOS LAGOS,LLANQUIHUE,REGIONES VERDES LIBERALES,No aplica,PL,PARTIDO LIBERAL DE CHILE,702000,2,Aprueba,Sí,No
JESSICA_BEATRIZ_DROPPELMANN_ROSAS__LLANQUIHUE,JESSICA BEATRIZ DROPPELMANN ROSAS,M,REGIÓN DE LOS LAGOS,LLANQUIHUE,REGIONES VERDES LIBERALES,No aplica,IND,INDEPENDIENTES,5134011,11,Aprueba,Sí,No
TANIA_MARIBEL_BERMUDEZ_OYARZO__LLANQUIHUE,TANIA MARIBEL BERMUDEZ OYARZO,M,REGIÓN DE LOS LAGOS,LLANQUIHUE,REGIONES VERDES LIBERALES,No aplica,IND,INDEPENDIENTES,1800650,3,Aprueba,Sí,No
PEDRO_OSVALDO_ABURTO_MANCILLA__LLANQUIHUE,PEDRO OSVALDO ABURTO MANCILLA,H,REGIÓN DE LOS LAGOS,LLANQUIHUE,LO MEJOR PARA CHILE,PS E INDEPENDIENTES,PS,PARTIDO SOCIALISTA DE CHILE,3532274,39,Aprueba,Sí,No
GIOVANNI_RIFFO_FICA__LLANQUIHUE,GIOVANNI RIFFO FICA,H,REGIÓN DE LOS LAGOS,LLANQUIHUE,LO MEJOR PARA CHILE,PS E INDEPENDIENTES,PS,PARTIDO SOCIALISTA DE CHILE,3366828,107,Aprueba con Observaciones,Sí,No
CARLOS_HERNANDEZ_CARDENAS__LLANQUIHUE,CARLOS HERNANDEZ CARDENAS,H,REGIÓN DE LOS LAGOS,LLANQUIHUE,LO MEJOR PARA CHILE,PS E INDEPENDIENTES,PS,PARTIDO SOCIALISTA DE CHILE,2981097,4,Rechaza,Sí,No
LUIS_BECERRA_VARGAS__LLANQUIHUE,LUIS BECERRA VARGAS,H,REGIÓN DE LOS LAGOS,LLANQUIHUE,LO MEJOR PARA CHILE,PS E INDEPENDIENTES,IND,INDEPENDIENTES,6884892,32,Aprueba,Sí,No
ENRIQUE_ERNESTO_CARDENAS_INOSTROZA__LLANQUIHUE,ENRIQUE ERNESTO CARDENAS INOSTROZA,H,REGIÓN DE LOS LAGOS,LLANQUIHUE,LO MEJOR PARA CHILE,PPD E INDEPENDIENTES,PPD,PARTIDO POR LA DEMOCRACIA,0,0,Aprueba con Observaciones,No,No
KARLA_ANDREA_ALVAREZ_VILLALOBOS__LLANQUIHUE,KARLA ANDREA ALVAREZ VILLALOBOS,M,REGIÓN DE LOS LAGOS,LLANQUIHUE,LO MEJOR PARA CHILE,PPD E INDEPENDIENTES,PPD,PARTIDO POR LA DEMOCRACIA,1290593,40,Aprueba,Sí,No
JORGE_ALBERTO_GOMEZ_ARANEDA__LLANQUIHUE,JORGE ALBERTO GOMEZ ARANEDA,H,REGIÓN DE LOS LAGOS,LLANQUIHUE,LO MEJOR PARA CHILE,PPD E INDEPENDIENTES,PPD,PARTIDO POR LA DEMOCRACIA,0,0,Rechaza,No,No
FRANCISCO_JAVIER_MARCOS_RUIZ__LLANQUIHUE,FRANCISCO JAVIER MARCOS RUIZ,H,REGIÓN DE LOS LAGOS,LLANQUIHUE,PARTIDO DE LA GENTE E INDEPENDIENTES,No aplica,PDG,PARTIDO DE LA GENTE,2231381,5,Rechaza,Sí,No
CAROLINA_SILVANA_FIGUEROA_OLAVE__LLANQUIHUE,CAROLINA SILVANA FIGUEROA OLAVE,M,REGIÓN DE LOS LAGOS,LLANQUIHUE,PARTIDO DE LA GENTE E INDEPENDIENTES,No aplica,PDG,PARTIDO DE LA GENTE,9223752,24,Aprueba,Sí,No
CRISTIAN_PATRICIO_FRIAS_QUINTUL__LLANQUIHUE,CRISTIAN PATRICIO FRIAS QUINTUL,H,REGIÓN DE LOS LAGOS,LLANQUIHUE,PARTIDO DE LA GENTE E INDEPENDIENTES,No aplica,PDG,PARTIDO DE LA GENTE,511237,11,Aprueba con Observaciones,Sí,No
CRISTIAN_MAURICIO_VARGAS_YANEZ__LLANQUIHUE,CRISTIAN MAURICIO VARGAS YAÑEZ,H,REGIÓN DE LOS LAGOS,LLANQUIHUE,PARTIDO DE LA GENTE E INDEPENDIENTES,No aplica,PDG,PARTIDO DE LA GENTE,3495937,18,Aprueba con Observaciones,Sí,No
PEDRO_GUILLERMO_SILVA_AGUILA__LLANQUIHUE,PEDRO GUILLERMO SILVA AGUILA,H,REGIÓN DE LOS LAGOS,LLANQUIHUE,PARTIDO DE LA GENTE E INDEPENDIENTES,No aplica,PDG,PARTIDO DE LA GENTE,630000,9,Aprueba,Sí,No
RICHARD_JESUS_CRUCES_OJEDA__LLANQUIHUE,RICHARD JESUS CRUCES OJEDA,H,REGIÓN DE LOS LAGOS,LLANQUIHUE,PARTIDO DE LA GENTE E INDEPENDIENTES,No aplica,IND,INDEPENDIENTES,3931853,18,Aprueba con Observaciones,Sí,No
RICHARD_ISAAK_ESPINOZA_PERALTA__LLANQUIHUE,RICHARD ISAAK ESPINOZA PERALTA,H,REGIÓN DE LOS LAGOS,LLANQUIHUE,PARTIDO DE LA GENTE E INDEPENDIENTES,No aplica,IND,INDEPENDIENTES,300000,1,Aprueba con Observaciones,Sí,No
JORDI_VALENZUELA_MUNOZ__LLANQUIHUE,JORDI VALENZUELA MUÑOZ,H,REGIÓN DE LOS LAGOS,LLANQUIHUE,POR UN CHILE MEJOR,No aplica,PDC,PARTIDO DEMOCRATA CRISTIANO,0,0,Rechaza,No,No
PATRICIA_DEL_CARMEN_GALLARDO_BREUEL__LLANQUIHUE,PATRICIA DEL CARMEN GALLARDO BREUEL,M,REGIÓN DE LOS LAGOS,LLANQUIHUE,POR UN CHILE MEJOR,No aplica,PDC,PARTIDO DEMOCRATA CRISTIANO,3756323,38,Aprueba,Sí,No
PATRICIO_RENE_MANCILLA_VELASQUEZ__LLANQUIHUE,PATRICIO RENE MANCILLA VELASQUEZ,H,REGIÓN DE LOS LAGOS,LLANQUIHUE,POR UN CHILE MEJOR,No aplica,PDC,PARTIDO DEMOCRATA CRISTIANO,2018499,10,Aprueba,Sí,No
JULIO_CARCAMO_GOMEZ__LLANQUIHUE,JULIO CARCAMO GOMEZ,H,REGIÓN DE LOS LAGOS,LLANQUIHUE,POR UN CHILE MEJOR,No aplica,PDC,PARTIDO DEMOCRATA CRISTIANO,5650670,11,Aprueba,Sí,No
JORGE_BRUNO_KEIM_GUTIERREZ__LLANQUIHUE,JORGE BRUNO KEIM GUTIERREZ,H,REGIÓN DE LOS LAGOS,LLANQUIHUE,CENTRO DEMOCRATICO,AMARILLOS E INDEPENDIENTES,AMARILLOS,MOVIMIENTO AMARILLOS POR CHILE,6466404,29,Rechaza,Sí,No
ENRIQUE_ANTONIO_PEREZ_RAMIREZ__LLANQUIHUE,ENRIQUE ANTONIO PEREZ RAMIREZ,H,REGIÓN DE LOS LAGOS,LLANQUIHUE,CENTRO DEMOCRATICO,AMARILLOS E INDEPENDIENTES,AMARILLOS,MOVIMIENTO AMARILLOS POR CHILE,270884,6,Aprueba,Sí,No
MARION_SUSANA_FERNANDEZ_LONCON__LLANQUIHUE,MARION SUSANA FERNANDEZ LONCON,M,REGIÓN DE LOS LAGOS,LLANQUIHUE,FRENTE AMPLIO,FRENTE AMPLIO E INDEPENDIENTES,FA,FRENTE AMPLIO,6667340,28,Aprueba con Observaciones,Sí,No
ANA_GONZALEZ_CARO__LLANQUIHUE,ANA GONZALEZ CARO,M,REGIÓN DE LOS LAGOS,LLANQUIHUE,FRENTE AMPLIO,FRENTE AMPLIO E INDEPENDIENTES,FA,FRENTE AMPLIO,4221587,5,Rechaza,Sí,No
VIVIANA_ARIETH_SAEZ_RUIZ__LLANQUIHUE,VIVIANA ARIETH SAEZ RUIZ,M,REGIÓN DE LOS LAGOS,LLANQUIHUE,FRENTE AMPLIO,FRENTE AMPLIO E INDEPENDIENTES,FA,FRENTE AMPLIO,0,0,Rechaza,No,No
GABRIEL_ORLANDO_PEREZ_GONZALEZ__LLANQUIHUE,GABRIEL ORLANDO PEREZ GONZALEZ,H,REGIÓN DE LOS LAGOS,LLANQUIHUE,FRENTE AMPLIO,FRENTE AMPLIO E INDEPENDIENTES,FA,FRENTE AMPLIO,11884971,70,Aprueba con Observaciones,Sí,No
MARIO_ADRIAN_MEDINA_TOLEDO__LLANQUIHUE,MARIO ADRIAN MEDINA TOLEDO,H,REGIÓN DE LOS LAGOS,LLANQUIHUE,FRENTE AMPLIO,FRENTE AMPLIO E INDEPENDIENTES,IND,INDEPENDIENTES,1434992,11,Aprueba,Sí,No
VERONICA_PAOLA_ASTUDILLO_GONZALEZ__LLANQUIHUE,VERONICA PAOLA ASTUDILLO GONZALEZ,M,REGIÓN DE LOS LAGOS,LLANQUIHUE,FRENTE AMPLIO,FRENTE AMPLIO E INDEPENDIENTES,IND,INDEPENDIENTES,3826816,68,Aprueba,Sí,No
MONICA_NAVARRO_BUSTAMANTE__LLANQUIHUE,MONICA NAVARRO BUSTAMANTE,M,REGIÓN DE LOS LAGOS,LLANQUIHUE,CHILE VAMOS UDI - INDEPENDIENTES,No aplica,UDI,UNION DEMOCRATA INDEPENDIENTE,7304349,103,Rechaza,Sí,No
CARLOS_VIDAL_ALVARADO__LLANQUIHUE,CARLOS VIDAL ALVARADO,H,REGIÓN DE LOS LAGOS,LLANQUIHUE,CHILE VAMOS UDI - INDEPENDIENTES,No aplica,UDI,UNION DEMOCRATA INDEPENDIENTE,740000,7,Aprueba,Sí,No
RODRIGO_ARISMENDI_VALENZUELA__LLANQUIHUE,RODRIGO ARISMENDI VALENZUELA,H,REGIÓN DE LOS LAGOS,LLANQUIHUE,CHILE VAMOS UDI - INDEPENDIENTES,No aplica,IND,INDEPENDIENTES,15731059,50,Aprueba con Observaciones,Sí,Sí
SERGIO_ZAMBRANO_URIBE__LLANQUIHUE,SERGIO ZAMBRANO URIBE,H,REGIÓN DE LOS LAGOS,LLANQUIHUE,CHILE VAMOS UDI - INDEPENDIENTES,No aplica,IND,INDEPENDIENTES,11314831,61,Aprueba,Sí,No
ANA_GUICHATUREO_ALMONACID__LLANQUIHUE,ANA GUICHATUREO ALMONACID,M,REGIÓN DE LOS LAGOS,LLANQUIHUE,CHILE VAMOS UDI - INDEPENDIENTES,No aplica,IND,INDEPENDIENTES,4862075,36,Aprueba con Observaciones,Sí,No
VERONICA_GARCES_BARRERA__LLANQUIHUE,VERONICA GARCES BARRERA,M,REGIÓN DE LOS LAGOS,LLANQUIHUE,CHILE VAMOS UDI - INDEPENDIENTES,No aplica,IND,INDEPENDIENTES,1962884,34,Aprueba con Observaciones,Sí,No
EDUARDO_SALAZAR_RETAMALES__LLANQUIHUE,EDUARDO SALAZAR RETAMALES,H,REGIÓN DE LOS LAGOS,LLANQUIHUE,CHILE VAMOS UDI - INDEPENDIENTES,No aplica,IND,INDEPENDIENTES,6978066,64,Aprueba,Sí,No
FERNANDO_GUNCKEL_BORQUEZ__LLANQUIHUE,FERNANDO GUNCKEL BORQUEZ,H,REGIÓN DE LOS LAGOS,LLANQUIHUE,CHILE VAMOS UDI - INDEPENDIENTES,No aplica,IND,INDEPENDIENTES,3769801,33,Aprueba,Sí,No
MANUEL_RODRIGO_VERGARA_TRINCADO__LLANQUIHUE,MANUEL RODRIGO VERGARA TRINCADO,H,REGIÓN DE LOS LAGOS,LLANQUIHUE,CHILE VAMOS EVOPOLI - INDEPENDIENTES,No aplica,EVOPOLI,EVOLUCION POLITICA,1926985,15,Aprueba,Sí,No
MARIA_PIA_BRAVO_RUIZ__LLANQUIHUE,MARIA PIA BRAVO RUIZ,M,REGIÓN DE LOS LAGOS,LLANQUIHUE,CHILE VAMOS EVOPOLI - INDEPENDIENTES,No aplica,EVOPOLI,EVOLUCION POLITICA,2114100,4,Aprueba,Sí,No
CAMILA_ANDREA_JORDAN_LAPOSTOL__LLANQUIHUE,CAMILA ANDREA JORDAN LAPOSTOL,M,REGIÓN DE LOS LAGOS,LLANQUIHUE,CHILE VAMOS EVOPOLI - INDEPENDIENTES,No aplica,IND,INDEPENDIENTES,909900,8,Aprueba,Sí,No
EDUARDO_ANDRES_CASANUEVA_BASCUNAN__LLANQUIHUE,EDUARDO ANDRES CASANUEVA BASCUÑAN,H,REGIÓN DE LOS LAGOS,LLANQUIHUE,CHILE VAMOS EVOPOLI - INDEPENDIENTES,No aplica,IND,INDEPENDIENTES,1490113,28,Aprueba con Observaciones,Sí,No
LUIS_ALBERTO_HERNANDEZ_SOTO__LLANQUIHUE,LUIS ALBERTO HERNANDEZ SOTO,H,REGIÓN DE LOS LAGOS,LLANQUIHUE,REPUBLICANOS E INDEPENDIENTES,No aplica,REPUBLICANO,PARTIDO REPUBLICANO DE CHILE,9584183,31,Aprueba,Sí,No
JUAN_RICARDO_HOLLSTEIN_TURK__LLANQUIHUE,JUAN RICARDO HOLLSTEIN TURK,H,REGIÓN DE LOS LAGOS,LLANQUIHUE,REPUBLICANOS E INDEPENDIENTES,No aplica,REPUBLICANO,PARTIDO REPUBLICANO DE CHILE,0,0,Aprueba,No,No
LUIS_ALEJANDRO_NOVOA_ROJAS__LLANQUIHUE,LUIS ALEJANDRO NOVOA ROJAS,H,REGIÓN DE LOS LAGOS,LLANQUIHUE,REPUBLICANOS E INDEPENDIENTES,No aplica,REPUBLICANO,PARTIDO REPUBLICANO DE CHILE,8028035,28,Aprueba con Observaciones,Sí,No
YASNA_NICOLE_VASQUEZ_VIDAL__LLANQUIHUE,YASNA NICOLE VASQUEZ VIDAL,M,REGIÓN DE LOS LAGOS,LLANQUIHUE,REPUBLICANOS E INDEPENDIENTES,No aplica,REPUBLICANO,PARTIDO REPUBLICANO DE CHILE,13966792,16,Aprueba con Observaciones,Sí,No
LUIS_ALFREDO_PARIS_UNQUEN__LLANQUIHUE,LUIS ALFREDO PARIS UNQUEN,H,REGIÓN DE LOS LAGOS,LLANQUIHUE,REPUBLICANOS E INDEPENDIENTES,No aplica,REPUBLICANO,PARTIDO REPUBLICANO DE CHILE,40000,2,Aprueba,Sí,No
PAMELA_ANDREA_MATURANA_MENESES__OSORNO,PAMELA ANDREA MATURANA MENESES,M,REGIÓN DE LOS LAGOS,OSORNO,TODAS Y TODOS POR CHILE,PARTIDO COMUNISTA E INDEPENDIENTES,PCCH,PARTIDO COMUNISTA DE CHILE,3603680,10,Aprueba,Sí,No
MARTA_ESCHMANN_POBLETE__OSORNO,MARTA ESCHMANN POBLETE,M,REGIÓN DE LOS LAGOS,OSORNO,PARTIDO SOCIAL CRISTIANO E INDEPENDIENTES,No aplica,PSC,PARTIDO SOCIAL CRISTIANO,1700400,4,Aprueba,Sí,No
CLAUDIO_KUNZ_AICHELE__OSORNO,CLAUDIO KUNZ AICHELE,H,REGIÓN DE LOS LAGOS,OSORNO,PARTIDO SOCIAL CRISTIANO E INDEPENDIENTES,No aplica,PSC,PARTIDO SOCIAL CRISTIANO,290400,2,Aprueba con Observaciones,Sí,No
ROSA_MARLENE_OJEDA_OJEDA__OSORNO,ROSA MARLENE OJEDA OJEDA,M,REGIÓN DE LOS LAGOS,OSORNO,PARTIDO SOCIAL CRISTIANO E INDEPENDIENTES,No aplica,IND,INDEPENDIENTES,3515000,5,Aprueba con Observaciones,Sí,No
ALEXIS_CASANOVA_CARDENAS__OSORNO,ALEXIS CASANOVA CARDENAS,H,REGIÓN DE LOS LAGOS,OSORNO,CHILE VAMOS RENOVACION NACIONAL - INDEPENDIENTES,No aplica,RN,RENOVACION NACIONAL,11337855,21,Aprueba,Sí,No
ALEX_MEEDER_THIERS__OSORNO,ALEX MEEDER THIERS,H,REGIÓN DE LOS LAGOS,OSORNO,CHILE VAMOS RENOVACION NACIONAL - INDEPENDIENTES,No aplica,RN,RENOVACION NACIONAL,11173776,11,Aprueba con Observaciones,Sí,No
DANIELA_FUENTEALBA_DELGADO__OSORNO,DANIELA FUENTEALBA DELGADO,M,REGIÓN DE LOS LAGOS,OSORNO,CHILE VAMOS RENOVACION NACIONAL - INDEPENDIENTES,No aplica,IND,INDEPENDIENTES,1600000,5,Aprueba con Observaciones,Sí,No
CRISTOBAL_GABRIEL_VIDAL_VILCHES__OSORNO,CRISTOBAL GABRIEL VIDAL VILCHES,H,REGIÓN DE LOS LAGOS,OSORNO,REGIONES VERDES LIBERALES,No aplica,IND,INDEPENDIENTES,4031158,18,Aprueba con Observaciones,Sí,No
OSVALDO_IVAN_HERNANDEZ_KRAUSE__OSORNO,OSVALDO IVAN HERNANDEZ KRAUSE,H,REGIÓN DE LOS LAGOS,OSORNO,REGIONES VERDES LIBERALES,No aplica,IND,INDEPENDIENTES,5764270,7,Aprueba,Sí,No
MARCIA_PAMELA_PENA_SCHENCKE__OSORNO,MARCIA PAMELA PEÑA SCHENCKE,M,REGIÓN DE LOS LAGOS,OSORNO,REGIONES VERDES LIBERALES,No aplica,IND,INDEPENDIENTES,1423000,4,Aprueba,Sí,No
FRANCISCO_REYES_CASTRO__OSORNO,FRANCISCO REYES CASTRO,H,REGIÓN DE LOS LAGOS,OSORNO,LO MEJOR PARA CHILE,PS E INDEPENDIENTES,PS,PARTIDO SOCIALISTA DE CHILE,19944743,34,Aprueba con Observaciones,Sí,Sí
MARIO_VARGAS_VIDAL__OSORNO,MARIO VARGAS VIDAL,H,REGIÓN DE LOS LAGOS,OSORNO,LO MEJOR PARA CHILE,PS E INDEPENDIENTES,PS,PARTIDO SOCIALISTA DE CHILE,7457000,9,Aprueba,Sí,No
FRANCISCO_JAVIER_PAREDES_MORAGA__OSORNO,FRANCISCO JAVIER PAREDES MORAGA,H,REGIÓN DE LOS LAGOS,OSORNO,PARTIDO DE LA GENTE E INDEPENDIENTES,No aplica,PDG,PARTIDO DE LA GENTE,1450000,6,Rechaza,Sí,No
YANINA_ANDREA_HERRERA_OYARZO__OSORNO,YANINA ANDREA HERRERA OYARZO,M,REGIÓN DE LOS LAGOS,OSORNO,PARTIDO DE LA GENTE E INDEPENDIENTES,No aplica,PDG,PARTIDO DE LA GENTE,759999,3,Aprueba,Sí,No
ANGELICA_MARIA_HENRIQUEZ_FERNANDEZ__OSORNO,ANGELICA MARIA HENRIQUEZ FERNANDEZ,M,REGIÓN DE LOS LAGOS,OSORNO,PARTIDO DE LA GENTE E INDEPENDIENTES,No aplica,PDG,PARTIDO DE LA GENTE,1309856,11,Aprueba con Observaciones,Sí,No
EMILIO_FABIAN_CRUZ_ZAMORA__OSORNO,EMILIO FABIAN CRUZ ZAMORA,H,REGIÓN DE LOS LAGOS,OSORNO,PARTIDO DE LA GENTE E INDEPENDIENTES,No aplica,PDG,PARTIDO DE LA GENTE,850000,11,Aprueba con Observaciones,Sí,No
NICOLAS_IGNACIO_SIERRA_GONZALEZ__OSORNO,NICOLAS IGNACIO SIERRA GONZALEZ,H,REGIÓN DE LOS LAGOS,OSORNO,PARTIDO DE LA GENTE E INDEPENDIENTES,No aplica,PDG,PARTIDO DE LA GENTE,861857,5,Aprueba con Observaciones,Sí,No
ALICIA_ISABEL_ROSAS_JARPA__OSORNO,ALICIA ISABEL ROSAS JARPA,M,REGIÓN DE LOS LAGOS,OSORNO,PARTIDO DE LA GENTE E INDEPENDIENTES,No aplica,IND,INDEPENDIENTES,15345,1,Aprueba con Observaciones,Sí,No
BERNARDO_RENE_BARRIA_ANGULO__OSORNO,BERNARDO RENE BARRIA ANGULO,H,REGIÓN DE LOS LAGOS,OSORNO,POR UN CHILE MEJOR,No aplica,PDC,PARTIDO DEMOCRATA CRISTIANO,11430001,32,Aprueba,Sí,No
LORENA_ANGELICA_CARRILLO_AGUILAR__OSORNO,LORENA ANGELICA CARRILLO AGUILAR,M,REGIÓN DE LOS LAGOS,OSORNO,POR UN CHILE MEJOR,No aplica,PDC,PARTIDO DEMOCRATA CRISTIANO,2809241,15,Aprueba,Sí,No
DIEGO_LEONARDO_MOLL_ROSAS__OSORNO,DIEGO LEONARDO MOLL ROSAS,H,REGIÓN DE LOS LAGOS,OSORNO,POR UN CHILE MEJOR,No aplica,PDC,PARTIDO DEMOCRATA CRISTIANO,7107106,41,Rechaza,Sí,No
JAIME_IGNACIO_FIGUEROA_LEVIGUAN__OSORNO,JAIME IGNACIO FIGUEROA LEVIGUAN,H,REGIÓN DE LOS LAGOS,OSORNO,FRENTE AMPLIO,FRENTE AMPLIO E INDEPENDIENTES,FA,FRENTE AMPLIO,7361154,54,Aprueba,Sí,No
ARACELLY_FERNANDA_CHACON_GARCIA__OSORNO,ARACELLY FERNANDA CHACON GARCIA,M,REGIÓN DE LOS LAGOS,OSORNO,FRENTE AMPLIO,FRENTE AMPLIO E INDEPENDIENTES,FA,FRENTE AMPLIO,1068575,5,Aprueba con Observaciones,Sí,No
CESAR_ANTONIO_TEJEDA_GOMEZ__OSORNO,CESAR ANTONIO TEJEDA GOMEZ,H,REGIÓN DE LOS LAGOS,OSORNO,FRENTE AMPLIO,FRENTE AMPLIO E INDEPENDIENTES,FA,FRENTE AMPLIO,1155000,6,Aprueba,Sí,No
CAROLINA_CELESTE_CARDENAS_ILLAPAN__OSORNO,CAROLINA CELESTE CARDENAS ILLAPAN,M,REGIÓN DE LOS LAGOS,OSORNO,FRENTE AMPLIO,FRENTE AMPLIO E INDEPENDIENTES,IND,INDEPENDIENTES,500000,1,Aprueba,Sí,No
ANDREA_ITURRIAGA_HEWSTONE__OSORNO,ANDREA ITURRIAGA HEWSTONE,M,REGIÓN DE LOS LAGOS,OSORNO,CHILE VAMOS UDI - INDEPENDIENTES,No aplica,UDI,UNION DEMOCRATA INDEPENDIENTE,5512331,29,Aprueba con Observaciones,Sí,No
GERARDO_MANZANARES_GARRIDO__OSORNO,GERARDO MANZANARES GARRIDO,H,REGIÓN DE LOS LAGOS,OSORNO,CHILE VAMOS UDI - INDEPENDIENTES,No aplica,UDI,UNION DEMOCRATA INDEPENDIENTE,2200000,16,Aprueba con Observaciones,Sí,No
CARLOS_SCHWALM_URZUA__OSORNO,CARLOS SCHWALM URZUA,H,REGIÓN DE LOS LAGOS,OSORNO,CHILE VAMOS UDI - INDEPENDIENTES,No aplica,IND,INDEPENDIENTES,11419442,13,Aprueba con Observaciones,Sí,No
ALEX_GUZMAN_AHENGO__OSORNO,ALEX GUZMAN AHENGO,H,REGIÓN DE LOS LAGOS,OSORNO,CHILE VAMOS UDI - INDEPENDIENTES,No aplica,IND,INDEPENDIENTES,3609143,15,Aprueba con Observaciones,Sí,No
PABLO_SIDES_ROJAS__OSORNO,PABLO SIDES ROJAS,H,REGIÓN DE LOS LAGOS,OSORNO,CHILE VAMOS UDI - INDEPENDIENTES,No aplica,IND,INDEPENDIENTES,3023528,50,Aprueba,Sí,No
AUGUSTO_MATIAS_EGUILUZ_LOYOLA__OSORNO,AUGUSTO MATIAS EGUILUZ LOYOLA,H,REGIÓN DE LOS LAGOS,OSORNO,REPUBLICANOS E INDEPENDIENTES,No aplica,REPUBLICANO,PARTIDO REPUBLICANO DE CHILE,9887485,11,Aprueba con Observaciones,Sí,No
EDUARDO_ANDRES_PARADA_SILVA__OSORNO,EDUARDO ANDRES PARADA SILVA,H,REGIÓN DE LOS LAGOS,OSORNO,REPUBLICANOS E INDEPENDIENTES,No aplica,REPUBLICANO,PARTIDO REPUBLICANO DE CHILE,0,0,Aprueba,No,No
RAMON_ISIDORO_ALARCON_MAUREIRA__OSORNO,RAMON ISIDORO ALARCON MAUREIRA,H,REGIÓN DE LOS LAGOS,OSORNO,REPUBLICANOS E INDEPENDIENTES,No aplica,REPUBLICANO,PARTIDO REPUBLICANO DE CHILE,8975688,96,Aprueba con Observaciones,Sí,No
RODRIGO_ANDRES_DIAZ_GONZALEZ__OSORNO,RODRIGO ANDRES DIAZ GONZALEZ,H,REGIÓN DE LOS LAGOS,OSORNO,REPUBLICANOS E INDEPENDIENTES,No aplica,IND,INDEPENDIENTES,12916270,19,Aprueba,Sí,No
FELIX_VARGAS_COTIART__PALENA,FELIX VARGAS COTIART,H,REGIÓN DE LOS LAGOS,PALENA,CHILE VAMOS RENOVACION NACIONAL - INDEPENDIENTES,No aplica,RN,RENOVACION NACIONAL,3836345,33,Aprueba con Observaciones,Sí,No
CELSO_CASTRO_VILLARROEL__PALENA,CELSO CASTRO VILLARROEL,H,REGIÓN DE LOS LAGOS,PALENA,CHILE VAMOS RENOVACION NACIONAL - INDEPENDIENTES,No aplica,IND,INDEPENDIENTES,7220000,20,Aprueba con Observaciones,Sí,No
TAMARA_CASANOVA_RAMOS__PALENA,TAMARA CASANOVA RAMOS,M,REGIÓN DE LOS LAGOS,PALENA,LO MEJOR PARA CHILE,PS E INDEPENDIENTES,PS,PARTIDO SOCIALISTA DE CHILE,6115279,10,Aprueba,Sí,No
LUIS_ARNOLDO_ARRIAGADA_ANTILLANCA__PALENA,LUIS ARNOLDO ARRIAGADA ANTILLANCA,H,REGIÓN DE LOS LAGOS,PALENA,CENTRO DEMOCRATICO,AMARILLOS E INDEPENDIENTES,IND,INDEPENDIENTES,295000,3,Rechaza,Sí,No
CATALINA_BERNARDITA_SAAVEDRA_GOMEZ__PALENA,CATALINA BERNARDITA SAAVEDRA GOMEZ,M,REGIÓN DE LOS LAGOS,PALENA,FRENTE AMPLIO,FRENTE AMPLIO E INDEPENDIENTES,FA,FRENTE AMPLIO,3484486,42,Aprueba,Sí,No
NICOLAS_ANDRES_ARIAS_TORRES__PALENA,NICOLAS ANDRES ARIAS TORRES,H,REGIÓN DE LOS LAGOS,PALENA,FRENTE AMPLIO,FRENTE AMPLIO E INDEPENDIENTES,IND,INDEPENDIENTES,313651,5,Aprueba con Observaciones,Sí,No
LUIS_SANHUEZA_ALVARADO__PALENA,LUIS SANHUEZA ALVARADO,H,REGIÓN DE LOS LAGOS,PALENA,CHILE VAMOS UDI - INDEPENDIENTES,No aplica,UDI,UNION DEMOCRATA INDEPENDIENTE,360235,2,Rechaza,Sí,No
FRANCISCO_DIAZ_ALMONACID__PALENA,FRANCISCO DIAZ ALMONACID,H,REGIÓN DE LOS LAGOS,PALENA,CHILE VAMOS UDI - INDEPENDIENTES,No aplica,UDI,UNION DEMOCRATA INDEPENDIENTE,3430030,33,Aprueba con Observaciones,Sí,No
ELMO_ALMONACID_MOLINA__PALENA,ELMO ALMONACID MOLINA,H,REGIÓN DE LOS LAGOS,PALENA,CHILE VAMOS EVOPOLI - INDEPENDIENTES,No aplica,IND,INDEPENDIENTES,2971385,7,Aprueba,Sí,No
FELICIANO_ROSALES_CARRILLO__PALENA,FELICIANO ROSALES CARRILLO,H,REGIÓN DE LOS LAGOS,PALENA,CHILE VAMOS EVOPOLI - INDEPENDIENTES,No aplica,IND,INDEPENDIENTES,0,0,Rechaza,No,No
FERNANDO_ANDRES_MIRANDA_MONSALVE__AISEN,FERNANDO ANDRES MIRANDA MONSALVE,H,REGIÓN DE AYSÉN DEL GENERAL CARLOS IBÁÑEZ DEL CAMPO,AISEN,TODAS Y TODOS POR CHILE,PARTIDO COMUNISTA E INDEPENDIENTES,PCCH,PARTIDO COMUNISTA DE CHILE,972770,6,Aprueba,Sí,No
SEBASTIAN_AGUSTO_VEGA_PIZARRO__AISEN,SEBASTIAN AGUSTO VEGA PIZARRO,H,REGIÓN DE AYSÉN DEL GENERAL CARLOS IBÁÑEZ DEL CAMPO,AISEN,TODAS Y TODOS POR CHILE,PARTIDO COMUNISTA E INDEPENDIENTES,IND,INDEPENDIENTES,1026288,10,Aprueba,Sí,No
PAOLA_RODRIGUEZ_CUEVAS__AISEN,PAOLA RODRIGUEZ CUEVAS,M,REGIÓN DE AYSÉN DEL GENERAL CARLOS IBÁÑEZ DEL CAMPO,AISEN,CHILE VAMOS RENOVACION NACIONAL - INDEPENDIENTES,No aplica,RN,RENOVACION NACIONAL,2038429,19,Aprueba con Observaciones,Sí,No
XIMENA_NOVOA_PEREZ__AISEN,XIMENA NOVOA PEREZ,M,REGIÓN DE AYSÉN DEL GENERAL CARLOS IBÁÑEZ DEL CAMPO,AISEN,CHILE VAMOS RENOVACION NACIONAL - INDEPENDIENTES,No aplica,RN,RENOVACION NACIONAL,1120370,9,Aprueba con Observaciones,Sí,No
JORGE_SEPULVEDA_HAUGEN__AISEN,JORGE SEPULVEDA HAUGEN,H,REGIÓN DE AYSÉN DEL GENERAL CARLOS IBÁÑEZ DEL CAMPO,AISEN,CHILE VAMOS RENOVACION NACIONAL - INDEPENDIENTES,No aplica,IND,INDEPENDIENTES,1404319,9,Aprueba,Sí,No
ANITA_BELLO_ABURTO__AISEN,ANITA BELLO ABURTO,M,REGIÓN DE AYSÉN DEL GENERAL CARLOS IBÁÑEZ DEL CAMPO,AISEN,CHILE VAMOS RENOVACION NACIONAL - INDEPENDIENTES,No aplica,IND,INDEPENDIENTES,1056345,14,Aprueba con Observaciones,Sí,No
PABLO_ENRIQUE_COLIBORO_PANICHINE__AISEN,PABLO ENRIQUE COLIBORO PANICHINE,H,REGIÓN DE AYSÉN DEL GENERAL CARLOS IBÁÑEZ DEL CAMPO,AISEN,TU REGION RADICAL,No aplica,PR,PARTIDO RADICAL DE CHILE,576000,10,Aprueba,Sí,No
ROMANET_SEGUEL_ROJAS_MANQUEZ__AISEN,ROMANET SEGUEL-ROJAS MANQUEZ,M,REGIÓN DE AYSÉN DEL GENERAL CARLOS IBÁÑEZ DEL CAMPO,AISEN,TU REGION RADICAL,No aplica,IND,INDEPENDIENTES,493650,14,Sin información,Sí,No
JULIO_ESTEBAN_ROSSEL_GONZALEZ__AISEN,JULIO ESTEBAN ROSSEL GONZALEZ,H,REGIÓN DE AYSÉN DEL GENERAL CARLOS IBÁÑEZ DEL CAMPO,AISEN,LO MEJOR PARA CHILE,PS E INDEPENDIENTES,PS,PARTIDO SOCIALISTA DE CHILE,0,0,Rechaza,No,No
JUAN_SERVA_OVALLE__AISEN,JUAN SERVA OVALLE,H,REGIÓN DE AYSÉN DEL GENERAL CARLOS IBÁÑEZ DEL CAMPO,AISEN,LO MEJOR PARA CHILE,PS E INDEPENDIENTES,IND,INDEPENDIENTES,172000,1,Aprueba con Observaciones,Sí,No
MARCO_ANDRES_CONUECAR_VILLEGAS__AISEN,MARCO ANDRES COÑUECAR VILLEGAS,H,REGIÓN DE AYSÉN DEL GENERAL CARLOS IBÁÑEZ DEL CAMPO,AISEN,LO MEJOR PARA CHILE,PPD E INDEPENDIENTES,PPD,PARTIDO POR LA DEMOCRACIA,1735345,11,Aprueba con Observaciones,Sí,No
JORGE_PATRICIO_PEREZ_ARRIAZA__AISEN,JORGE PATRICIO PEREZ ARRIAZA,H,REGIÓN DE AYSÉN DEL GENERAL CARLOS IBÁÑEZ DEL CAMPO,AISEN,LO MEJOR PARA CHILE,PPD E INDEPENDIENTES,IND,INDEPENDIENTES,150000,1,Rechaza,Sí,No
ROSA_LORENA_GONZALEZ_BORQUEZ__AISEN,ROSA LORENA GONZALEZ BORQUEZ,M,REGIÓN DE AYSÉN DEL GENERAL CARLOS IBÁÑEZ DEL CAMPO,AISEN,POR UN CHILE MEJOR,No aplica,PDC,PARTIDO DEMOCRATA CRISTIANO,1003437,4,Aprueba con Observaciones,Sí,No
MANUEL_SEGUNDO_CURINAO_REBOLLEDO__AISEN,MANUEL SEGUNDO CURINAO REBOLLEDO,H,REGIÓN DE AYSÉN DEL GENERAL CARLOS IBÁÑEZ DEL CAMPO,AISEN,POR UN CHILE MEJOR,No aplica,PDC,PARTIDO DEMOCRATA CRISTIANO,2537010,47,Aprueba,Sí,No
ERICA_ERCILIA_SANCHEZ_ROSAS__AISEN,ERICA ERCILIA SANCHEZ ROSAS,M,REGIÓN DE AYSÉN DEL GENERAL CARLOS IBÁÑEZ DEL CAMPO,AISEN,POR UN CHILE MEJOR,No aplica,IND,INDEPENDIENTES,1575000,11,Aprueba,Sí,No
ELIGIO_MONTECINOS_ARAYA__AISEN,ELIGIO MONTECINOS ARAYA,H,REGIÓN DE AYSÉN DEL GENERAL CARLOS IBÁÑEZ DEL CAMPO,AISEN,CHILE VAMOS UDI - INDEPENDIENTES,No aplica,UDI,UNION DEMOCRATA INDEPENDIENTE,1613260,10,Aprueba con Observaciones,Sí,No
MARIA_LORETA_VILLEGAS_ALMONACID__AISEN,MARIA LORETA VILLEGAS ALMONACID,M,REGIÓN DE AYSÉN DEL GENERAL CARLOS IBÁÑEZ DEL CAMPO,AISEN,CHILE VAMOS UDI - INDEPENDIENTES,No aplica,IND,INDEPENDIENTES,1388320,29,Aprueba,Sí,No
HUGO_PARDO_VALLEJOS__AISEN,HUGO PARDO VALLEJOS,H,REGIÓN DE AYSÉN DEL GENERAL CARLOS IBÁÑEZ DEL CAMPO,AISEN,CHILE VAMOS UDI - INDEPENDIENTES,No aplica,IND,INDEPENDIENTES,1500000,13,Aprueba,Sí,No
EDUARDO_GALLARDO_GUEIQUEN__AISEN,EDUARDO GALLARDO GUEIQUEN,H,REGIÓN DE AYSÉN DEL GENERAL CARLOS IBÁÑEZ DEL CAMPO,AISEN,CHILE VAMOS UDI - INDEPENDIENTES,No aplica,IND,INDEPENDIENTES,560347,1,Aprueba con Observaciones,Sí,No
MARCO_GILLIBRAND_MARIN__AISEN,MARCO GILLIBRAND MARIN,H,REGIÓN DE AYSÉN DEL GENERAL CARLOS IBÁÑEZ DEL CAMPO,AISEN,CHILE VAMOS EVOPOLI - INDEPENDIENTES,No aplica,EVOPOLI,EVOLUCION POLITICA,3179356,20,Aprueba,Sí,No
JOSE_FRANCISCO_GONZALEZ_BANDA__AISEN,JOSE FRANCISCO GONZALEZ BANDA,H,REGIÓN DE AYSÉN DEL GENERAL CARLOS IBÁÑEZ DEL CAMPO,AISEN,CHILE VAMOS EVOPOLI - INDEPENDIENTES,No aplica,EVOPOLI,EVOLUCION POLITICA,0,0,Aprueba,No,No
CLAUDIO_GUSTAVO_QUINAN_GUEICHA__AISEN,CLAUDIO GUSTAVO QUINAN GUEICHA,H,REGIÓN DE AYSÉN DEL GENERAL CARLOS IBÁÑEZ DEL CAMPO,AISEN,CHILE VAMOS EVOPOLI - INDEPENDIENTES,No aplica,EVOPOLI,EVOLUCION POLITICA,192006,4,Aprueba con Observaciones,Sí,No
JOSE_ERNESTO_MACHUCA_TORRES__AISEN,JOSE ERNESTO MACHUCA TORRES,H,REGIÓN DE AYSÉN DEL GENERAL CARLOS IBÁÑEZ DEL CAMPO,AISEN,REPUBLICANOS E INDEPENDIENTES,No aplica,REPUBLICANO,PARTIDO REPUBLICANO DE CHILE,1003640,20,Aprueba con Observaciones,Sí,No
ANA_MARIA_MORA_ARANEDA__CAPITAN_PRAT,ANA MARIA MORA ARANEDA,M,REGIÓN DE AYSÉN DEL GENERAL CARLOS IBÁÑEZ DEL CAMPO,CAPITAN PRAT,CHILE VAMOS RENOVACION NACIONAL - INDEPENDIENTES,No aplica,RN,RENOVACION NACIONAL,4374416,27,Aprueba,Sí,No
CARLOS_CAMPOS_SAIGG__CAPITAN_PRAT,CARLOS CAMPOS SAIGG,H,REGIÓN DE AYSÉN DEL GENERAL CARLOS IBÁÑEZ DEL CAMPO,CAPITAN PRAT,CHILE VAMOS RENOVACION NACIONAL - INDEPENDIENTES,No aplica,RN,RENOVACION NACIONAL,1636350,15,Aprueba,Sí,No
NELIDA_ANDREA_MUNOZ_VARGAS__CAPITAN_PRAT,NELIDA ANDREA MUÑOZ VARGAS,M,REGIÓN DE AYSÉN DEL GENERAL CARLOS IBÁÑEZ DEL CAMPO,CAPITAN PRAT,LO MEJOR PARA CHILE,PS E INDEPENDIENTES,IND,INDEPENDIENTES,1721318,16,Aprueba con Observaciones,Sí,No
CRISTIAN_FICA_BELLO__CAPITAN_PRAT,CRISTIAN FICA BELLO,H,REGIÓN DE AYSÉN DEL GENERAL CARLOS IBÁÑEZ DEL CAMPO,CAPITAN PRAT,POR UN CHILE MEJOR,No aplica,PDC,PARTIDO DEMOCRATA CRISTIANO,1000000,3,Aprueba,Sí,No
XIMENA_MARDONES_TORRES__CAPITAN_PRAT,XIMENA MARDONES TORRES,M,REGIÓN DE AYSÉN DEL GENERAL CARLOS IBÁÑEZ DEL CAMPO,CAPITAN PRAT,POR UN CHILE MEJOR,No aplica,PDC,PARTIDO DEMOCRATA CRISTIANO,1472901,9,Aprueba con Observaciones,Sí,No
VICTOR_ESCOBAR_MARDONES__CAPITAN_PRAT,VICTOR ESCOBAR MARDONES,H,REGIÓN DE AYSÉN DEL GENERAL CARLOS IBÁÑEZ DEL CAMPO,CAPITAN PRAT,CHILE VAMOS UDI - INDEPENDIENTES,No aplica,UDI,UNION DEMOCRATA INDEPENDIENTE,990269,17,Aprueba,Sí,No
RODRIGO_RIVERA_TEJEDA__CAPITAN_PRAT,RODRIGO RIVERA TEJEDA,H,REGIÓN DE AYSÉN DEL GENERAL CARLOS IBÁÑEZ DEL CAMPO,CAPITAN PRAT,CHILE VAMOS UDI - INDEPENDIENTES,No aplica,IND,INDEPENDIENTES,728250,6,Aprueba con Observaciones,Sí,No
HAYLEY_JULIE_DURAN_BOCAZ__COYHAIQUE,HAYLEY JULIE DURAN BOCAZ,M,REGIÓN DE AYSÉN DEL GENERAL CARLOS IBÁÑEZ DEL CAMPO,COYHAIQUE,TODAS Y TODOS POR CHILE,PARTIDO COMUNISTA E INDEPENDIENTES,PCCH,PARTIDO COMUNISTA DE CHILE,2582770,17,Aprueba,Sí,No
BENJAMIN_INFANTE_RODRIGUEZ_PENA__COYHAIQUE,BENJAMIN INFANTE RODRIGUEZ-PEÑA,H,REGIÓN DE AYSÉN DEL GENERAL CARLOS IBÁÑEZ DEL CAMPO,COYHAIQUE,TODAS Y TODOS POR CHILE,PARTIDO COMUNISTA E INDEPENDIENTES,PCCH,PARTIDO COMUNISTA DE CHILE,7574339,27,Sin información,Sí,No
GISELA_HAYDEE_GONZALEZ_GARCES__COYHAIQUE,GISELA HAYDEE GONZALEZ GARCES,M,REGIÓN DE AYSÉN DEL GENERAL CARLOS IBÁÑEZ DEL CAMPO,COYHAIQUE,TODAS Y TODOS POR CHILE,PARTIDO COMUNISTA E INDEPENDIENTES,PCCH,PARTIDO COMUNISTA DE CHILE,2067580,27,Aprueba,Sí,No
MARIA_FERNANDA_SOTO_COLI__COYHAIQUE,MARIA FERNANDA SOTO COLI,M,REGIÓN DE AYSÉN DEL GENERAL CARLOS IBÁÑEZ DEL CAMPO,COYHAIQUE,TODAS Y TODOS POR CHILE,PARTIDO COMUNISTA E INDEPENDIENTES,IND,INDEPENDIENTES,5123000,22,Aprueba,Sí,No
ARMANDO_PATRICIO_GACITUA_CIFUENTES__COYHAIQUE,ARMANDO PATRICIO GACITUA CIFUENTES,H,REGIÓN DE AYSÉN DEL GENERAL CARLOS IBÁÑEZ DEL CAMPO,COYHAIQUE,TODAS Y TODOS POR CHILE,PARTIDO COMUNISTA E INDEPENDIENTES,IND,INDEPENDIENTES,3699953,17,Aprueba con Observaciones,Sí,No
MATIAS_ALEJANDRO_ALVAREZ_LEMUS__COYHAIQUE,MATIAS ALEJANDRO ALVAREZ LEMUS,H,REGIÓN DE AYSÉN DEL GENERAL CARLOS IBÁÑEZ DEL CAMPO,COYHAIQUE,TODAS Y TODOS POR CHILE,PARTIDO COMUNISTA E INDEPENDIENTES,IND,INDEPENDIENTES,2280441,14,Aprueba con Observaciones,Sí,No
BARBARA_ORTUZAR_CANDIA__COYHAIQUE,BARBARA ORTUZAR CANDIA,M,REGIÓN DE AYSÉN DEL GENERAL CARLOS IBÁÑEZ DEL CAMPO,COYHAIQUE,CHILE VAMOS RENOVACION NACIONAL - INDEPENDIENTES,No aplica,RN,RENOVACION NACIONAL,1804827,13,Aprueba,Sí,No
PABLO_GUGLIELMI_ASENJO__COYHAIQUE,PABLO GUGLIELMI ASENJO,H,REGIÓN DE AYSÉN DEL GENERAL CARLOS IBÁÑEZ DEL CAMPO,COYHAIQUE,CHILE VAMOS RENOVACION NACIONAL - INDEPENDIENTES,No aplica,RN,RENOVACION NACIONAL,4168388,27,Rechaza,Sí,No
ADRIAN_GARNICA_SAEZ__COYHAIQUE,ADRIAN GARNICA SAEZ,H,REGIÓN DE AYSÉN DEL GENERAL CARLOS IBÁÑEZ DEL CAMPO,COYHAIQUE,CHILE VAMOS RENOVACION NACIONAL - INDEPENDIENTES,No aplica,RN,RENOVACION NACIONAL,1630253,11,Rechaza,Sí,No
REYNALDO_FIGUEROA_ROJAS__COYHAIQUE,REYNALDO FIGUEROA ROJAS,H,REGIÓN DE AYSÉN DEL GENERAL CARLOS IBÁÑEZ DEL CAMPO,COYHAIQUE,CHILE VAMOS RENOVACION NACIONAL - INDEPENDIENTES,No aplica,IND,INDEPENDIENTES,1036350,3,Aprueba,Sí,No
JAIME_LOPEZ_QUINTANA__COYHAIQUE,JAIME LOPEZ QUINTANA,H,REGIÓN DE AYSÉN DEL GENERAL CARLOS IBÁÑEZ DEL CAMPO,COYHAIQUE,CHILE VAMOS RENOVACION NACIONAL - INDEPENDIENTES,No aplica,IND,INDEPENDIENTES,2366752,15,Aprueba con Observaciones,Sí,No
RAIMUNDO_CRISTI_SAAVEDRA__COYHAIQUE,RAIMUNDO CRISTI SAAVEDRA,H,REGIÓN DE AYSÉN DEL GENERAL CARLOS IBÁÑEZ DEL CAMPO,COYHAIQUE,CHILE VAMOS RENOVACION NACIONAL - INDEPENDIENTES,No aplica,IND,INDEPENDIENTES,6078769,16,Aprueba con Observaciones,Sí,No
GUSTAVO_VILLARROEL_PINILLA__COYHAIQUE,GUSTAVO VILLARROEL PINILLA,H,REGIÓN DE AYSÉN DEL GENERAL CARLOS IBÁÑEZ DEL CAMPO,COYHAIQUE,TU REGION RADICAL,No aplica,PR,PARTIDO RADICAL DE CHILE,1673290,10,Aprueba con Observaciones,Sí,No
YARELA_MARINA_CADIN_PERALTA__COYHAIQUE,YARELA MARINA CADIN PERALTA,M,REGIÓN DE AYSÉN DEL GENERAL CARLOS IBÁÑEZ DEL CAMPO,COYHAIQUE,TU REGION RADICAL,No aplica,PR,PARTIDO RADICAL DE CHILE,530100,5,Aprueba con Observaciones,Sí,No
RODOLFO_LEONARDO_ELGUETA_BAHAMONDE__COYHAIQUE,RODOLFO LEONARDO ELGUETA BAHAMONDE,H,REGIÓN DE AYSÉN DEL GENERAL CARLOS IBÁÑEZ DEL CAMPO,COYHAIQUE,TU REGION RADICAL,No aplica,PR,PARTIDO RADICAL DE CHILE,2225359,21,Aprueba con Observaciones,Sí,No
PAULA_ANTONIA_ACUNA_OJEDA__COYHAIQUE,PAULA ANTONIA ACUÑA OJEDA,M,REGIÓN DE AYSÉN DEL GENERAL CARLOS IBÁÑEZ DEL CAMPO,COYHAIQUE,TU REGION RADICAL,No aplica,IND,INDEPENDIENTES,2624000,8,Aprueba con Observaciones,Sí,No
MARISOL_DEL_CARMEN_MARTINEZ_SANCHEZ__COYHAIQUE,MARISOL DEL CARMEN MARTINEZ SANCHEZ,M,REGIÓN DE AYSÉN DEL GENERAL CARLOS IBÁÑEZ DEL CAMPO,COYHAIQUE,LO MEJOR PARA CHILE,PS E INDEPENDIENTES,PS,PARTIDO SOCIALISTA DE CHILE,6340793,36,Aprueba,Sí,No
LUIS_GUERRERO_COCIO__COYHAIQUE,LUIS GUERRERO COCIO,H,REGIÓN DE AYSÉN DEL GENERAL CARLOS IBÁÑEZ DEL CAMPO,COYHAIQUE,LO MEJOR PARA CHILE,PS E INDEPENDIENTES,PS,PARTIDO SOCIALISTA DE CHILE,2799313,25,Aprueba con Observaciones,Sí,No
ANDRES_ALBERTO_VIDAL_CAYUN__COYHAIQUE,ANDRES ALBERTO VIDAL CAYUN,H,REGIÓN DE AYSÉN DEL GENERAL CARLOS IBÁÑEZ DEL CAMPO,COYHAIQUE,LO MEJOR PARA CHILE,PS E INDEPENDIENTES,PS,PARTIDO SOCIALISTA DE CHILE,1100000,1,Aprueba con Observaciones,Sí,No
CARLOS_ANDRES_MANSILLA_BORQUEZ__COYHAIQUE,CARLOS ANDRES MANSILLA BORQUEZ,H,REGIÓN DE AYSÉN DEL GENERAL CARLOS IBÁÑEZ DEL CAMPO,COYHAIQUE,LO MEJOR PARA CHILE,PPD E INDEPENDIENTES,IND,INDEPENDIENTES,6750000,47,Aprueba con Observaciones,Sí,No
MANUEL_ALEJANDRO_IDUARTE_COFRE__COYHAIQUE,MANUEL ALEJANDRO IDUARTE COFRE,H,REGIÓN DE AYSÉN DEL GENERAL CARLOS IBÁÑEZ DEL CAMPO,COYHAIQUE,LO MEJOR PARA CHILE,PPD E INDEPENDIENTES,IND,INDEPENDIENTES,0,0,Rechaza,No,No
ROCCO_ANTONIO_MARTINIELLO_AVILA__COYHAIQUE,ROCCO ANTONIO MARTINIELLO AVILA,H,REGIÓN DE AYSÉN DEL GENERAL CARLOS IBÁÑEZ DEL CAMPO,COYHAIQUE,POR UN CHILE MEJOR,No aplica,PDC,PARTIDO DEMOCRATA CRISTIANO,1100510,1,Aprueba,Sí,No
DAMNETTE_VALESKA_CAPPONI_TORRES__COYHAIQUE,DAMNETTE VALESKA CAPPONI TORRES,M,REGIÓN DE AYSÉN DEL GENERAL CARLOS IBÁÑEZ DEL CAMPO,COYHAIQUE,POR UN CHILE MEJOR,No aplica,PDC,PARTIDO DEMOCRATA CRISTIANO,1975000,9,Aprueba,Sí,No
FELIPE_IGNACIO_KLEIN_VIDAL__COYHAIQUE,FELIPE IGNACIO KLEIN VIDAL,H,REGIÓN DE AYSÉN DEL GENERAL CARLOS IBÁÑEZ DEL CAMPO,COYHAIQUE,POR UN CHILE MEJOR,No aplica,PDC,PARTIDO DEMOCRATA CRISTIANO,3501451,15,Aprueba con Observaciones,Sí,No
ROSITA_ANGELICA_MANSILLA_COBI__COYHAIQUE,ROSITA ANGELICA MANSILLA COBI,M,REGIÓN DE AYSÉN DEL GENERAL CARLOS IBÁÑEZ DEL CAMPO,COYHAIQUE,POR UN CHILE MEJOR,No aplica,PDC,PARTIDO DEMOCRATA CRISTIANO,1075660,30,Aprueba con Observaciones,Sí,No
OMAR_MUNOZ_SIERRA__COYHAIQUE,OMAR MUÑOZ SIERRA,H,REGIÓN DE AYSÉN DEL GENERAL CARLOS IBÁÑEZ DEL CAMPO,COYHAIQUE,CHILE VAMOS UDI - INDEPENDIENTES,No aplica,UDI,UNION DEMOCRATA INDEPENDIENTE,4437182,15,Aprueba,Sí,No
ANDREA_PONCE_OLIVARES__COYHAIQUE,ANDREA PONCE OLIVARES,M,REGIÓN DE AYSÉN DEL GENERAL CARLOS IBÁÑEZ DEL CAMPO,COYHAIQUE,CHILE VAMOS UDI - INDEPENDIENTES,No aplica,UDI,UNION DEMOCRATA INDEPENDIENTE,8395968,41,Aprueba con Observaciones,Sí,No
LILIAN_INOSTROZA_PARRA__COYHAIQUE,LILIAN INOSTROZA PARRA,M,REGIÓN DE AYSÉN DEL GENERAL CARLOS IBÁÑEZ DEL CAMPO,COYHAIQUE,CHILE VAMOS UDI - INDEPENDIENTES,No aplica,UDI,UNION DEMOCRATA INDEPENDIENTE,800000,5,Aprueba,Sí,No
PATRICIO_EVA_TAPIA__COYHAIQUE,PATRICIO EVA TAPIA,H,REGIÓN DE AYSÉN DEL GENERAL CARLOS IBÁÑEZ DEL CAMPO,COYHAIQUE,CHILE VAMOS UDI - INDEPENDIENTES,No aplica,IND,INDEPENDIENTES,657470,9,Aprueba,Sí,No
EDUARDO_VERA_WANDERSLEBEN__COYHAIQUE,EDUARDO VERA WANDERSLEBEN,H,REGIÓN DE AYSÉN DEL GENERAL CARLOS IBÁÑEZ DEL CAMPO,COYHAIQUE,CHILE VAMOS UDI - INDEPENDIENTES,No aplica,IND,INDEPENDIENTES,658998,5,Aprueba con Observaciones,Sí,No
RAUL_EDUARDO_OSORIO_MONCADA__COYHAIQUE,RAUL EDUARDO OSORIO MONCADA,H,REGIÓN DE AYSÉN DEL GENERAL CARLOS IBÁÑEZ DEL CAMPO,COYHAIQUE,REPUBLICANOS E INDEPENDIENTES,No aplica,REPUBLICANO,PARTIDO REPUBLICANO DE CHILE,329210,4,Aprueba con Observaciones,Sí,No
FERNANDO_SAN_CRISTOBAL_BRAHM__COYHAIQUE,FERNANDO SAN CRISTOBAL BRAHM,H,REGIÓN DE AYSÉN DEL GENERAL CARLOS IBÁÑEZ DEL CAMPO,COYHAIQUE,REPUBLICANOS E INDEPENDIENTES,No aplica,REPUBLICANO,PARTIDO REPUBLICANO DE CHILE,533700,4,Aprueba con Observaciones,Sí,No
FRANCISCO_JAVIER_CUEVAS_TORRES__COYHAIQUE,FRANCISCO JAVIER CUEVAS TORRES,H,REGIÓN DE AYSÉN DEL GENERAL CARLOS IBÁÑEZ DEL CAMPO,COYHAIQUE,REPUBLICANOS E INDEPENDIENTES,No aplica,REPUBLICANO,PARTIDO REPUBLICANO DE CHILE,195700,3,Aprueba con Observaciones,Sí,No
MIGUEL_EDUARDO_MANSILLA_MANSILLA__COYHAIQUE,MIGUEL EDUARDO MANSILLA MANSILLA,H,REGIÓN DE AYSÉN DEL GENERAL CARLOS IBÁÑEZ DEL CAMPO,COYHAIQUE,REPUBLICANOS E INDEPENDIENTES,No aplica,REPUBLICANO,PARTIDO REPUBLICANO DE CHILE,1345973,4,Rechaza,Sí,No
MANUEL_JESUS_ENCINA_TAPIA__COYHAIQUE,MANUEL JESUS ENCINA TAPIA,H,REGIÓN DE AYSÉN DEL GENERAL CARLOS IBÁÑEZ DEL CAMPO,COYHAIQUE,REPUBLICANOS E INDEPENDIENTES,No aplica,REPUBLICANO,PARTIDO REPUBLICANO DE CHILE,0,0,Aprueba,No,No
YARIC_FERNANDO_MORA_CUEVAS__COYHAIQUE,YARIC FERNANDO MORA CUEVAS,H,REGIÓN DE AYSÉN DEL GENERAL CARLOS IBÁÑEZ DEL CAMPO,COYHAIQUE,REPUBLICANOS E INDEPENDIENTES,No aplica,REPUBLICANO,PARTIDO REPUBLICANO DE CHILE,135700,2,Aprueba,Sí,No
YORDY_CEA_ESPANA__GENERAL_CARRERA,YORDY CEA ESPAÑA,H,REGIÓN DE AYSÉN DEL GENERAL CARLOS IBÁÑEZ DEL CAMPO,GENERAL CARRERA,CHILE VAMOS RENOVACION NACIONAL - INDEPENDIENTES,No aplica,RN,RENOVACION NACIONAL,2415684,28,Aprueba con Observaciones,Sí,No
ARIEL_VILLOUTA_VASQUEZ__GENERAL_CARRERA,ARIEL VILLOUTA VASQUEZ,H,REGIÓN DE AYSÉN DEL GENERAL CARLOS IBÁÑEZ DEL CAMPO,GENERAL CARRERA,CHILE VAMOS RENOVACION NACIONAL - INDEPENDIENTES,No aplica,IND,INDEPENDIENTES,1036350,2,Aprueba,Sí,No
WASHINGTON_ALEJANDRO_MEDINA_MARTINEZ__GENERAL_CARRERA,WASHINGTON ALEJANDRO MEDINA MARTINEZ,H,REGIÓN DE AYSÉN DEL GENERAL CARLOS IBÁÑEZ DEL CAMPO,GENERAL CARRERA,TU REGION RADICAL,No aplica,IND,INDEPENDIENTES,0,0,Rechaza,No,No
INGRID_TAMARA_DAPHNER_ARCOS_PINILLA__GENERAL_CARRERA,INGRID TAMARA DAPHNER ARCOS PINILLA,M,REGIÓN DE AYSÉN DEL GENERAL CARLOS IBÁÑEZ DEL CAMPO,GENERAL CARRERA,TU REGION RADICAL,No aplica,IND,INDEPENDIENTES,450000,6,Aprueba con Observaciones,Sí,No
ANGELICA_VICTORIA_VALENZUELA_SALDIVIA__GENERAL_CARRERA,ANGELICA VICTORIA VALENZUELA SALDIVIA,M,REGIÓN DE AYSÉN DEL GENERAL CARLOS IBÁÑEZ DEL CAMPO,GENERAL CARRERA,LO MEJOR PARA CHILE,PPD E INDEPENDIENTES,IND,INDEPENDIENTES,208250,1,Aprueba,Sí,No
LORENA_ELISA_SOZA_HERNANDEZ__GENERAL_CARRERA,LORENA ELISA SOZA HERNANDEZ,M,REGIÓN DE AYSÉN DEL GENERAL CARLOS IBÁÑEZ DEL CAMPO,GENERAL CARRERA,LO MEJOR PARA CHILE,PS E INDEPENDIENTES,PS,PARTIDO SOCIALISTA DE CHILE,2050000,20,Aprueba,Sí,No
PAULINA_HERNANDEZ_SANCHEZ__GENERAL_CARRERA,PAULINA HERNANDEZ SANCHEZ,M,REGIÓN DE AYSÉN DEL GENERAL CARLOS IBÁÑEZ DEL CAMPO,GENERAL CARRERA,POR UN CHILE MEJOR,No aplica,PDC,PARTIDO DEMOCRATA CRISTIANO,2525000,9,Aprueba,Sí,No
HECTOR_JAVIER_SAEZ_VEGA__GENERAL_CARRERA,HECTOR JAVIER SAEZ VEGA,H,REGIÓN DE AYSÉN DEL GENERAL CARLOS IBÁÑEZ DEL CAMPO,GENERAL CARRERA,POR UN CHILE MEJOR,No aplica,IND,INDEPENDIENTES,2000001,13,Aprueba,Sí,No
ARCADIO_SOTO_SERON__GENERAL_CARRERA,ARCADIO SOTO SERON,H,REGIÓN DE AYSÉN DEL GENERAL CARLOS IBÁÑEZ DEL CAMPO,GENERAL CARRERA,CHILE VAMOS UDI - INDEPENDIENTES,No aplica,UDI,UNION DEMOCRATA INDEPENDIENTE,3913999,13,Aprueba,Sí,No
CARLOS_QUINTUL_CEA__GENERAL_CARRERA,CARLOS QUINTUL CEA,H,REGIÓN DE AYSÉN DEL GENERAL CARLOS IBÁÑEZ DEL CAMPO,GENERAL CARRERA,CHILE VAMOS UDI - INDEPENDIENTES,No aplica,UDI,UNION DEMOCRATA INDEPENDIENTE,700950,2,Aprueba con Observaciones,Sí,No
JOSE_PAREDES_SOTO__ANTARTICA_CHILENA,JOSE PAREDES SOTO,H,REGIÓN DE MAGALLANES Y DE LA ANTÁRTICA CHILENA,ANTARTICA CHILENA,CHILE VAMOS RENOVACION NACIONAL - INDEPENDIENTES,No aplica,RN,RENOVACION NACIONAL,1700000,6,Aprueba con Observaciones,Sí,No
ANGELA_BARRIA_BARRIENTOS__ANTARTICA_CHILENA,ANGELA BARRIA BARRIENTOS,M,REGIÓN DE MAGALLANES Y DE LA ANTÁRTICA CHILENA,ANTARTICA CHILENA,CHILE VAMOS RENOVACION NACIONAL - INDEPENDIENTES,No aplica,RN,RENOVACION NACIONAL,1200000,2,Rechaza,Sí,No
MANUEL_ULLOA_MANCILLA__ANTARTICA_CHILENA,MANUEL ULLOA MANCILLA,H,REGIÓN DE MAGALLANES Y DE LA ANTÁRTICA CHILENA,ANTARTICA CHILENA,LO MEJOR PARA CHILE,PS E INDEPENDIENTES,PS,PARTIDO SOCIALISTA DE CHILE,1360000,10,Aprueba,Sí,No
HUGO_PEREZ_SANTANA__ANTARTICA_CHILENA,HUGO PEREZ SANTANA,H,REGIÓN DE MAGALLANES Y DE LA ANTÁRTICA CHILENA,ANTARTICA CHILENA,POR UN CHILE MEJOR,No aplica,PDC,PARTIDO DEMOCRATA CRISTIANO,2320000,16,Aprueba,Sí,No
JOSE_GUSTAVO_CASTRO_OBREQUE__ANTARTICA_CHILENA,JOSE GUSTAVO CASTRO OBREQUE,H,REGIÓN DE MAGALLANES Y DE LA ANTÁRTICA CHILENA,ANTARTICA CHILENA,POR UN CHILE MEJOR,No aplica,IND,INDEPENDIENTES,3595000,15,Aprueba,Sí,No
MATIAS_PATRICIO_ULLOA_ARAUS__ANTARTICA_CHILENA,MATIAS PATRICIO ULLOA ARAUS,H,REGIÓN DE MAGALLANES Y DE LA ANTÁRTICA CHILENA,ANTARTICA CHILENA,FRENTE AMPLIO,FRENTE AMPLIO E INDEPENDIENTES,IND,INDEPENDIENTES,820864,10,Aprueba,Sí,No
CLAUDIA_FABIOLA_SEGURA_LUENGO__ANTARTICA_CHILENA,CLAUDIA FABIOLA SEGURA LUENGO,M,REGIÓN DE MAGALLANES Y DE LA ANTÁRTICA CHILENA,ANTARTICA CHILENA,FRENTE AMPLIO,FRENTE AMPLIO E INDEPENDIENTES,IND,INDEPENDIENTES,553999,8,Aprueba,Sí,No
VICTOR_HERNAN_ARAVENA_GUTIERREZ__ANTARTICA_CHILENA,VICTOR HERNAN ARAVENA GUTIERREZ,H,REGIÓN DE MAGALLANES Y DE LA ANTÁRTICA CHILENA,ANTARTICA CHILENA,REPUBLICANOS E INDEPENDIENTES,No aplica,REPUBLICANO,PARTIDO REPUBLICANO DE CHILE,176160,2,Aprueba con Observaciones,Sí,No
LUIS_MARCELO_GARRIDO_PINO__ANTARTICA_CHILENA,LUIS MARCELO GARRIDO PINO,H,REGIÓN DE MAGALLANES Y DE LA ANTÁRTICA CHILENA,ANTARTICA CHILENA,REPUBLICANOS E INDEPENDIENTES,No aplica,REPUBLICANO,PARTIDO REPUBLICANO DE CHILE,523005,3,Aprueba con Observaciones,Sí,No
TERESA_BORQUEZ_AGUILA__MAGALLANES,TERESA BORQUEZ AGUILA,M,REGIÓN DE MAGALLANES Y DE LA ANTÁRTICA CHILENA,MAGALLANES,TODAS Y TODOS POR CHILE,PARTIDO COMUNISTA E INDEPENDIENTES,PCCH,PARTIDO COMUNISTA DE CHILE,1403600,8,Aprueba con Observaciones,Sí,No
MIRTHA_SANCHEZ_ZUMAETA__MAGALLANES,MIRTHA SANCHEZ ZUMAETA,M,REGIÓN DE MAGALLANES Y DE LA ANTÁRTICA CHILENA,MAGALLANES,TODAS Y TODOS POR CHILE,PARTIDO COMUNISTA E INDEPENDIENTES,PCCH,PARTIDO COMUNISTA DE CHILE,1406290,9,Aprueba con Observaciones,Sí,No
FRANCISCO_ALARCON_NAVARRO__MAGALLANES,FRANCISCO ALARCON NAVARRO,H,REGIÓN DE MAGALLANES Y DE LA ANTÁRTICA CHILENA,MAGALLANES,TODAS Y TODOS POR CHILE,PARTIDO COMUNISTA E INDEPENDIENTES,PCCH,PARTIDO COMUNISTA DE CHILE,1576000,12,Aprueba,Sí,No
ANGEL_ROA_ALEGRIA__MAGALLANES,ANGEL ROA ALEGRIA,H,REGIÓN DE MAGALLANES Y DE LA ANTÁRTICA CHILENA,MAGALLANES,PARTIDO SOCIAL CRISTIANO E INDEPENDIENTES,No aplica,PSC,PARTIDO SOCIAL CRISTIANO,1787900,9,Aprueba,Sí,No
JOSSELIN_NICOL_FERREIRA_PAREDES__MAGALLANES,JOSSELIN NICOL FERREIRA PAREDES,M,REGIÓN DE MAGALLANES Y DE LA ANTÁRTICA CHILENA,MAGALLANES,PARTIDO SOCIAL CRISTIANO E INDEPENDIENTES,No aplica,PSC,PARTIDO SOCIAL CRISTIANO,2120400,11,Aprueba,Sí,No
JAIME_COSME_ORMENO__MAGALLANES,JAIME COSME ORMEÑO,H,REGIÓN DE MAGALLANES Y DE LA ANTÁRTICA CHILENA,MAGALLANES,PARTIDO SOCIAL CRISTIANO E INDEPENDIENTES,No aplica,IND,INDEPENDIENTES,0,0,Rechaza,No,No
MARCO_AURELIO_ORTIZ_MARTINEZ__MAGALLANES,MARCO AURELIO ORTIZ MARTINEZ,H,REGIÓN DE MAGALLANES Y DE LA ANTÁRTICA CHILENA,MAGALLANES,PARTIDO SOCIAL CRISTIANO E INDEPENDIENTES,No aplica,IND,INDEPENDIENTES,0,0,Rechaza,No,No
MARIO_ESQUIVEL_LIZONDO__MAGALLANES,MARIO ESQUIVEL LIZONDO,H,REGIÓN DE MAGALLANES Y DE LA ANTÁRTICA CHILENA,MAGALLANES,PARTIDO SOCIAL CRISTIANO E INDEPENDIENTES,No aplica,IND,INDEPENDIENTES,810400,5,Aprueba,Sí,No
EMILIO_GINOUVES_ALFARO__MAGALLANES,EMILIO GINOUVES ALFARO,H,REGIÓN DE MAGALLANES Y DE LA ANTÁRTICA CHILENA,MAGALLANES,CHILE VAMOS RENOVACION NACIONAL - INDEPENDIENTES,No aplica,RN,RENOVACION NACIONAL,1743970,7,Rechaza,Sí,No
SEGUNDO_ALVAREZ_SANCHEZ__MAGALLANES,SEGUNDO ALVAREZ SANCHEZ,H,REGIÓN DE MAGALLANES Y DE LA ANTÁRTICA CHILENA,MAGALLANES,CHILE VAMOS RENOVACION NACIONAL - INDEPENDIENTES,No aplica,RN,RENOVACION NACIONAL,1440160,6,Aprueba,Sí,No
NANO_SOTO_MUNOZ__MAGALLANES,NANO SOTO MUÑOZ,H,REGIÓN DE MAGALLANES Y DE LA ANTÁRTICA CHILENA,MAGALLANES,CHILE VAMOS RENOVACION NACIONAL - INDEPENDIENTES,No aplica,RN,RENOVACION NACIONAL,1981242,30,Aprueba con Observaciones,Sí,No
JORGE_BALICH_ROJEL__MAGALLANES,JORGE BALICH ROJEL,H,REGIÓN DE MAGALLANES Y DE LA ANTÁRTICA CHILENA,MAGALLANES,CHILE VAMOS RENOVACION NACIONAL - INDEPENDIENTES,No aplica,RN,RENOVACION NACIONAL,2041160,18,Aprueba,Sí,No
SALVADOR_HARAMBOUR_PALMA__MAGALLANES,SALVADOR HARAMBOUR PALMA,H,REGIÓN DE MAGALLANES Y DE LA ANTÁRTICA CHILENA,MAGALLANES,CHILE VAMOS RENOVACION NACIONAL - INDEPENDIENTES,No aplica,IND,INDEPENDIENTES,1430001,8,Aprueba con Observaciones,Sí,No
CLAUDIA_MOLKEMBUHR_SAPUNAR__MAGALLANES,CLAUDIA MOLKEMBUHR SAPUNAR,M,REGIÓN DE MAGALLANES Y DE LA ANTÁRTICA CHILENA,MAGALLANES,CHILE VAMOS RENOVACION NACIONAL - INDEPENDIENTES,No aplica,IND,INDEPENDIENTES,1436350,3,Aprueba con Observaciones,Sí,No
CHRISTIAN_ANTONIO_ZAMBRA_DONOSO__MAGALLANES,CHRISTIAN ANTONIO ZAMBRA DONOSO,H,REGIÓN DE MAGALLANES Y DE LA ANTÁRTICA CHILENA,MAGALLANES,CHILE VAMOS RENOVACION NACIONAL - INDEPENDIENTES,No aplica,IND,INDEPENDIENTES,1550160,13,Aprueba,Sí,No
JUAN_MAGALLANES_DIAZ_BAHAMONDE__MAGALLANES,JUAN MAGALLANES DIAZ BAHAMONDE,H,REGIÓN DE MAGALLANES Y DE LA ANTÁRTICA CHILENA,MAGALLANES,TU REGION RADICAL,No aplica,PR,PARTIDO RADICAL DE CHILE,998320,13,Aprueba,Sí,No
ALFREDO_HUMBERTO_AGUERO_GARRIDO__MAGALLANES,ALFREDO HUMBERTO AGUERO GARRIDO,H,REGIÓN DE MAGALLANES Y DE LA ANTÁRTICA CHILENA,MAGALLANES,TU REGION RADICAL,No aplica,IND,INDEPENDIENTES,1040934,20,Aprueba con Observaciones,Sí,No
ANTONIO_BRADASIC_SILLARD__MAGALLANES,ANTONIO BRADASIC SILLARD,H,REGIÓN DE MAGALLANES Y DE LA ANTÁRTICA CHILENA,MAGALLANES,LO MEJOR PARA CHILE,PS E INDEPENDIENTES,PS,PARTIDO SOCIALISTA DE CHILE,7513299,34,Aprueba,Sí,No
MOISES_OJEDA_CALISTO__MAGALLANES,MOISES OJEDA CALISTO,H,REGIÓN DE MAGALLANES Y DE LA ANTÁRTICA CHILENA,MAGALLANES,LO MEJOR PARA CHILE,PS E INDEPENDIENTES,PS,PARTIDO SOCIALISTA DE CHILE,6286076,17,Aprueba con Observaciones,Sí,No
FERNANDO_HARO_MENESES__MAGALLANES,FERNANDO HARO MENESES,H,REGIÓN DE MAGALLANES Y DE LA ANTÁRTICA CHILENA,MAGALLANES,LO MEJOR PARA CHILE,PS E INDEPENDIENTES,PS,PARTIDO SOCIALISTA DE CHILE,1874220,10,Aprueba con Observaciones,Sí,No
BALDOVINO_GOMEZ_ALBA__MAGALLANES,BALDOVINO GOMEZ ALBA,H,REGIÓN DE MAGALLANES Y DE LA ANTÁRTICA CHILENA,MAGALLANES,LO MEJOR PARA CHILE,PS E INDEPENDIENTES,PS,PARTIDO SOCIALISTA DE CHILE,4595804,19,Aprueba,Sí,No
ALEJANDRA_DEL_PILAR_CARROZA_LLANCALAHUEN__MAGALLANES,ALEJANDRA DEL PILAR CARROZA LLANCALAHUEN,M,REGIÓN DE MAGALLANES Y DE LA ANTÁRTICA CHILENA,MAGALLANES,LO MEJOR PARA CHILE,PPD E INDEPENDIENTES,IND,INDEPENDIENTES,1620523,5,Rechaza,Sí,No
LILIAN_LORETO_RIQUELME_OSTORNOL__MAGALLANES,LILIAN LORETO RIQUELME OSTORNOL,M,REGIÓN DE MAGALLANES Y DE LA ANTÁRTICA CHILENA,MAGALLANES,LO MEJOR PARA CHILE,PPD E INDEPENDIENTES,IND,INDEPENDIENTES,0,0,Rechaza,No,No
PATRICIA_AMARALES_OSORIO__MAGALLANES,PATRICIA AMARALES OSORIO,M,REGIÓN DE MAGALLANES Y DE LA ANTÁRTICA CHILENA,MAGALLANES,LO MEJOR PARA CHILE,PPD E INDEPENDIENTES,IND,INDEPENDIENTES,11827460,21,Aprueba con Observaciones,Sí,No
JUAN_ENRIQUE_MORANO_CORNEJO__MAGALLANES,JUAN ENRIQUE MORANO CORNEJO,H,REGIÓN DE MAGALLANES Y DE LA ANTÁRTICA CHILENA,MAGALLANES,POR UN CHILE MEJOR,No aplica,PDC,PARTIDO DEMOCRATA CRISTIANO,8367471,22,Aprueba con Observaciones,Sí,No
JOHANA_ALEJANDRA_OLAVARRIA_ALVARADO__MAGALLANES,JOHANA ALEJANDRA OLAVARRIA ALVARADO,M,REGIÓN DE MAGALLANES Y DE LA ANTÁRTICA CHILENA,MAGALLANES,POR UN CHILE MEJOR,No aplica,PDC,PARTIDO DEMOCRATA CRISTIANO,4423061,29,Aprueba con Observaciones,Sí,No
VICTOR_ARNOLDO_LOW_OYARZUN__MAGALLANES,VICTOR ARNOLDO LOW OYARZUN,H,REGIÓN DE MAGALLANES Y DE LA ANTÁRTICA CHILENA,MAGALLANES,POR UN CHILE MEJOR,No aplica,PDC,PARTIDO DEMOCRATA CRISTIANO,3926227,13,Aprueba con Observaciones,Sí,No
IDILIA_DEL_CARMEN_LLAIQUEL_VERA__MAGALLANES,IDILIA DEL CARMEN LLAIQUEL VERA,M,REGIÓN DE MAGALLANES Y DE LA ANTÁRTICA CHILENA,MAGALLANES,POR UN CHILE MEJOR,No aplica,PDC,PARTIDO DEMOCRATA CRISTIANO,4035000,20,Aprueba,Sí,No
JUAN_LUIS_OYARZO_GALVEZ__MAGALLANES,JUAN LUIS OYARZO GALVEZ,H,REGIÓN DE MAGALLANES Y DE LA ANTÁRTICA CHILENA,MAGALLANES,POR UN CHILE MEJOR,No aplica,PDC,PARTIDO DEMOCRATA CRISTIANO,2092700,6,Aprueba,Sí,No
ARTURO_ARMANDO_DIAZ_VALDERRAMA__MAGALLANES,ARTURO ARMANDO DIAZ VALDERRAMA,H,REGIÓN DE MAGALLANES Y DE LA ANTÁRTICA CHILENA,MAGALLANES,FRENTE AMPLIO,FRENTE AMPLIO E INDEPENDIENTES,FA,FRENTE AMPLIO,7240246,23,Aprueba,Sí,No
JAVIERA_ROMAN_AMARALES__MAGALLANES,JAVIERA ROMAN AMARALES,M,REGIÓN DE MAGALLANES Y DE LA ANTÁRTICA CHILENA,MAGALLANES,FRENTE AMPLIO,FRENTE AMPLIO E INDEPENDIENTES,FA,FRENTE AMPLIO,4578606,10,Rechaza,Sí,No
NORA_MARGOT_MARIN_MUNOZ__MAGALLANES,NORA MARGOT MARIN MUÑOZ,M,REGIÓN DE MAGALLANES Y DE LA ANTÁRTICA CHILENA,MAGALLANES,FRENTE AMPLIO,FRENTE AMPLIO E INDEPENDIENTES,FA,FRENTE AMPLIO,2449574,8,Aprueba con Observaciones,Sí,No
SEBASTIAN_FELIPE_VARGAS_UYEVICH__MAGALLANES,SEBASTIAN FELIPE VARGAS UYEVICH,H,REGIÓN DE MAGALLANES Y DE LA ANTÁRTICA CHILENA,MAGALLANES,FRENTE AMPLIO,FRENTE AMPLIO E INDEPENDIENTES,FA,FRENTE AMPLIO,1252672,9,Aprueba con Observaciones,Sí,No
PAMELA_BEATRIZ_DOMINGUEZ_BASTIDAS__MAGALLANES,PAMELA BEATRIZ DOMINGUEZ BASTIDAS,M,REGIÓN DE MAGALLANES Y DE LA ANTÁRTICA CHILENA,MAGALLANES,FRENTE AMPLIO,FRENTE AMPLIO E INDEPENDIENTES,FA,FRENTE AMPLIO,3145328,43,Aprueba,Sí,No
NATALIA_BELEN_GONZALEZ_AVENDANO__MAGALLANES,NATALIA BELEN GONZALEZ AVENDAÑO,M,REGIÓN DE MAGALLANES Y DE LA ANTÁRTICA CHILENA,MAGALLANES,FRENTE AMPLIO,FRENTE AMPLIO E INDEPENDIENTES,FA,FRENTE AMPLIO,6133750,20,Aprueba con Observaciones,Sí,No
NICOLAS_ANTONIO_DE_JESUS_VERA_DOS_SANTOS__MAGALLANES,NICOLAS ANTONIO DE JESUS VERA DOS SANTOS,H,REGIÓN DE MAGALLANES Y DE LA ANTÁRTICA CHILENA,MAGALLANES,FRENTE AMPLIO,FRENTE AMPLIO E INDEPENDIENTES,FA,FRENTE AMPLIO,1373245,6,Rechaza,Sí,No
ROXANA_GALLARDO_CONCHA__MAGALLANES,ROXANA GALLARDO CONCHA,M,REGIÓN DE MAGALLANES Y DE LA ANTÁRTICA CHILENA,MAGALLANES,CHILE VAMOS UDI - INDEPENDIENTES,No aplica,IND,INDEPENDIENTES,3402200,37,Aprueba con Observaciones,Sí,No
SERGIO_BECERRA_DIAZ__MAGALLANES,SERGIO BECERRA DIAZ,H,REGIÓN DE MAGALLANES Y DE LA ANTÁRTICA CHILENA,MAGALLANES,CHILE VAMOS UDI - INDEPENDIENTES,No aplica,IND,INDEPENDIENTES,510000,6,Aprueba,Sí,No
GONZALO_ROSENFELD_SEKULOVIC__MAGALLANES,GONZALO ROSENFELD SEKULOVIC,H,REGIÓN DE MAGALLANES Y DE LA ANTÁRTICA CHILENA,MAGALLANES,CHILE VAMOS UDI - INDEPENDIENTES,No aplica,IND,INDEPENDIENTES,400000,1,Aprueba con Observaciones,Sí,No
MANUEL_ALEJANDRO_GIRALDO_JARAMILLO__MAGALLANES,MANUEL ALEJANDRO GIRALDO JARAMILLO,H,REGIÓN DE MAGALLANES Y DE LA ANTÁRTICA CHILENA,MAGALLANES,CHILE VAMOS UDI - INDEPENDIENTES,No aplica,IND,INDEPENDIENTES,2290000,17,Aprueba,Sí,No
RODOLFO_ESTEBAN_ARECHETA_BALETA__MAGALLANES,RODOLFO ESTEBAN ARECHETA BALETA,H,REGIÓN DE MAGALLANES Y DE LA ANTÁRTICA CHILENA,MAGALLANES,CHILE VAMOS EVOPOLI - INDEPENDIENTES,No aplica,EVOPOLI,EVOLUCION POLITICA,7185810,26,Aprueba con Observaciones,Sí,No
JACQUES_MICHEL_ROUX_VIDAL__MAGALLANES,JACQUES MICHEL ROUX VIDAL,H,REGIÓN DE MAGALLANES Y DE LA ANTÁRTICA CHILENA,MAGALLANES,CHILE VAMOS EVOPOLI - INDEPENDIENTES,No aplica,EVOPOLI,EVOLUCION POLITICA,4372681,28,Aprueba con Observaciones,Sí,No
MARCELO_ENRIQUE_CREMASCHI_OJEDA__MAGALLANES,MARCELO ENRIQUE CREMASCHI OJEDA,H,REGIÓN DE MAGALLANES Y DE LA ANTÁRTICA CHILENA,MAGALLANES,CHILE VAMOS EVOPOLI - INDEPENDIENTES,No aplica,EVOPOLI,EVOLUCION POLITICA,1950199,25,Aprueba con Observaciones,Sí,No
ORLOV_ANDRES_ADOLFO_DUBROCK_MARTINEZ__MAGALLANES,ORLOV ANDRES ADOLFO DUBROCK MARTINEZ,H,REGIÓN DE MAGALLANES Y DE LA ANTÁRTICA CHILENA,MAGALLANES,CHILE VAMOS EVOPOLI - INDEPENDIENTES,No aplica,IND,INDEPENDIENTES,2390660,16,Aprueba con Observaciones,Sí,No
GABRIELA_BERNARDA_SANDOVAL_DIAZ__MAGALLANES,GABRIELA BERNARDA SANDOVAL DIAZ,M,REGIÓN DE MAGALLANES Y DE LA ANTÁRTICA CHILENA,MAGALLANES,CHILE VAMOS EVOPOLI - INDEPENDIENTES,No aplica,IND,INDEPENDIENTES,1861156,13,Aprueba,Sí,No
MARIA_ALEJANDRA_BABAICH_CATANEO__MAGALLANES,MARIA ALEJANDRA BABAICH CATANEO,M,REGIÓN DE MAGALLANES Y DE LA ANTÁRTICA CHILENA,MAGALLANES,CHILE VAMOS EVOPOLI - INDEPENDIENTES,No aplica,IND,INDEPENDIENTES,1000050,13,Aprueba con Observaciones,Sí,No
NICOLAS_MATIAS_PEREZ_MONTT_ARANA__MAGALLANES,NICOLAS MATIAS PEREZ-MONTT ARANA,H,REGIÓN DE MAGALLANES Y DE LA ANTÁRTICA CHILENA,MAGALLANES,CHILE VAMOS EVOPOLI - INDEPENDIENTES,No aplica,IND,INDEPENDIENTES,1034767,5,Sin información,Sí,No
ALLAN_MANUEL_STOWHAS_ALVARADO__MAGALLANES,ALLAN MANUEL STOWHAS ALVARADO,H,REGIÓN DE MAGALLANES Y DE LA ANTÁRTICA CHILENA,MAGALLANES,REPUBLICANOS E INDEPENDIENTES,No aplica,REPUBLICANO,PARTIDO REPUBLICANO DE CHILE,3114380,19,Aprueba con Observaciones,Sí,No
ROBERT_KURT_WEISSOHN_HECK__MAGALLANES,ROBERT KURT WEISSOHN HECK,H,REGIÓN DE MAGALLANES Y DE LA ANTÁRTICA CHILENA,MAGALLANES,REPUBLICANOS E INDEPENDIENTES,No aplica,REPUBLICANO,PARTIDO REPUBLICANO DE CHILE,5268233,9,Aprueba con Observaciones,Sí,No
LUZ_HELENA_GUZMAN_GARCIA__MAGALLANES,LUZ HELENA GUZMAN GARCIA,M,REGIÓN DE MAGALLANES Y DE LA ANTÁRTICA CHILENA,MAGALLANES,REPUBLICANOS E INDEPENDIENTES,No aplica,REPUBLICANO,PARTIDO REPUBLICANO DE CHILE,2477500,4,Aprueba con Observaciones,Sí,No
SEBASTIAN_ORLANDO_OYARZO_OJEDA__MAGALLANES,SEBASTIAN ORLANDO OYARZO OJEDA,H,REGIÓN DE MAGALLANES Y DE LA ANTÁRTICA CHILENA,MAGALLANES,REPUBLICANOS E INDEPENDIENTES,No aplica,REPUBLICANO,PARTIDO REPUBLICANO DE CHILE,250000,1,Aprueba con Observaciones,Sí,No
MIGUEL_ANGEL_PRIETO_QUEZADA__MAGALLANES,MIGUEL ANGEL PRIETO QUEZADA,H,REGIÓN DE MAGALLANES Y DE LA ANTÁRTICA CHILENA,MAGALLANES,REPUBLICANOS E INDEPENDIENTES,No aplica,REPUBLICANO,PARTIDO REPUBLICANO DE CHILE,4551910,48,Aprueba con Observaciones,Sí,No
EVELYN_KARINA_ARAVENA_GUTIERREZ__MAGALLANES,EVELYN KARINA ARAVENA GUTIERREZ,M,REGIÓN DE MAGALLANES Y DE LA ANTÁRTICA CHILENA,MAGALLANES,REPUBLICANOS E INDEPENDIENTES,No aplica,REPUBLICANO,PARTIDO REPUBLICANO DE CHILE,271400,2,Aprueba con Observaciones,Sí,No
PAMELA_ALEJANDRA_COSSIO_BAOS__MAGALLANES,PAMELA ALEJANDRA COSSIO BAOS,M,REGIÓN DE MAGALLANES Y DE LA ANTÁRTICA CHILENA,MAGALLANES,REPUBLICANOS E INDEPENDIENTES,No aplica,REPUBLICANO,PARTIDO REPUBLICANO DE CHILE,1050000,1,Aprueba,Sí,No
NEFTALI_TAPIA_POBLETE__TIERRA_DEL_FUEGO,NEFTALI TAPIA POBLETE,H,REGIÓN DE MAGALLANES Y DE LA ANTÁRTICA CHILENA,TIERRA DEL FUEGO,TODAS Y TODOS POR CHILE,PARTIDO COMUNISTA E INDEPENDIENTES,PCCH,PARTIDO COMUNISTA DE CHILE,1196000,13,Aprueba,Sí,No
ALEJANDRO_ENRIQUE_NUNEZ_GUERRERO__TIERRA_DEL_FUEGO,ALEJANDRO ENRIQUE NUÑEZ GUERRERO,H,REGIÓN DE MAGALLANES Y DE LA ANTÁRTICA CHILENA,TIERRA DEL FUEGO,TODAS Y TODOS POR CHILE,PARTIDO COMUNISTA E INDEPENDIENTES,IND,INDEPENDIENTES,1007000,10,Aprueba,Sí,No
RODOLFO_MARCELO_CARDENAS_ALVARADO__TIERRA_DEL_FUEGO,RODOLFO MARCELO CARDENAS ALVARADO,H,REGIÓN DE MAGALLANES Y DE LA ANTÁRTICA CHILENA,TIERRA DEL FUEGO,TU REGION RADICAL,No aplica,PR,PARTIDO RADICAL DE CHILE,2503280,20,Aprueba,Sí,No
CARMEN_REBECA_SEKULOVIC_MATTUS__TIERRA_DEL_FUEGO,CARMEN REBECA SEKULOVIC MATTUS,M,REGIÓN DE MAGALLANES Y DE LA ANTÁRTICA CHILENA,TIERRA DEL FUEGO,TU REGION RADICAL,No aplica,IND,INDEPENDIENTES,711360,10,Aprueba,Sí,No
ANDRES_NESTOR_FRANCISCO_LOPEZ_ESPANA__TIERRA_DEL_FUEGO,ANDRES NESTOR FRANCISCO LOPEZ ESPAÑA,H,REGIÓN DE MAGALLANES Y DE LA ANTÁRTICA CHILENA,TIERRA DEL FUEGO,LO MEJOR PARA CHILE,PPD E INDEPENDIENTES,PPD,PARTIDO POR LA DEMOCRACIA,1500000,2,Aprueba con Observaciones,Sí,No
JORGE_FIERRO_ANDRADE__TIERRA_DEL_FUEGO,JORGE FIERRO ANDRADE,H,REGIÓN DE MAGALLANES Y DE LA ANTÁRTICA CHILENA,TIERRA DEL FUEGO,LO MEJOR PARA CHILE,PS E INDEPENDIENTES,IND,INDEPENDIENTES,0,0,Rechaza,No,No
CHRISTIAN_GONZALO_DEMANGEL_GONZALEZ__TIERRA_DEL_FUEGO,CHRISTIAN GONZALO DEMANGEL GONZALEZ,H,REGIÓN DE MAGALLANES Y DE LA ANTÁRTICA CHILENA,TIERRA DEL FUEGO,REPUBLICANOS E INDEPENDIENTES,No aplica,REPUBLICANO,PARTIDO REPUBLICANO DE CHILE,256681,12,Aprueba con Observaciones,Sí,No
RODRIGO_FELIPE_MULLER_SANHUEZA__TIERRA_DEL_FUEGO,RODRIGO FELIPE MULLER SANHUEZA,H,REGIÓN DE MAGALLANES Y DE LA ANTÁRTICA CHILENA,TIERRA DEL FUEGO,REPUBLICANOS E INDEPENDIENTES,No aplica,REPUBLICANO,PARTIDO REPUBLICANO DE CHILE,130000,2,Aprueba con Observaciones,Sí,No
MAX_SALAS_ILLANES__ULTIMA_ESPERANZA,MAX SALAS ILLANES,H,REGIÓN DE MAGALLANES Y DE LA ANTÁRTICA CHILENA,ULTIMA ESPERANZA,CHILE VAMOS RENOVACION NACIONAL - INDEPENDIENTES,No aplica,IND,INDEPENDIENTES,2610722,5,Aprueba con Observaciones,Sí,No
CRISTIAN_YANEZ_RIQUELME__ULTIMA_ESPERANZA,CRISTIAN YAÑEZ RIQUELME,H,REGIÓN DE MAGALLANES Y DE LA ANTÁRTICA CHILENA,ULTIMA ESPERANZA,CHILE VAMOS RENOVACION NACIONAL - INDEPENDIENTES,No aplica,IND,INDEPENDIENTES,1198585,13,Aprueba con Observaciones,Sí,No
RODRIGO_UTZ_CONTRERAS__ULTIMA_ESPERANZA,RODRIGO UTZ CONTRERAS,H,REGIÓN DE MAGALLANES Y DE LA ANTÁRTICA CHILENA,ULTIMA ESPERANZA,CHILE VAMOS RENOVACION NACIONAL - INDEPENDIENTES,No aplica,IND,INDEPENDIENTES,1347220,3,Aprueba con Observaciones,Sí,No
SANTIAGO_BENITO_RUIZ_MUNOZ__ULTIMA_ESPERANZA,SANTIAGO BENITO RUIZ MUÑOZ,H,REGIÓN DE MAGALLANES Y DE LA ANTÁRTICA CHILENA,ULTIMA ESPERANZA,TU REGION RADICAL,No aplica,IND,INDEPENDIENTES,824810,2,Aprueba con Observaciones,Sí,No
GUILLERMO_ANDRES_LOPEZ_JARA__ULTIMA_ESPERANZA,GUILLERMO ANDRES LOPEZ JARA,H,REGIÓN DE MAGALLANES Y DE LA ANTÁRTICA CHILENA,ULTIMA ESPERANZA,TU REGION RADICAL,No aplica,IND,INDEPENDIENTES,1798000,14,Aprueba con Observaciones,Sí,No
FRANCISCO_SEGUNDO_COLIVORO_VARGAS__ULTIMA_ESPERANZA,FRANCISCO SEGUNDO COLIVORO VARGAS,H,REGIÓN DE MAGALLANES Y DE LA ANTÁRTICA CHILENA,ULTIMA ESPERANZA,TU REGION RADICAL,No aplica,IND,INDEPENDIENTES,917550,6,Rechaza,Sí,No
CLAUDIA_HERNANDEZ_OYARZO__ULTIMA_ESPERANZA,CLAUDIA HERNANDEZ OYARZO,M,REGIÓN DE MAGALLANES Y DE LA ANTÁRTICA CHILENA,ULTIMA ESPERANZA,LO MEJOR PARA CHILE,PS E INDEPENDIENTES,PS,PARTIDO SOCIALISTA DE CHILE,5942965,30,Aprueba,Sí,No
JOSE_ALMONACID_VARGAS__ULTIMA_ESPERANZA,JOSE ALMONACID VARGAS,H,REGIÓN DE MAGALLANES Y DE LA ANTÁRTICA CHILENA,ULTIMA ESPERANZA,LO MEJOR PARA CHILE,PS E INDEPENDIENTES,IND,INDEPENDIENTES,2120000,16,Aprueba,Sí,No
ABEL_ALEJANDRO_FERNANDEZ_TRAIPE__ULTIMA_ESPERANZA,ABEL ALEJANDRO FERNANDEZ TRAIPE,H,REGIÓN DE MAGALLANES Y DE LA ANTÁRTICA CHILENA,ULTIMA ESPERANZA,PARTIDO DE LA GENTE E INDEPENDIENTES,No aplica,PDG,PARTIDO DE LA GENTE,449799,18,Aprueba,Sí,No
PATRICIO_GAMIN_BUSTAMANTE__ULTIMA_ESPERANZA,PATRICIO GAMIN BUSTAMANTE,H,REGIÓN DE MAGALLANES Y DE LA ANTÁRTICA CHILENA,ULTIMA ESPERANZA,POR UN CHILE MEJOR,No aplica,PDC,PARTIDO DEMOCRATA CRISTIANO,3727000,21,Aprueba,Sí,No
JOVITO_GONZALEZ_CHAMBLA__ULTIMA_ESPERANZA,JOVITO GONZALEZ CHAMBLA,H,REGIÓN DE MAGALLANES Y DE LA ANTÁRTICA CHILENA,ULTIMA ESPERANZA,POR UN CHILE MEJOR,No aplica,PDC,PARTIDO DEMOCRATA CRISTIANO,2000000,12,Aprueba,Sí,No
SERGIO_PAINEL_MONTIEL__ULTIMA_ESPERANZA,SERGIO PAINEL MONTIEL,H,REGIÓN DE MAGALLANES Y DE LA ANTÁRTICA CHILENA,ULTIMA ESPERANZA,POR UN CHILE MEJOR,No aplica,PDC,PARTIDO DEMOCRATA CRISTIANO,1665435,11,Aprueba,Sí,No
XIMENA_ELSA_MONTANA_VELASQUEZ__ULTIMA_ESPERANZA,XIMENA ELSA MONTAÑA VELASQUEZ,M,REGIÓN DE MAGALLANES Y DE LA ANTÁRTICA CHILENA,ULTIMA ESPERANZA,FRENTE AMPLIO,FRENTE AMPLIO E INDEPENDIENTES,IND,INDEPENDIENTES,2285646,16,Aprueba,Sí,No
CRISTHIAN_ALEXIS_CATRIN_BARRIENTOS__ULTIMA_ESPERANZA,CRISTHIAN ALEXIS CATRIN BARRIENTOS,H,REGIÓN DE MAGALLANES Y DE LA ANTÁRTICA CHILENA,ULTIMA ESPERANZA,FRENTE AMPLIO,FRENTE AMPLIO E INDEPENDIENTES,IND,INDEPENDIENTES,7617301,15,Rechaza,Sí,No
ALEXIS_VILLALOBOS_FLORES__ULTIMA_ESPERANZA,ALEXIS VILLALOBOS FLORES,H,REGIÓN DE MAGALLANES Y DE LA ANTÁRTICA CHILENA,ULTIMA ESPERANZA,CHILE VAMOS UDI - INDEPENDIENTES,No aplica,IND,INDEPENDIENTES,0,0,Rechaza,No,No
FELIPE_MUNOZ_MUNOZ__ULTIMA_ESPERANZA,FELIPE MUÑOZ MUÑOZ,H,REGIÓN DE MAGALLANES Y DE LA ANTÁRTICA CHILENA,ULTIMA ESPERANZA,CHILE VAMOS UDI - INDEPENDIENTES,No aplica,IND,INDEPENDIENTES,0,0,Rechaza,No,No
JULIO_CESAR_DIAZ_FERNANDEZ__ULTIMA_ESPERANZA,JULIO CESAR DIAZ FERNANDEZ,H,REGIÓN DE MAGALLANES Y DE LA ANTÁRTICA CHILENA,ULTIMA ESPERANZA,REPUBLICANOS E INDEPENDIENTES,No aplica,REPUBLICANO,PARTIDO REPUBLICANO DE CHILE,0,0,Aprueba,No,No
JORGE_RICARDO_CANTILLANO_NUNEZ__ULTIMA_ESPERANZA,JORGE RICARDO CANTILLANO NUÑEZ,H,REGIÓN DE MAGALLANES Y DE LA ANTÁRTICA CHILENA,ULTIMA ESPERANZA,REPUBLICANOS E INDEPENDIENTES,No aplica,REPUBLICANO,PARTIDO REPUBLICANO DE CHILE,426644,5,Aprueba,Sí,No
SERGIO_IVAN_RETAMALES_CAMPOS__ULTIMA_ESPERANZA,SERGIO IVAN RETAMALES CAMPOS,H,REGIÓN DE MAGALLANES Y DE LA ANTÁRTICA CHILENA,ULTIMA ESPERANZA,REPUBLICANOS E INDEPENDIENTES,No aplica,REPUBLICANO,PARTIDO REPUBLICANO DE CHILE,0,0,Aprueba,No,No
CARLOS_ENRIQUE_MANDRIAZA_MUNOZ__ULTIMA_ESPERANZA,CARLOS ENRIQUE MANDRIAZA MUÑOZ,H,REGIÓN DE MAGALLANES Y DE LA ANTÁRTICA CHILENA,ULTIMA ESPERANZA,CANDIDATURA INDEPENDIENTE,No aplica,IND,INDEPENDIENTES,0,0,Rechaza,No,No
