id_candidato,nombre_candidato,sexo,region,circunscripcion,letra_lista,pacto,subpacto,sigla_partido,partido,numero_papeleta,posicion_lista,primero_lista,tamano_lista,numero_listas_circunscripcion,votos,votos_lista,porcentaje_votos_lista,electo
FERNANDO_ALEX_FERNANDEZ_BARRAZA__ARICA,FERNANDO ALEX FERNANDEZ BARRAZA,H,REGIÓN DE ARICA Y PARINACOTA,ARICA,B,IZQUIERDA ECOLOGISTA POPULAR,,POPULAR,POPULAR,100,1,Sí,11,13,450,7671,5.86625,No
SERGIO_LEANDRO_MORALES_IMANA__ARICA,SERGIO LEANDRO MORALES IMAÑA,H,REGIÓN DE ARICA Y PARINACOTA,ARICA,B,IZQUIERDA ECOLOGISTA POPULAR,,PH,PARTIDO HUMANISTA,101,2,No,11,13,665,7671,8.669013,No
ANTONIO_LUCIO_MAITA_FLORES__ARICA,ANTONIO LUCIO MAITA FLORES,H,REGIÓN DE ARICA Y PARINACOTA,ARICA,B,IZQUIERDA ECOLOGISTA POPULAR,,PH,PARTIDO HUMANISTA,102,3,No,11,13,281,7671,3.663147,No
DAVID_JORGE_ANTONIO_PADILLA_RAMIREZ__ARICA,DAVID JORGE ANTONIO PADILLA RAMIREZ,H,REGIÓN DE ARICA Y PARINACOTA,ARICA,B,IZQUIERDA ECOLOGISTA POPULAR,,PH,PARTIDO HUMANISTA,103,4,No,11,13,251,7671,3.272064,No
ALEXANDRA_CASTILLO_BACIAN__ARICA,ALEXANDRA CASTILLO BACIAN,M,REGIÓN DE ARICA Y PARINACOTA,ARICA,B,IZQUIERDA ECOLOGISTA POPULAR,,PH,PARTIDO HUMANISTA,104,5,No,11,13,828,7671,10.793899,No
ANDREA_ROSITA_CHELLEW_STAMBUK__ARICA,ANDREA ROSITA CHELLEW STAMBUK,M,REGIÓN DE ARICA Y PARINACOTA,ARICA,B,IZQUIERDA ECOLOGISTA POPULAR,,PH,PARTIDO HUMANISTA,105,6,No,11,13,418,7671,5.449094,No
CARLOS_JORGE_OJEDA_MURILLO__ARICA,CARLOS JORGE OJEDA MURILLO,H,REGIÓN DE ARICA Y PARINACOTA,ARICA,B,IZQUIERDA ECOLOGISTA POPULAR,,PH,PARTIDO HUMANISTA,106,7,No,11,13,1302,7671,16.973015,Sí
IVAN_MARTIN_ROMERO_MENACHO__ARICA,IVAN MARTIN ROMERO MENACHO,H,REGIÓN DE ARICA Y PARINACOTA,ARICA,B,IZQUIERDA ECOLOGISTA POPULAR,,IND,INDEPENDIENTES,107,8,No,11,13,1593,7671,20.766523,No
INGRID_GISELA_ROBLES_ARAYA__ARICA,INGRID GISELA ROBLES ARAYA,M,REGIÓN DE ARICA Y PARINACOTA,ARICA,B,IZQUIERDA ECOLOGISTA POPULAR,,IND,INDEPENDIENTES,108,9,No,11,13,1012,7671,13.192543,No
SUSANA_ALEJANDRA_PALLERES_FLORES__ARICA,SUSANA ALEJANDRA PALLERES FLORES,M,REGIÓN DE ARICA Y PARINACOTA,ARICA,B,IZQUIERDA ECOLOGISTA POPULAR,,IND,INDEPENDIENTES,109,10,No,11,13,542,7671,7.065572,No
SILVIA_JOCELYN_MUNOZ_DONOSO__ARICA,SILVIA JOCELYN MUÑOZ DONOSO,M,REGIÓN DE ARICA Y PARINACOTA,ARICA,B,IZQUIERDA ECOLOGISTA POPULAR,,IND,INDEPENDIENTES,110,11,No,11,13,329,7671,4.28888,No
ALFREDO_ENRIQUE_TAPIA_CONTRERAS__ARICA,ALFREDO ENRIQUE TAPIA CONTRERAS,H,REGIÓN DE ARICA Y PARINACOTA,ARICA,C,TODAS Y TODOS POR CHILE,PARTIDO COMUNISTA E INDEPENDIENTES,PCCH,PARTIDO COMUNISTA DE CHILE,111,1,Sí,11,13,1474,10605,13.899104,No
MARIA_JOSE_VICTORIANO_CAUTIVO__ARICA,MARIA JOSE VICTORIANO CAUTIVO,M,REGIÓN DE ARICA Y PARINACOTA,ARICA,C,TODAS Y TODOS POR CHILE,PARTIDO COMUNISTA E INDEPENDIENTES,PCCH,PARTIDO COMUNISTA DE CHILE,112,2,No,11,13,1575,10605,14.851485,Sí
PAUL_GABRIEL_GONZALEZ_CARRASCO__ARICA,PAUL GABRIEL GONZALEZ CARRASCO,H,REGIÓN DE ARICA Y PARINACOTA,ARICA,C,TODAS Y TODOS POR CHILE,PARTIDO COMUNISTA E INDEPENDIENTES,PCCH,PARTIDO COMUNISTA DE CHILE,113,3,No,11,13,571,10605,5.384253,No
FANNY_JEANETTE_BARRIENTOS_CRUZATT__ARICA,FANNY JEANETTE BARRIENTOS CRUZATT,M,REGIÓN DE ARICA Y PARINACOTA,ARICA,C,TODAS Y TODOS POR CHILE,PARTIDO COMUNISTA E INDEPENDIENTES,PCCH,PARTIDO COMUNISTA DE CHILE,114,4,No,11,13,1061,10605,10.004715,No
HANS_ALEX_NEIRA_MALUENDA__ARICA,HANS ALEX NEIRA MALUENDA,H,REGIÓN DE ARICA Y PARINACOTA,ARICA,C,TODAS Y TODOS POR CHILE,PARTIDO COMUNISTA E INDEPENDIENTES,PCCH,PARTIDO COMUNISTA DE CHILE,115,5,No,11,13,377,10605,3.554927,No
SABINA_BERTA_PONCE_CANCINO__ARICA,SABINA BERTA PONCE CANCINO,M,REGIÓN DE ARICA Y PARINACOTA,ARICA,C,TODAS Y TODOS POR CHILE,PARTIDO COMUNISTA E INDEPENDIENTES,PCCH,PARTIDO COMUNISTA DE CHILE,116,6,No,11,13,348,10605,3.281471,No
CONSTANZA_BARRAZA_HONORATO__ARICA,CONSTANZA BARRAZA HONORATO,M,REGIÓN DE ARICA Y PARINACOTA,ARICA,C,TODAS Y TODOS POR CHILE,ACCION HUMANISTA E INDEPENDIENTES,AH,PARTIDO ACCIÓN HUMANISTA,117,7,No,11,13,540,10605,5.091938,No
PAUL_CARVAJAL_QUIROZ__ARICA,PAUL CARVAJAL QUIROZ,H,REGIÓN DE ARICA Y PARINACOTA,ARICA,C,TODAS Y TODOS POR CHILE,ACCION HUMANISTA E INDEPENDIENTES,IND,INDEPENDIENTES,118,8,No,11,13,1299,10605,12.248939,No
IVAN_PAREDES_FIERRO__ARICA,IVAN PAREDES FIERRO,H,REGIÓN DE ARICA Y PARINACOTA,ARICA,C,TODAS Y TODOS POR CHILE,ACCION HUMANISTA E INDEPENDIENTES,IND,INDEPENDIENTES,119,9,No,11,13,2657,10605,25.05422,No
PAULA_CONCHA_PALACIOS__ARICA,PAULA CONCHA PALACIOS,M,REGIÓN DE ARICA Y PARINACOTA,ARICA,C,TODAS Y TODOS POR CHILE,ACCION HUMANISTA E INDEPENDIENTES,IND,INDEPENDIENTES,120,10,No,11,13,397,10605,3.743517,No
FERNANDO_CABRALES_GOMEZ__ARICA,FERNANDO CABRALES GOMEZ,H,REGIÓN DE ARICA Y PARINACOTA,ARICA,C,TODAS Y TODOS POR CHILE,ACCION HUMANISTA E INDEPENDIENTES,IND,INDEPENDIENTES,121,11,No,11,13,306,10605,2.885431,No
SOLEDAD_ELVIRA_LARA_QUINTANA__ARICA,SOLEDAD ELVIRA LARA QUINTANA,M,REGIÓN DE ARICA Y PARINACOTA,ARICA,F,PARTIDO SOCIAL CRISTIANO E INDEPENDIENTES,,PSC,PARTIDO SOCIAL CRISTIANO,122,1,Sí,9,13,660,7910,8.343869,No
NATALY_CRUZ_PLAZA__ARICA,NATALY CRUZ PLAZA,M,REGIÓN DE ARICA Y PARINACOTA,ARICA,F,PARTIDO SOCIAL CRISTIANO E INDEPENDIENTES,,PSC,PARTIDO SOCIAL CRISTIANO,123,2,No,9,13,571,7910,7.21871,No
ALEJANDRO_AVALOS_AVILES__ARICA,ALEJANDRO AVALOS AVILES,H,REGIÓN DE ARICA Y PARINACOTA,ARICA,F,PARTIDO SOCIAL CRISTIANO E INDEPENDIENTES,,PSC,PARTIDO SOCIAL CRISTIANO,124,3,No,9,13,412,7910,5.208597,No
ARIEL_RICARDO_PARADA_JIMENEZ__ARICA,ARIEL RICARDO PARADA JIMENEZ,H,REGIÓN DE ARICA Y PARINACOTA,ARICA,F,PARTIDO SOCIAL CRISTIANO E INDEPENDIENTES,,IND,INDEPENDIENTES,125,4,No,9,13,527,7910,6.662453,No
IRENE_DEL_CARMEN_AGUIRRE_FLORES__ARICA,IRENE DEL CARMEN AGUIRRE FLORES,M,REGIÓN DE ARICA Y PARINACOTA,ARICA,F,PARTIDO SOCIAL CRISTIANO E INDEPENDIENTES,,IND,INDEPENDIENTES,126,5,No,9,13,912,7910,11.529709,No
DIEGO_ENRIQUE_ALMARZA_REYES__ARICA,DIEGO ENRIQUE ALMARZA REYES,H,REGIÓN DE ARICA Y PARINACOTA,ARICA,F,PARTIDO SOCIAL CRISTIANO E INDEPENDIENTES,,IND,INDEPENDIENTES,127,6,No,9,13,912,7910,11.529709,No
JUAN_FRANCISCO_MERUVIA_MERUVIA__ARICA,JUAN FRANCISCO MERUVIA MERUVIA,H,REGIÓN DE ARICA Y PARINACOTA,ARICA,F,PARTIDO SOCIAL CRISTIANO E INDEPENDIENTES,,IND,INDEPENDIENTES,128,7,No,9,13,729,7910,9.216182,No
CRISTIAN_GODOFREDO_VILLANUEVA_ROSALES__ARICA,CRISTIAN GODOFREDO VILLANUEVA ROSALES,H,REGIÓN DE ARICA Y PARINACOTA,ARICA,F,PARTIDO SOCIAL CRISTIANO E INDEPENDIENTES,,IND,INDEPENDIENTES,129,8,No,9,13,2116,7910,26.750948,Sí
MARIO_LUZA_ESPINOZA__ARICA,MARIO LUZA ESPINOZA,H,REGIÓN DE ARICA Y PARINACOTA,ARICA,F,PARTIDO SOCIAL CRISTIANO E INDEPENDIENTES,,IND,INDEPENDIENTES,130,9,No,9,13,1071,7910,13.539823,No
LEONARDO_BORQUEZ_CASTILLO__ARICA,LEONARDO BORQUEZ CASTILLO,H,REGIÓN DE ARICA Y PARINACOTA,ARICA,I,CHILE VAMOS RENOVACION NACIONAL - INDEPENDIENTES,,RN,RENOVACION NACIONAL,131,1,Sí,11,13,1888,10669,17.696129,No
SOFIA_CLAVIJO_MEDALLA__ARICA,SOFIA CLAVIJO MEDALLA,M,REGIÓN DE ARICA Y PARINACOTA,ARICA,I,CHILE VAMOS RENOVACION NACIONAL - INDEPENDIENTES,,RN,RENOVACION NACIONAL,132,2,No,11,13,2047,10669,19.186428,Sí
SEBASTIAN_ARAYA_ARAVENA__ARICA,SEBASTIAN ARAYA ARAVENA,H,REGIÓN DE ARICA Y PARINACOTA,ARICA,I,CHILE VAMOS RENOVACION NACIONAL - INDEPENDIENTES,,RN,RENOVACION NACIONAL,133,3,No,11,13,785,10669,7.357765,No
KAREN_ROCHA_VILLALBA__ARICA,KAREN ROCHA VILLALBA,M,REGIÓN DE ARICA Y PARINACOTA,ARICA,I,CHILE VAMOS RENOVACION NACIONAL - INDEPENDIENTES,,RN,RENOVACION NACIONAL,134,4,No,11,13,919,10669,8.613741,No
MARCELO_SOTO_GONZALEZ__ARICA,MARCELO SOTO GONZALEZ,H,REGIÓN DE ARICA Y PARINACOTA,ARICA,I,CHILE VAMOS RENOVACION NACIONAL - INDEPENDIENTES,,RN,RENOVACION NACIONAL,135,5,No,11,13,566,10669,5.30509,No
NEIL_CASTILLO_LILLO__ARICA,NEIL CASTILLO LILLO,H,REGIÓN DE ARICA Y PARINACOTA,ARICA,I,CHILE VAMOS RENOVACION NACIONAL - INDEPENDIENTES,,RN,RENOVACION NACIONAL,136,6,No,11,13,1209,10669,11.331896,No
SERGIO_LOZANO_GALINDO__ARICA,SERGIO LOZANO GALINDO,H,REGIÓN DE ARICA Y PARINACOTA,ARICA,I,CHILE VAMOS RENOVACION NACIONAL - INDEPENDIENTES,,RN,RENOVACION NACIONAL,137,7,No,11,13,580,10669,5.436311,No
RICARDO_GODOY_ORDONEZ__ARICA,RICARDO GODOY ORDOÑEZ,H,REGIÓN DE ARICA Y PARINACOTA,ARICA,I,CHILE VAMOS RENOVACION NACIONAL - INDEPENDIENTES,,RN,RENOVACION NACIONAL,138,8,No,11,13,436,10669,4.086606,No
MANUEL_DIAZ_VASQUEZ__ARICA,MANUEL DIAZ VASQUEZ,H,REGIÓN DE ARICA Y PARINACOTA,ARICA,I,CHILE VAMOS RENOVACION NACIONAL - INDEPENDIENTES,,IND,INDEPENDIENTES,139,9,No,11,13,424,10669,3.974131,No
DINA_DURAN_FLORES__ARICA,DINA DURAN FLORES,M,REGIÓN DE ARICA Y PARINACOTA,ARICA,I,CHILE VAMOS RENOVACION NACIONAL - INDEPENDIENTES,,IND,INDEPENDIENTES,140,10,No,11,13,656,10669,6.148655,No
CATALINA_FERNANDEZ_VALCARCE__ARICA,CATALINA FERNANDEZ VALCARCE,M,REGIÓN DE ARICA Y PARINACOTA,ARICA,I,CHILE VAMOS RENOVACION NACIONAL - INDEPENDIENTES,,IND,INDEPENDIENTES,141,11,No,11,13,1159,10669,10.863249,No
DAVID_HECTOR_ZAPATA_VALENZUELA__ARICA,DAVID HECTOR ZAPATA VALENZUELA,H,REGIÓN DE ARICA Y PARINACOTA,ARICA,L,TU REGION RADICAL,,PR,PARTIDO RADICAL DE CHILE,142,1,Sí,9,13,1859,4829,38.496583,No
ORLANDO_SEBASTIAN_COFRE_CORTES__ARICA,ORLANDO SEBASTIAN COFRE CORTES,H,REGIÓN DE ARICA Y PARINACOTA,ARICA,L,TU REGION RADICAL,,PR,PARTIDO RADICAL DE CHILE,143,2,No,9,13,644,4829,13.336094,No
CECILIA_IRENE_PALLERES_VEAS__ARICA,CECILIA IRENE PALLERES VEAS,M,REGIÓN DE ARICA Y PARINACOTA,ARICA,L,TU REGION RADICAL,,PR,PARTIDO RADICAL DE CHILE,144,3,No,9,13,225,4829,4.65935,No
CAROLINA_ANDREA_CASTILLO_TAPIA__ARICA,CAROLINA ANDREA CASTILLO TAPIA,M,REGIÓN DE ARICA Y PARINACOTA,ARICA,L,TU REGION RADICAL,,PR,PARTIDO RADICAL DE CHILE,145,4,No,9,13,315,4829,6.52309,No
ERNESTINA_SILVA_VILLEGAS__ARICA,ERNESTINA SILVA VILLEGAS,M,REGIÓN DE ARICA Y PARINACOTA,ARICA,L,TU REGION RADICAL,,PR,PARTIDO RADICAL DE CHILE,146,5,No,9,13,161,4829,3.334024,No
OSCAR_RODRIGO_FUENTES_PALAVECINOS__ARICA,OSCAR RODRIGO FUENTES PALAVECINOS,H,REGIÓN DE ARICA Y PARINACOTA,ARICA,L,TU REGION RADICAL,,PR,PARTIDO RADICAL DE CHILE,147,6,No,9,13,266,4829,5.508387,No
ANGELO_ENRIQUE_RODRIGUEZ_ORTIZ__ARICA,ANGELO ENRIQUE RODRIGUEZ ORTIZ,H,REGIÓN DE ARICA Y PARINACOTA,ARICA,L,TU REGION RADICAL,,IND,INDEPENDIENTES,148,7,No,9,13,517,4829,10.70615,No
CLAUDIA_VERONICA_VERA_CARLOS__ARICA,CLAUDIA VERONICA VERA CARLOS,M,REGIÓN DE ARICA Y PARINACOTA,ARICA,L,TU REGION RADICAL,,IND,INDEPENDIENTES,149,8,No,9,13,566,4829,11.720853,No
HERNAN_IPAX_MERY_AHUMADA__ARICA,HERNAN IPAX MERY AHUMADA,H,REGIÓN DE ARICA Y PARINACOTA,ARICA,L,TU REGION RADICAL,,IND,INDEPENDIENTES,150,9,No,9,13,276,4829,5.715469,No
OSCAR_PANTOJA_RIVERA__ARICA,OSCAR PANTOJA RIVERA,H,REGIÓN DE ARICA Y PARINACOTA,ARICA,M,REGIONES VERDES LIBERALES,,PL,PARTIDO LIBERAL DE CHILE,151,1,Sí,9,13,1880,9913,18.964995,Sí
EDGAR_MUNOZ_RETAMALES__ARICA,EDGAR MUÑOZ RETAMALES,H,REGIÓN DE ARICA Y PARINACOTA,ARICA,M,REGIONES VERDES LIBERALES,,PL,PARTIDO LIBERAL DE CHILE,152,2,No,9,13,1061,9913,10.703117,No
CESAR_ANTONIO_SANTIS_ZUNIGA__ARICA,CESAR ANTONIO SANTIS ZUÑIGA,H,REGIÓN DE ARICA Y PARINACOTA,ARICA,M,REGIONES VERDES LIBERALES,,PL,PARTIDO LIBERAL DE CHILE,153,3,No,9,13,513,9913,5.175023,No
PATRICIO_MOYA_MUNOZ__ARICA,PATRICIO MOYA MUÑOZ,H,REGIÓN DE ARICA Y PARINACOTA,ARICA,M,REGIONES VERDES LIBERALES,,FREVS,FEDERACION REGIONALISTA VERDE SOCIAL,154,4,No,9,13,1733,9913,17.482094,No
LISETTE_VERONICA_SULANTAY_HERNAEZ__ARICA,LISETTE VERONICA SULANTAY HERNAEZ,M,REGIÓN DE ARICA Y PARINACOTA,ARICA,M,REGIONES VERDES LIBERALES,,FREVS,FEDERACION REGIONALISTA VERDE SOCIAL,155,5,No,9,13,652,9913,6.577222,No
LORENA_MUSSA_VALENZUELA__ARICA,LORENA MUSSA VALENZUELA,M,REGIÓN DE ARICA Y PARINACOTA,ARICA,M,REGIONES VERDES LIBERALES,,IND,INDEPENDIENTES,156,6,No,9,13,1521,9913,15.343488,No
YEAN_MIGUEL_PASTEN_GALVEZ__ARICA,YEAN MIGUEL PASTEN GALVEZ,H,REGIÓN DE ARICA Y PARINACOTA,ARICA,M,REGIONES VERDES LIBERALES,,IND,INDEPENDIENTES,157,7,No,9,13,1752,9913,17.673762,No
MIGUEL_ANGEL_LEIVA_PIZARRO__ARICA,MIGUEL ANGEL LEIVA PIZARRO,H,REGIÓN DE ARICA Y PARINACOTA,ARICA,M,REGIONES VERDES LIBERALES,,IND,INDEPENDIENTES,158,8,No,9,13,538,9913,5.427217,No
CLAUDIO_ANDRES_PAZ_FUENTES__ARICA,CLAUDIO ANDRES PAZ FUENTES,H,REGIÓN DE ARICA Y PARINACOTA,ARICA,M,REGIONES VERDES LIBERALES,,IND,INDEPENDIENTES,159,9,No,9,13,263,9913,2.653082,No
ALEJANDRO_ESTEBAN_DIAZ_CARVAJAL__ARICA,ALEJANDRO ESTEBAN DIAZ CARVAJAL,H,REGIÓN DE ARICA Y PARINACOTA,ARICA,N,LO MEJOR PARA CHILE,PS E INDEPENDIENTES,PS,PARTIDO SOCIALISTA DE CHILE,160,1,Sí,9,13,2263,8469,26.720982,No
LORY_BERNIE_ESCUDERO_GUARDIA__ARICA,LORY BERNIE ESCUDERO GUARDIA,M,REGIÓN DE ARICA Y PARINACOTA,ARICA,N,LO MEJOR PARA CHILE,PS E INDEPENDIENTES,PS,PARTIDO SOCIALISTA DE CHILE,161,2,No,9,13,551,8469,6.506081,No
SOHEL_LEONARDO_HERESI_FLORES__ARICA,SOHEL LEONARDO HERESI FLORES,H,REGIÓN DE ARICA Y PARINACOTA,ARICA,N,LO MEJOR PARA CHILE,PS E INDEPENDIENTES,IND,INDEPENDIENTES,162,3,No,9,13,802,8469,9.469831,No
DENISSE_ANDREA_MORALES_FLORES__ARICA,DENISSE ANDREA MORALES FLORES,M,REGIÓN DE ARICA Y PARINACOTA,ARICA,N,LO MEJOR PARA CHILE,PS E INDEPENDIENTES,IND,INDEPENDIENTES,163,4,No,9,13,2294,8469,27.087023,Sí
LINO_EUSTAQUIO_MAMANI_VICENTE__ARICA,LINO EUSTAQUIO MAMANI VICENTE,H,REGIÓN DE ARICA Y PARINACOTA,ARICA,N,LO MEJOR PARA CHILE,PPD E INDEPENDIENTES,PPD,PARTIDO POR LA DEMOCRACIA,164,5,No,9,13,652,8469,7.698666,No
MARIANELA_DEL_ROSARIO_TAPIA_CARVAJAL__ARICA,MARIANELA DEL ROSARIO TAPIA CARVAJAL,M,REGIÓN DE ARICA Y PARINACOTA,ARICA,N,LO MEJOR PARA CHILE,PPD E INDEPENDIENTES,PPD,PARTIDO POR LA DEMOCRACIA,165,6,No,9,13,399,8469,4.7113,No
EMILIO_JOSE_JIMENEZ_CACERES__ARICA,EMILIO JOSE JIMENEZ CACERES,H,REGIÓN DE ARICA Y PARINACOTA,ARICA,N,LO MEJOR PARA CHILE,PPD E INDEPENDIENTES,PPD,PARTIDO POR LA DEMOCRACIA,166,7,No,9,13,695,8469,8.2064,No
VIVIANA_ORTIZ_VILDOSO__ARICA,VIVIANA ORTIZ VILDOSO,M,REGIÓN DE ARICA Y PARINACOTA,ARICA,N,LO MEJOR PARA CHILE,PPD E INDEPENDIENTES,IND,INDEPENDIENTES,167,8,No,9,13,559,8469,6.600543,No
RAUL_ROLANDO_OSSANDON_VASQUEZ__ARICA,RAUL ROLANDO OSSANDON VASQUEZ,H,REGIÓN DE ARICA Y PARINACOTA,ARICA,N,LO MEJOR PARA CHILE,PPD E INDEPENDIENTES,IND,INDEPENDIENTES,168,9,No,9,13,254,8469,2.999173,No
CAROLINA_ANDREA_EMPARAN_RAMIREZ__ARICA,CAROLINA ANDREA EMPARAN RAMIREZ,M,REGIÓN DE ARICA Y PARINACOTA,ARICA,P,PARTIDO DE LA GENTE E INDEPENDIENTES,,PDG,PARTIDO DE LA GENTE,169,1,Sí,6,13,1958,6553,29.879445,No
JULIE_ALEJANDRA_DURAN_LOPEZ__ARICA,JULIE ALEJANDRA DURAN LOPEZ,M,REGIÓN DE ARICA Y PARINACOTA,ARICA,P,PARTIDO DE LA GENTE E INDEPENDIENTES,,PDG,PARTIDO DE LA GENTE,170,2,No,6,13,571,6553,8.713566,No
GONZALO_DANIEL_CAMPUSANO_YANEZ__ARICA,GONZALO DANIEL CAMPUSANO YAÑEZ,H,REGIÓN DE ARICA Y PARINACOTA,ARICA,P,PARTIDO DE LA GENTE E INDEPENDIENTES,,PDG,PARTIDO DE LA GENTE,171,3,No,6,13,932,6553,14.222494,No
FRIEDRICH_RENARD_MENCIA_POCONI__ARICA,FRIEDRICH RENARD MENCIA POCONI,H,REGIÓN DE ARICA Y PARINACOTA,ARICA,P,PARTIDO DE LA GENTE E INDEPENDIENTES,,PDG,PARTIDO DE LA GENTE,172,4,No,6,13,610,6553,9.308714,No
IVAN_ANDRES_OSORIO_CORTES__ARICA,IVAN ANDRES OSORIO CORTES,H,REGIÓN DE ARICA Y PARINACOTA,ARICA,P,PARTIDO DE LA GENTE E INDEPENDIENTES,,PDG,PARTIDO DE LA GENTE,173,5,No,6,13,731,6553,11.155196,No
KLAUS_ABDIEL_NEVERMANN_BU_ANTUN__ARICA,KLAUS ABDIEL NEVERMANN BU-ANTUN,H,REGIÓN DE ARICA Y PARINACOTA,ARICA,P,PARTIDO DE LA GENTE E INDEPENDIENTES,,IND,INDEPENDIENTES,174,6,No,6,13,1751,6553,26.720586,No
MARCELO_EMMANUEL_GONZALEZ_OLIVARES__ARICA,MARCELO EMMANUEL GONZALEZ OLIVARES,H,REGIÓN DE ARICA Y PARINACOTA,ARICA,Q,POR UN CHILE MEJOR,,PDC,PARTIDO DEMOCRATA CRISTIANO,175,1,Sí,9,13,1931,8366,23.08152,Sí
VIOLETA_CLEISY_CASTILLO_QUISPE__ARICA,VIOLETA CLEISY CASTILLO QUISPE,M,REGIÓN DE ARICA Y PARINACOTA,ARICA,Q,POR UN CHILE MEJOR,,PDC,PARTIDO DEMOCRATA CRISTIANO,176,2,No,9,13,575,8366,6.873058,No
CAROLINA_MABEL_MUNOZ_DROGUETT__ARICA,CAROLINA MABEL MUÑOZ DROGUETT,M,REGIÓN DE ARICA Y PARINACOTA,ARICA,Q,POR UN CHILE MEJOR,,IND,INDEPENDIENTES,177,3,No,9,13,988,8366,11.809706,No
ROCIO_BELEN_MOLLO_CAICONTE__ARICA,ROCIO BELEN MOLLO CAICONTE,M,REGIÓN DE ARICA Y PARINACOTA,ARICA,Q,POR UN CHILE MEJOR,,IND,INDEPENDIENTES,178,4,No,9,13,926,8366,11.068611,No
MONICA_ROSA_AZOCAR_SILES__ARICA,MONICA ROSA AZOCAR SILES,M,REGIÓN DE ARICA Y PARINACOTA,ARICA,Q,POR UN CHILE MEJOR,,IND,INDEPENDIENTES,179,5,No,9,13,660,8366,7.889075,No
ROMULO_RUIZ_GUZMAN__ARICA,ROMULO RUIZ GUZMAN,H,REGIÓN DE ARICA Y PARINACOTA,ARICA,Q,POR UN CHILE MEJOR,,IND,INDEPENDIENTES,180,6,No,9,13,429,8366,5.127899,No
RODOLFO_IGNACIO_GONZALEZ_FLORES__ARICA,RODOLFO IGNACIO GONZALEZ FLORES,H,REGIÓN DE ARICA Y PARINACOTA,ARICA,Q,POR UN CHILE MEJOR,,IND,INDEPENDIENTES,181,7,No,9,13,440,8366,5.259383,No
ANA_MARICELA_SUPANTA_AYCA__ARICA,ANA MARICELA SUPANTA AYCA,M,REGIÓN DE ARICA Y PARINACOTA,ARICA,Q,POR UN CHILE MEJOR,,IND,INDEPENDIENTES,182,8,No,9,13,1483,8366,17.726512,No
ELIZABETH_ROSSANA_OSSES_FAUNDEZ__ARICA,ELIZABETH ROSSANA OSSES FAUNDEZ,M,REGIÓN DE ARICA Y PARINACOTA,ARICA,Q,POR UN CHILE MEJOR,,IND,INDEPENDIENTES,183,9,No,9,13,934,8366,11.164236,No
NINO_SEGUNDO_ESTAY_ESPINOZA__ARICA,NINO SEGUNDO ESTAY ESPINOZA,H,REGIÓN DE ARICA Y PARINACOTA,ARICA,R,CENTRO DEMOCRATICO,DEMOCRATAS E INDEPENDIENTES,DEMOCRATAS,PARTIDO DEMOCRATAS CHILE,184,1,Sí,10,13,964,6713,14.360197,Sí
JAVIER_ENRIQUE_DIAZ_CALDERON__ARICA,JAVIER ENRIQUE DIAZ CALDERON,H,REGIÓN DE ARICA Y PARINACOTA,ARICA,R,CENTRO DEMOCRATICO,DEMOCRATAS E INDEPENDIENTES,IND,INDEPENDIENTES,185,2,No,10,13,634,6713,9.444362,No
CARLOS_ENRIQUE_FERRY_CAMPODONICO__ARICA,CARLOS ENRIQUE FERRY CAMPODONICO,H,REGIÓN DE ARICA Y PARINACOTA,ARICA,R,CENTRO DEMOCRATICO,DEMOCRATAS E INDEPENDIENTES,IND,INDEPENDIENTES,186,3,No,10,13,779,6713,11.60435,No
ARIELLE_JESUS_PALMA_LOPEZ__ARICA,ARIELLE JESUS PALMA LOPEZ,M,REGIÓN DE ARICA Y PARINACOTA,ARICA,R,CENTRO DEMOCRATICO,DEMOCRATAS E INDEPENDIENTES,IND,INDEPENDIENTES,187,4,No,10,13,247,6713,3.679428,No
CLAUDIA_ROSARIO_MIRANDA_TORRES__ARICA,CLAUDIA ROSARIO MIRANDA TORRES,M,REGIÓN DE ARICA Y PARINACOTA,ARICA,R,CENTRO DEMOCRATICO,DEMOCRATAS E INDEPENDIENTES,IND,INDEPENDIENTES,188,5,No,10,13,821,6713,12.230001,No
NAKITA_FERNANDA_ALCORCE_HUAMAN__ARICA,NAKITA FERNANDA ALCORCE HUAMAN,M,REGIÓN DE ARICA Y PARINACOTA,ARICA,R,CENTRO DEMOCRATICO,DEMOCRATAS E INDEPENDIENTES,IND,INDEPENDIENTES,189,6,No,10,13,951,6713,14.166543,No
GASTON_ERNESTO_PADILLA_RAMIREZ__ARICA,GASTON ERNESTO PADILLA RAMIREZ,H,REGIÓN DE ARICA Y PARINACOTA,ARICA,R,CENTRO DEMOCRATICO,DEMOCRATAS E INDEPENDIENTES,IND,INDEPENDIENTES,190,7,No,10,13,588,6713,8.759124,No
PAULINA_BRAVIN_DIAZ__ARICA,PAULINA BRAVIN DIAZ,M,REGIÓN DE ARICA Y PARINACOTA,ARICA,R,CENTRO DEMOCRATICO,DEMOCRATAS E INDEPENDIENTES,IND,INDEPENDIENTES,191,8,No,10,13,539,6713,8.029197,No
LUIS_MIGUEL_CEBALLOS_MERINO__ARICA,LUIS MIGUEL CEBALLOS MERIÑO,H,REGIÓN DE ARICA Y PARINACOTA,ARICA,R,CENTRO DEMOCRATICO,DEMOCRATAS E INDEPENDIENTES,IND,INDEPENDIENTES,192,9,No,10,13,615,6713,9.161329,No
JORGE_SOCRATES_CASTILLO_ORIZOLA__ARICA,JORGE SOCRATES CASTILLO ORIZOLA,H,REGIÓN DE ARICA Y PARINACOTA,ARICA,R,CENTRO DEMOCRATICO,DEMOCRATAS E INDEPENDIENTES,IND,INDEPENDIENTES,193,10,No,10,13,575,6713,8.56547,No
MILENE_ROSSINA_MOLINA_ARANCIBIA__ARICA,MILENE ROSSINA MOLINA ARANCIBIA,M,REGIÓN DE ARICA Y PARINACOTA,ARICA,S,FRENTE AMPLIO,FRENTE AMPLIO E INDEPENDIENTES,FA,FRENTE AMPLIO,194,1,Sí,11,13,761,4803,15.844264,No
MARICELA_MARA_TRUJILLO_OSORIO__ARICA,MARICELA MARA TRUJILLO OSORIO,M,REGIÓN DE ARICA Y PARINACOTA,ARICA,S,FRENTE AMPLIO,FRENTE AMPLIO E INDEPENDIENTES,FA,FRENTE AMPLIO,195,2,No,11,13,249,4803,5.18426,No
GALIA_LENOSHKA_RAMIREZ_CERDA__ARICA,GALIA LENOSHKA RAMIREZ CERDA,M,REGIÓN DE ARICA Y PARINACOTA,ARICA,S,FRENTE AMPLIO,FRENTE AMPLIO E INDEPENDIENTES,FA,FRENTE AMPLIO,196,3,No,11,13,187,4803,3.8934,No
JAVIER_IGNACIO_VILLARROEL_GARCIA__ARICA,JAVIER IGNACIO VILLARROEL GARCIA,H,REGIÓN DE ARICA Y PARINACOTA,ARICA,S,FRENTE AMPLIO,FRENTE AMPLIO E INDEPENDIENTES,IND,INDEPENDIENTES,197,4,No,11,13,614,4803,12.783677,No
MARITSSA_ELIZABETH_CASTILLO_MORGADO__ARICA,MARITSSA ELIZABETH CASTILLO MORGADO,M,REGIÓN DE ARICA Y PARINACOTA,ARICA,S,FRENTE AMPLIO,FRENTE AMPLIO E INDEPENDIENTES,IND,INDEPENDIENTES,198,5,No,11,13,895,4803,18.634187,No
PATRICIA_ROMINA_RIVERA_PINTO__ARICA,PATRICIA ROMINA RIVERA PINTO,M,REGIÓN DE ARICA Y PARINACOTA,ARICA,S,FRENTE AMPLIO,FRENTE AMPLIO E INDEPENDIENTES,IND,INDEPENDIENTES,199,6,No,11,13,239,4803,4.976057,No
RODRIGO_ALBERTO_VASQUEZ_SANTIBANEZ__ARICA,RODRIGO ALBERTO VASQUEZ SANTIBAÑEZ,H,REGIÓN DE ARICA Y PARINACOTA,ARICA,S,FRENTE AMPLIO,FRENTE AMPLIO E INDEPENDIENTES,IND,INDEPENDIENTES,200,7,No,11,13,191,4803,3.976681,No
JORGE_WILLIAMS_TAPIA_SAAVEDRA__ARICA,JORGE WILLIAMS TAPIA SAAVEDRA,H,REGIÓN DE ARICA Y PARINACOTA,ARICA,S,FRENTE AMPLIO,FRENTE AMPLIO E INDEPENDIENTES,IND,INDEPENDIENTES,201,8,No,11,13,207,4803,4.309806,No
MARLY_CECILIA_VARGAS_PALMA__ARICA,MARLY CECILIA VARGAS PALMA,M,REGIÓN DE ARICA Y PARINACOTA,ARICA,S,FRENTE AMPLIO,FRENTE AMPLIO E INDEPENDIENTES,IND,INDEPENDIENTES,202,9,No,11,13,330,4803,6.870706,No
ANDREA_ELIZABETH_PEREZ_CORTES__ARICA,ANDREA ELIZABETH PEREZ CORTES,M,REGIÓN DE ARICA Y PARINACOTA,ARICA,S,FRENTE AMPLIO,FRENTE AMPLIO E INDEPENDIENTES,IND,INDEPENDIENTES,203,10,No,11,13,548,4803,11.409536,No
SEBASTIAN_NICOLAS_GODOY_LEAL__ARICA,SEBASTIAN NICOLAS GODOY LEAL,H,REGIÓN DE ARICA Y PARINACOTA,ARICA,S,FRENTE AMPLIO,FRENTE AMPLIO E INDEPENDIENTES,IND,INDEPENDIENTES,204,11,No,11,13,582,4803,12.117427,No
ROBERTO_ERPEL_SEGUEL__ARICA,ROBERTO ERPEL SEGUEL,H,REGIÓN DE ARICA Y PARINACOTA,ARICA,V,CHILE VAMOS UDI - INDEPENDIENTES,,UDI,UNION DEMOCRATA INDEPENDIENTE,205,1,Sí,10,13,1828,6228,29.351317,No
JORGE_CARTAGENA_CHAVEZ__ARICA,JORGE CARTAGENA CHAVEZ,H,REGIÓN DE ARICA Y PARINACOTA,ARICA,V,CHILE VAMOS UDI - INDEPENDIENTES,,UDI,UNION DEMOCRATA INDEPENDIENTE,206,2,No,10,13,938,6228,15.061015,No
CARMEN_ZAPATA_LEIVA__ARICA,CARMEN ZAPATA LEIVA,M,REGIÓN DE ARICA Y PARINACOTA,ARICA,V,CHILE VAMOS UDI - INDEPENDIENTES,,UDI,UNION DEMOCRATA INDEPENDIENTE,207,3,No,10,13,502,6228,8.060373,No
SEGUNDO_SEGUEL_GUARACHI__ARICA,SEGUNDO SEGUEL GUARACHI,H,REGIÓN DE ARICA Y PARINACOTA,ARICA,V,CHILE VAMOS UDI - INDEPENDIENTES,,UDI,UNION DEMOCRATA INDEPENDIENTE,208,4,No,10,13,194,6228,3.114965,No
EDITH_SUAZO_BARRAZA__ARICA,EDITH SUAZO BARRAZA,M,REGIÓN DE ARICA Y PARINACOTA,ARICA,V,CHILE VAMOS UDI - INDEPENDIENTES,,UDI,UNION DEMOCRATA INDEPENDIENTE,209,5,No,10,13,301,6228,4.833012,No
CRISTIAN_PRADENAS_SOTO__ARICA,CRISTIAN PRADENAS SOTO,H,REGIÓN DE ARICA Y PARINACOTA,ARICA,V,CHILE VAMOS UDI - INDEPENDIENTES,,IND,INDEPENDIENTES,210,6,No,10,13,990,6228,15.895954,No
BEATRIZ_CHAVEZ_VICENTELO__ARICA,BEATRIZ CHAVEZ VICENTELO,M,REGIÓN DE ARICA Y PARINACOTA,ARICA,V,CHILE VAMOS UDI - INDEPENDIENTES,,IND,INDEPENDIENTES,211,7,No,10,13,527,6228,8.461785,No
GUILLERMO_BERETTA_RIQUELME__ARICA,GUILLERMO BERETTA RIQUELME,H,REGIÓN DE ARICA Y PARINACOTA,ARICA,V,CHILE VAMOS UDI - INDEPENDIENTES,,IND,INDEPENDIENTES,212,8,No,10,13,455,6228,7.305716,No
RODRIGO_PAREDES_JIMENEZ__ARICA,RODRIGO PAREDES JIMENEZ,H,REGIÓN DE ARICA Y PARINACOTA,ARICA,V,CHILE VAMOS UDI - INDEPENDIENTES,,IND,INDEPENDIENTES,213,9,No,10,13,218,6228,3.500321,No
FRANCISCO_RODRIGUEZ_DE_LA_RIVA__ARICA,FRANCISCO RODRIGUEZ DE LA RIVA,H,REGIÓN DE ARICA Y PARINACOTA,ARICA,V,CHILE VAMOS UDI - INDEPENDIENTES,,IND,INDEPENDIENTES,214,10,No,10,13,275,6228,4.415543,No
IGNACIO_ALFREDO_GOMEZ_GUTIERREZ__ARICA,IGNACIO ALFREDO GOMEZ GUTIERREZ,H,REGIÓN DE ARICA Y PARINACOTA,ARICA,Y,REPUBLICANOS E INDEPENDIENTES,,REPUBLICANO,PARTIDO REPUBLICANO DE CHILE,215,1,Sí,10,13,4242,20797,20.397173,Sí
ROMINA_CECILIA_CIFUENTES_GONZALEZ__ARICA,ROMINA CECILIA CIFUENTES GONZALEZ,M,REGIÓN DE ARICA Y PARINACOTA,ARICA,Y,REPUBLICANOS E INDEPENDIENTES,,REPUBLICANO,PARTIDO REPUBLICANO DE CHILE,216,2,No,10,13,4472,20797,21.503101,Sí
ELENA_MARCELA_FORNES_CARCAMO__ARICA,ELENA MARCELA FORNES CARCAMO,M,REGIÓN DE ARICA Y PARINACOTA,ARICA,Y,REPUBLICANOS E INDEPENDIENTES,,REPUBLICANO,PARTIDO REPUBLICANO DE CHILE,217,3,No,10,13,2187,20797,10.51594,No
NESTOR_ANGEL_PINTO_RIOS__ARICA,NESTOR ANGEL PINTO RIOS,H,REGIÓN DE ARICA Y PARINACOTA,ARICA,Y,REPUBLICANOS E INDEPENDIENTES,,REPUBLICANO,PARTIDO REPUBLICANO DE CHILE,218,4,No,10,13,1412,20797,6.789441,No
MARCELO_ENRIQUE_VILLARROEL_SARMIENTO__ARICA,MARCELO ENRIQUE VILLARROEL SARMIENTO,H,REGIÓN DE ARICA Y PARINACOTA,ARICA,Y,REPUBLICANOS E INDEPENDIENTES,,REPUBLICANO,PARTIDO REPUBLICANO DE CHILE,219,5,No,10,13,1131,20797,5.438284,No
CARLOS_ANDRES_OPAZO_OLAVARRIA__ARICA,CARLOS ANDRES OPAZO OLAVARRIA,H,REGIÓN DE ARICA Y PARINACOTA,ARICA,Y,REPUBLICANOS E INDEPENDIENTES,,REPUBLICANO,PARTIDO REPUBLICANO DE CHILE,220,6,No,10,13,1469,20797,7.063519,No
LIN_KIU_ODILA_LY_FUMEY__ARICA,LIN-KIU ODILA LY FUMEY,M,REGIÓN DE ARICA Y PARINACOTA,ARICA,Y,REPUBLICANOS E INDEPENDIENTES,,REPUBLICANO,PARTIDO REPUBLICANO DE CHILE,221,7,No,10,13,2594,20797,12.472953,Sí
RICARDO_ORLANDO_PORTILLA_MONSALVE__ARICA,RICARDO ORLANDO PORTILLA MONSALVE,H,REGIÓN DE ARICA Y PARINACOTA,ARICA,Y,REPUBLICANOS E INDEPENDIENTES,,REPUBLICANO,PARTIDO REPUBLICANO DE CHILE,222,8,No,10,13,570,20797,2.74078,No
LUIS_FRANCISCO_ARAYA_VALDECCHY__ARICA,LUIS FRANCISCO ARAYA VALDECCHY,H,REGIÓN DE ARICA Y PARINACOTA,ARICA,Y,REPUBLICANOS E INDEPENDIENTES,,REPUBLICANO,PARTIDO REPUBLICANO DE CHILE,223,9,No,10,13,1940,20797,9.328269,No
CRISTHIAN_ABDON_SALAS_TORRICO__ARICA,CRISTHIAN ABDON SALAS TORRICO,H,REGIÓN DE ARICA Y PARINACOTA,ARICA,Y,REPUBLICANOS E INDEPENDIENTES,,REPUBLICANO,PARTIDO REPUBLICANO DE CHILE,224,10,No,10,13,780,20797,3.750541,No
ALEJANDRO_FIDEL_MORALES_IMANA__PARINACOTA,ALEJANDRO FIDEL MORALES IMAÑA,H,REGIÓN DE ARICA Y PARINACOTA,PARINACOTA,B,IZQUIERDA ECOLOGISTA POPULAR,,IND,INDEPENDIENTES,100,1,Sí,1,10,74,74,100.0,No
LORENA_VENTURA_VASQUEZ__PARINACOTA,LORENA VENTURA VASQUEZ,M,REGIÓN DE ARICA Y PARINACOTA,PARINACOTA,I,CHILE VAMOS RENOVACION NACIONAL - INDEPENDIENTES,,RN,RENOVACION NACIONAL,101,1,Sí,3,10,458,714,64.145658,Sí
CARLOS_FERNANDEZ_BLANCO__PARINACOTA,CARLOS FERNANDEZ BLANCO,H,REGIÓN DE ARICA Y PARINACOTA,PARINACOTA,I,CHILE VAMOS RENOVACION NACIONAL - INDEPENDIENTES,,RN,RENOVACION NACIONAL,102,2,No,3,10,145,714,20.308123,No
ANTONY_CHAMBILLA_VILLALOBOS__PARINACOTA,ANTONY CHAMBILLA VILLALOBOS,H,REGIÓN DE ARICA Y PARINACOTA,PARINACOTA,I,CHILE VAMOS RENOVACION NACIONAL - INDEPENDIENTES,,RN,RENOVACION NACIONAL,103,3,No,3,10,111,714,15.546218,No
DINA_HUANCA_PAIRO__PARINACOTA,DINA HUANCA PAIRO,M,REGIÓN DE ARICA Y PARINACOTA,PARINACOTA,M,REGIONES VERDES LIBERALES,,IND,INDEPENDIENTES,104,1,Sí,3,10,138,295,46.779661,No
FREDDY_ANGEL_FLORES_CONDORI__PARINACOTA,FREDDY ANGEL FLORES CONDORI,H,REGIÓN DE ARICA Y PARINACOTA,PARINACOTA,M,REGIONES VERDES LIBERALES,,IND,INDEPENDIENTES,105,2,No,3,10,117,295,39.661017,No
BERNARDA_SENOVIA_MAMANI_MAMANI__PARINACOTA,BERNARDA SENOVIA MAMANI MAMANI,M,REGIÓN DE ARICA Y PARINACOTA,PARINACOTA,M,REGIONES VERDES LIBERALES,,IND,INDEPENDIENTES,106,3,No,3,10,40,295,13.559322,No
MIGUEL_ERIK_SUPANTA_CASTILLO__PARINACOTA,MIGUEL ERIK SUPANTA CASTILLO,H,REGIÓN DE ARICA Y PARINACOTA,PARINACOTA,N,LO MEJOR PARA CHILE,PPD E INDEPENDIENTES,IND,INDEPENDIENTES,107,1,Sí,2,10,216,330,65.454545,No
SERGIO_LOPEZ_VILLAZON__PARINACOTA,SERGIO LOPEZ VILLAZON,H,REGIÓN DE ARICA Y PARINACOTA,PARINACOTA,N,LO MEJOR PARA CHILE,PS E INDEPENDIENTES,PS,PARTIDO SOCIALISTA DE CHILE,108,2,No,2,10,114,330,34.545455,No
EDGARD_GUSTAVO_PAREDES_CHOQUE__PARINACOTA,EDGARD GUSTAVO PAREDES CHOQUE,H,REGIÓN DE ARICA Y PARINACOTA,PARINACOTA,P,PARTIDO DE LA GENTE E INDEPENDIENTES,,PDG,PARTIDO DE LA GENTE,109,1,Sí,1,10,112,112,100.0,No
CRISTIAN_ANDRES_BILBAO_APATA__PARINACOTA,CRISTIAN ANDRES BILBAO APATA,H,REGIÓN DE ARICA Y PARINACOTA,PARINACOTA,Q,POR UN CHILE MEJOR,,PDC,PARTIDO DEMOCRATA CRISTIANO,110,1,Sí,2,10,195,363,53.719008,No
FLORENCIO_MARTIN_VILLANUEVA_SARCO__PARINACOTA,FLORENCIO MARTIN VILLANUEVA SARCO,H,REGIÓN DE ARICA Y PARINACOTA,PARINACOTA,Q,POR UN CHILE MEJOR,,IND,INDEPENDIENTES,111,2,No,2,10,168,363,46.280992,No
ENRIQUE_MANUEL_PEREZ_INQUILTUPA__PARINACOTA,ENRIQUE MANUEL PEREZ INQUILTUPA,H,REGIÓN DE ARICA Y PARINACOTA,PARINACOTA,R,CENTRO DEMOCRATICO,DEMOCRATAS E INDEPENDIENTES,IND,INDEPENDIENTES,112,1,Sí,3,10,274,876,31.278539,No
DANIEL_ALEXIS_LINARES_ZEGARRA__PARINACOTA,DANIEL ALEXIS LINARES ZEGARRA,H,REGIÓN DE ARICA Y PARINACOTA,PARINACOTA,R,CENTRO DEMOCRATICO,DEMOCRATAS E INDEPENDIENTES,IND,INDEPENDIENTES,113,2,No,3,10,418,876,47.716895,Sí
JAVIER_EDWIN_LLUSCO_AJATA__PARINACOTA,JAVIER EDWIN LLUSCO AJATA,H,REGIÓN DE ARICA Y PARINACOTA,PARINACOTA,R,CENTRO DEMOCRATICO,DEMOCRATAS E INDEPENDIENTES,IND,INDEPENDIENTES,114,3,No,3,10,184,876,21.004566,No
CAROLA_VICTORIA_SANTOS_CONDORI__PARINACOTA,CAROLA VICTORIA SANTOS CONDORI,M,REGIÓN DE ARICA Y PARINACOTA,PARINACOTA,S,FRENTE AMPLIO,FRENTE AMPLIO E INDEPENDIENTES,FA,FRENTE AMPLIO,115,1,Sí,2,10,195,225,86.666667,No
LORETO_MARCELA_DELGADO_MOLLO__PARINACOTA,LORETO MARCELA DELGADO MOLLO,M,REGIÓN DE ARICA Y PARINACOTA,PARINACOTA,S,FRENTE AMPLIO,FRENTE AMPLIO E INDEPENDIENTES,FA,FRENTE AMPLIO,116,2,No,2,10,30,225,13.333333,No
HERMES_GOMEZ_GALLARDO__PARINACOTA,HERMES GOMEZ GALLARDO,H,REGIÓN DE ARICA Y PARINACOTA,PARINACOTA,V,CHILE VAMOS UDI - INDEPENDIENTES,,IND,INDEPENDIENTES,117,1,Sí,3,10,408,933,43.729904,Sí
DIANA_POMA_CASTRO__PARINACOTA,DIANA POMA CASTRO,M,REGIÓN DE ARICA Y PARINACOTA,PARINACOTA,V,CHILE VAMOS UDI - INDEPENDIENTES,,IND,INDEPENDIENTES,118,2,No,3,10,213,933,22.829582,No
JUAN_MANUEL_MUNOZ_CABRERA__PARINACOTA,JUAN MANUEL MUÑOZ CABRERA,H,REGIÓN DE ARICA Y PARINACOTA,PARINACOTA,V,CHILE VAMOS UDI - INDEPENDIENTES,,IND,INDEPENDIENTES,119,3,No,3,10,312,933,33.440514,No
MACARENA_PAOLA_VALENZUELA_CORTES__PARINACOTA,MACARENA PAOLA VALENZUELA CORTES,M,REGIÓN DE ARICA Y PARINACOTA,PARINACOTA,Y,REPUBLICANOS E INDEPENDIENTES,,IND,INDEPENDIENTES,120,1,Sí,1,10,85,85,100.0,No
ELBA_NORFA_VALDERRAMA_ARANCIBIA__IQUIQUE,ELBA NORFA VALDERRAMA ARANCIBIA,M,REGIÓN DE TARAPACÁ,IQUIQUE,B,IZQUIERDA ECOLOGISTA POPULAR,,POPULAR,POPULAR,100,1,Sí,6,14,1276,5349,23.854926,No
JUAN_CARLOS_HUERTA_MORAGA__IQUIQUE,JUAN CARLOS HUERTA MORAGA,H,REGIÓN DE TARAPACÁ,IQUIQUE,B,IZQUIERDA ECOLOGISTA POPULAR,,PH,PARTIDO HUMANISTA,101,2,No,6,14,860,5349,16.077772,No
PIERA_DANIELLA_BUCCIONI_MALDONADO__IQUIQUE,PIERA DANIELLA BUCCIONI MALDONADO,M,REGIÓN DE TARAPACÁ,IQUIQUE,B,IZQUIERDA ECOLOGISTA POPULAR,,IND,INDEPENDIENTES,102,3,No,6,14,1797,5349,33.595064,No
ESTER_ELISA_SOTO_ALEGRIA__IQUIQUE,ESTER ELISA SOTO ALEGRIA,M,REGIÓN DE TARAPACÁ,IQUIQUE,B,IZQUIERDA ECOLOGISTA POPULAR,,IND,INDEPENDIENTES,103,4,No,6,14,497,5349,9.291456,No
ANDRES_FELIPE_HUME_TURRES__IQUIQUE,ANDRES FELIPE HUME TURRES,H,REGIÓN DE TARAPACÁ,IQUIQUE,B,IZQUIERDA ECOLOGISTA POPULAR,,IND,INDEPENDIENTES,104,5,No,6,14,519,5349,9.702748,No
RAUL_HERNAN_JARA_RODRIGUEZ__IQUIQUE,RAUL HERNAN JARA RODRIGUEZ,H,REGIÓN DE TARAPACÁ,IQUIQUE,B,IZQUIERDA ECOLOGISTA POPULAR,,IND,INDEPENDIENTES,105,6,No,6,14,400,5349,7.478033,No
OCTAVIO_LOPEZ_AVALOS__IQUIQUE,OCTAVIO LOPEZ AVALOS,H,REGIÓN DE TARAPACÁ,IQUIQUE,C,TODAS Y TODOS POR CHILE,ACCION HUMANISTA E INDEPENDIENTES,AH,PARTIDO ACCIÓN HUMANISTA,106,1,Sí,8,14,2160,11102,19.455954,Sí
ANTONIO_MAMANI_MAMANI__IQUIQUE,ANTONIO MAMANI MAMANI,H,REGIÓN DE TARAPACÁ,IQUIQUE,C,TODAS Y TODOS POR CHILE,ACCION HUMANISTA E INDEPENDIENTES,IND,INDEPENDIENTES,107,2,No,8,14,1858,11102,16.735723,No
RUBEN_ROJO_SEMBLER__IQUIQUE,RUBEN ROJO SEMBLER,H,REGIÓN DE TARAPACÁ,IQUIQUE,C,TODAS Y TODOS POR CHILE,ACCION HUMANISTA E INDEPENDIENTES,IND,INDEPENDIENTES,108,3,No,8,14,717,11102,6.458296,No
ISABEL_NOVOA_MACAYA__IQUIQUE,ISABEL NOVOA MACAYA,M,REGIÓN DE TARAPACÁ,IQUIQUE,C,TODAS Y TODOS POR CHILE,ACCION HUMANISTA E INDEPENDIENTES,IND,INDEPENDIENTES,109,4,No,8,14,1340,11102,12.069897,No
RUBEN_JOAQUIN_MORAGA_MAMANI__IQUIQUE,RUBEN JOAQUIN MORAGA MAMANI,H,REGIÓN DE TARAPACÁ,IQUIQUE,C,TODAS Y TODOS POR CHILE,PARTIDO COMUNISTA E INDEPENDIENTES,PCCH,PARTIDO COMUNISTA DE CHILE,110,5,No,8,14,1395,11102,12.565304,No
VARINIA_LENA_SALAMANCA_GALINDO__IQUIQUE,VARINIA LENA SALAMANCA GALINDO,M,REGIÓN DE TARAPACÁ,IQUIQUE,C,TODAS Y TODOS POR CHILE,PARTIDO COMUNISTA E INDEPENDIENTES,PCCH,PARTIDO COMUNISTA DE CHILE,111,6,No,8,14,645,11102,5.809764,No
BAIRON_MANUEL_ARANCIBIA_ROJAS__IQUIQUE,BAIRON MANUEL ARANCIBIA ROJAS,H,REGIÓN DE TARAPACÁ,IQUIQUE,C,TODAS Y TODOS POR CHILE,PARTIDO COMUNISTA E INDEPENDIENTES,PCCH,PARTIDO COMUNISTA DE CHILE,112,7,No,8,14,1132,11102,10.196361,No
PEDRO_ARMANDO_CISTERNAS_FLORES__IQUIQUE,PEDRO ARMANDO CISTERNAS FLORES,H,REGIÓN DE TARAPACÁ,IQUIQUE,C,TODAS Y TODOS POR CHILE,PARTIDO COMUNISTA E INDEPENDIENTES,PCCH,PARTIDO COMUNISTA DE CHILE,113,8,No,8,14,1855,11102,16.708701,No
SOLANGE_JIMENEZ_DINAMARCA__IQUIQUE,SOLANGE JIMENEZ DINAMARCA,M,REGIÓN DE TARAPACÁ,IQUIQUE,F,PARTIDO SOCIAL CRISTIANO E INDEPENDIENTES,,PSC,PARTIDO SOCIAL CRISTIANO,114,1,Sí,8,14,2035,6953,29.267942,No
MANUEL_JESUS_OTEIZA_ARENA__IQUIQUE,MANUEL JESUS OTEIZA ARENA,H,REGIÓN DE TARAPACÁ,IQUIQUE,F,PARTIDO SOCIAL CRISTIANO E INDEPENDIENTES,,PSC,PARTIDO SOCIAL CRISTIANO,115,2,No,8,14,767,6953,11.03121,No
CRISTIAN_ANDRES_DURAN_BORQUEZ__IQUIQUE,CRISTIAN ANDRES DURAN BORQUEZ,H,REGIÓN DE TARAPACÁ,IQUIQUE,F,PARTIDO SOCIAL CRISTIANO E INDEPENDIENTES,,PSC,PARTIDO SOCIAL CRISTIANO,116,3,No,8,14,632,6953,9.089602,No
ANA_BETZABE_RODRIGUEZ_FIERRO__IQUIQUE,ANA BETZABE RODRIGUEZ FIERRO,M,REGIÓN DE TARAPACÁ,IQUIQUE,F,PARTIDO SOCIAL CRISTIANO E INDEPENDIENTES,,IND,INDEPENDIENTES,117,4,No,8,14,694,6953,9.981303,No
JOSE_LUIS_FARIAS_DAVALOS__IQUIQUE,JOSE LUIS FARIAS DAVALOS,H,REGIÓN DE TARAPACÁ,IQUIQUE,F,PARTIDO SOCIAL CRISTIANO E INDEPENDIENTES,,IND,INDEPENDIENTES,118,5,No,8,14,646,6953,9.290954,No
PAULINA_POBLETE_UGARTE__IQUIQUE,PAULINA POBLETE UGARTE,M,REGIÓN DE TARAPACÁ,IQUIQUE,F,PARTIDO SOCIAL CRISTIANO E INDEPENDIENTES,,IND,INDEPENDIENTES,119,6,No,8,14,1020,6953,14.669927,No
MARGARITA_BAVESTRELLO_MARTINEZ__IQUIQUE,MARGARITA BAVESTRELLO MARTINEZ,M,REGIÓN DE TARAPACÁ,IQUIQUE,F,PARTIDO SOCIAL CRISTIANO E INDEPENDIENTES,,IND,INDEPENDIENTES,120,7,No,8,14,474,6953,6.817201,No
OSCAR_HUMBERTO_MENESES_AGUILERA__IQUIQUE,OSCAR HUMBERTO MENESES AGUILERA,H,REGIÓN DE TARAPACÁ,IQUIQUE,F,PARTIDO SOCIAL CRISTIANO E INDEPENDIENTES,,IND,INDEPENDIENTES,121,8,No,8,14,685,6953,9.851863,No
GIOVANNA_TRINCADO_AVILES__IQUIQUE,GIOVANNA TRINCADO AVILES,M,REGIÓN DE TARAPACÁ,IQUIQUE,I,CHILE VAMOS RENOVACION NACIONAL - INDEPENDIENTES,,RN,RENOVACION NACIONAL,122,1,Sí,10,14,4707,15040,31.296543,Sí
CHRISTIAAN_VALDES_MILLA__IQUIQUE,CHRISTIAAN VALDES MILLA,H,REGIÓN DE TARAPACÁ,IQUIQUE,I,CHILE VAMOS RENOVACION NACIONAL - INDEPENDIENTES,,RN,RENOVACION NACIONAL,123,2,No,10,14,1253,15040,8.331117,No
NESTOR_JOFRE_NUNEZ__IQUIQUE,NESTOR JOFRE NUÑEZ,H,REGIÓN DE TARAPACÁ,IQUIQUE,I,CHILE VAMOS RENOVACION NACIONAL - INDEPENDIENTES,,RN,RENOVACION NACIONAL,124,3,No,10,14,3984,15040,26.489362,Sí
PAOLA_CARO_GALLARDO__IQUIQUE,PAOLA CARO GALLARDO,M,REGIÓN DE TARAPACÁ,IQUIQUE,I,CHILE VAMOS RENOVACION NACIONAL - INDEPENDIENTES,,RN,RENOVACION NACIONAL,125,4,No,10,14,521,15040,3.464096,No
ENZO_PEREZ_JIMENEZ__IQUIQUE,ENZO PEREZ JIMENEZ,H,REGIÓN DE TARAPACÁ,IQUIQUE,I,CHILE VAMOS RENOVACION NACIONAL - INDEPENDIENTES,,RN,RENOVACION NACIONAL,126,5,No,10,14,633,15040,4.208777,No
CRISTIAN_GARCIA_MARIN__IQUIQUE,CRISTIAN GARCIA MARIN,H,REGIÓN DE TARAPACÁ,IQUIQUE,I,CHILE VAMOS RENOVACION NACIONAL - INDEPENDIENTES,,RN,RENOVACION NACIONAL,127,6,No,10,14,969,15040,6.442819,No
ROSARIO_ILAJA_CAYO__IQUIQUE,ROSARIO ILAJA CAYO,M,REGIÓN DE TARAPACÁ,IQUIQUE,I,CHILE VAMOS RENOVACION NACIONAL - INDEPENDIENTES,,RN,RENOVACION NACIONAL,128,7,No,10,14,642,15040,4.268617,No
REINALDO_LAFUENTE_BERRIOS__IQUIQUE,REINALDO LAFUENTE BERRIOS,H,REGIÓN DE TARAPACÁ,IQUIQUE,I,CHILE VAMOS RENOVACION NACIONAL - INDEPENDIENTES,,RN,RENOVACION NACIONAL,129,8,No,10,14,293,15040,1.948138,No
VICTOR_VEGA_VILLENA__IQUIQUE,VICTOR VEGA VILLENA,H,REGIÓN DE TARAPACÁ,IQUIQUE,I,CHILE VAMOS RENOVACION NACIONAL - INDEPENDIENTES,,IND,INDEPENDIENTES,130,9,No,10,14,1474,15040,9.800532,No
FRESIA_NAVARRETE_VILLEGAS__IQUIQUE,FRESIA NAVARRETE VILLEGAS,M,REGIÓN DE TARAPACÁ,IQUIQUE,I,CHILE VAMOS RENOVACION NACIONAL - INDEPENDIENTES,,IND,INDEPENDIENTES,131,10,No,10,14,564,15040,3.75,No
SERGIO_ASSERELLA_ALVARADO__IQUIQUE,SERGIO ASSERELLA ALVARADO,H,REGIÓN DE TARAPACÁ,IQUIQUE,L,TU REGION RADICAL,,PR,PARTIDO RADICAL DE CHILE,132,1,Sí,11,14,1514,9192,16.470844,Sí
FRANCISCA_MARIA_SALAZAR_CALLASAYA__IQUIQUE,FRANCISCA MARIA SALAZAR CALLASAYA,M,REGIÓN DE TARAPACÁ,IQUIQUE,L,TU REGION RADICAL,,PR,PARTIDO RADICAL DE CHILE,133,2,No,11,14,711,9192,7.734987,No
GERMAN_QUIROZ_CANCINO__IQUIQUE,GERMAN QUIROZ CANCINO,H,REGIÓN DE TARAPACÁ,IQUIQUE,L,TU REGION RADICAL,,IND,INDEPENDIENTES,134,3,No,11,14,1891,9192,20.572237,No
LUIS_RODOLFO_CARVAJAL_VELIZ__IQUIQUE,LUIS RODOLFO CARVAJAL VELIZ,H,REGIÓN DE TARAPACÁ,IQUIQUE,L,TU REGION RADICAL,,IND,INDEPENDIENTES,135,4,No,11,14,1917,9192,20.855091,No
MARISEL_QUINTANA_GERALDO__IQUIQUE,MARISEL QUINTANA GERALDO,M,REGIÓN DE TARAPACÁ,IQUIQUE,L,TU REGION RADICAL,,IND,INDEPENDIENTES,136,5,No,11,14,533,9192,5.79852,No
MAURO_ZARRICUETA_ROJAS__IQUIQUE,MAURO ZARRICUETA ROJAS,H,REGIÓN DE TARAPACÁ,IQUIQUE,L,TU REGION RADICAL,,IND,INDEPENDIENTES,137,6,No,11,14,903,9192,9.82376,No
IRMA_DEL_CARMEN_ROMAN_GARNETT__IQUIQUE,IRMA DEL CARMEN ROMAN GARNETT,M,REGIÓN DE TARAPACÁ,IQUIQUE,L,TU REGION RADICAL,,IND,INDEPENDIENTES,138,7,No,11,14,185,9192,2.01262,No
RICARDO_PABLO_VALLES_CORDOVA__IQUIQUE,RICARDO PABLO VALLES CORDOVA,H,REGIÓN DE TARAPACÁ,IQUIQUE,L,TU REGION RADICAL,,IND,INDEPENDIENTES,139,8,No,11,14,256,9192,2.78503,No
MIGUEL_ARTUR_SEGOVIA_RIVERA__IQUIQUE,MIGUEL ARTUR SEGOVIA RIVERA,H,REGIÓN DE TARAPACÁ,IQUIQUE,L,TU REGION RADICAL,,IND,INDEPENDIENTES,140,9,No,11,14,448,9192,4.873803,No
JUAN_PABLO_SEBASTIAN_SEGOVIA_RIVERA__IQUIQUE,JUAN PABLO SEBASTIAN SEGOVIA RIVERA,H,REGIÓN DE TARAPACÁ,IQUIQUE,L,TU REGION RADICAL,,IND,INDEPENDIENTES,141,10,No,11,14,280,9192,3.046127,No
RODRIGO_SOTO_MALDONADO__IQUIQUE,RODRIGO SOTO MALDONADO,H,REGIÓN DE TARAPACÁ,IQUIQUE,L,TU REGION RADICAL,,IND,INDEPENDIENTES,142,11,No,11,14,554,9192,6.02698,No
MANUEL_JONATHAN_GARCES_PINTO__IQUIQUE,MANUEL JONATHAN GARCES PINTO,H,REGIÓN DE TARAPACÁ,IQUIQUE,M,REGIONES VERDES LIBERALES,,FREVS,FEDERACION REGIONALISTA VERDE SOCIAL,143,1,Sí,11,14,799,6297,12.688582,No
ALEJANDRA_ESTER_OLIVARES_ZAMORA__IQUIQUE,ALEJANDRA ESTER OLIVARES ZAMORA,M,REGIÓN DE TARAPACÁ,IQUIQUE,M,REGIONES VERDES LIBERALES,,FREVS,FEDERACION REGIONALISTA VERDE SOCIAL,144,2,No,11,14,521,6297,8.273781,No
LUIS_HUMBERTO_CORTES_REYES__IQUIQUE,LUIS HUMBERTO CORTES REYES,H,REGIÓN DE TARAPACÁ,IQUIQUE,M,REGIONES VERDES LIBERALES,,FREVS,FEDERACION REGIONALISTA VERDE SOCIAL,145,3,No,11,14,642,6297,10.195331,No
BERTH_ISABEL_FERNANDEZ_ARAVENA__IQUIQUE,BERTH ISABEL FERNANDEZ ARAVENA,M,REGIÓN DE TARAPACÁ,IQUIQUE,M,REGIONES VERDES LIBERALES,,IND,INDEPENDIENTES,146,4,No,11,14,344,6297,5.462919,No
TITO_ALEJANDRO_RODRIGUEZ_ELGUETA__IQUIQUE,TITO ALEJANDRO RODRIGUEZ ELGUETA,H,REGIÓN DE TARAPACÁ,IQUIQUE,M,REGIONES VERDES LIBERALES,,IND,INDEPENDIENTES,147,5,No,11,14,916,6297,14.546609,No
DARKO_HUMBERTO_MARINOVIC_MARINOVIC__IQUIQUE,DARKO HUMBERTO MARINOVIC MARINOVIC,H,REGIÓN DE TARAPACÁ,IQUIQUE,M,REGIONES VERDES LIBERALES,,IND,INDEPENDIENTES,148,6,No,11,14,235,6297,3.731936,No
ANA_PATRICIA_CORAIL_URQUETA__IQUIQUE,ANA PATRICIA CORAIL URQUETA,M,REGIÓN DE TARAPACÁ,IQUIQUE,M,REGIONES VERDES LIBERALES,,IND,INDEPENDIENTES,149,7,No,11,14,320,6297,5.081785,No
CARLOS_EDUARDO_SANTELICES_LAGOS__IQUIQUE,CARLOS EDUARDO SANTELICES LAGOS,H,REGIÓN DE TARAPACÁ,IQUIQUE,M,REGIONES VERDES LIBERALES,,IND,INDEPENDIENTES,150,8,No,11,14,203,6297,3.223757,No
RODRIGO_ANDRES_MENDOZA_ARACENA__IQUIQUE,RODRIGO ANDRES MENDOZA ARACENA,H,REGIÓN DE TARAPACÁ,IQUIQUE,M,REGIONES VERDES LIBERALES,,IND,INDEPENDIENTES,151,9,No,11,14,381,6297,6.0505,No
VIDLIN_JUSTINIANO_SALAZAR__IQUIQUE,VIDLIN JUSTINIANO SALAZAR,M,REGIÓN DE TARAPACÁ,IQUIQUE,M,REGIONES VERDES LIBERALES,,IND,INDEPENDIENTES,152,10,No,11,14,765,6297,12.148642,No
LORENZO_CORTEZ_DAZA__IQUIQUE,LORENZO CORTEZ DAZA,H,REGIÓN DE TARAPACÁ,IQUIQUE,M,REGIONES VERDES LIBERALES,,IND,INDEPENDIENTES,153,11,No,11,14,1171,6297,18.596157,No
FRANCISCO_JAVIER_ARANCIBIA_CORTES__IQUIQUE,FRANCISCO JAVIER ARANCIBIA CORTES,H,REGIÓN DE TARAPACÁ,IQUIQUE,N,LO MEJOR PARA CHILE,PPD E INDEPENDIENTES,PPD,PARTIDO POR LA DEMOCRACIA,154,1,Sí,11,14,1279,11156,11.464683,No
CATERINA_JAVIERA_ALVARADO_OLCAY__IQUIQUE,CATERINA JAVIERA ALVARADO OLCAY,M,REGIÓN DE TARAPACÁ,IQUIQUE,N,LO MEJOR PARA CHILE,PPD E INDEPENDIENTES,PPD,PARTIDO POR LA DEMOCRACIA,155,2,No,11,14,817,11156,7.323413,No
JUAN_LUIS_MARROQUIN_GUZMAN__IQUIQUE,JUAN LUIS MARROQUIN GUZMAN,H,REGIÓN DE TARAPACÁ,IQUIQUE,N,LO MEJOR PARA CHILE,PPD E INDEPENDIENTES,PPD,PARTIDO POR LA DEMOCRACIA,156,3,No,11,14,1129,11156,10.120115,No
JORGE_ARACENA_CERDA__IQUIQUE,JORGE ARACENA CERDA,H,REGIÓN DE TARAPACÁ,IQUIQUE,N,LO MEJOR PARA CHILE,PPD E INDEPENDIENTES,PPD,PARTIDO POR LA DEMOCRACIA,157,4,No,11,14,1221,11156,10.944783,No
BYRON_ROMERO_ARANCIBIA__IQUIQUE,BYRON ROMERO ARANCIBIA,H,REGIÓN DE TARAPACÁ,IQUIQUE,N,LO MEJOR PARA CHILE,PPD E INDEPENDIENTES,IND,INDEPENDIENTES,158,5,No,11,14,1406,11156,12.603084,No
LAUTARO_ENRIQUE_LOBOS_LARA__IQUIQUE,LAUTARO ENRIQUE LOBOS LARA,H,REGIÓN DE TARAPACÁ,IQUIQUE,N,LO MEJOR PARA CHILE,PPD E INDEPENDIENTES,IND,INDEPENDIENTES,159,6,No,11,14,1969,11156,17.649695,Sí
IVAN_VALENZUELA_ESPINOZA__IQUIQUE,IVAN VALENZUELA ESPINOZA,H,REGIÓN DE TARAPACÁ,IQUIQUE,N,LO MEJOR PARA CHILE,PS E INDEPENDIENTES,PS,PARTIDO SOCIALISTA DE CHILE,160,7,No,11,14,776,11156,6.955898,No
JACQUELINE_NOGALES_ROSALES__IQUIQUE,JACQUELINE NOGALES ROSALES,M,REGIÓN DE TARAPACÁ,IQUIQUE,N,LO MEJOR PARA CHILE,PS E INDEPENDIENTES,PS,PARTIDO SOCIALISTA DE CHILE,161,8,No,11,14,460,11156,4.123342,No
ESTEBAN_CERDA_ARAYA__IQUIQUE,ESTEBAN CERDA ARAYA,H,REGIÓN DE TARAPACÁ,IQUIQUE,N,LO MEJOR PARA CHILE,PS E INDEPENDIENTES,PS,PARTIDO SOCIALISTA DE CHILE,162,9,No,11,14,288,11156,2.58157,No
PAOLA_PENA_ARANCIBIA__IQUIQUE,PAOLA PEÑA ARANCIBIA,M,REGIÓN DE TARAPACÁ,IQUIQUE,N,LO MEJOR PARA CHILE,PS E INDEPENDIENTES,IND,INDEPENDIENTES,163,10,No,11,14,842,11156,7.547508,No
BERNARDO_ILAJA_VALDIVIA__IQUIQUE,BERNARDO ILAJA VALDIVIA,H,REGIÓN DE TARAPACÁ,IQUIQUE,N,LO MEJOR PARA CHILE,PS E INDEPENDIENTES,IND,INDEPENDIENTES,164,11,No,11,14,969,11156,8.685909,No
YONATAN_PAUL_ESQUIVEL_MORALES__IQUIQUE,YONATAN PAUL ESQUIVEL MORALES,H,REGIÓN DE TARAPACÁ,IQUIQUE,P,PARTIDO DE LA GENTE E INDEPENDIENTES,,PDG,PARTIDO DE LA GENTE,165,1,Sí,8,14,1401,11315,12.381794,No
CARLOS_ALBERTO_MELLA_LATORRE__IQUIQUE,CARLOS ALBERTO MELLA LATORRE,H,REGIÓN DE TARAPACÁ,IQUIQUE,P,PARTIDO DE LA GENTE E INDEPENDIENTES,,PDG,PARTIDO DE LA GENTE,166,2,No,8,14,772,11315,6.822802,No
LUIS_DOMINGO_MILLA_RAMIREZ__IQUIQUE,LUIS DOMINGO MILLA RAMIREZ,H,REGIÓN DE TARAPACÁ,IQUIQUE,P,PARTIDO DE LA GENTE E INDEPENDIENTES,,PDG,PARTIDO DE LA GENTE,167,3,No,8,14,3876,11315,34.255413,Sí
EDSON_JAVIER_JOAO_PEREZ_ORIAS__IQUIQUE,EDSON JAVIER JOAO PEREZ ORIAS,H,REGIÓN DE TARAPACÁ,IQUIQUE,P,PARTIDO DE LA GENTE E INDEPENDIENTES,,PDG,PARTIDO DE LA GENTE,168,4,No,8,14,551,11315,4.869642,No
AGUSTIN_ESTEBAN_RENDIC_GALLEGUILLOS__IQUIQUE,AGUSTIN ESTEBAN RENDIC GALLEGUILLOS,H,REGIÓN DE TARAPACÁ,IQUIQUE,P,PARTIDO DE LA GENTE E INDEPENDIENTES,,PDG,PARTIDO DE LA GENTE,169,5,No,8,14,589,11315,5.205479,No
CLAUDIA_EVELYN_VILLEGAS_CARVAJAL__IQUIQUE,CLAUDIA EVELYN VILLEGAS CARVAJAL,M,REGIÓN DE TARAPACÁ,IQUIQUE,P,PARTIDO DE LA GENTE E INDEPENDIENTES,,PDG,PARTIDO DE LA GENTE,170,6,No,8,14,1778,11315,15.713654,No
JAIRO_ELIAS_VIVANCO_FUENTEALBA__IQUIQUE,JAIRO ELIAS VIVANCO FUENTEALBA,H,REGIÓN DE TARAPACÁ,IQUIQUE,P,PARTIDO DE LA GENTE E INDEPENDIENTES,,PDG,PARTIDO DE LA GENTE,171,7,No,8,14,518,11315,4.577994,No
CRISTOBAL_ALBERTO_ESPINOZA_BLANCO__IQUIQUE,CRISTOBAL ALBERTO ESPINOZA BLANCO,H,REGIÓN DE TARAPACÁ,IQUIQUE,P,PARTIDO DE LA GENTE E INDEPENDIENTES,,IND,INDEPENDIENTES,172,8,No,8,14,1830,11315,16.173221,No
CLAUDIA_ANDREA_MELLADO_SANHUEZA__IQUIQUE,CLAUDIA ANDREA MELLADO SANHUEZA,M,REGIÓN DE TARAPACÁ,IQUIQUE,Q,POR UN CHILE MEJOR,,PDC,PARTIDO DEMOCRATA CRISTIANO,173,1,Sí,10,14,2361,13032,18.116943,No
HECTOR_HUMBERTO_ARAYA_CERDA__IQUIQUE,HECTOR HUMBERTO ARAYA CERDA,H,REGIÓN DE TARAPACÁ,IQUIQUE,Q,POR UN CHILE MEJOR,,PDC,PARTIDO DEMOCRATA CRISTIANO,174,2,No,10,14,893,13032,6.852363,No
KAREN_JUDITH_GONZALEZ_GARCIA__IQUIQUE,KAREN JUDITH GONZALEZ GARCIA,M,REGIÓN DE TARAPACÁ,IQUIQUE,Q,POR UN CHILE MEJOR,,PDC,PARTIDO DEMOCRATA CRISTIANO,175,3,No,10,14,419,13032,3.215163,No
ANALLY_PATRICIA_FERREIRA_HERRERA__IQUIQUE,ANALLY PATRICIA FERREIRA HERRERA,M,REGIÓN DE TARAPACÁ,IQUIQUE,Q,POR UN CHILE MEJOR,,PDC,PARTIDO DEMOCRATA CRISTIANO,176,4,No,10,14,3096,13032,23.756906,Sí
MIGUEL_ANGEL_ALBORNOZ_ORDINOLA__IQUIQUE,MIGUEL ANGEL ALBORNOZ ORDINOLA,H,REGIÓN DE TARAPACÁ,IQUIQUE,Q,POR UN CHILE MEJOR,,PDC,PARTIDO DEMOCRATA CRISTIANO,177,5,No,10,14,829,13032,6.361265,No
MIGUEL_ANGEL_PAINENAHUEL_GARCES__IQUIQUE,MIGUEL ANGEL PAINENAHUEL GARCES,H,REGIÓN DE TARAPACÁ,IQUIQUE,Q,POR UN CHILE MEJOR,,PDC,PARTIDO DEMOCRATA CRISTIANO,178,6,No,10,14,1000,13032,7.673419,No
RICARDO_JARA_SEPULVEDA__IQUIQUE,RICARDO JARA SEPULVEDA,H,REGIÓN DE TARAPACÁ,IQUIQUE,Q,POR UN CHILE MEJOR,,PDC,PARTIDO DEMOCRATA CRISTIANO,179,7,No,10,14,511,13032,3.921117,No
KAREN_DEL_CARMEN_LEPE_AEDO__IQUIQUE,KAREN DEL CARMEN LEPE AEDO,M,REGIÓN DE TARAPACÁ,IQUIQUE,Q,POR UN CHILE MEJOR,,PDC,PARTIDO DEMOCRATA CRISTIANO,180,8,No,10,14,401,13032,3.077041,No
CARLOS_DANIEL_MANCILLA_RIVEROS__IQUIQUE,CARLOS DANIEL MANCILLA RIVEROS,H,REGIÓN DE TARAPACÁ,IQUIQUE,Q,POR UN CHILE MEJOR,,IND,INDEPENDIENTES,181,9,No,10,14,2927,13032,22.460098,No
JULIO_ALEJANDRO_PEREZ_AYALA__IQUIQUE,JULIO ALEJANDRO PEREZ AYALA,H,REGIÓN DE TARAPACÁ,IQUIQUE,Q,POR UN CHILE MEJOR,,IND,INDEPENDIENTES,182,10,No,10,14,595,13032,4.565684,No
IVAN_JIMENEZ_CORREA__IQUIQUE,IVAN JIMENEZ CORREA,H,REGIÓN DE TARAPACÁ,IQUIQUE,R,CENTRO DEMOCRATICO,DEMOCRATAS E INDEPENDIENTES,DEMOCRATAS,PARTIDO DEMOCRATAS CHILE,183,1,Sí,9,14,1443,7679,18.791509,No
RICARDO_TABILO_SILVA__IQUIQUE,RICARDO TABILO SILVA,H,REGIÓN DE TARAPACÁ,IQUIQUE,R,CENTRO DEMOCRATICO,DEMOCRATAS E INDEPENDIENTES,IND,INDEPENDIENTES,184,2,No,9,14,1297,7679,16.89022,No
LUIS_MARABOLI_NOVOA__IQUIQUE,LUIS MARABOLI NOVOA,H,REGIÓN DE TARAPACÁ,IQUIQUE,R,CENTRO DEMOCRATICO,DEMOCRATAS E INDEPENDIENTES,IND,INDEPENDIENTES,185,3,No,9,14,695,7679,9.050658,No
FRANCISCO_LINCHEO_TORREJON__IQUIQUE,FRANCISCO LINCHEO TORREJON,H,REGIÓN DE TARAPACÁ,IQUIQUE,R,CENTRO DEMOCRATICO,DEMOCRATAS E INDEPENDIENTES,IND,INDEPENDIENTES,186,4,No,9,14,1502,7679,19.559839,Sí
ISIDORO_SAAVEDRA_CONTRERAS__IQUIQUE,ISIDORO SAAVEDRA CONTRERAS,H,REGIÓN DE TARAPACÁ,IQUIQUE,R,CENTRO DEMOCRATICO,DEMOCRATAS E INDEPENDIENTES,IND,INDEPENDIENTES,187,5,No,9,14,386,7679,5.026696,No
MARTA_GONZALEZ_BARRAZA__IQUIQUE,MARTA GONZALEZ BARRAZA,M,REGIÓN DE TARAPACÁ,IQUIQUE,R,CENTRO DEMOCRATICO,DEMOCRATAS E INDEPENDIENTES,IND,INDEPENDIENTES,188,6,No,9,14,755,7679,9.832009,No
BRUNETTO_SCIARAFFIA_ESTRADA__IQUIQUE,BRUNETTO SCIARAFFIA ESTRADA,H,REGIÓN DE TARAPACÁ,IQUIQUE,R,CENTRO DEMOCRATICO,DEMOCRATAS E INDEPENDIENTES,IND,INDEPENDIENTES,189,7,No,9,14,797,7679,10.378956,No
OSVALDO_BRAVO_MORALES__IQUIQUE,OSVALDO BRAVO MORALES,H,REGIÓN DE TARAPACÁ,IQUIQUE,R,CENTRO DEMOCRATICO,DEMOCRATAS E INDEPENDIENTES,IND,INDEPENDIENTES,190,8,No,9,14,217,7679,2.825889,No
CLAUDIO_PORTILLA_CORTES__IQUIQUE,CLAUDIO PORTILLA CORTES,H,REGIÓN DE TARAPACÁ,IQUIQUE,R,CENTRO DEMOCRATICO,DEMOCRATAS E INDEPENDIENTES,IND,INDEPENDIENTES,191,9,No,9,14,587,7679,7.644225,No
CAMILA_ANDREA_NAVARRO_PINO__IQUIQUE,CAMILA ANDREA NAVARRO PINO,M,REGIÓN DE TARAPACÁ,IQUIQUE,S,FRENTE AMPLIO,FRENTE AMPLIO E INDEPENDIENTES,FA,FRENTE AMPLIO,192,1,Sí,9,14,3146,7380,42.628726,No
SERGIO_ANDRES_FIGUEROA_SEPULVEDA__IQUIQUE,SERGIO ANDRES FIGUEROA SEPULVEDA,H,REGIÓN DE TARAPACÁ,IQUIQUE,S,FRENTE AMPLIO,FRENTE AMPLIO E INDEPENDIENTES,FA,FRENTE AMPLIO,193,2,No,9,14,311,7380,4.214092,No
MARIA_JOSE_RAMIREZ_OSSA__IQUIQUE,MARIA JOSE RAMIREZ OSSA,M,REGIÓN DE TARAPACÁ,IQUIQUE,S,FRENTE AMPLIO,FRENTE AMPLIO E INDEPENDIENTES,FA,FRENTE AMPLIO,194,3,No,9,14,527,7380,7.140921,No
EXEQUIEL_ENRIQUE_ARANGUIZ_LOZAN__IQUIQUE,EXEQUIEL ENRIQUE ARANGUIZ LOZAN,H,REGIÓN DE TARAPACÁ,IQUIQUE,S,FRENTE AMPLIO,FRENTE AMPLIO E INDEPENDIENTES,FA,FRENTE AMPLIO,195,4,No,9,14,1006,7380,13.631436,No
CLARA_ELIZABETH_GALLEGUILLOS_VALENZUELA__IQUIQUE,CLARA ELIZABETH GALLEGUILLOS VALENZUELA,M,REGIÓN DE TARAPACÁ,IQUIQUE,S,FRENTE AMPLIO,FRENTE AMPLIO E INDEPENDIENTES,FA,FRENTE AMPLIO,196,5,No,9,14,508,7380,6.883469,No
CARLOS_ANDRES_MOYA_RIVERA__IQUIQUE,CARLOS ANDRES MOYA RIVERA,H,REGIÓN DE TARAPACÁ,IQUIQUE,S,FRENTE AMPLIO,FRENTE AMPLIO E INDEPENDIENTES,FA,FRENTE AMPLIO,197,6,No,9,14,294,7380,3.98374,No
MARIA_VERONICA_BRETON_PORTAL__IQUIQUE,MARIA VERONICA BRETON PORTAL,M,REGIÓN DE TARAPACÁ,IQUIQUE,S,FRENTE AMPLIO,FRENTE AMPLIO E INDEPENDIENTES,FA,FRENTE AMPLIO,198,7,No,9,14,528,7380,7.154472,No
RODOLFO_FABIAN_MIRANDA_MESIAS__IQUIQUE,RODOLFO FABIAN MIRANDA MESIAS,H,REGIÓN DE TARAPACÁ,IQUIQUE,S,FRENTE AMPLIO,FRENTE AMPLIO E INDEPENDIENTES,FA,FRENTE AMPLIO,199,8,No,9,14,143,7380,1.937669,No
MARCELA_AURORA_TAPIA_LADINO__IQUIQUE,MARCELA AURORA TAPIA LADINO,M,REGIÓN DE TARAPACÁ,IQUIQUE,S,FRENTE AMPLIO,FRENTE AMPLIO E INDEPENDIENTES,IND,INDEPENDIENTES,200,9,No,9,14,917,7380,12.425474,No
MAURICIO_SCHMIDT_SILVA__IQUIQUE,MAURICIO SCHMIDT SILVA,H,REGIÓN DE TARAPACÁ,IQUIQUE,V,CHILE VAMOS UDI - INDEPENDIENTES,,UDI,UNION DEMOCRATA INDEPENDIENTE,201,1,Sí,11,14,1407,7882,17.850799,Sí
CARLOS_ELGUETA_MORALES__IQUIQUE,CARLOS ELGUETA MORALES,H,REGIÓN DE TARAPACÁ,IQUIQUE,V,CHILE VAMOS UDI - INDEPENDIENTES,,UDI,UNION DEMOCRATA INDEPENDIENTE,202,2,No,11,14,389,7882,4.935296,No
MAURICIO_ALEJANDRO_PRIETO_ROJAS__IQUIQUE,MAURICIO ALEJANDRO PRIETO ROJAS,H,REGIÓN DE TARAPACÁ,IQUIQUE,V,CHILE VAMOS UDI - INDEPENDIENTES,,UDI,UNION DEMOCRATA INDEPENDIENTE,203,3,No,11,14,732,7882,9.286983,No
CLAUDIA_HERNANDEZ_PEREZ__IQUIQUE,CLAUDIA HERNANDEZ PEREZ,M,REGIÓN DE TARAPACÁ,IQUIQUE,V,CHILE VAMOS UDI - INDEPENDIENTES,,IND,INDEPENDIENTES,204,4,No,11,14,1078,7882,13.676732,No
JHON_SEBASTIAN_BURG_SEPULVEDA__IQUIQUE,JHON SEBASTIAN BURG SEPULVEDA,H,REGIÓN DE TARAPACÁ,IQUIQUE,V,CHILE VAMOS UDI - INDEPENDIENTES,,IND,INDEPENDIENTES,205,5,No,11,14,946,7882,12.00203,No
MARCELO_ISRAEL_HUANCHICAY_CELEDON__IQUIQUE,MARCELO ISRAEL HUANCHICAY CELEDON,H,REGIÓN DE TARAPACÁ,IQUIQUE,V,CHILE VAMOS UDI - INDEPENDIENTES,,IND,INDEPENDIENTES,206,6,No,11,14,407,7882,5.163664,No
LUIS_TOBAR_TOLEDO__IQUIQUE,LUIS TOBAR TOLEDO,H,REGIÓN DE TARAPACÁ,IQUIQUE,V,CHILE VAMOS UDI - INDEPENDIENTES,,IND,INDEPENDIENTES,207,7,No,11,14,409,7882,5.189038,No
AMELIA_ORTIZ_ROJAS__IQUIQUE,AMELIA ORTIZ ROJAS,M,REGIÓN DE TARAPACÁ,IQUIQUE,V,CHILE VAMOS UDI - INDEPENDIENTES,,IND,INDEPENDIENTES,208,8,No,11,14,217,7882,2.753108,No
ANDRES_UGARTE_ESCOBEDO__IQUIQUE,ANDRES UGARTE ESCOBEDO,H,REGIÓN DE TARAPACÁ,IQUIQUE,V,CHILE VAMOS UDI - INDEPENDIENTES,,IND,INDEPENDIENTES,209,9,No,11,14,126,7882,1.598579,No
RAFAEL_ALEJANDRO_MONTES_GONZALEZ__IQUIQUE,RAFAEL ALEJANDRO MONTES GONZALEZ,H,REGIÓN DE TARAPACÁ,IQUIQUE,V,CHILE VAMOS UDI - INDEPENDIENTES,,IND,INDEPENDIENTES,210,10,No,11,14,993,7882,12.598325,No
GRACE_CATHERINE_GREEVEN_FRANK__IQUIQUE,GRACE CATHERINE GREEVEN FRANK,M,REGIÓN DE TARAPACÁ,IQUIQUE,V,CHILE VAMOS UDI - INDEPENDIENTES,,IND,INDEPENDIENTES,211,11,No,11,14,1178,7882,14.945445,No
GIORGIO_STEFANO_LANATA_MIRANDA__IQUIQUE,GIORGIO STEFANO LANATA MIRANDA,H,REGIÓN DE TARAPACÁ,IQUIQUE,W,CHILE VAMOS EVOPOLI - INDEPENDIENTES,,IND,INDEPENDIENTES,212,1,Sí,1,14,2659,2659,100.0,No
LORENA_ANDREA_RAMIREZ_PALMA__IQUIQUE,LORENA ANDREA RAMIREZ PALMA,M,REGIÓN DE TARAPACÁ,IQUIQUE,Y,REPUBLICANOS E INDEPENDIENTES,,REPUBLICANO,PARTIDO REPUBLICANO DE CHILE,213,1,Sí,11,14,6284,21893,28.703238,Sí
JORGE_MARIANO_MUNOZ_GONZALEZ__IQUIQUE,JORGE MARIANO MUÑOZ GONZALEZ,H,REGIÓN DE TARAPACÁ,IQUIQUE,Y,REPUBLICANOS E INDEPENDIENTES,,REPUBLICANO,PARTIDO REPUBLICANO DE CHILE,214,2,No,11,14,3601,21893,16.44818,Sí
KAREN_ROSE_HEYNE_BOLADOS__IQUIQUE,KAREN ROSE HEYNE BOLADOS,M,REGIÓN DE TARAPACÁ,IQUIQUE,Y,REPUBLICANOS E INDEPENDIENTES,,REPUBLICANO,PARTIDO REPUBLICANO DE CHILE,215,3,No,11,14,2901,21893,13.250811,No
FREDDY_MARCOS_ARANEDA_BARAHONA__IQUIQUE,FREDDY MARCOS ARANEDA BARAHONA,H,REGIÓN DE TARAPACÁ,IQUIQUE,Y,REPUBLICANOS E INDEPENDIENTES,,REPUBLICANO,PARTIDO REPUBLICANO DE CHILE,216,4,No,11,14,1971,21893,9.002878,No
ENRIQUE_BENITO_MARTINEZ_ARTEAGA__IQUIQUE,ENRIQUE BENITO MARTINEZ ARTEAGA,H,REGIÓN DE TARAPACÁ,IQUIQUE,Y,REPUBLICANOS E INDEPENDIENTES,,REPUBLICANO,PARTIDO REPUBLICANO DE CHILE,217,5,No,11,14,965,21893,4.407802,No
ALVARO_MAURICIO_GARAY_FIERRO__IQUIQUE,ALVARO MAURICIO GARAY FIERRO,H,REGIÓN DE TARAPACÁ,IQUIQUE,Y,REPUBLICANOS E INDEPENDIENTES,,REPUBLICANO,PARTIDO REPUBLICANO DE CHILE,218,6,No,11,14,1184,21893,5.408121,No
ANTONIO_EMILIO_GATTAVARA_FERNANDEZ__IQUIQUE,ANTONIO EMILIO GATTAVARA FERNANDEZ,H,REGIÓN DE TARAPACÁ,IQUIQUE,Y,REPUBLICANOS E INDEPENDIENTES,,REPUBLICANO,PARTIDO REPUBLICANO DE CHILE,219,7,No,11,14,1779,21893,8.125885,No
JAMAL_SALEM_EL_ALAM_QISIEH__IQUIQUE,JAMAL SALEM EL ALAM QISIEH,H,REGIÓN DE TARAPACÁ,IQUIQUE,Y,REPUBLICANOS E INDEPENDIENTES,,REPUBLICANO,PARTIDO REPUBLICANO DE CHILE,220,8,No,11,14,1079,21893,4.928516,No
FRANCO_ANTONIO_FERNANDEZ_CISTERNAS__IQUIQUE,FRANCO ANTONIO FERNANDEZ CISTERNAS,H,REGIÓN DE TARAPACÁ,IQUIQUE,Y,REPUBLICANOS E INDEPENDIENTES,,REPUBLICANO,PARTIDO REPUBLICANO DE CHILE,221,9,No,11,14,808,21893,3.690677,No
ANDRES_ALBERTO_SANYOUR_MAYORGA__IQUIQUE,ANDRES ALBERTO SANYOUR MAYORGA,H,REGIÓN DE TARAPACÁ,IQUIQUE,Y,REPUBLICANOS E INDEPENDIENTES,,IND,INDEPENDIENTES,222,10,No,11,14,529,21893,2.416297,No
PABLO_EDUARDO_REYES_HIDALGO__IQUIQUE,PABLO EDUARDO REYES HIDALGO,H,REGIÓN DE TARAPACÁ,IQUIQUE,Y,REPUBLICANOS E INDEPENDIENTES,,IND,INDEPENDIENTES,223,11,No,11,14,792,21893,3.617595,No
FRANCISCO_JAVIER_SEPULVEDA_NUNEZ__TAMARUGAL,FRANCISCO JAVIER SEPULVEDA NUÑEZ,H,REGIÓN DE TARAPACÁ,TAMARUGAL,C,TODAS Y TODOS POR CHILE,PARTIDO COMUNISTA E INDEPENDIENTES,PCCH,PARTIDO COMUNISTA DE CHILE,100,1,Sí,1,12,829,829,100.0,No
JORGE_SANCHEZ_CHAU__TAMARUGAL,JORGE SANCHEZ CHAU,H,REGIÓN DE TARAPACÁ,TAMARUGAL,F,PARTIDO SOCIAL CRISTIANO E INDEPENDIENTES,,PSC,PARTIDO SOCIAL CRISTIANO,101,1,Sí,2,12,194,438,44.292237,No
CONSTANZA_MAGDALENA_AYAVIRI_MOSCOSO__TAMARUGAL,CONSTANZA MAGDALENA AYAVIRI MOSCOSO,M,REGIÓN DE TARAPACÁ,TAMARUGAL,F,PARTIDO SOCIAL CRISTIANO E INDEPENDIENTES,,PSC,PARTIDO SOCIAL CRISTIANO,102,2,No,2,12,244,438,55.707763,No
EDUARDO_MAMANI_MAMANI__TAMARUGAL,EDUARDO MAMANI MAMANI,H,REGIÓN DE TARAPACÁ,TAMARUGAL,I,CHILE VAMOS RENOVACION NACIONAL - INDEPENDIENTES,,RN,RENOVACION NACIONAL,103,1,Sí,3,12,2090,3975,52.578616,Sí
CECILIA_NUNEZ_NAVARRETE__TAMARUGAL,CECILIA NUÑEZ NAVARRETE,M,REGIÓN DE TARAPACÁ,TAMARUGAL,I,CHILE VAMOS RENOVACION NACIONAL - INDEPENDIENTES,,RN,RENOVACION NACIONAL,104,2,No,3,12,339,3975,8.528302,No
PABLO_ESPINOZA_CAQUEO__TAMARUGAL,PABLO ESPINOZA CAQUEO,H,REGIÓN DE TARAPACÁ,TAMARUGAL,I,CHILE VAMOS RENOVACION NACIONAL - INDEPENDIENTES,,RN,RENOVACION NACIONAL,105,3,No,3,12,1546,3975,38.893082,No
RICARDO_ANTONIO_SANZ_CARVAJAL__TAMARUGAL,RICARDO ANTONIO SANZ CARVAJAL,H,REGIÓN DE TARAPACÁ,TAMARUGAL,L,TU REGION RADICAL,,IND,INDEPENDIENTES,106,1,Sí,2,12,323,926,34.88121,No
YILMAR_ARGOTE_CHALLAPA__TAMARUGAL,YILMAR ARGOTE CHALLAPA,H,REGIÓN DE TARAPACÁ,TAMARUGAL,L,TU REGION RADICAL,,IND,INDEPENDIENTES,107,2,No,2,12,603,926,65.11879,No
LAURA_CHAMACA_VILCHES__TAMARUGAL,LAURA CHAMACA VILCHES,M,REGIÓN DE TARAPACÁ,TAMARUGAL,M,REGIONES VERDES LIBERALES,,FREVS,FEDERACION REGIONALISTA VERDE SOCIAL,108,1,Sí,2,12,634,767,82.659713,No
DARIO_HUMBERTO_QUINTANILLA_CORTES__TAMARUGAL,DARIO HUMBERTO QUINTANILLA CORTES,H,REGIÓN DE TARAPACÁ,TAMARUGAL,M,REGIONES VERDES LIBERALES,,IND,INDEPENDIENTES,109,2,No,2,12,133,767,17.340287,No
MARY_TRINY_ALVAREZ_GONZALEZ__TAMARUGAL,MARY TRINY ALVAREZ GONZALEZ,M,REGIÓN DE TARAPACÁ,TAMARUGAL,N,LO MEJOR PARA CHILE,PS E INDEPENDIENTES,PS,PARTIDO SOCIALISTA DE CHILE,110,1,Sí,2,12,329,594,55.387205,No
MARCO_HERNANDEZ_CLARCK__TAMARUGAL,MARCO HERNANDEZ CLARCK,H,REGIÓN DE TARAPACÁ,TAMARUGAL,N,LO MEJOR PARA CHILE,PS E INDEPENDIENTES,IND,INDEPENDIENTES,111,2,No,2,12,265,594,44.612795,No
HUGO_NICOLAS_ESTICA_ESTEBAN__TAMARUGAL,HUGO NICOLAS ESTICA ESTEBAN,H,REGIÓN DE TARAPACÁ,TAMARUGAL,Q,POR UN CHILE MEJOR,,IND,INDEPENDIENTES,112,1,Sí,3,12,2791,5389,51.790685,Sí
HONORIO_HILARIO_MAMANI_CASTRO__TAMARUGAL,HONORIO HILARIO MAMANI CASTRO,H,REGIÓN DE TARAPACÁ,TAMARUGAL,Q,POR UN CHILE MEJOR,,IND,INDEPENDIENTES,113,2,No,3,12,816,5389,15.141956,No
LUCERO_ISABEL_CALLPA_FLORES__TAMARUGAL,LUCERO ISABEL CALLPA FLORES,M,REGIÓN DE TARAPACÁ,TAMARUGAL,Q,POR UN CHILE MEJOR,,IND,INDEPENDIENTES,114,3,No,3,12,1782,5389,33.067359,Sí
DEMETRIA_MAMANI_GARCIA__TAMARUGAL,DEMETRIA MAMANI GARCIA,M,REGIÓN DE TARAPACÁ,TAMARUGAL,R,CENTRO DEMOCRATICO,DEMOCRATAS E INDEPENDIENTES,IND,INDEPENDIENTES,115,1,Sí,3,12,392,1340,29.253731,No
DIETER_CASTRO_PEREZ__TAMARUGAL,DIETER CASTRO PEREZ,H,REGIÓN DE TARAPACÁ,TAMARUGAL,R,CENTRO DEMOCRATICO,DEMOCRATAS E INDEPENDIENTES,IND,INDEPENDIENTES,116,2,No,3,12,187,1340,13.955224,No
GONZALO_MAMANI_MAMANI__TAMARUGAL,GONZALO MAMANI MAMANI,H,REGIÓN DE TARAPACÁ,TAMARUGAL,R,CENTRO DEMOCRATICO,DEMOCRATAS E INDEPENDIENTES,IND,INDEPENDIENTES,117,3,No,3,12,761,1340,56.791045,No
CONSTANZA_DANIELA_TICUNA_GONZALEZ__TAMARUGAL,CONSTANZA DANIELA TICUNA GONZALEZ,M,REGIÓN DE TARAPACÁ,TAMARUGAL,S,FRENTE AMPLIO,FRENTE AMPLIO E INDEPENDIENTES,IND,INDEPENDIENTES,118,1,Sí,3,12,807,1165,69.270386,No
JOSE_LUIS_RODRIGUEZ_ARGOTE__TAMARUGAL,JOSE LUIS RODRIGUEZ ARGOTE,H,REGIÓN DE TARAPACÁ,TAMARUGAL,S,FRENTE AMPLIO,FRENTE AMPLIO E INDEPENDIENTES,IND,INDEPENDIENTES,119,2,No,3,12,150,1165,12.875536,No
ADAN_RICARDO_PEREZ_GALLARDO__TAMARUGAL,ADAN RICARDO PEREZ GALLARDO,H,REGIÓN DE TARAPACÁ,TAMARUGAL,S,FRENTE AMPLIO,FRENTE AMPLIO E INDEPENDIENTES,IND,INDEPENDIENTES,120,3,No,3,12,208,1165,17.854077,No
ROSITA_NERILDA_TORRES_CHAVEZ__TAMARUGAL,ROSITA NERILDA TORRES CHAVEZ,M,REGIÓN DE TARAPACÁ,TAMARUGAL,V,CHILE VAMOS UDI - INDEPENDIENTES,,UDI,UNION DEMOCRATA INDEPENDIENTE,121,1,Sí,3,12,1272,2485,51.187123,No
JORGE_GONZALEZ_GAMBOA__TAMARUGAL,JORGE GONZALEZ GAMBOA,H,REGIÓN DE TARAPACÁ,TAMARUGAL,V,CHILE VAMOS UDI - INDEPENDIENTES,,UDI,UNION DEMOCRATA INDEPENDIENTE,122,2,No,3,12,550,2485,22.132797,No
JOAQUIN_SEGUNDO_GARCIA_FLORES__TAMARUGAL,JOAQUIN SEGUNDO GARCIA FLORES,H,REGIÓN DE TARAPACÁ,TAMARUGAL,V,CHILE VAMOS UDI - INDEPENDIENTES,,IND,INDEPENDIENTES,123,3,No,3,12,663,2485,26.68008,No
FRANCISCO_ATANACIO_ROQUE_CACERES__TAMARUGAL,FRANCISCO ATANACIO ROQUE CACERES,H,REGIÓN DE TARAPACÁ,TAMARUGAL,W,CHILE VAMOS EVOPOLI - INDEPENDIENTES,,IND,INDEPENDIENTES,124,1,Sí,1,12,363,363,100.0,No
IVETTE_KATHERINE_GONZALEZ_CARROZA__TAMARUGAL,IVETTE KATHERINE GONZALEZ CARROZA,M,REGIÓN DE TARAPACÁ,TAMARUGAL,Y,REPUBLICANOS E INDEPENDIENTES,,REPUBLICANO,PARTIDO REPUBLICANO DE CHILE,125,1,Sí,2,12,1301,1576,82.550761,No
EZIO_RICARDO_IGNACIO_AROS_PENSA__TAMARUGAL,EZIO RICARDO IGNACIO AROS PENSA,H,REGIÓN DE TARAPACÁ,TAMARUGAL,Y,REPUBLICANOS E INDEPENDIENTES,,IND,INDEPENDIENTES,126,2,No,2,12,275,1576,17.449239,No
VICTOR_EDUARDO_GUZMAN_ROJAS__ANTOFAGASTA,VICTOR EDUARDO GUZMAN ROJAS,H,REGIÓN DE ANTOFAGASTA,ANTOFAGASTA,C,TODAS Y TODOS POR CHILE,PARTIDO COMUNISTA E INDEPENDIENTES,PCCH,PARTIDO COMUNISTA DE CHILE,100,1,Sí,7,13,9295,22151,41.961988,Sí
ROBERTO_JULIO_PEREZ_ARMIJO__ANTOFAGASTA,ROBERTO JULIO PEREZ ARMIJO,H,REGIÓN DE ANTOFAGASTA,ANTOFAGASTA,C,TODAS Y TODOS POR CHILE,PARTIDO COMUNISTA E INDEPENDIENTES,PCCH,PARTIDO COMUNISTA DE CHILE,101,2,No,7,13,2624,22151,11.845966,No
MARIELA_ALEJANDRA_DAMKE_CONTRERAS__ANTOFAGASTA,MARIELA ALEJANDRA DAMKE CONTRERAS,M,REGIÓN DE ANTOFAGASTA,ANTOFAGASTA,C,TODAS Y TODOS POR CHILE,PARTIDO COMUNISTA E INDEPENDIENTES,IND,INDEPENDIENTES,102,3,No,7,13,3430,22151,15.484628,No
FELIPE_ALBERTO_CUEVAS_PACHECO__ANTOFAGASTA,FELIPE ALBERTO CUEVAS PACHECO,H,REGIÓN DE ANTOFAGASTA,ANTOFAGASTA,C,TODAS Y TODOS POR CHILE,PARTIDO COMUNISTA E INDEPENDIENTES,IND,INDEPENDIENTES,103,4,No,7,13,1071,22151,4.834996,No
PAOLA_ANTILEO_PINO__ANTOFAGASTA,PAOLA ANTILEO PINO,M,REGIÓN DE ANTOFAGASTA,ANTOFAGASTA,C,TODAS Y TODOS POR CHILE,ACCION HUMANISTA E INDEPENDIENTES,AH,PARTIDO ACCIÓN HUMANISTA,104,5,No,7,13,2408,22151,10.870841,No
KATICA_TORREJON_GONZALEZ__ANTOFAGASTA,KATICA TORREJON GONZALEZ,M,REGIÓN DE ANTOFAGASTA,ANTOFAGASTA,C,TODAS Y TODOS POR CHILE,ACCION HUMANISTA E INDEPENDIENTES,IND,INDEPENDIENTES,105,6,No,7,13,1499,22151,6.767189,No
LUIS_LAZCANO_TORRES__ANTOFAGASTA,LUIS LAZCANO TORRES,H,REGIÓN DE ANTOFAGASTA,ANTOFAGASTA,C,TODAS Y TODOS POR CHILE,ACCION HUMANISTA E INDEPENDIENTES,IND,INDEPENDIENTES,106,7,No,7,13,1824,22151,8.234391,No
DUZANKA_FLORES_ROJAS__ANTOFAGASTA,DUZANKA FLORES ROJAS,M,REGIÓN DE ANTOFAGASTA,ANTOFAGASTA,F,PARTIDO SOCIAL CRISTIANO E INDEPENDIENTES,,PSC,PARTIDO SOCIAL CRISTIANO,107,1,Sí,5,13,3155,12109,26.055,Sí
KARLA_ANDREA_PEREZ_VEGA__ANTOFAGASTA,KARLA ANDREA PEREZ VEGA,M,REGIÓN DE ANTOFAGASTA,ANTOFAGASTA,F,PARTIDO SOCIAL CRISTIANO E INDEPENDIENTES,,PSC,PARTIDO SOCIAL CRISTIANO,108,2,No,5,13,3047,12109,25.163102,No
GINO_MONTECINOS_DONOSO__ANTOFAGASTA,GINO MONTECINOS DONOSO,H,REGIÓN DE ANTOFAGASTA,ANTOFAGASTA,F,PARTIDO SOCIAL CRISTIANO E INDEPENDIENTES,,PSC,PARTIDO SOCIAL CRISTIANO,109,3,No,5,13,2639,12109,21.793707,No
SOLANGE_LIZETTE_CORTES_CHOQUE__ANTOFAGASTA,SOLANGE LIZETTE CORTES CHOQUE,M,REGIÓN DE ANTOFAGASTA,ANTOFAGASTA,F,PARTIDO SOCIAL CRISTIANO E INDEPENDIENTES,,IND,INDEPENDIENTES,110,4,No,5,13,1743,12109,14.394252,No
ENRIQUE_ALBERTO_LEON_GONZALEZ__ANTOFAGASTA,ENRIQUE ALBERTO LEON GONZALEZ,H,REGIÓN DE ANTOFAGASTA,ANTOFAGASTA,F,PARTIDO SOCIAL CRISTIANO E INDEPENDIENTES,,IND,INDEPENDIENTES,111,5,No,5,13,1525,12109,12.593938,No
SEBASTIAN_HIDALGO_JIMENEZ__ANTOFAGASTA,SEBASTIAN HIDALGO JIMENEZ,H,REGIÓN DE ANTOFAGASTA,ANTOFAGASTA,I,CHILE VAMOS RENOVACION NACIONAL - INDEPENDIENTES,,RN,RENOVACION NACIONAL,112,1,Sí,5,13,3197,12090,26.443342,No
JORGE_LAWRENCE_SANTIBANEZ__ANTOFAGASTA,JORGE LAWRENCE SANTIBAÑEZ,H,REGIÓN DE ANTOFAGASTA,ANTOFAGASTA,I,CHILE VAMOS RENOVACION NACIONAL - INDEPENDIENTES,,RN,RENOVACION NACIONAL,113,2,No,5,13,2952,12090,24.416873,No
CRISTIAN_BURGOS_MORALES__ANTOFAGASTA,CRISTIAN BURGOS MORALES,H,REGIÓN DE ANTOFAGASTA,ANTOFAGASTA,I,CHILE VAMOS RENOVACION NACIONAL - INDEPENDIENTES,,IND,INDEPENDIENTES,114,3,No,5,13,1626,12090,13.449132,No
VERONICA_MOLINA_MUNDACA__ANTOFAGASTA,VERONICA MOLINA MUNDACA,M,REGIÓN DE ANTOFAGASTA,ANTOFAGASTA,I,CHILE VAMOS RENOVACION NACIONAL - INDEPENDIENTES,,IND,INDEPENDIENTES,115,4,No,5,13,1914,12090,15.831266,No
DAVID_LAMBERT_CAVIERES__ANTOFAGASTA,DAVID LAMBERT CAVIERES,H,REGIÓN DE ANTOFAGASTA,ANTOFAGASTA,I,CHILE VAMOS RENOVACION NACIONAL - INDEPENDIENTES,,IND,INDEPENDIENTES,116,5,No,5,13,2401,12090,19.859388,No
MARCELO_ENCINA_MUNOZ__ANTOFAGASTA,MARCELO ENCINA MUÑOZ,H,REGIÓN DE ANTOFAGASTA,ANTOFAGASTA,L,TU REGION RADICAL,,PR,PARTIDO RADICAL DE CHILE,117,1,Sí,8,13,1611,8920,18.060538,No
OMAR_ANTONIO_QUIROZ_LOBOS__ANTOFAGASTA,OMAR ANTONIO QUIROZ LOBOS,H,REGIÓN DE ANTOFAGASTA,ANTOFAGASTA,L,TU REGION RADICAL,,PR,PARTIDO RADICAL DE CHILE,118,2,No,8,13,312,8920,3.497758,No
JUAN_ANTONIO_CORDOVA_MIRANDA__ANTOFAGASTA,JUAN ANTONIO CORDOVA MIRANDA,H,REGIÓN DE ANTOFAGASTA,ANTOFAGASTA,L,TU REGION RADICAL,,PR,PARTIDO RADICAL DE CHILE,119,3,No,8,13,643,8920,7.20852,No
HUGO_ROCHA_CACERES__ANTOFAGASTA,HUGO ROCHA CACERES,H,REGIÓN DE ANTOFAGASTA,ANTOFAGASTA,L,TU REGION RADICAL,,PR,PARTIDO RADICAL DE CHILE,120,4,No,8,13,2003,8920,22.455157,No
ROBERTO_GUSTAVO_PERALTA_ACEITUNO__ANTOFAGASTA,ROBERTO GUSTAVO PERALTA ACEITUNO,H,REGIÓN DE ANTOFAGASTA,ANTOFAGASTA,L,TU REGION RADICAL,,IND,INDEPENDIENTES,121,5,No,8,13,1158,8920,12.982063,No
JANETT_SHIRLEY_GUERRA_ABURTO__ANTOFAGASTA,JANETT SHIRLEY GUERRA ABURTO,M,REGIÓN DE ANTOFAGASTA,ANTOFAGASTA,L,TU REGION RADICAL,,IND,INDEPENDIENTES,122,6,No,8,13,1112,8920,12.466368,No
DENNYSE_ALEJANDRA_ORQUERA_PORTILLA__ANTOFAGASTA,DENNYSE ALEJANDRA ORQUERA PORTILLA,M,REGIÓN DE ANTOFAGASTA,ANTOFAGASTA,L,TU REGION RADICAL,,IND,INDEPENDIENTES,123,7,No,8,13,620,8920,6.950673,No
PATRICIO_ALBERTO_SILVA_NAVEA__ANTOFAGASTA,PATRICIO ALBERTO SILVA NAVEA,H,REGIÓN DE ANTOFAGASTA,ANTOFAGASTA,L,TU REGION RADICAL,,IND,INDEPENDIENTES,124,8,No,8,13,1461,8920,16.378924,No
MANUEL_ANGEL_LEYTON_ROMO__ANTOFAGASTA,MANUEL ANGEL LEYTON ROMO,H,REGIÓN DE ANTOFAGASTA,ANTOFAGASTA,M,REGIONES VERDES LIBERALES,,FREVS,FEDERACION REGIONALISTA VERDE SOCIAL,125,1,Sí,7,13,759,8321,9.1215,No
DANAHE_FRANCIA_ANDREA_ROJAS_MAMANI__ANTOFAGASTA,DANAHE FRANCIA ANDREA ROJAS MAMANI,M,REGIÓN DE ANTOFAGASTA,ANTOFAGASTA,M,REGIONES VERDES LIBERALES,,FREVS,FEDERACION REGIONALISTA VERDE SOCIAL,126,2,No,7,13,764,8321,9.181589,No
MARIO_ORLANDO_CORTES_CRUZ__ANTOFAGASTA,MARIO ORLANDO CORTES CRUZ,H,REGIÓN DE ANTOFAGASTA,ANTOFAGASTA,M,REGIONES VERDES LIBERALES,,FREVS,FEDERACION REGIONALISTA VERDE SOCIAL,127,3,No,7,13,2832,8321,34.034371,No
PEDRO_ALBERTO_HERRERA_LEDESMA__ANTOFAGASTA,PEDRO ALBERTO HERRERA LEDESMA,H,REGIÓN DE ANTOFAGASTA,ANTOFAGASTA,M,REGIONES VERDES LIBERALES,,FREVS,FEDERACION REGIONALISTA VERDE SOCIAL,128,4,No,7,13,520,8321,6.249249,No
MARIA_ELENA_CURIHUINCA_CURIMIL__ANTOFAGASTA,MARIA ELENA CURIHUINCA CURIMIL,M,REGIÓN DE ANTOFAGASTA,ANTOFAGASTA,M,REGIONES VERDES LIBERALES,,PL,PARTIDO LIBERAL DE CHILE,129,5,No,7,13,1065,8321,12.798942,No
ELENA_DEL_CARMEN_MARTINEZ_ROJAS__ANTOFAGASTA,ELENA DEL CARMEN MARTINEZ ROJAS,M,REGIÓN DE ANTOFAGASTA,ANTOFAGASTA,M,REGIONES VERDES LIBERALES,,IND,INDEPENDIENTES,130,6,No,7,13,1523,8321,18.303089,No
MARCO_SAID_TALA_PINTO__ANTOFAGASTA,MARCO SAID TALA PINTO,H,REGIÓN DE ANTOFAGASTA,ANTOFAGASTA,M,REGIONES VERDES LIBERALES,,IND,INDEPENDIENTES,131,7,No,7,13,858,8321,10.311261,No
ANDREA_MERINO_DIAZ__ANTOFAGASTA,ANDREA MERINO DIAZ,M,REGIÓN DE ANTOFAGASTA,ANTOFAGASTA,N,LO MEJOR PARA CHILE,PS E INDEPENDIENTES,PS,PARTIDO SOCIALISTA DE CHILE,132,1,Sí,8,13,6460,17730,36.43542,Sí
WILSON_DIAZ_VASQUEZ__ANTOFAGASTA,WILSON DIAZ VASQUEZ,H,REGIÓN DE ANTOFAGASTA,ANTOFAGASTA,N,LO MEJOR PARA CHILE,PS E INDEPENDIENTES,PS,PARTIDO SOCIALISTA DE CHILE,133,2,No,8,13,3714,17730,20.947547,No
LUIS_ALBERTO_NUNEZ_CARTAGENA__ANTOFAGASTA,LUIS ALBERTO NUÑEZ CARTAGENA,H,REGIÓN DE ANTOFAGASTA,ANTOFAGASTA,N,LO MEJOR PARA CHILE,PS E INDEPENDIENTES,PS,PARTIDO SOCIALISTA DE CHILE,134,3,No,8,13,1014,17730,5.71912,No
MANUEL_ROBLES_VALENCIA__ANTOFAGASTA,MANUEL ROBLES VALENCIA,H,REGIÓN DE ANTOFAGASTA,ANTOFAGASTA,N,LO MEJOR PARA CHILE,PS E INDEPENDIENTES,IND,INDEPENDIENTES,135,4,No,8,13,1112,17730,6.271856,No
LILA_ELENA_VERGARA_PICON__ANTOFAGASTA,LILA ELENA VERGARA PICON,M,REGIÓN DE ANTOFAGASTA,ANTOFAGASTA,N,LO MEJOR PARA CHILE,PPD E INDEPENDIENTES,PPD,PARTIDO POR LA DEMOCRACIA,136,5,No,8,13,3450,17730,19.458545,No
JOHN_FRED_RAMOS_MOYA__ANTOFAGASTA,JOHN FRED RAMOS MOYA,H,REGIÓN DE ANTOFAGASTA,ANTOFAGASTA,N,LO MEJOR PARA CHILE,PPD E INDEPENDIENTES,PPD,PARTIDO POR LA DEMOCRACIA,137,6,No,8,13,549,17730,3.096447,No
ROSA_ELVIRA_AREVALO_ZEPEDA__ANTOFAGASTA,ROSA ELVIRA AREVALO ZEPEDA,M,REGIÓN DE ANTOFAGASTA,ANTOFAGASTA,N,LO MEJOR PARA CHILE,PPD E INDEPENDIENTES,IND,INDEPENDIENTES,138,7,No,8,13,1081,17730,6.097011,No
DIELA_MARIA_ALVAREZ_ORTEGA__ANTOFAGASTA,DIELA MARIA ALVAREZ ORTEGA,M,REGIÓN DE ANTOFAGASTA,ANTOFAGASTA,N,LO MEJOR PARA CHILE,PPD E INDEPENDIENTES,IND,INDEPENDIENTES,139,8,No,8,13,350,17730,1.974055,No
PAULA_CELIS_SIERRALTA__ANTOFAGASTA,PAULA CELIS SIERRALTA,M,REGIÓN DE ANTOFAGASTA,ANTOFAGASTA,P,PARTIDO DE LA GENTE E INDEPENDIENTES,,PDG,PARTIDO DE LA GENTE,140,1,Sí,4,13,6827,14920,45.757373,Sí
LUIS_RAMOS_BUSTOS__ANTOFAGASTA,LUIS RAMOS BUSTOS,H,REGIÓN DE ANTOFAGASTA,ANTOFAGASTA,P,PARTIDO DE LA GENTE E INDEPENDIENTES,,PDG,PARTIDO DE LA GENTE,141,2,No,4,13,4110,14920,27.546917,No
VILMA_DE_LOURDES_ESQUIVEL_CESPEDES__ANTOFAGASTA,VILMA DE LOURDES ESQUIVEL CESPEDES,M,REGIÓN DE ANTOFAGASTA,ANTOFAGASTA,P,PARTIDO DE LA GENTE E INDEPENDIENTES,,PDG,PARTIDO DE LA GENTE,142,3,No,4,13,1818,14920,12.184987,No
JOSE_AQUEDA_MUNOZ__ANTOFAGASTA,JOSE AQUEDA MUÑOZ,H,REGIÓN DE ANTOFAGASTA,ANTOFAGASTA,P,PARTIDO DE LA GENTE E INDEPENDIENTES,,PDG,PARTIDO DE LA GENTE,143,4,No,4,13,2165,14920,14.510724,No
IVO_OSMAN_ROJAS_BERRIOS__ANTOFAGASTA,IVO OSMAN ROJAS BERRIOS,H,REGIÓN DE ANTOFAGASTA,ANTOFAGASTA,Q,POR UN CHILE MEJOR,,PDC,PARTIDO DEMOCRATA CRISTIANO,144,1,Sí,7,13,2505,11752,21.315521,No
MARGARITA_IVONNE_MONTECINO_CORTEZ__ANTOFAGASTA,MARGARITA IVONNE MONTECINO CORTEZ,M,REGIÓN DE ANTOFAGASTA,ANTOFAGASTA,Q,POR UN CHILE MEJOR,,PDC,PARTIDO DEMOCRATA CRISTIANO,145,2,No,7,13,1518,11752,12.91695,No
FAROUK_OMAR_AMADO_ZULOAGA__ANTOFAGASTA,FAROUK OMAR AMADO ZULOAGA,H,REGIÓN DE ANTOFAGASTA,ANTOFAGASTA,Q,POR UN CHILE MEJOR,,PDC,PARTIDO DEMOCRATA CRISTIANO,146,3,No,7,13,1020,11752,8.679374,No
ALICIA_DEL_CARMEN_VALENCIA_VALENCIA__ANTOFAGASTA,ALICIA DEL CARMEN VALENCIA VALENCIA,M,REGIÓN DE ANTOFAGASTA,ANTOFAGASTA,Q,POR UN CHILE MEJOR,,PDC,PARTIDO DEMOCRATA CRISTIANO,147,4,No,7,13,1529,11752,13.010551,No
ANDREA_CONTRERAS_GARAY__ANTOFAGASTA,ANDREA CONTRERAS GARAY,M,REGIÓN DE ANTOFAGASTA,ANTOFAGASTA,Q,POR UN CHILE MEJOR,,IND,INDEPENDIENTES,148,5,No,7,13,2258,11752,19.213751,No
MARJORIE_SOLANGE_MENDEZ_VELASQUEZ__ANTOFAGASTA,MARJORIE SOLANGE MENDEZ VELASQUEZ,M,REGIÓN DE ANTOFAGASTA,ANTOFAGASTA,Q,POR UN CHILE MEJOR,,IND,INDEPENDIENTES,149,6,No,7,13,2008,11752,17.086453,No
SANTIAGO_EDUARDO_TRUJILLO_MONTANO__ANTOFAGASTA,SANTIAGO EDUARDO TRUJILLO MONTAÑO,H,REGIÓN DE ANTOFAGASTA,ANTOFAGASTA,Q,POR UN CHILE MEJOR,,IND,INDEPENDIENTES,150,7,No,7,13,914,11752,7.7774,No
ALEX_HERNAN_KONG_CORTES__ANTOFAGASTA,ALEX HERNAN KONG CORTES,H,REGIÓN DE ANTOFAGASTA,ANTOFAGASTA,R,CENTRO DEMOCRATICO,DEMOCRATAS E INDEPENDIENTES,DEMOCRATAS,PARTIDO DEMOCRATAS CHILE,151,1,Sí,8,13,2514,10206,24.632569,No
MARCELO_ROCHA_MUNOZ__ANTOFAGASTA,MARCELO ROCHA MUÑOZ,H,REGIÓN DE ANTOFAGASTA,ANTOFAGASTA,R,CENTRO DEMOCRATICO,DEMOCRATAS E INDEPENDIENTES,IND,INDEPENDIENTES,152,2,No,8,13,3043,10206,29.815795,No
MARIANELA_SOLEDAD_ARMIJO_RIVERA__ANTOFAGASTA,MARIANELA SOLEDAD ARMIJO RIVERA,M,REGIÓN DE ANTOFAGASTA,ANTOFAGASTA,R,CENTRO DEMOCRATICO,DEMOCRATAS E INDEPENDIENTES,IND,INDEPENDIENTES,153,3,No,8,13,1249,10206,12.237899,No
MARIO_FRANCISCO_VELIZ_BRIONES__ANTOFAGASTA,MARIO FRANCISCO VELIZ BRIONES,H,REGIÓN DE ANTOFAGASTA,ANTOFAGASTA,R,CENTRO DEMOCRATICO,DEMOCRATAS E INDEPENDIENTES,IND,INDEPENDIENTES,154,4,No,8,13,741,10206,7.260435,No
MARIA_ESTHER_DEL_BARRIO_CORTEZ__ANTOFAGASTA,MARIA ESTHER DEL BARRIO CORTEZ,M,REGIÓN DE ANTOFAGASTA,ANTOFAGASTA,R,CENTRO DEMOCRATICO,DEMOCRATAS E INDEPENDIENTES,IND,INDEPENDIENTES,155,5,No,8,13,791,10206,7.750343,No
JOSE_EUSEBIO_RIVAS_FLORES__ANTOFAGASTA,JOSE EUSEBIO RIVAS FLORES,H,REGIÓN DE ANTOFAGASTA,ANTOFAGASTA,R,CENTRO DEMOCRATICO,DEMOCRATAS E INDEPENDIENTES,IND,INDEPENDIENTES,156,6,No,8,13,663,10206,6.496179,No
NEIL_O_BRYAMS_MEZA_ESPINOZA__ANTOFAGASTA,NEIL O BRYAMS MEZA ESPINOZA,H,REGIÓN DE ANTOFAGASTA,ANTOFAGASTA,R,CENTRO DEMOCRATICO,DEMOCRATAS E INDEPENDIENTES,IND,INDEPENDIENTES,157,7,No,8,13,714,10206,6.995885,No
OSVALDO_FRANCISCO_SOTGIU_QUIJADA__ANTOFAGASTA,OSVALDO FRANCISCO SOTGIU QUIJADA,H,REGIÓN DE ANTOFAGASTA,ANTOFAGASTA,R,CENTRO DEMOCRATICO,DEMOCRATAS E INDEPENDIENTES,IND,INDEPENDIENTES,158,8,No,8,13,491,10206,4.810896,No
PAULA_VALERIA_ORELLANA_URIBE__ANTOFAGASTA,PAULA VALERIA ORELLANA URIBE,M,REGIÓN DE ANTOFAGASTA,ANTOFAGASTA,S,FRENTE AMPLIO,FRENTE AMPLIO E INDEPENDIENTES,FA,FRENTE AMPLIO,159,1,Sí,7,13,3882,13375,29.024299,Sí
ALVARO_IVAN_PATRICIO_CONTRERAS_REINOSO__ANTOFAGASTA,ALVARO IVAN PATRICIO CONTRERAS REINOSO,H,REGIÓN DE ANTOFAGASTA,ANTOFAGASTA,S,FRENTE AMPLIO,FRENTE AMPLIO E INDEPENDIENTES,FA,FRENTE AMPLIO,160,2,No,7,13,2688,13375,20.097196,No
CESAR_VITTORIO_TRABUCCO_SWANECK__ANTOFAGASTA,CESAR VITTORIO TRABUCCO SWANECK,H,REGIÓN DE ANTOFAGASTA,ANTOFAGASTA,S,FRENTE AMPLIO,FRENTE AMPLIO E INDEPENDIENTES,FA,FRENTE AMPLIO,161,3,No,7,13,1961,13375,14.661682,No
ESTEBAN_PATRICIO_PEREZ_GARCIA__ANTOFAGASTA,ESTEBAN PATRICIO PEREZ GARCIA,H,REGIÓN DE ANTOFAGASTA,ANTOFAGASTA,S,FRENTE AMPLIO,FRENTE AMPLIO E INDEPENDIENTES,FA,FRENTE AMPLIO,162,4,No,7,13,600,13375,4.485981,No
KIM_LAN_CRISTI_ALLIU_MOSCOPULOS__ANTOFAGASTA,KIM-LAN CRISTI ALLIU MOSCOPULOS,M,REGIÓN DE ANTOFAGASTA,ANTOFAGASTA,S,FRENTE AMPLIO,FRENTE AMPLIO E INDEPENDIENTES,FA,FRENTE AMPLIO,163,5,No,7,13,2136,13375,15.970093,No
ASTOLFO_LUIS_OJEDA_FUENTEALBA__ANTOFAGASTA,ASTOLFO LUIS OJEDA FUENTEALBA,H,REGIÓN DE ANTOFAGASTA,ANTOFAGASTA,S,FRENTE AMPLIO,FRENTE AMPLIO E INDEPENDIENTES,FA,FRENTE AMPLIO,164,6,No,7,13,360,13375,2.691589,No
PAMELA_ISABEL_LARA_ROMERO__ANTOFAGASTA,PAMELA ISABEL LARA ROMERO,M,REGIÓN DE ANTOFAGASTA,ANTOFAGASTA,S,FRENTE AMPLIO,FRENTE AMPLIO E INDEPENDIENTES,FA,FRENTE AMPLIO,165,7,No,7,13,1748,13375,13.069159,No
GONZALO_SANTOLAYA_GOICOVIC__ANTOFAGASTA,GONZALO SANTOLAYA GOICOVIC,H,REGIÓN DE ANTOFAGASTA,ANTOFAGASTA,V,CHILE VAMOS UDI - INDEPENDIENTES,,UDI,UNION DEMOCRATA INDEPENDIENTE,166,1,Sí,6,13,6702,13153,50.954155,Sí
DAGOBERTO_TILLERIA_VELASQUEZ__ANTOFAGASTA,DAGOBERTO TILLERIA VELASQUEZ,H,REGIÓN DE ANTOFAGASTA,ANTOFAGASTA,V,CHILE VAMOS UDI - INDEPENDIENTES,,UDI,UNION DEMOCRATA INDEPENDIENTE,167,2,No,6,13,3018,13153,22.945336,No
LUIS_LARREA_ARAYA__ANTOFAGASTA,LUIS LARREA ARAYA,H,REGIÓN DE ANTOFAGASTA,ANTOFAGASTA,V,CHILE VAMOS UDI - INDEPENDIENTES,,UDI,UNION DEMOCRATA INDEPENDIENTE,168,3,No,6,13,545,13153,4.143541,No
JOSE_MIGUEL_PINOCHET_ROCO__ANTOFAGASTA,JOSE MIGUEL PINOCHET ROCO,H,REGIÓN DE ANTOFAGASTA,ANTOFAGASTA,V,CHILE VAMOS UDI - INDEPENDIENTES,,UDI,UNION DEMOCRATA INDEPENDIENTE,169,4,No,6,13,991,13153,7.534403,No
JUAN_PABLO_RIVERA_ROSALES__ANTOFAGASTA,JUAN PABLO RIVERA ROSALES,H,REGIÓN DE ANTOFAGASTA,ANTOFAGASTA,V,CHILE VAMOS UDI - INDEPENDIENTES,,IND,INDEPENDIENTES,170,5,No,6,13,1335,13153,10.149776,No
RONY_ACOSTA_YANEZ__ANTOFAGASTA,RONY ACOSTA YAÑEZ,H,REGIÓN DE ANTOFAGASTA,ANTOFAGASTA,V,CHILE VAMOS UDI - INDEPENDIENTES,,IND,INDEPENDIENTES,171,6,No,6,13,562,13153,4.272789,No
SINDY_TESSA_GONZALEZ_SALINI__ANTOFAGASTA,SINDY TESSA GONZALEZ SALINI,M,REGIÓN DE ANTOFAGASTA,ANTOFAGASTA,W,CHILE VAMOS EVOPOLI - INDEPENDIENTES,,EVOPOLI,EVOLUCION POLITICA,172,1,Sí,7,13,1748,11013,15.872151,No
ERIK_ELIOT_ESCRICH_CARVAJAL__ANTOFAGASTA,ERIK ELIOT ESCRICH CARVAJAL,H,REGIÓN DE ANTOFAGASTA,ANTOFAGASTA,W,CHILE VAMOS EVOPOLI - INDEPENDIENTES,,EVOPOLI,EVOLUCION POLITICA,173,2,No,7,13,1061,11013,9.634069,No
JONATHAN_ALEJANDRO_VERGARA_ARAYA__ANTOFAGASTA,JONATHAN ALEJANDRO VERGARA ARAYA,H,REGIÓN DE ANTOFAGASTA,ANTOFAGASTA,W,CHILE VAMOS EVOPOLI - INDEPENDIENTES,,EVOPOLI,EVOLUCION POLITICA,174,3,No,7,13,1265,11013,11.486425,No
PAULO_JAVIER_VILLEGAS_DIAZ__ANTOFAGASTA,PAULO JAVIER VILLEGAS DIAZ,H,REGIÓN DE ANTOFAGASTA,ANTOFAGASTA,W,CHILE VAMOS EVOPOLI - INDEPENDIENTES,,EVOPOLI,EVOLUCION POLITICA,175,4,No,7,13,693,11013,6.292563,No
VALENTINA_PAZ_FERNANDEZ_MACCHIAVELLO__ANTOFAGASTA,VALENTINA PAZ FERNANDEZ MACCHIAVELLO,M,REGIÓN DE ANTOFAGASTA,ANTOFAGASTA,W,CHILE VAMOS EVOPOLI - INDEPENDIENTES,,IND,INDEPENDIENTES,176,5,No,7,13,3932,11013,35.70326,No
DANILO_FERNANDO_ORELLANA_SUAREZ__ANTOFAGASTA,DANILO FERNANDO ORELLANA SUAREZ,H,REGIÓN DE ANTOFAGASTA,ANTOFAGASTA,W,CHILE VAMOS EVOPOLI - INDEPENDIENTES,,IND,INDEPENDIENTES,177,6,No,7,13,1315,11013,11.940434,No
MAURICIO_HERNAN_ZEPEDA_ZEPEDA__ANTOFAGASTA,MAURICIO HERNAN ZEPEDA ZEPEDA,H,REGIÓN DE ANTOFAGASTA,ANTOFAGASTA,W,CHILE VAMOS EVOPOLI - INDEPENDIENTES,,IND,INDEPENDIENTES,178,7,No,7,13,999,11013,9.071098,No
YASNA_CELIA_MENESES_GONZALEZ__ANTOFAGASTA,YASNA CELIA MENESES GONZALEZ,M,REGIÓN DE ANTOFAGASTA,ANTOFAGASTA,Y,REPUBLICANOS E INDEPENDIENTES,,REPUBLICANO,PARTIDO REPUBLICANO DE CHILE,179,1,Sí,6,13,11425,29521,38.701264,Sí
ALEJANDRO_RODRIGO_CIFUENTES_MANCILLA__ANTOFAGASTA,ALEJANDRO RODRIGO CIFUENTES MANCILLA,H,REGIÓN DE ANTOFAGASTA,ANTOFAGASTA,Y,REPUBLICANOS E INDEPENDIENTES,,REPUBLICANO,PARTIDO REPUBLICANO DE CHILE,180,2,No,6,13,6051,29521,20.497273,Sí
JUAN_ALBERTO_SANTIS_CONTRERAS__ANTOFAGASTA,JUAN ALBERTO SANTIS CONTRERAS,H,REGIÓN DE ANTOFAGASTA,ANTOFAGASTA,Y,REPUBLICANOS E INDEPENDIENTES,,REPUBLICANO,PARTIDO REPUBLICANO DE CHILE,181,3,No,6,13,3171,29521,10.741506,No
PATRICIO_MANUEL_MALDONADO_LAVADO__ANTOFAGASTA,PATRICIO MANUEL MALDONADO LAVADO,H,REGIÓN DE ANTOFAGASTA,ANTOFAGASTA,Y,REPUBLICANOS E INDEPENDIENTES,,REPUBLICANO,PARTIDO REPUBLICANO DE CHILE,182,4,No,6,13,3383,29521,11.459639,No
RUBEN_FERNANDO_COLQUE_CONDORI__ANTOFAGASTA,RUBEN FERNANDO COLQUE CONDORI,H,REGIÓN DE ANTOFAGASTA,ANTOFAGASTA,Y,REPUBLICANOS E INDEPENDIENTES,,REPUBLICANO,PARTIDO REPUBLICANO DE CHILE,183,5,No,6,13,1895,29521,6.419159,No
EDGARDO_RONNY_ARIAS_MONTENEGRO__ANTOFAGASTA,EDGARDO RONNY ARIAS MONTENEGRO,H,REGIÓN DE ANTOFAGASTA,ANTOFAGASTA,Y,REPUBLICANOS E INDEPENDIENTES,,IND,INDEPENDIENTES,184,6,No,6,13,3596,29521,12.181159,No
PABLO_ONELL_ARACENA__EL_LOA,PABLO ONELL ARACENA,H,REGIÓN DE ANTOFAGASTA,EL LOA,C,TODAS Y TODOS POR CHILE,ACCION HUMANISTA E INDEPENDIENTES,AH,PARTIDO ACCIÓN HUMANISTA,100,1,Sí,4,12,1307,5304,24.64178,No
ALEXANDER_WEISHAUPT_ORTEGA__EL_LOA,ALEXANDER WEISHAUPT ORTEGA,H,REGIÓN DE ANTOFAGASTA,EL LOA,C,TODAS Y TODOS POR CHILE,ACCION HUMANISTA E INDEPENDIENTES,IND,INDEPENDIENTES,101,2,No,4,12,580,5304,10.935143,No
ELIZABETH_PILAR_BRUNA_ZEPEDA__EL_LOA,ELIZABETH PILAR BRUNA ZEPEDA,M,REGIÓN DE ANTOFAGASTA,EL LOA,C,TODAS Y TODOS POR CHILE,PARTIDO COMUNISTA E INDEPENDIENTES,PCCH,PARTIDO COMUNISTA DE CHILE,102,3,No,4,12,1688,5304,31.825038,No
JOSE_CRISTIAN_MARDONES_GALLARDO__EL_LOA,JOSE CRISTIAN MARDONES GALLARDO,H,REGIÓN DE ANTOFAGASTA,EL LOA,C,TODAS Y TODOS POR CHILE,PARTIDO COMUNISTA E INDEPENDIENTES,PCCH,PARTIDO COMUNISTA DE CHILE,103,4,No,4,12,1729,5304,32.598039,No
ANITA_MARIA_MILLA_BARRIOS__EL_LOA,ANITA MARIA MILLA BARRIOS,M,REGIÓN DE ANTOFAGASTA,EL LOA,F,PARTIDO SOCIAL CRISTIANO E INDEPENDIENTES,,PSC,PARTIDO SOCIAL CRISTIANO,104,1,Sí,2,12,1988,3362,59.131469,No
DAVID_ANDRES_ARAYA_BUGUENO__EL_LOA,DAVID ANDRES ARAYA BUGUEÑO,H,REGIÓN DE ANTOFAGASTA,EL LOA,F,PARTIDO SOCIAL CRISTIANO E INDEPENDIENTES,,PSC,PARTIDO SOCIAL CRISTIANO,105,2,No,2,12,1374,3362,40.868531,No
JOSE_GALLEGOS_SEGURA__EL_LOA,JOSE GALLEGOS SEGURA,H,REGIÓN DE ANTOFAGASTA,EL LOA,I,CHILE VAMOS RENOVACION NACIONAL - INDEPENDIENTES,,RN,RENOVACION NACIONAL,106,1,Sí,2,12,1922,4754,40.429112,No
FERNANDO_AURELIO_PIZARRO_AGURTO__EL_LOA,FERNANDO AURELIO PIZARRO AGURTO,H,REGIÓN DE ANTOFAGASTA,EL LOA,I,CHILE VAMOS RENOVACION NACIONAL - INDEPENDIENTES,,IND,INDEPENDIENTES,107,2,No,2,12,2832,4754,59.570888,No
HOLANS_ANDRES_CALDERON_VARGAS__EL_LOA,HOLANS ANDRES CALDERON VARGAS,H,REGIÓN DE ANTOFAGASTA,EL LOA,L,TU REGION RADICAL,,PR,PARTIDO RADICAL DE CHILE,108,1,Sí,3,12,1260,3051,41.297935,No
CECILIA_ANDREA_VILLANSEN_MONCADA__EL_LOA,CECILIA ANDREA VILLANSEN MONCADA,M,REGIÓN DE ANTOFAGASTA,EL LOA,L,TU REGION RADICAL,,PR,PARTIDO RADICAL DE CHILE,109,2,No,3,12,747,3051,24.483776,No
MARIA_ANGELICA_YANEZ_ESCOBAR__EL_LOA,MARIA ANGELICA YAÑEZ ESCOBAR,M,REGIÓN DE ANTOFAGASTA,EL LOA,L,TU REGION RADICAL,,PR,PARTIDO RADICAL DE CHILE,110,3,No,3,12,1044,3051,34.218289,No
DINKA_SOLANGE_LOPEZ_DURAN__EL_LOA,DINKA SOLANGE LOPEZ DURAN,M,REGIÓN DE ANTOFAGASTA,EL LOA,M,REGIONES VERDES LIBERALES,,FREVS,FEDERACION REGIONALISTA VERDE SOCIAL,111,1,Sí,3,12,5717,10235,55.857352,Sí
ALEJANDRO_ORLANDO_QUEZADA_BARAHONA__EL_LOA,ALEJANDRO ORLANDO QUEZADA BARAHONA,H,REGIÓN DE ANTOFAGASTA,EL LOA,M,REGIONES VERDES LIBERALES,,FREVS,FEDERACION REGIONALISTA VERDE SOCIAL,112,2,No,3,12,2257,10235,22.051783,No
GLADYS_LUZ_MORENO_MORENO__EL_LOA,GLADYS LUZ MORENO MORENO,M,REGIÓN DE ANTOFAGASTA,EL LOA,M,REGIONES VERDES LIBERALES,,FREVS,FEDERACION REGIONALISTA VERDE SOCIAL,113,3,No,3,12,2261,10235,22.090865,No
LUIS_PAYERO_CRUZ__EL_LOA,LUIS PAYERO CRUZ,H,REGIÓN DE ANTOFAGASTA,EL LOA,N,LO MEJOR PARA CHILE,PS E INDEPENDIENTES,PS,PARTIDO SOCIALISTA DE CHILE,114,1,Sí,5,12,2465,6701,36.785554,Sí
YURI_CHAVEZ_GARCES__EL_LOA,YURI CHAVEZ GARCES,H,REGIÓN DE ANTOFAGASTA,EL LOA,N,LO MEJOR PARA CHILE,PS E INDEPENDIENTES,PS,PARTIDO SOCIALISTA DE CHILE,115,2,No,5,12,1885,6701,28.13013,No
DAISY_MAGALY_BARRAZA_ARAYA__EL_LOA,DAISY MAGALY BARRAZA ARAYA,M,REGIÓN DE ANTOFAGASTA,EL LOA,N,LO MEJOR PARA CHILE,PS E INDEPENDIENTES,IND,INDEPENDIENTES,116,3,No,5,12,1331,6701,19.862707,No
FREDDY_NICOLAS_VINALES_VINALES__EL_LOA,FREDDY NICOLAS VIÑALES VIÑALES,H,REGIÓN DE ANTOFAGASTA,EL LOA,N,LO MEJOR PARA CHILE,PPD E INDEPENDIENTES,PPD,PARTIDO POR LA DEMOCRACIA,117,4,No,5,12,478,6701,7.133264,No
JAVIER_IGNACIO_ESCUDERO_PASTEN__EL_LOA,JAVIER IGNACIO ESCUDERO PASTEN,H,REGIÓN DE ANTOFAGASTA,EL LOA,N,LO MEJOR PARA CHILE,PPD E INDEPENDIENTES,PPD,PARTIDO POR LA DEMOCRACIA,118,5,No,5,12,542,6701,8.088345,No
JORGE_EDUARDO_BERNA_MENDOZA__EL_LOA,JORGE EDUARDO BERNA MENDOZA,H,REGIÓN DE ANTOFAGASTA,EL LOA,P,PARTIDO DE LA GENTE E INDEPENDIENTES,,PDG,PARTIDO DE LA GENTE,119,1,Sí,5,12,2802,8852,31.653864,Sí
ELIANA_DEL_ROSARIO_ARAYA_IBACACHE__EL_LOA,ELIANA DEL ROSARIO ARAYA IBACACHE,M,REGIÓN DE ANTOFAGASTA,EL LOA,P,PARTIDO DE LA GENTE E INDEPENDIENTES,,PDG,PARTIDO DE LA GENTE,120,2,No,5,12,1956,8852,22.096701,No
JUAN_PABLO_AMALIO_CABRERA_LOPEZ__EL_LOA,JUAN PABLO AMALIO CABRERA LOPEZ,H,REGIÓN DE ANTOFAGASTA,EL LOA,P,PARTIDO DE LA GENTE E INDEPENDIENTES,,PDG,PARTIDO DE LA GENTE,121,3,No,5,12,1364,8852,15.408947,No
BARBARA_CORTES_RIOS__EL_LOA,BARBARA CORTES RIOS,M,REGIÓN DE ANTOFAGASTA,EL LOA,P,PARTIDO DE LA GENTE E INDEPENDIENTES,,IND,INDEPENDIENTES,122,4,No,5,12,1845,8852,20.842747,No
DIEGO_FERNANDO_HERRERA_DEBIA__EL_LOA,DIEGO FERNANDO HERRERA DEBIA,H,REGIÓN DE ANTOFAGASTA,EL LOA,P,PARTIDO DE LA GENTE E INDEPENDIENTES,,IND,INDEPENDIENTES,123,5,No,5,12,885,8852,9.997741,No
SANDRA_BERNA_MARTINEZ__EL_LOA,SANDRA BERNA MARTINEZ,M,REGIÓN DE ANTOFAGASTA,EL LOA,Q,POR UN CHILE MEJOR,,PDC,PARTIDO DEMOCRATA CRISTIANO,124,1,Sí,4,12,8208,13030,62.993093,Sí
ARTURO_ROSAMEL_MOLINA_HENRIQUEZ__EL_LOA,ARTURO ROSAMEL MOLINA HENRIQUEZ,H,REGIÓN DE ANTOFAGASTA,EL LOA,Q,POR UN CHILE MEJOR,,PDC,PARTIDO DEMOCRATA CRISTIANO,125,2,No,4,12,2220,13030,17.037606,No
RODRIGO_ALEJANDRO_BARRERA_CORTES__EL_LOA,RODRIGO ALEJANDRO BARRERA CORTES,H,REGIÓN DE ANTOFAGASTA,EL LOA,Q,POR UN CHILE MEJOR,,PDC,PARTIDO DEMOCRATA CRISTIANO,126,3,No,4,12,1137,13030,8.726017,No
ERNESTO_IVAN_GALLEGUILLOS_MOREL__EL_LOA,ERNESTO IVAN GALLEGUILLOS MOREL,H,REGIÓN DE ANTOFAGASTA,EL LOA,Q,POR UN CHILE MEJOR,,IND,INDEPENDIENTES,127,4,No,4,12,1465,13030,11.243285,No
MARCELA_ALEJANDRA_CARRILLO_VARGAS__EL_LOA,MARCELA ALEJANDRA CARRILLO VARGAS,M,REGIÓN DE ANTOFAGASTA,EL LOA,R,CENTRO DEMOCRATICO,DEMOCRATAS E INDEPENDIENTES,DEMOCRATAS,PARTIDO DEMOCRATAS CHILE,128,1,Sí,5,12,1156,5261,21.973009,No
RODRIGO_HERNAN_ASTORGA_TAPIA__EL_LOA,RODRIGO HERNAN ASTORGA TAPIA,H,REGIÓN DE ANTOFAGASTA,EL LOA,R,CENTRO DEMOCRATICO,DEMOCRATAS E INDEPENDIENTES,DEMOCRATAS,PARTIDO DEMOCRATAS CHILE,129,2,No,5,12,1821,5261,34.613191,No
CECILIA_ANDREA_MARANON_PASTEN__EL_LOA,CECILIA ANDREA MARAÑON PASTEN,M,REGIÓN DE ANTOFAGASTA,EL LOA,R,CENTRO DEMOCRATICO,DEMOCRATAS E INDEPENDIENTES,DEMOCRATAS,PARTIDO DEMOCRATAS CHILE,130,3,No,5,12,352,5261,6.690743,No
NATALIA_LUZ_LATORRE_CRUZ__EL_LOA,NATALIA LUZ LATORRE CRUZ,M,REGIÓN DE ANTOFAGASTA,EL LOA,R,CENTRO DEMOCRATICO,DEMOCRATAS E INDEPENDIENTES,DEMOCRATAS,PARTIDO DEMOCRATAS CHILE,131,4,No,5,12,403,5261,7.660141,No
LEDY_ANA_OSANDON_FERRER__EL_LOA,LEDY ANA OSANDON FERRER,M,REGIÓN DE ANTOFAGASTA,EL LOA,R,CENTRO DEMOCRATICO,DEMOCRATAS E INDEPENDIENTES,IND,INDEPENDIENTES,132,5,No,5,12,1529,5261,29.062916,No
LUIS_GARRIDO_AMPUERO__EL_LOA,LUIS GARRIDO AMPUERO,H,REGIÓN DE ANTOFAGASTA,EL LOA,V,CHILE VAMOS UDI - INDEPENDIENTES,,UDI,UNION DEMOCRATA INDEPENDIENTE,133,1,Sí,3,12,3379,5656,59.741867,No
NALTO_ESPINOZA_HURTADO__EL_LOA,NALTO ESPINOZA HURTADO,H,REGIÓN DE ANTOFAGASTA,EL LOA,V,CHILE VAMOS UDI - INDEPENDIENTES,,UDI,UNION DEMOCRATA INDEPENDIENTE,134,2,No,3,12,1167,5656,20.632956,No
JENIFER_VEGA_ROJAS__EL_LOA,JENIFER VEGA ROJAS,M,REGIÓN DE ANTOFAGASTA,EL LOA,V,CHILE VAMOS UDI - INDEPENDIENTES,,IND,INDEPENDIENTES,135,3,No,3,12,1110,5656,19.625177,No
MONICA_MUNOZ_NAVARRO__EL_LOA,MONICA MUÑOZ NAVARRO,M,REGIÓN DE ANTOFAGASTA,EL LOA,W,CHILE VAMOS EVOPOLI - INDEPENDIENTES,,EVOPOLI,EVOLUCION POLITICA,136,1,Sí,5,12,1632,5959,27.387145,No
TAMARA_AGUAYO_RIVERA__EL_LOA,TAMARA AGUAYO RIVERA,M,REGIÓN DE ANTOFAGASTA,EL LOA,W,CHILE VAMOS EVOPOLI - INDEPENDIENTES,,EVOPOLI,EVOLUCION POLITICA,137,2,No,5,12,2218,5959,37.22101,No
NELSON_EDUARDO_VELASQUEZ_RAMOS__EL_LOA,NELSON EDUARDO VELASQUEZ RAMOS,H,REGIÓN DE ANTOFAGASTA,EL LOA,W,CHILE VAMOS EVOPOLI - INDEPENDIENTES,,EVOPOLI,EVOLUCION POLITICA,138,3,No,5,12,711,5959,11.931532,No
MIRIAN_NOLBERTA_YUFLA_CRUZ__EL_LOA,MIRIAN NOLBERTA YUFLA CRUZ,M,REGIÓN DE ANTOFAGASTA,EL LOA,W,CHILE VAMOS EVOPOLI - INDEPENDIENTES,,IND,INDEPENDIENTES,139,4,No,5,12,727,5959,12.200034,No
JORGE_MANUEL_ZAMBRA_GONZALEZ__EL_LOA,JORGE MANUEL ZAMBRA GONZALEZ,H,REGIÓN DE ANTOFAGASTA,EL LOA,W,CHILE VAMOS EVOPOLI - INDEPENDIENTES,,IND,INDEPENDIENTES,140,5,No,5,12,671,5959,11.260279,No
EMILIO_NIKITAS_MAVRAKIS_ASSAD__EL_LOA,EMILIO NIKITAS MAVRAKIS ASSAD,H,REGIÓN DE ANTOFAGASTA,EL LOA,Y,REPUBLICANOS E INDEPENDIENTES,,REPUBLICANO,PARTIDO REPUBLICANO DE CHILE,141,1,Sí,1,12,10400,10400,100.0,Sí
SERGIO_FERNANDO_CARVAJAL_SALAS__TOCOPILLA,SERGIO FERNANDO CARVAJAL SALAS,H,REGIÓN DE ANTOFAGASTA,TOCOPILLA,C,TODAS Y TODOS POR CHILE,PARTIDO COMUNISTA E INDEPENDIENTES,IND,INDEPENDIENTES,100,1,Sí,1,8,832,832,100.0,No
ESTEFANIA_TAPIA_VILCHES__TOCOPILLA,ESTEFANIA TAPIA VILCHES,M,REGIÓN DE ANTOFAGASTA,TOCOPILLA,I,CHILE VAMOS RENOVACION NACIONAL - INDEPENDIENTES,,RN,RENOVACION NACIONAL,101,1,Sí,2,8,1310,2015,65.012407,No
MARITZA_ORELLANA_DINAMARCA__TOCOPILLA,MARITZA ORELLANA DINAMARCA,M,REGIÓN DE ANTOFAGASTA,TOCOPILLA,I,CHILE VAMOS RENOVACION NACIONAL - INDEPENDIENTES,,RN,RENOVACION NACIONAL,102,2,No,2,8,705,2015,34.987593,No
ROSSANA_IVONNE_MONTERO_MORALES__TOCOPILLA,ROSSANA IVONNE MONTERO MORALES,M,REGIÓN DE ANTOFAGASTA,TOCOPILLA,M,REGIONES VERDES LIBERALES,,FREVS,FEDERACION REGIONALISTA VERDE SOCIAL,103,1,Sí,2,8,1871,3955,47.307206,No
HUMBERTO_PABLO_FUENTES_LAGOS__TOCOPILLA,HUMBERTO PABLO FUENTES LAGOS,H,REGIÓN DE ANTOFAGASTA,TOCOPILLA,M,REGIONES VERDES LIBERALES,,IND,INDEPENDIENTES,104,2,No,2,8,2084,3955,52.692794,Sí
GUSTAVO_HECTOR_CARRASCO_ORTIZ__TOCOPILLA,GUSTAVO HECTOR CARRASCO ORTIZ,H,REGIÓN DE ANTOFAGASTA,TOCOPILLA,N,LO MEJOR PARA CHILE,PPD E INDEPENDIENTES,IND,INDEPENDIENTES,105,1,Sí,3,8,1586,2120,74.811321,Sí
MANUEL_ISMAEL_ARAYA_NEIRA__TOCOPILLA,MANUEL ISMAEL ARAYA NEIRA,H,REGIÓN DE ANTOFAGASTA,TOCOPILLA,N,LO MEJOR PARA CHILE,PPD E INDEPENDIENTES,IND,INDEPENDIENTES,106,2,No,3,8,294,2120,13.867925,No
JUAN_ENRIQUE_ARRIAZA_GAJARDO__TOCOPILLA,JUAN ENRIQUE ARRIAZA GAJARDO,H,REGIÓN DE ANTOFAGASTA,TOCOPILLA,N,LO MEJOR PARA CHILE,PS E INDEPENDIENTES,IND,INDEPENDIENTES,107,3,No,3,8,240,2120,11.320755,No
PATRICIO_TAPIA_JULIO__TOCOPILLA,PATRICIO TAPIA JULIO,H,REGIÓN DE ANTOFAGASTA,TOCOPILLA,Q,POR UN CHILE MEJOR,,IND,INDEPENDIENTES,108,1,Sí,3,8,2416,3087,78.263686,Sí
CELSIO_ANTONIO_NAVARRO_TAPIA__TOCOPILLA,CELSIO ANTONIO NAVARRO TAPIA,H,REGIÓN DE ANTOFAGASTA,TOCOPILLA,Q,POR UN CHILE MEJOR,,IND,INDEPENDIENTES,109,2,No,3,8,326,3087,10.560415,No
JORGE_ALEJANDRO_ROMERO_HERRERA__TOCOPILLA,JORGE ALEJANDRO ROMERO HERRERA,H,REGIÓN DE ANTOFAGASTA,TOCOPILLA,Q,POR UN CHILE MEJOR,,IND,INDEPENDIENTES,110,3,No,3,8,345,3087,11.175899,No
DOMINGO_ANTONIO_OLIVARES_ZULETA__TOCOPILLA,DOMINGO ANTONIO OLIVARES ZULETA,H,REGIÓN DE ANTOFAGASTA,TOCOPILLA,S,FRENTE AMPLIO,FRENTE AMPLIO E INDEPENDIENTES,FA,FRENTE AMPLIO,111,1,Sí,3,8,576,1620,35.555556,No
NAYARETH_ORNELLA_VARELA_SALAS__TOCOPILLA,NAYARETH ORNELLA VARELA SALAS,M,REGIÓN DE ANTOFAGASTA,TOCOPILLA,S,FRENTE AMPLIO,FRENTE AMPLIO E INDEPENDIENTES,FA,FRENTE AMPLIO,112,2,No,3,8,516,1620,31.851852,No
JOSE_MIGUEL_NADAL_CERDA__TOCOPILLA,JOSE MIGUEL NADAL CERDA,H,REGIÓN DE ANTOFAGASTA,TOCOPILLA,S,FRENTE AMPLIO,FRENTE AMPLIO E INDEPENDIENTES,IND,INDEPENDIENTES,113,3,No,3,8,528,1620,32.592593,No
EDWARD_LARROZA_HERNANDEZ__TOCOPILLA,EDWARD LARROZA HERNANDEZ,H,REGIÓN DE ANTOFAGASTA,TOCOPILLA,V,CHILE VAMOS UDI - INDEPENDIENTES,,UDI,UNION DEMOCRATA INDEPENDIENTE,114,1,Sí,2,8,846,1145,73.886463,No
JUAN_CACERES_BROCKWAY__TOCOPILLA,JUAN CACERES BROCKWAY,H,REGIÓN DE ANTOFAGASTA,TOCOPILLA,V,CHILE VAMOS UDI - INDEPENDIENTES,,IND,INDEPENDIENTES,115,2,No,2,8,299,1145,26.113537,No
VANESSA_ALFARO_NEUENSCHWANDER__TOCOPILLA,VANESSA ALFARO NEUENSCHWANDER,M,REGIÓN DE ANTOFAGASTA,TOCOPILLA,,CANDIDATURA INDEPENDIENTE,,IND,INDEPENDIENTES,116,1,Sí,1,8,1440,1440,100.0,No
VICTOR_DAVID_LEON_VEGA__CHANARAL,VICTOR DAVID LEON VEGA,H,REGIÓN DE ATACAMA,CHAÑARAL,B,IZQUIERDA ECOLOGISTA POPULAR,,IND,INDEPENDIENTES,100,1,Sí,2,10,258,471,54.77707,No
PEDRO_FRANCISCO_NARANJO_DURAN__CHANARAL,PEDRO FRANCISCO NARANJO DURAN,H,REGIÓN DE ATACAMA,CHAÑARAL,B,IZQUIERDA ECOLOGISTA POPULAR,,IND,INDEPENDIENTES,101,2,No,2,10,213,471,45.22293,No
LUIS_FELIPE_RODRIGO_GARRIDO_GARRIDO__CHANARAL,LUIS FELIPE RODRIGO GARRIDO GARRIDO,H,REGIÓN DE ATACAMA,CHAÑARAL,C,TODAS Y TODOS POR CHILE,PARTIDO COMUNISTA E INDEPENDIENTES,PCCH,PARTIDO COMUNISTA DE CHILE,102,1,Sí,2,10,926,2616,35.397554,No
MANUEL_HUGO_REYES_CUELLO__CHANARAL,MANUEL HUGO REYES CUELLO,H,REGIÓN DE ATACAMA,CHAÑARAL,C,TODAS Y TODOS POR CHILE,PARTIDO COMUNISTA E INDEPENDIENTES,PCCH,PARTIDO COMUNISTA DE CHILE,103,2,No,2,10,1690,2616,64.602446,Sí
CLAUDIA_CECILIA_LOPEZ_GALLEGUILLOS__CHANARAL,CLAUDIA CECILIA LOPEZ GALLEGUILLOS,M,REGIÓN DE ATACAMA,CHAÑARAL,I,CHILE VAMOS RENOVACION NACIONAL - INDEPENDIENTES,,RN,RENOVACION NACIONAL,104,1,Sí,2,10,1687,3567,47.294645,No
FREDDY_RUBINA_ARACENA__CHANARAL,FREDDY RUBINA ARACENA,H,REGIÓN DE ATACAMA,CHAÑARAL,I,CHILE VAMOS RENOVACION NACIONAL - INDEPENDIENTES,,IND,INDEPENDIENTES,105,2,No,2,10,1880,3567,52.705355,Sí
WALTER_ALBERTO_ARAYA_BUGUENO__CHANARAL,WALTER ALBERTO ARAYA BUGUEÑO,H,REGIÓN DE ATACAMA,CHAÑARAL,L,TU REGION RADICAL,,IND,INDEPENDIENTES,106,1,Sí,1,10,303,303,100.0,No
RUTH_DEBORA_CARRIZO_PENA__CHANARAL,RUTH DEBORA CARRIZO PEÑA,M,REGIÓN DE ATACAMA,CHAÑARAL,M,REGIONES VERDES LIBERALES,,IND,INDEPENDIENTES,107,1,Sí,1,10,1112,1112,100.0,No
IRENE_ISABEL_DE_LOURDES_CORTES_PIZARRO__CHANARAL,IRENE ISABEL DE LOURDES CORTES PIZARRO,M,REGIÓN DE ATACAMA,CHAÑARAL,N,LO MEJOR PARA CHILE,PPD E INDEPENDIENTES,PPD,PARTIDO POR LA DEMOCRACIA,108,1,Sí,2,10,304,1372,22.157434,No
HECTOR_ALEJANDRO_ZAMORA_GARCIA__CHANARAL,HECTOR ALEJANDRO ZAMORA GARCIA,H,REGIÓN DE ATACAMA,CHAÑARAL,N,LO MEJOR PARA CHILE,PS E INDEPENDIENTES,IND,INDEPENDIENTES,109,2,No,2,10,1068,1372,77.842566,No
ALEJANDRO_ENRIQUE_RUBINA_NAVEA__CHANARAL,ALEJANDRO ENRIQUE RUBINA NAVEA,H,REGIÓN DE ATACAMA,CHAÑARAL,P,PARTIDO DE LA GENTE E INDEPENDIENTES,,PDG,PARTIDO DE LA GENTE,110,1,Sí,2,10,1125,1613,69.745815,No
NILSA_ELCIRA_GUZMAN_PALMA__CHANARAL,NILSA ELCIRA GUZMAN PALMA,M,REGIÓN DE ATACAMA,CHAÑARAL,P,PARTIDO DE LA GENTE E INDEPENDIENTES,,PDG,PARTIDO DE LA GENTE,111,2,No,2,10,488,1613,30.254185,No
KARIN_MAGDALENA_CANAS_TOLEDO__CHANARAL,KARIN MAGDALENA CAÑAS TOLEDO,M,REGIÓN DE ATACAMA,CHAÑARAL,R,CENTRO DEMOCRATICO,AMARILLOS E INDEPENDIENTES,IND,INDEPENDIENTES,112,1,Sí,2,10,1110,1215,91.358025,No
DINA_PRISCILLA_HERNANDEZ_PIZARRO__CHANARAL,DINA PRISCILLA HERNANDEZ PIZARRO,M,REGIÓN DE ATACAMA,CHAÑARAL,R,CENTRO DEMOCRATICO,AMARILLOS E INDEPENDIENTES,IND,INDEPENDIENTES,113,2,No,2,10,105,1215,8.641975,No
BENJAMIN_ALEJANDRO_CORTES_MONTECINO__CHANARAL,BENJAMIN ALEJANDRO CORTES MONTECINO,H,REGIÓN DE ATACAMA,CHAÑARAL,S,FRENTE AMPLIO,FRENTE AMPLIO E INDEPENDIENTES,FA,FRENTE AMPLIO,114,1,Sí,2,10,652,934,69.807281,No
MARCELO_ALEJANDRO_CASTRO_JERONIMO__CHANARAL,MARCELO ALEJANDRO CASTRO JERONIMO,H,REGIÓN DE ATACAMA,CHAÑARAL,S,FRENTE AMPLIO,FRENTE AMPLIO E INDEPENDIENTES,IND,INDEPENDIENTES,115,2,No,2,10,282,934,30.192719,No
GIANCARLO_CATTABENI_SAMSO__CHANARAL,GIANCARLO CATTABENI SAMSO,H,REGIÓN DE ATACAMA,CHAÑARAL,Y,REPUBLICANOS E INDEPENDIENTES,,REPUBLICANO,PARTIDO REPUBLICANO DE CHILE,116,1,Sí,2,10,887,1039,85.370549,No
DALVA_DE_LOS_ANGELES_CEPEDA_CASTRO__CHANARAL,DALVA DE LOS ANGELES CEPEDA CASTRO,M,REGIÓN DE ATACAMA,CHAÑARAL,Y,REPUBLICANOS E INDEPENDIENTES,,REPUBLICANO,PARTIDO REPUBLICANO DE CHILE,117,2,No,2,10,152,1039,14.629451,No
PABLO_ERNESTO_CRUZ_RIVERA__COPIAPO,PABLO ERNESTO CRUZ RIVERA,H,REGIÓN DE ATACAMA,COPIAPO,B,IZQUIERDA ECOLOGISTA POPULAR,,POPULAR,POPULAR,100,1,Sí,7,13,1178,4709,25.015927,No
JOEL_MOYA_MORALES__COPIAPO,JOEL MOYA MORALES,H,REGIÓN DE ATACAMA,COPIAPO,B,IZQUIERDA ECOLOGISTA POPULAR,,IGUALDAD,IGUALDAD,101,2,No,7,13,715,4709,15.183691,No
CLAUDIO_OSSANDON_ROJAS__COPIAPO,CLAUDIO OSSANDON ROJAS,H,REGIÓN DE ATACAMA,COPIAPO,B,IZQUIERDA ECOLOGISTA POPULAR,,IGUALDAD,IGUALDAD,102,3,No,7,13,462,4709,9.811,No
MARCOS_ANTONIO_SALINAS_OPAZO__COPIAPO,MARCOS ANTONIO SALINAS OPAZO,H,REGIÓN DE ATACAMA,COPIAPO,B,IZQUIERDA ECOLOGISTA POPULAR,,IND,INDEPENDIENTES,103,4,No,7,13,1019,4709,21.639414,No
GENNARO_ELEAZAR_MIRANDA_CORREA__COPIAPO,GENNARO ELEAZAR MIRANDA CORREA,H,REGIÓN DE ATACAMA,COPIAPO,B,IZQUIERDA ECOLOGISTA POPULAR,,IND,INDEPENDIENTES,104,5,No,7,13,211,4709,4.480781,No
RODOLFO_EMILIANO_CARES_RIVERA__COPIAPO,RODOLFO EMILIANO CARES RIVERA,H,REGIÓN DE ATACAMA,COPIAPO,B,IZQUIERDA ECOLOGISTA POPULAR,,IND,INDEPENDIENTES,105,6,No,7,13,264,4709,5.606286,No
DANYE_VALESKA_VARGAS_ESCOBAR__COPIAPO,DANYE VALESKA VARGAS ESCOBAR,M,REGIÓN DE ATACAMA,COPIAPO,B,IZQUIERDA ECOLOGISTA POPULAR,,IND,INDEPENDIENTES,106,7,No,7,13,860,4709,18.262901,No
EDGAR_VARAS_DAU__COPIAPO,EDGAR VARAS DAU,H,REGIÓN DE ATACAMA,COPIAPO,C,TODAS Y TODOS POR CHILE,PARTIDO COMUNISTA E INDEPENDIENTES,PCCH,PARTIDO COMUNISTA DE CHILE,107,1,Sí,7,13,1753,9510,18.433228,No
ISABEL_SELENA_GODOY_MONARDEZ__COPIAPO,ISABEL SELENA GODOY MONARDEZ,M,REGIÓN DE ATACAMA,COPIAPO,C,TODAS Y TODOS POR CHILE,PARTIDO COMUNISTA E INDEPENDIENTES,PCCH,PARTIDO COMUNISTA DE CHILE,108,2,No,7,13,1303,9510,13.701367,No
FABIAN_CRISTHIAN_ARMANDO_RABI_ORTIZ__COPIAPO,FABIAN CRISTHIAN ARMANDO RABI ORTIZ,H,REGIÓN DE ATACAMA,COPIAPO,C,TODAS Y TODOS POR CHILE,PARTIDO COMUNISTA E INDEPENDIENTES,PCCH,PARTIDO COMUNISTA DE CHILE,109,3,No,7,13,1196,9510,12.576236,No
MARIA_SOLEDAD_LEDEZMA_ORTEGA__COPIAPO,MARIA SOLEDAD LEDEZMA ORTEGA,M,REGIÓN DE ATACAMA,COPIAPO,C,TODAS Y TODOS POR CHILE,PARTIDO COMUNISTA E INDEPENDIENTES,PCCH,PARTIDO COMUNISTA DE CHILE,110,4,No,7,13,1194,9510,12.555205,No
FELIPE_ALBERTO_FUENTES_ZUMARAN__COPIAPO,FELIPE ALBERTO FUENTES ZUMARAN,H,REGIÓN DE ATACAMA,COPIAPO,C,TODAS Y TODOS POR CHILE,PARTIDO COMUNISTA E INDEPENDIENTES,IND,INDEPENDIENTES,111,5,No,7,13,2182,9510,22.944269,Sí
ATILIO_ENRIQUE_TRONCOSO_PIZARRO__COPIAPO,ATILIO ENRIQUE TRONCOSO PIZARRO,H,REGIÓN DE ATACAMA,COPIAPO,C,TODAS Y TODOS POR CHILE,PARTIDO COMUNISTA E INDEPENDIENTES,IND,INDEPENDIENTES,112,6,No,7,13,1231,9510,12.944269,No
ELIANA_DE_LOURDES_ROJO_RAMIREZ__COPIAPO,ELIANA DE LOURDES ROJO RAMIREZ,M,REGIÓN DE ATACAMA,COPIAPO,C,TODAS Y TODOS POR CHILE,PARTIDO COMUNISTA E INDEPENDIENTES,IND,INDEPENDIENTES,113,7,No,7,13,651,9510,6.845426,No
JONATHAN_MANUEL_FORTES_TAPIA__COPIAPO,JONATHAN MANUEL FORTES TAPIA,H,REGIÓN DE ATACAMA,COPIAPO,F,PARTIDO SOCIAL CRISTIANO E INDEPENDIENTES,,PSC,PARTIDO SOCIAL CRISTIANO,114,1,Sí,5,13,1254,3712,33.782328,No
MIGUEL_ANGEL_NAVARRETE_FERRADA__COPIAPO,MIGUEL ANGEL NAVARRETE FERRADA,H,REGIÓN DE ATACAMA,COPIAPO,F,PARTIDO SOCIAL CRISTIANO E INDEPENDIENTES,,PSC,PARTIDO SOCIAL CRISTIANO,115,2,No,5,13,870,3712,23.4375,No
JOSE_GUILLERMO_MENA_POSTIGO__COPIAPO,JOSE GUILLERMO MENA POSTIGO,H,REGIÓN DE ATACAMA,COPIAPO,F,PARTIDO SOCIAL CRISTIANO E INDEPENDIENTES,,PSC,PARTIDO SOCIAL CRISTIANO,116,3,No,5,13,537,3712,14.466595,No
ROLANDO_MARIVIL_MORENO__COPIAPO,ROLANDO MARIVIL MORENO,H,REGIÓN DE ATACAMA,COPIAPO,F,PARTIDO SOCIAL CRISTIANO E INDEPENDIENTES,,PSC,PARTIDO SOCIAL CRISTIANO,117,4,No,5,13,382,3712,10.290948,No
ARNALDO_ANTONIO_CORTES_ARRIAZA__COPIAPO,ARNALDO ANTONIO CORTES ARRIAZA,H,REGIÓN DE ATACAMA,COPIAPO,F,PARTIDO SOCIAL CRISTIANO E INDEPENDIENTES,,PSC,PARTIDO SOCIAL CRISTIANO,118,5,No,5,13,669,3712,18.022629,No
MATIAS_CLAVIJO_VITA__COPIAPO,MATIAS CLAVIJO VITA,H,REGIÓN DE ATACAMA,COPIAPO,I,CHILE VAMOS RENOVACION NACIONAL - INDEPENDIENTES,,RN,RENOVACION NACIONAL,119,1,Sí,8,13,1237,13987,8.843927,No
JESSICA_DEL_CARMEN_PORTILLA_TABILO__COPIAPO,JESSICA DEL CARMEN PORTILLA TABILO,M,REGIÓN DE ATACAMA,COPIAPO,I,CHILE VAMOS RENOVACION NACIONAL - INDEPENDIENTES,,RN,RENOVACION NACIONAL,120,2,No,8,13,940,13987,6.720526,No
ANTONIA_TABILO_PIZARRO__COPIAPO,ANTONIA TABILO PIZARRO,M,REGIÓN DE ATACAMA,COPIAPO,I,CHILE VAMOS RENOVACION NACIONAL - INDEPENDIENTES,,RN,RENOVACION NACIONAL,121,3,No,8,13,968,13987,6.920712,No
FERNANDO_GHIGLINO_PIZARRO__COPIAPO,FERNANDO GHIGLINO PIZARRO,H,REGIÓN DE ATACAMA,COPIAPO,I,CHILE VAMOS RENOVACION NACIONAL - INDEPENDIENTES,,RN,RENOVACION NACIONAL,122,4,No,8,13,2581,13987,18.452849,Sí
HUGO_ANDRES_PLAZA_PINA__COPIAPO,HUGO ANDRES PLAZA PIÑA,H,REGIÓN DE ATACAMA,COPIAPO,I,CHILE VAMOS RENOVACION NACIONAL - INDEPENDIENTES,,RN,RENOVACION NACIONAL,123,5,No,8,13,569,13987,4.068063,No
SEGISMUNDO_ZEPEDA_GOMEZ__COPIAPO,SEGISMUNDO ZEPEDA GOMEZ,H,REGIÓN DE ATACAMA,COPIAPO,I,CHILE VAMOS RENOVACION NACIONAL - INDEPENDIENTES,,RN,RENOVACION NACIONAL,124,6,No,8,13,1067,13987,7.628512,No
HERNANDO_ELIAS_CONTRERAS_SAN_JUAN__COPIAPO,HERNANDO ELIAS CONTRERAS SAN JUAN,H,REGIÓN DE ATACAMA,COPIAPO,I,CHILE VAMOS RENOVACION NACIONAL - INDEPENDIENTES,,IND,INDEPENDIENTES,125,7,No,8,13,1627,13987,11.63223,No
EMILIO_CRISTIAN_BIANCHI_CANAS__COPIAPO,EMILIO CRISTIAN BIANCHI CAÑAS,H,REGIÓN DE ATACAMA,COPIAPO,I,CHILE VAMOS RENOVACION NACIONAL - INDEPENDIENTES,,IND,INDEPENDIENTES,126,8,No,8,13,4998,13987,35.733181,Sí
OMAR_LUIS_ANDRES_LUZ_HIDALGO__COPIAPO,OMAR LUIS ANDRES LUZ HIDALGO,H,REGIÓN DE ATACAMA,COPIAPO,L,TU REGION RADICAL,,PR,PARTIDO RADICAL DE CHILE,127,1,Sí,7,13,1796,5784,31.051176,No
FRANCISCO_JAVIER_CARVAJAL_SANCHEZ__COPIAPO,FRANCISCO JAVIER CARVAJAL SANCHEZ,H,REGIÓN DE ATACAMA,COPIAPO,L,TU REGION RADICAL,,IND,INDEPENDIENTES,128,2,No,7,13,762,5784,13.174274,No
TOMAS_MATIAS_ANDRES_ARAYA_LEPE__COPIAPO,TOMAS MATIAS ANDRES ARAYA LEPE,H,REGIÓN DE ATACAMA,COPIAPO,L,TU REGION RADICAL,,IND,INDEPENDIENTES,129,3,No,7,13,350,5784,6.051176,No
CARLA_ANDREA_MATUS_GONZALEZ__COPIAPO,CARLA ANDREA MATUS GONZALEZ,M,REGIÓN DE ATACAMA,COPIAPO,L,TU REGION RADICAL,,IND,INDEPENDIENTES,130,4,No,7,13,1003,5784,17.340941,No
PATRICIA_JOANNA_HERNANDEZ_BURGOS__COPIAPO,PATRICIA JOANNA HERNANDEZ BURGOS,M,REGIÓN DE ATACAMA,COPIAPO,L,TU REGION RADICAL,,IND,INDEPENDIENTES,131,5,No,7,13,497,5784,8.592669,No
CRISTIAN_ANDRES_ZEPEDA_CASTILLO__COPIAPO,CRISTIAN ANDRES ZEPEDA CASTILLO,H,REGIÓN DE ATACAMA,COPIAPO,L,TU REGION RADICAL,,IND,INDEPENDIENTES,132,6,No,7,13,519,5784,8.973029,No
PATRICIO_FERNANDO_GUERRATY_PENA__COPIAPO,PATRICIO FERNANDO GUERRATY PEÑA,H,REGIÓN DE ATACAMA,COPIAPO,L,TU REGION RADICAL,,IND,INDEPENDIENTES,133,7,No,7,13,857,5784,14.816736,No
PATRICIO_SERGIO_ALFARO_MORALES__COPIAPO,PATRICIO SERGIO ALFARO MORALES,H,REGIÓN DE ATACAMA,COPIAPO,M,REGIONES VERDES LIBERALES,,FREVS,FEDERACION REGIONALISTA VERDE SOCIAL,134,1,Sí,7,13,4462,13840,32.239884,Sí
FRANCISCO_CORTEZ_PALLAUTA__COPIAPO,FRANCISCO CORTEZ PALLAUTA,H,REGIÓN DE ATACAMA,COPIAPO,M,REGIONES VERDES LIBERALES,,FREVS,FEDERACION REGIONALISTA VERDE SOCIAL,135,2,No,7,13,6615,13840,47.796243,Sí
JAIME_CLAUDIO_VARGAS_GUERRA__COPIAPO,JAIME CLAUDIO VARGAS GUERRA,H,REGIÓN DE ATACAMA,COPIAPO,M,REGIONES VERDES LIBERALES,,FREVS,FEDERACION REGIONALISTA VERDE SOCIAL,136,3,No,7,13,609,13840,4.400289,No
MARINA_ANGELICA_AVALOS_CASTILLO__COPIAPO,MARINA ANGELICA AVALOS CASTILLO,M,REGIÓN DE ATACAMA,COPIAPO,M,REGIONES VERDES LIBERALES,,IND,INDEPENDIENTES,137,4,No,7,13,1004,13840,7.254335,No
CESAR_ANTONIO_ECHEVERRIA_ECHEVERRIA__COPIAPO,CESAR ANTONIO ECHEVERRIA ECHEVERRIA,H,REGIÓN DE ATACAMA,COPIAPO,M,REGIONES VERDES LIBERALES,,IND,INDEPENDIENTES,138,5,No,7,13,292,13840,2.109827,No
CLAUDIO_RODRIGO_SEPULVEDA_LETEY__COPIAPO,CLAUDIO RODRIGO SEPULVEDA LETEY,H,REGIÓN DE ATACAMA,COPIAPO,M,REGIONES VERDES LIBERALES,,IND,INDEPENDIENTES,139,6,No,7,13,366,13840,2.644509,No
FRANK_HERVERT_AZOLA_BARRIOS__COPIAPO,FRANK HERVERT AZOLA BARRIOS,H,REGIÓN DE ATACAMA,COPIAPO,M,REGIONES VERDES LIBERALES,,IND,INDEPENDIENTES,140,7,No,7,13,492,13840,3.554913,No
HUGO_ALEJANDRO_BUGUENO_ROJAS__COPIAPO,HUGO ALEJANDRO BUGUEÑO ROJAS,H,REGIÓN DE ATACAMA,COPIAPO,N,LO MEJOR PARA CHILE,PPD E INDEPENDIENTES,IND,INDEPENDIENTES,141,1,Sí,7,13,3046,11718,25.994197,Sí
MARIO_ALEJANDRO_OLAVE_GAETE__COPIAPO,MARIO ALEJANDRO OLAVE GAETE,H,REGIÓN DE ATACAMA,COPIAPO,N,LO MEJOR PARA CHILE,PPD E INDEPENDIENTES,IND,INDEPENDIENTES,142,2,No,7,13,1441,11718,12.29732,No
RICARDO_IVAN_ZAMORA_HIDALGO__COPIAPO,RICARDO IVAN ZAMORA HIDALGO,H,REGIÓN DE ATACAMA,COPIAPO,N,LO MEJOR PARA CHILE,PPD E INDEPENDIENTES,IND,INDEPENDIENTES,143,3,No,7,13,2056,11718,17.545656,No
GEORGETTE_GODOY_ARACENA__COPIAPO,GEORGETTE GODOY ARACENA,M,REGIÓN DE ATACAMA,COPIAPO,N,LO MEJOR PARA CHILE,PS E INDEPENDIENTES,PS,PARTIDO SOCIALISTA DE CHILE,144,4,No,7,13,2011,11718,17.161632,No
MAXIMILIANO_HURTADO_ROCO__COPIAPO,MAXIMILIANO HURTADO ROCO,H,REGIÓN DE ATACAMA,COPIAPO,N,LO MEJOR PARA CHILE,PS E INDEPENDIENTES,PS,PARTIDO SOCIALISTA DE CHILE,145,5,No,7,13,1792,11718,15.292712,No
IRENE_GARCES_ALEGRIA__COPIAPO,IRENE GARCES ALEGRIA,M,REGIÓN DE ATACAMA,COPIAPO,N,LO MEJOR PARA CHILE,PS E INDEPENDIENTES,PS,PARTIDO SOCIALISTA DE CHILE,146,6,No,7,13,540,11718,4.608295,No
JAIME_SEVERINO_CORTES__COPIAPO,JAIME SEVERINO CORTES,H,REGIÓN DE ATACAMA,COPIAPO,N,LO MEJOR PARA CHILE,PS E INDEPENDIENTES,PS,PARTIDO SOCIALISTA DE CHILE,147,7,No,7,13,832,11718,7.100188,No
FERNANDO_FELIX_VARGAS_VILLALOBOS__COPIAPO,FERNANDO FELIX VARGAS VILLALOBOS,H,REGIÓN DE ATACAMA,COPIAPO,P,PARTIDO DE LA GENTE E INDEPENDIENTES,,PDG,PARTIDO DE LA GENTE,148,1,Sí,2,13,2662,4951,53.766916,No
JESSICA_ALEJANDRA_LIQUITAY_MARTINEZ__COPIAPO,JESSICA ALEJANDRA LIQUITAY MARTINEZ,M,REGIÓN DE ATACAMA,COPIAPO,P,PARTIDO DE LA GENTE E INDEPENDIENTES,,PDG,PARTIDO DE LA GENTE,149,2,No,2,13,2289,4951,46.233084,No
LUIS_DAGOBERTO_ADASME_PADILLA__COPIAPO,LUIS DAGOBERTO ADASME PADILLA,H,REGIÓN DE ATACAMA,COPIAPO,Q,POR UN CHILE MEJOR,,PDC,PARTIDO DEMOCRATA CRISTIANO,150,1,Sí,1,13,2380,2380,100.0,No
RENE_ARNALDO_FUNES_MONTANER__COPIAPO,RENE ARNALDO FUNES MONTANER,H,REGIÓN DE ATACAMA,COPIAPO,R,CENTRO DEMOCRATICO,AMARILLOS E INDEPENDIENTES,AMARILLOS,MOVIMIENTO AMARILLOS POR CHILE,151,1,Sí,7,13,758,5662,13.387496,No
CAROLINA_ANDREA_ROJAS_VEGA__COPIAPO,CAROLINA ANDREA ROJAS VEGA,M,REGIÓN DE ATACAMA,COPIAPO,R,CENTRO DEMOCRATICO,AMARILLOS E INDEPENDIENTES,IND,INDEPENDIENTES,152,2,No,7,13,1273,5662,22.483221,No
MARCO_ANTONIO_MATURANA_SOTO__COPIAPO,MARCO ANTONIO MATURANA SOTO,H,REGIÓN DE ATACAMA,COPIAPO,R,CENTRO DEMOCRATICO,AMARILLOS E INDEPENDIENTES,IND,INDEPENDIENTES,153,3,No,7,13,823,5662,14.5355,No
CLAUDIO_ALEJANDRO_IRIBARREN_PEREZ__COPIAPO,CLAUDIO ALEJANDRO IRIBARREN PEREZ,H,REGIÓN DE ATACAMA,COPIAPO,R,CENTRO DEMOCRATICO,AMARILLOS E INDEPENDIENTES,IND,INDEPENDIENTES,154,4,No,7,13,470,5662,8.300954,No
JANS_CHRISTIAN_SAA_OVIEDO__COPIAPO,JANS CHRISTIAN SAA OVIEDO,H,REGIÓN DE ATACAMA,COPIAPO,R,CENTRO DEMOCRATICO,AMARILLOS E INDEPENDIENTES,IND,INDEPENDIENTES,155,5,No,7,13,514,5662,9.078064,No
RICARDO_TAMBLAY_PACHECO__COPIAPO,RICARDO TAMBLAY PACHECO,H,REGIÓN DE ATACAMA,COPIAPO,R,CENTRO DEMOCRATICO,DEMOCRATAS E INDEPENDIENTES,DEMOCRATAS,PARTIDO DEMOCRATAS CHILE,156,6,No,7,13,965,5662,17.043448,No
ULISES_DAVID_HUILCAL_SAAVEDRA__COPIAPO,ULISES DAVID HUILCAL SAAVEDRA,H,REGIÓN DE ATACAMA,COPIAPO,R,CENTRO DEMOCRATICO,DEMOCRATAS E INDEPENDIENTES,IND,INDEPENDIENTES,157,7,No,7,13,859,5662,15.171318,No
YERKO_NAJIB_RAVLIC_ELAL__COPIAPO,YERKO NAJIB RAVLIC ELAL,H,REGIÓN DE ATACAMA,COPIAPO,S,FRENTE AMPLIO,FRENTE AMPLIO E INDEPENDIENTES,FA,FRENTE AMPLIO,158,1,Sí,8,13,2070,7652,27.051751,Sí
MARCELA_ALEJANDRA_GONZALEZ_GORDILLO__COPIAPO,MARCELA ALEJANDRA GONZALEZ GORDILLO,M,REGIÓN DE ATACAMA,COPIAPO,S,FRENTE AMPLIO,FRENTE AMPLIO E INDEPENDIENTES,FA,FRENTE AMPLIO,159,2,No,8,13,473,7652,6.18139,No
JOSE_IGNACIO_VEGA_ARAYA__COPIAPO,JOSE IGNACIO VEGA ARAYA,H,REGIÓN DE ATACAMA,COPIAPO,S,FRENTE AMPLIO,FRENTE AMPLIO E INDEPENDIENTES,FA,FRENTE AMPLIO,160,3,No,8,13,1588,7652,20.752744,No
KATIA_IVONNE_RIVEROS_ZEPEDA__COPIAPO,KATIA IVONNE RIVEROS ZEPEDA,M,REGIÓN DE ATACAMA,COPIAPO,S,FRENTE AMPLIO,FRENTE AMPLIO E INDEPENDIENTES,FA,FRENTE AMPLIO,161,4,No,8,13,565,7652,7.383691,No
MARCO_AURELIO_QUIROGA_ACUNA__COPIAPO,MARCO AURELIO QUIROGA ACUÑA,H,REGIÓN DE ATACAMA,COPIAPO,S,FRENTE AMPLIO,FRENTE AMPLIO E INDEPENDIENTES,FA,FRENTE AMPLIO,162,5,No,8,13,481,7652,6.285938,No
CESAR_AARON_GONZALEZ_LUTZ__COPIAPO,CESAR AARON GONZALEZ LUTZ,H,REGIÓN DE ATACAMA,COPIAPO,S,FRENTE AMPLIO,FRENTE AMPLIO E INDEPENDIENTES,FA,FRENTE AMPLIO,163,6,No,8,13,136,7652,1.777313,No
NORA_DEL_CARMEN_MONTERO_FUENZALIDA__COPIAPO,NORA DEL CARMEN MONTERO FUENZALIDA,M,REGIÓN DE ATACAMA,COPIAPO,S,FRENTE AMPLIO,FRENTE AMPLIO E INDEPENDIENTES,FA,FRENTE AMPLIO,164,7,No,8,13,649,7652,8.481443,No
DANIELA_CATALINA_QUEVEDO_CASTILLO__COPIAPO,DANIELA CATALINA QUEVEDO CASTILLO,M,REGIÓN DE ATACAMA,COPIAPO,S,FRENTE AMPLIO,FRENTE AMPLIO E INDEPENDIENTES,IND,INDEPENDIENTES,165,8,No,8,13,1690,7652,22.085729,No
GUILLERMO_PROCURIZA_NAIM__COPIAPO,GUILLERMO PROCURIZA NAIM,H,REGIÓN DE ATACAMA,COPIAPO,V,CHILE VAMOS UDI - INDEPENDIENTES,,UDI,UNION DEMOCRATA INDEPENDIENTE,166,1,Sí,7,13,1399,6322,22.129073,No
LUCAS_ESPINOZA_YANEZ__COPIAPO,LUCAS ESPINOZA YAÑEZ,H,REGIÓN DE ATACAMA,COPIAPO,V,CHILE VAMOS UDI - INDEPENDIENTES,,UDI,UNION DEMOCRATA INDEPENDIENTE,167,2,No,7,13,332,6322,5.251503,No
KYLE_CAMPBELL_CAMPBELL__COPIAPO,KYLE CAMPBELL CAMPBELL,H,REGIÓN DE ATACAMA,COPIAPO,V,CHILE VAMOS UDI - INDEPENDIENTES,,UDI,UNION DEMOCRATA INDEPENDIENTE,168,3,No,7,13,1727,6322,27.317305,No
HECTOR_FUENTES_CASTILLO__COPIAPO,HECTOR FUENTES CASTILLO,H,REGIÓN DE ATACAMA,COPIAPO,V,CHILE VAMOS UDI - INDEPENDIENTES,,IND,INDEPENDIENTES,169,4,No,7,13,454,6322,7.181272,No
CARLA_GUAITA_CARRIZO__COPIAPO,CARLA GUAITA CARRIZO,M,REGIÓN DE ATACAMA,COPIAPO,V,CHILE VAMOS UDI - INDEPENDIENTES,,IND,INDEPENDIENTES,170,5,No,7,13,1209,6322,19.123695,No
ALEJANDRO_HERRERA_ARANCIBIA__COPIAPO,ALEJANDRO HERRERA ARANCIBIA,H,REGIÓN DE ATACAMA,COPIAPO,V,CHILE VAMOS UDI - INDEPENDIENTES,,IND,INDEPENDIENTES,171,6,No,7,13,328,6322,5.188232,No
ENZO_CHECURA_PARADA__COPIAPO,ENZO CHECURA PARADA,H,REGIÓN DE ATACAMA,COPIAPO,V,CHILE VAMOS UDI - INDEPENDIENTES,,IND,INDEPENDIENTES,172,7,No,7,13,873,6322,13.808921,No
MIGUEL_ANGEL_SAN_MARTIN_SALGADO__COPIAPO,MIGUEL ANGEL SAN MARTIN SALGADO,H,REGIÓN DE ATACAMA,COPIAPO,Y,REPUBLICANOS E INDEPENDIENTES,,REPUBLICANO,PARTIDO REPUBLICANO DE CHILE,173,1,Sí,8,13,3357,10848,30.945796,Sí
VICENTE_NICOLAS_GUERRA_AGUIRRE__COPIAPO,VICENTE NICOLAS GUERRA AGUIRRE,H,REGIÓN DE ATACAMA,COPIAPO,Y,REPUBLICANOS E INDEPENDIENTES,,REPUBLICANO,PARTIDO REPUBLICANO DE CHILE,174,2,No,8,13,1179,10848,10.868363,No
NATALIE_ANDREA_MARDONES_IBACACHE__COPIAPO,NATALIE ANDREA MARDONES IBACACHE,M,REGIÓN DE ATACAMA,COPIAPO,Y,REPUBLICANOS E INDEPENDIENTES,,REPUBLICANO,PARTIDO REPUBLICANO DE CHILE,175,3,No,8,13,1408,10848,12.979351,No
ADOLFO_SADRAC_GODOY_CARRASCO__COPIAPO,ADOLFO SADRAC GODOY CARRASCO,H,REGIÓN DE ATACAMA,COPIAPO,Y,REPUBLICANOS E INDEPENDIENTES,,REPUBLICANO,PARTIDO REPUBLICANO DE CHILE,176,4,No,8,13,1029,10848,9.485619,No
CARLO_CESAR_LORENZO_PRATO_ROMAN__COPIAPO,CARLO CESAR LORENZO PRATO ROMAN,H,REGIÓN DE ATACAMA,COPIAPO,Y,REPUBLICANOS E INDEPENDIENTES,,REPUBLICANO,PARTIDO REPUBLICANO DE CHILE,177,5,No,8,13,1154,10848,10.637906,No
MARIAPAZ_MIRANDA_CATALANO__COPIAPO,MARIAPAZ MIRANDA CATALANO,M,REGIÓN DE ATACAMA,COPIAPO,Y,REPUBLICANOS E INDEPENDIENTES,,REPUBLICANO,PARTIDO REPUBLICANO DE CHILE,178,6,No,8,13,1541,10848,14.205383,No
ELIAS_EZEQUIEL_VILLAGRA_PAEZ__COPIAPO,ELIAS EZEQUIEL VILLAGRA PAEZ,H,REGIÓN DE ATACAMA,COPIAPO,Y,REPUBLICANOS E INDEPENDIENTES,,REPUBLICANO,PARTIDO REPUBLICANO DE CHILE,179,7,No,8,13,531,10848,4.894912,No
ALEJANDRA_DEL_CARMEN_ARDILES_ARACENA__COPIAPO,ALEJANDRA DEL CARMEN ARDILES ARACENA,M,REGIÓN DE ATACAMA,COPIAPO,Y,REPUBLICANOS E INDEPENDIENTES,,REPUBLICANO,PARTIDO REPUBLICANO DE CHILE,180,8,No,8,13,649,10848,5.98267,No
MARCELO_ISMAEL_RUIZ_TAGLE_ESCOBAR__HUASCO,MARCELO ISMAEL RUIZ TAGLE ESCOBAR,H,REGIÓN DE ATACAMA,HUASCO,B,IZQUIERDA ECOLOGISTA POPULAR,,POPULAR,POPULAR,100,1,Sí,1,9,860,860,100.0,No
ANA_ANTONIA_VEIRA_FARIAS__HUASCO,ANA ANTONIA VEIRA FARIAS,M,REGIÓN DE ATACAMA,HUASCO,C,TODAS Y TODOS POR CHILE,PARTIDO COMUNISTA E INDEPENDIENTES,PCCH,PARTIDO COMUNISTA DE CHILE,101,1,Sí,3,9,1901,3341,56.899132,No
SILVIA_TEOFILA_RIVERA_VALDIVIA__HUASCO,SILVIA TEOFILA RIVERA VALDIVIA,M,REGIÓN DE ATACAMA,HUASCO,C,TODAS Y TODOS POR CHILE,PARTIDO COMUNISTA E INDEPENDIENTES,IND,INDEPENDIENTES,102,2,No,3,9,945,3341,28.284945,No
ALEJANDRA_HIDALGO_GOMEZ__HUASCO,ALEJANDRA HIDALGO GOMEZ,M,REGIÓN DE ATACAMA,HUASCO,C,TODAS Y TODOS POR CHILE,PARTIDO COMUNISTA E INDEPENDIENTES,IND,INDEPENDIENTES,103,3,No,3,9,495,3341,14.815923,No
ROBERTO_DANIEL_BRUZZONE_GALEB__HUASCO,ROBERTO DANIEL BRUZZONE GALEB,H,REGIÓN DE ATACAMA,HUASCO,I,CHILE VAMOS RENOVACION NACIONAL - INDEPENDIENTES,,RN,RENOVACION NACIONAL,104,1,Sí,3,9,2973,7064,42.086636,No
JORGE_NELSON_TORRES_TORRES__HUASCO,JORGE NELSON TORRES TORRES,H,REGIÓN DE ATACAMA,HUASCO,I,CHILE VAMOS RENOVACION NACIONAL - INDEPENDIENTES,,IND,INDEPENDIENTES,105,2,No,3,9,3104,7064,43.94111,Sí
LUIS_CLAUDIO_ORLANDO_MORALES_GONZALEZ__HUASCO,LUIS CLAUDIO ORLANDO MORALES GONZALEZ,H,REGIÓN DE ATACAMA,HUASCO,I,CHILE VAMOS RENOVACION NACIONAL - INDEPENDIENTES,,IND,INDEPENDIENTES,106,3,No,3,9,987,7064,13.972254,No
WILMA_MARIA_CAMPILLAY_ROJAS__HUASCO,WILMA MARIA CAMPILLAY ROJAS,M,REGIÓN DE ATACAMA,HUASCO,L,TU REGION RADICAL,,IND,INDEPENDIENTES,107,1,Sí,3,9,1014,2149,47.184737,No
LEONEL_ANTONIO_MADARIAGA_MORENO__HUASCO,LEONEL ANTONIO MADARIAGA MORENO,H,REGIÓN DE ATACAMA,HUASCO,L,TU REGION RADICAL,,IND,INDEPENDIENTES,108,2,No,3,9,504,2149,23.452769,No
DELIA_ISABEL_NUNEZ_VELIZ__HUASCO,DELIA ISABEL NUÑEZ VELIZ,M,REGIÓN DE ATACAMA,HUASCO,L,TU REGION RADICAL,,IND,INDEPENDIENTES,109,3,No,3,9,631,2149,29.362494,No
FABIOLA_DEL_CARMEN_PEREZ_TAPIA__HUASCO,FABIOLA DEL CARMEN PEREZ TAPIA,M,REGIÓN DE ATACAMA,HUASCO,M,REGIONES VERDES LIBERALES,,FREVS,FEDERACION REGIONALISTA VERDE SOCIAL,110,1,Sí,4,9,4943,9142,54.069131,Sí
ROBERTO_CORDOVA_GONZALEZ__HUASCO,ROBERTO CORDOVA GONZALEZ,H,REGIÓN DE ATACAMA,HUASCO,M,REGIONES VERDES LIBERALES,,FREVS,FEDERACION REGIONALISTA VERDE SOCIAL,111,2,No,4,9,1772,9142,19.383067,No
ELIAS_NICOLAS_OLIVARES_RIOS__HUASCO,ELIAS NICOLAS OLIVARES RIOS,H,REGIÓN DE ATACAMA,HUASCO,M,REGIONES VERDES LIBERALES,,IND,INDEPENDIENTES,112,3,No,4,9,1414,9142,15.467075,No
SEBASTIAN_MANUEL_CAMPOS_CAMPILLAY__HUASCO,SEBASTIAN MANUEL CAMPOS CAMPILLAY,H,REGIÓN DE ATACAMA,HUASCO,M,REGIONES VERDES LIBERALES,,IND,INDEPENDIENTES,113,4,No,4,9,1013,9142,11.080726,No
JUAN_HORACIO_SANTANA_ALVAREZ__HUASCO,JUAN HORACIO SANTANA ALVAREZ,H,REGIÓN DE ATACAMA,HUASCO,N,LO MEJOR PARA CHILE,PS E INDEPENDIENTES,PS,PARTIDO SOCIALISTA DE CHILE,114,1,Sí,3,9,9077,12569,72.21736,Sí
IGOR_VERDUGO_HERRERA__HUASCO,IGOR VERDUGO HERRERA,H,REGIÓN DE ATACAMA,HUASCO,N,LO MEJOR PARA CHILE,PS E INDEPENDIENTES,PS,PARTIDO SOCIALISTA DE CHILE,115,2,No,3,9,2334,12569,18.569496,Sí
FLAVIA_ANITA_SANGUINETTI_MIERES__HUASCO,FLAVIA ANITA SANGUINETTI MIERES,M,REGIÓN DE ATACAMA,HUASCO,N,LO MEJOR PARA CHILE,PPD E INDEPENDIENTES,IND,INDEPENDIENTES,116,3,No,3,9,1158,12569,9.213143,No
DAVID_CRISTIAN_MARIN_VEGA__HUASCO,DAVID CRISTIAN MARIN VEGA,H,REGIÓN DE ATACAMA,HUASCO,Q,POR UN CHILE MEJOR,,PDC,PARTIDO DEMOCRATA CRISTIANO,117,1,Sí,1,9,1280,1280,100.0,No
GUILLERMO_COFRE_CALDERON__HUASCO,GUILLERMO COFRE CALDERON,H,REGIÓN DE ATACAMA,HUASCO,V,CHILE VAMOS UDI - INDEPENDIENTES,,UDI,UNION DEMOCRATA INDEPENDIENTE,118,1,Sí,2,9,1715,3013,56.920013,No
HANS_RIARTE_DUBO__HUASCO,HANS RIARTE DUBO,H,REGIÓN DE ATACAMA,HUASCO,V,CHILE VAMOS UDI - INDEPENDIENTES,,UDI,UNION DEMOCRATA INDEPENDIENTE,119,2,No,2,9,1298,3013,43.079987,No
STEPHANIA_DIANA_GODOY_DORADOR__HUASCO,STEPHANIA DIANA GODOY DORADOR,M,REGIÓN DE ATACAMA,HUASCO,Y,REPUBLICANOS E INDEPENDIENTES,,REPUBLICANO,PARTIDO REPUBLICANO DE CHILE,120,1,Sí,2,9,2357,4398,53.592542,No
JUAN_ALEJANDRO_DONOSO_GALLARDO__HUASCO,JUAN ALEJANDRO DONOSO GALLARDO,H,REGIÓN DE ATACAMA,HUASCO,Y,REPUBLICANOS E INDEPENDIENTES,,REPUBLICANO,PARTIDO REPUBLICANO DE CHILE,121,2,No,2,9,2041,4398,46.407458,No
DAVID_RODRIGO_MUNOZ_MUNOZ__CHOAPA,DAVID RODRIGO MUÑOZ MUÑOZ,H,REGIÓN DE COQUIMBO,CHOAPA,C,TODAS Y TODOS POR CHILE,PARTIDO COMUNISTA E INDEPENDIENTES,PCCH,PARTIDO COMUNISTA DE CHILE,100,1,Sí,2,8,4027,8128,49.544783,No
MANUEL_MARCARIAN_JULIO__CHOAPA,MANUEL MARCARIAN JULIO,H,REGIÓN DE COQUIMBO,CHOAPA,C,TODAS Y TODOS POR CHILE,PARTIDO COMUNISTA E INDEPENDIENTES,PCCH,PARTIDO COMUNISTA DE CHILE,101,2,No,2,8,4101,8128,50.455217,No
CARLOS_MAUREIRA_SILVA__CHOAPA,CARLOS MAUREIRA SILVA,H,REGIÓN DE COQUIMBO,CHOAPA,I,CHILE VAMOS RENOVACION NACIONAL - INDEPENDIENTES,,RN,RENOVACION NACIONAL,102,1,Sí,3,8,1536,8219,18.688405,No
ANGEL_GONZALEZ_AGUILERA__CHOAPA,ANGEL GONZALEZ AGUILERA,H,REGIÓN DE COQUIMBO,CHOAPA,I,CHILE VAMOS RENOVACION NACIONAL - INDEPENDIENTES,,IND,INDEPENDIENTES,103,2,No,3,8,5317,8219,64.691568,Sí
JUAN_LUIS_DE_LA_JARA_BARTHOLOMAUS__CHOAPA,JUAN LUIS DE LA JARA BARTHOLOMAUS,H,REGIÓN DE COQUIMBO,CHOAPA,I,CHILE VAMOS RENOVACION NACIONAL - INDEPENDIENTES,,IND,INDEPENDIENTES,104,3,No,3,8,1366,8219,16.620027,No
JUAN_MANUEL_BARRAZA_ASTORGA__CHOAPA,JUAN MANUEL BARRAZA ASTORGA,H,REGIÓN DE COQUIMBO,CHOAPA,N,LO MEJOR PARA CHILE,PPD E INDEPENDIENTES,PPD,PARTIDO POR LA DEMOCRACIA,105,1,Sí,4,8,4900,12929,37.899296,Sí
MARIA_PAZ_DEL_PILAR_ROJAS_ORREGO__CHOAPA,MARIA PAZ DEL PILAR ROJAS ORREGO,M,REGIÓN DE COQUIMBO,CHOAPA,N,LO MEJOR PARA CHILE,PPD E INDEPENDIENTES,PPD,PARTIDO POR LA DEMOCRACIA,106,2,No,4,8,3258,12929,25.199165,No
MARIO_PIZARRO_VENENCIANO__CHOAPA,MARIO PIZARRO VENENCIANO,H,REGIÓN DE COQUIMBO,CHOAPA,N,LO MEJOR PARA CHILE,PS E INDEPENDIENTES,IND,INDEPENDIENTES,107,3,No,4,8,1625,12929,12.568644,No
RAUL_MUSA_URETA__CHOAPA,RAUL MUSA URETA,H,REGIÓN DE COQUIMBO,CHOAPA,N,LO MEJOR PARA CHILE,PS E INDEPENDIENTES,IND,INDEPENDIENTES,108,4,No,4,8,3146,12929,24.332895,No
ALEXANDRA_URRUTIA_PLACENCIO__CHOAPA,ALEXANDRA URRUTIA PLACENCIO,M,REGIÓN DE COQUIMBO,CHOAPA,P,PARTIDO DE LA GENTE E INDEPENDIENTES,,PDG,PARTIDO DE LA GENTE,109,1,Sí,3,8,1484,2376,62.457912,No
GUILLERMO_ALEJANDRO_REYES_ROZAS__CHOAPA,GUILLERMO ALEJANDRO REYES ROZAS,H,REGIÓN DE COQUIMBO,CHOAPA,P,PARTIDO DE LA GENTE E INDEPENDIENTES,,PDG,PARTIDO DE LA GENTE,110,2,No,3,8,462,2376,19.444444,No
ROBERTO_SEBASTIAN_SANCHEZ_ACEVEDO__CHOAPA,ROBERTO SEBASTIAN SANCHEZ ACEVEDO,H,REGIÓN DE COQUIMBO,CHOAPA,P,PARTIDO DE LA GENTE E INDEPENDIENTES,,PDG,PARTIDO DE LA GENTE,111,3,No,3,8,430,2376,18.097643,No
HUGO_HERNAN_ROJO_AGUILERA__CHOAPA,HUGO HERNAN ROJO AGUILERA,H,REGIÓN DE COQUIMBO,CHOAPA,Q,POR UN CHILE MEJOR,,PDC,PARTIDO DEMOCRATA CRISTIANO,112,1,Sí,4,8,1277,16609,7.688603,No
DENIS_ENRIQUE_CORTES_VARGAS__CHOAPA,DENIS ENRIQUE CORTES VARGAS,H,REGIÓN DE COQUIMBO,CHOAPA,Q,POR UN CHILE MEJOR,,IND,INDEPENDIENTES,113,2,No,4,8,12813,16609,77.144921,Sí
VICTOR_ANGEL_ARAYA_ARAYA__CHOAPA,VICTOR ANGEL ARAYA ARAYA,H,REGIÓN DE COQUIMBO,CHOAPA,Q,POR UN CHILE MEJOR,,IND,INDEPENDIENTES,114,3,No,4,8,717,16609,4.316937,No
JUAN_JALET_HISI_ESPINOZA__CHOAPA,JUAN JALET HISI ESPINOZA,H,REGIÓN DE COQUIMBO,CHOAPA,Q,POR UN CHILE MEJOR,,IND,INDEPENDIENTES,115,4,No,4,8,1802,16609,10.849539,Sí
PATRICIO_ALBERTO_ARAUCO_REYES__CHOAPA,PATRICIO ALBERTO ARAUCO REYES,H,REGIÓN DE COQUIMBO,CHOAPA,S,FRENTE AMPLIO,FRENTE AMPLIO E INDEPENDIENTES,FA,FRENTE AMPLIO,116,1,Sí,4,8,2356,4928,47.808442,No
GERALDY_VICTORIA_RIVERA_TORREJON__CHOAPA,GERALDY VICTORIA RIVERA TORREJON,M,REGIÓN DE COQUIMBO,CHOAPA,S,FRENTE AMPLIO,FRENTE AMPLIO E INDEPENDIENTES,FA,FRENTE AMPLIO,117,2,No,4,8,498,4928,10.105519,No
INALDI_ANTONIO_COFRE_SAAVEDRA__CHOAPA,INALDI ANTONIO COFRE SAAVEDRA,H,REGIÓN DE COQUIMBO,CHOAPA,S,FRENTE AMPLIO,FRENTE AMPLIO E INDEPENDIENTES,FA,FRENTE AMPLIO,118,3,No,4,8,465,4928,9.435877,No
JUAN_DIEGO_CALLEJAS_LOZANO__CHOAPA,JUAN DIEGO CALLEJAS LOZANO,H,REGIÓN DE COQUIMBO,CHOAPA,S,FRENTE AMPLIO,FRENTE AMPLIO E INDEPENDIENTES,IND,INDEPENDIENTES,119,4,No,4,8,1609,4928,32.650162,No
ALBERTO_JAVIER_GONZALEZ_IGLESIAS__CHOAPA,ALBERTO JAVIER GONZALEZ IGLESIAS,H,REGIÓN DE COQUIMBO,CHOAPA,V,CHILE VAMOS UDI - INDEPENDIENTES,,UDI,UNION DEMOCRATA INDEPENDIENTE,120,1,Sí,1,8,2117,2117,100.0,No
FRANCHESCOLI_ANDRES_ROJAS_GALLARDO__CHOAPA,FRANCHESCOLI ANDRES ROJAS GALLARDO,H,REGIÓN DE COQUIMBO,CHOAPA,Y,REPUBLICANOS E INDEPENDIENTES,,REPUBLICANO,PARTIDO REPUBLICANO DE CHILE,121,1,Sí,2,8,2093,3442,60.80767,No
MONICA_ALEJANDRA_HIDALGO_PIZARRO__CHOAPA,MONICA ALEJANDRA HIDALGO PIZARRO,M,REGIÓN DE COQUIMBO,CHOAPA,Y,REPUBLICANOS E INDEPENDIENTES,,REPUBLICANO,PARTIDO REPUBLICANO DE CHILE,122,2,No,2,8,1349,3442,39.19233,No
JAVIERA_YANEZ_LANZARINI__ELQUI,JAVIERA YAÑEZ LANZARINI,M,REGIÓN DE COQUIMBO,ELQUI,C,TODAS Y TODOS POR CHILE,ACCION HUMANISTA E INDEPENDIENTES,AH,PARTIDO ACCIÓN HUMANISTA,100,1,Sí,8,13,3250,28814,11.279239,No
DYANA_PIZARRO_VERA__ELQUI,DYANA PIZARRO VERA,M,REGIÓN DE COQUIMBO,ELQUI,C,TODAS Y TODOS POR CHILE,ACCION HUMANISTA E INDEPENDIENTES,AH,PARTIDO ACCIÓN HUMANISTA,101,2,No,8,13,1001,28814,3.474006,No
ROCIO_VAZQUEZ_COOPMAN__ELQUI,ROCIO VAZQUEZ COOPMAN,M,REGIÓN DE COQUIMBO,ELQUI,C,TODAS Y TODOS POR CHILE,ACCION HUMANISTA E INDEPENDIENTES,IND,INDEPENDIENTES,102,3,No,8,13,2107,28814,7.312418,No
VICTOR_MANUEL_VASQUEZ_GONZALEZ__ELQUI,VICTOR MANUEL VASQUEZ GONZALEZ,H,REGIÓN DE COQUIMBO,ELQUI,C,TODAS Y TODOS POR CHILE,ACCION HUMANISTA E INDEPENDIENTES,IND,INDEPENDIENTES,103,4,No,8,13,863,28814,2.995072,No
VALERIA_PATRICIA_CHACANA_ALARCON__ELQUI,VALERIA PATRICIA CHACANA ALARCON,M,REGIÓN DE COQUIMBO,ELQUI,C,TODAS Y TODOS POR CHILE,PARTIDO COMUNISTA E INDEPENDIENTES,PCCH,PARTIDO COMUNISTA DE CHILE,104,5,No,8,13,13539,28814,46.987575,Sí
LUIS_ENRIQUE_VALDEBENITO_VALDEBENITO__ELQUI,LUIS ENRIQUE VALDEBENITO VALDEBENITO,H,REGIÓN DE COQUIMBO,ELQUI,C,TODAS Y TODOS POR CHILE,PARTIDO COMUNISTA E INDEPENDIENTES,PCCH,PARTIDO COMUNISTA DE CHILE,105,6,No,8,13,3527,28814,12.240577,No
PATRICIO_ANDRES_BARRAZA_AGUILERA__ELQUI,PATRICIO ANDRES BARRAZA AGUILERA,H,REGIÓN DE COQUIMBO,ELQUI,C,TODAS Y TODOS POR CHILE,PARTIDO COMUNISTA E INDEPENDIENTES,IND,INDEPENDIENTES,106,7,No,8,13,2844,28814,9.870202,No
BORIS_CLAUDIO_MUNOZ_YANEZ__ELQUI,BORIS CLAUDIO MUÑOZ YAÑEZ,H,REGIÓN DE COQUIMBO,ELQUI,C,TODAS Y TODOS POR CHILE,PARTIDO COMUNISTA E INDEPENDIENTES,IND,INDEPENDIENTES,107,8,No,8,13,1683,28814,5.840911,No
CATHERINE_GUERRA_GALLARDO__ELQUI,CATHERINE GUERRA GALLARDO,M,REGIÓN DE COQUIMBO,ELQUI,F,PARTIDO SOCIAL CRISTIANO E INDEPENDIENTES,,PSC,PARTIDO SOCIAL CRISTIANO,108,1,Sí,7,13,3170,12441,25.480267,No
KARLA_CONTRERAS_CEA__ELQUI,KARLA CONTRERAS CEA,M,REGIÓN DE COQUIMBO,ELQUI,F,PARTIDO SOCIAL CRISTIANO E INDEPENDIENTES,,PSC,PARTIDO SOCIAL CRISTIANO,109,2,No,7,13,1704,12441,13.696648,No
MICHAEL_ELIAS_MUNOZ_VILLALOBOS__ELQUI,MICHAEL ELIAS MUÑOZ VILLALOBOS,H,REGIÓN DE COQUIMBO,ELQUI,F,PARTIDO SOCIAL CRISTIANO E INDEPENDIENTES,,IND,INDEPENDIENTES,110,3,No,7,13,2883,12441,23.173378,No
RODRIGO_ANDRES_GUTIERREZ_GUZMAN__ELQUI,RODRIGO ANDRES GUTIERREZ GUZMAN,H,REGIÓN DE COQUIMBO,ELQUI,F,PARTIDO SOCIAL CRISTIANO E INDEPENDIENTES,,IND,INDEPENDIENTES,111,4,No,7,13,1136,12441,9.131099,No
MARISOL_CARMEN_CEPEDA_PINCHEIRA__ELQUI,MARISOL CARMEN CEPEDA PINCHEIRA,M,REGIÓN DE COQUIMBO,ELQUI,F,PARTIDO SOCIAL CRISTIANO E INDEPENDIENTES,,IND,INDEPENDIENTES,112,5,No,7,13,860,12441,6.912628,No
FRANCY_VALENTINA_PASTEN_CORTES__ELQUI,FRANCY VALENTINA PASTEN CORTES,M,REGIÓN DE COQUIMBO,ELQUI,F,PARTIDO SOCIAL CRISTIANO E INDEPENDIENTES,,IND,INDEPENDIENTES,113,6,No,7,13,946,12441,7.60389,No
CLAUDIA_ANDREA_RIVERA_MILLA__ELQUI,CLAUDIA ANDREA RIVERA MILLA,M,REGIÓN DE COQUIMBO,ELQUI,F,PARTIDO SOCIAL CRISTIANO E INDEPENDIENTES,,IND,INDEPENDIENTES,114,7,No,7,13,1742,12441,14.00209,No
MARIA_CRISTINA_CONCHA_WAGENKNECHT__ELQUI,MARIA CRISTINA CONCHA WAGENKNECHT,M,REGIÓN DE COQUIMBO,ELQUI,I,CHILE VAMOS RENOVACION NACIONAL - INDEPENDIENTES,,RN,RENOVACION NACIONAL,115,1,Sí,6,13,8526,22940,37.166521,Sí
WALTER_ARDILES_TELLO__ELQUI,WALTER ARDILES TELLO,H,REGIÓN DE COQUIMBO,ELQUI,I,CHILE VAMOS RENOVACION NACIONAL - INDEPENDIENTES,,RN,RENOVACION NACIONAL,116,2,No,6,13,4404,22940,19.197908,No
PAULINA_SEPULVEDA_CARO__ELQUI,PAULINA SEPULVEDA CARO,M,REGIÓN DE COQUIMBO,ELQUI,I,CHILE VAMOS RENOVACION NACIONAL - INDEPENDIENTES,,RN,RENOVACION NACIONAL,117,3,No,6,13,3338,22940,14.551003,No
EMMANUEL_SEBASTIAN_POLANCO_GOMEZ__ELQUI,EMMANUEL SEBASTIAN POLANCO GOMEZ,H,REGIÓN DE COQUIMBO,ELQUI,I,CHILE VAMOS RENOVACION NACIONAL - INDEPENDIENTES,,RN,RENOVACION NACIONAL,118,4,No,6,13,1076,22940,4.690497,No
JORGE_NUNEZ_CUTBILL__ELQUI,JORGE NUÑEZ CUTBILL,H,REGIÓN DE COQUIMBO,ELQUI,I,CHILE VAMOS RENOVACION NACIONAL - INDEPENDIENTES,,RN,RENOVACION NACIONAL,119,5,No,6,13,2573,22940,11.216216,No
FRANCO_ZAMUDIO_GONZALEZ__ELQUI,FRANCO ZAMUDIO GONZALEZ,H,REGIÓN DE COQUIMBO,ELQUI,I,CHILE VAMOS RENOVACION NACIONAL - INDEPENDIENTES,,IND,INDEPENDIENTES,120,6,No,6,13,3023,22940,13.177855,No
DIOLA_BARRAZA_PLAZA__ELQUI,DIOLA BARRAZA PLAZA,M,REGIÓN DE COQUIMBO,ELQUI,L,TU REGION RADICAL,,PR,PARTIDO RADICAL DE CHILE,121,1,Sí,2,13,1635,3619,45.178226,No
CLAUDIO_ANDRES_ROJAS_ARAYA__ELQUI,CLAUDIO ANDRES ROJAS ARAYA,H,REGIÓN DE COQUIMBO,ELQUI,L,TU REGION RADICAL,,PR,PARTIDO RADICAL DE CHILE,122,2,No,2,13,1984,3619,54.821774,No
MARCELO_GALLARDO_SILVA__ELQUI,MARCELO GALLARDO SILVA,H,REGIÓN DE COQUIMBO,ELQUI,M,REGIONES VERDES LIBERALES,,FREVS,FEDERACION REGIONALISTA VERDE SOCIAL,123,1,Sí,5,13,1331,12112,10.989102,No
TANYA_WESTERMEIER_CUELLAR__ELQUI,TANYA WESTERMEIER CUELLAR,M,REGIÓN DE COQUIMBO,ELQUI,M,REGIONES VERDES LIBERALES,,FREVS,FEDERACION REGIONALISTA VERDE SOCIAL,124,2,No,5,13,1693,12112,13.977873,No
ALEJANDRO_CAMPUSANO_MASSAD__ELQUI,ALEJANDRO CAMPUSANO MASSAD,H,REGIÓN DE COQUIMBO,ELQUI,M,REGIONES VERDES LIBERALES,,IND,INDEPENDIENTES,125,3,No,5,13,5546,12112,45.7893,No
FRANCISCA_NAOMI_ALARCON_PINTO__ELQUI,FRANCISCA NAOMI ALARCON PINTO,M,REGIÓN DE COQUIMBO,ELQUI,M,REGIONES VERDES LIBERALES,,IND,INDEPENDIENTES,126,4,No,5,13,1663,12112,13.730185,No
CAMILA_SOLANGE_GAHONA_MEDINA__ELQUI,CAMILA SOLANGE GAHONA MEDINA,M,REGIÓN DE COQUIMBO,ELQUI,M,REGIONES VERDES LIBERALES,,IND,INDEPENDIENTES,127,5,No,5,13,1879,12112,15.51354,No
PEDRO_VALENCIA_CORTES__ELQUI,PEDRO VALENCIA CORTES,H,REGIÓN DE COQUIMBO,ELQUI,N,LO MEJOR PARA CHILE,PS E INDEPENDIENTES,PS,PARTIDO SOCIALISTA DE CHILE,128,1,Sí,8,13,7106,29796,23.848839,Sí
CESAR_ANTONIO_HERNANDEZ_SALINAS__ELQUI,CESAR ANTONIO HERNANDEZ SALINAS,H,REGIÓN DE COQUIMBO,ELQUI,N,LO MEJOR PARA CHILE,PS E INDEPENDIENTES,PS,PARTIDO SOCIALISTA DE CHILE,129,2,No,8,13,4183,29796,14.038797,No
EDUARDO_MANUEL_JULIO_PAILAHUEQUE__ELQUI,EDUARDO MANUEL JULIO PAILAHUEQUE,H,REGIÓN DE COQUIMBO,ELQUI,N,LO MEJOR PARA CHILE,PS E INDEPENDIENTES,PS,PARTIDO SOCIALISTA DE CHILE,130,3,No,8,13,1737,29796,5.829642,No
OSCAR_GAMANIEL_AVILEZ_STUARDO__ELQUI,OSCAR GAMANIEL AVILEZ STUARDO,H,REGIÓN DE COQUIMBO,ELQUI,N,LO MEJOR PARA CHILE,PS E INDEPENDIENTES,IND,INDEPENDIENTES,131,4,No,8,13,2094,29796,7.027789,No
NEVENKA_PAULINA_ALVAREZ_BARRERA__ELQUI,NEVENKA PAULINA ALVAREZ BARRERA,M,REGIÓN DE COQUIMBO,ELQUI,N,LO MEJOR PARA CHILE,PS E INDEPENDIENTES,IND,INDEPENDIENTES,132,5,No,8,13,6121,29796,20.543026,No
ROBINSON_HERNANDEZ_ROJAS__ELQUI,ROBINSON HERNANDEZ ROJAS,H,REGIÓN DE COQUIMBO,ELQUI,N,LO MEJOR PARA CHILE,PS E INDEPENDIENTES,IND,INDEPENDIENTES,133,6,No,8,13,3795,29796,12.736609,No
FELIPE_ESTEBAN_ALFRED_TORRES__ELQUI,FELIPE ESTEBAN ALFRED TORRES,H,REGIÓN DE COQUIMBO,ELQUI,N,LO MEJOR PARA CHILE,PPD E INDEPENDIENTES,PPD,PARTIDO POR LA DEMOCRACIA,134,7,No,8,13,2632,29796,8.8334,No
CECILIA_DEL_CARMEN_ALFARO_GONZALEZ__ELQUI,CECILIA DEL CARMEN ALFARO GONZALEZ,M,REGIÓN DE COQUIMBO,ELQUI,N,LO MEJOR PARA CHILE,PPD E INDEPENDIENTES,IND,INDEPENDIENTES,135,8,No,8,13,2128,29796,7.141898,No
FRANCISCO_JAVIER_NUNEZ_RENCORET__ELQUI,FRANCISCO JAVIER NUÑEZ RENCORET,H,REGIÓN DE COQUIMBO,ELQUI,P,PARTIDO DE LA GENTE E INDEPENDIENTES,,PDG,PARTIDO DE LA GENTE,136,1,Sí,4,13,5994,16509,36.307469,No
ARIEL_MATIAS_PROHENS_JARA__ELQUI,ARIEL MATIAS PROHENS JARA,H,REGIÓN DE COQUIMBO,ELQUI,P,PARTIDO DE LA GENTE E INDEPENDIENTES,,PDG,PARTIDO DE LA GENTE,137,2,No,4,13,2749,16509,16.651523,No
SANDRA_VIVIANA_CASTILLO_ALQUINTA__ELQUI,SANDRA VIVIANA CASTILLO ALQUINTA,M,REGIÓN DE COQUIMBO,ELQUI,P,PARTIDO DE LA GENTE E INDEPENDIENTES,,IND,INDEPENDIENTES,138,3,No,4,13,5480,16509,33.194015,No
ANALIZ_XIMENA_VEGA_CERDA__ELQUI,ANALIZ XIMENA VEGA CERDA,M,REGIÓN DE COQUIMBO,ELQUI,P,PARTIDO DE LA GENTE E INDEPENDIENTES,,IND,INDEPENDIENTES,139,4,No,4,13,2286,16509,13.846993,No
LOMBARDO_VLADIMIR_TOLEDO_ESCORZA__ELQUI,LOMBARDO VLADIMIR TOLEDO ESCORZA,H,REGIÓN DE COQUIMBO,ELQUI,Q,POR UN CHILE MEJOR,,PDC,PARTIDO DEMOCRATA CRISTIANO,140,1,Sí,4,13,10969,24375,45.001026,Sí
ADRIANA_LEDEZMA_LEDEZMA__ELQUI,ADRIANA LEDEZMA LEDEZMA,M,REGIÓN DE COQUIMBO,ELQUI,Q,POR UN CHILE MEJOR,,PDC,PARTIDO DEMOCRATA CRISTIANO,141,2,No,4,13,4117,24375,16.890256,No
PATRICIO_SOLIS_LOBOS__ELQUI,PATRICIO SOLIS LOBOS,H,REGIÓN DE COQUIMBO,ELQUI,Q,POR UN CHILE MEJOR,,PDC,PARTIDO DEMOCRATA CRISTIANO,142,3,No,4,13,3122,24375,12.808205,No
OSCIEL_VELASQUEZ_HERNANDEZ__ELQUI,OSCIEL VELASQUEZ HERNANDEZ,H,REGIÓN DE COQUIMBO,ELQUI,Q,POR UN CHILE MEJOR,,IND,INDEPENDIENTES,143,4,No,4,13,6167,24375,25.300513,No
JORGE_MAURICIO_ORDENES_PIZARRO__ELQUI,JORGE MAURICIO ORDENES PIZARRO,H,REGIÓN DE COQUIMBO,ELQUI,R,CENTRO DEMOCRATICO,DEMOCRATAS E INDEPENDIENTES,DEMOCRATAS,PARTIDO DEMOCRATAS CHILE,144,1,Sí,7,13,5913,15552,38.020833,No
JEYSON_ALEJANDRO_BERRIOS_ROJAS__ELQUI,JEYSON ALEJANDRO BERRIOS ROJAS,H,REGIÓN DE COQUIMBO,ELQUI,R,CENTRO DEMOCRATICO,DEMOCRATAS E INDEPENDIENTES,DEMOCRATAS,PARTIDO DEMOCRATAS CHILE,145,2,No,7,13,1311,15552,8.429784,No
ANGELA_ERCILIA_ROJAS_BARRIOS__ELQUI,ANGELA ERCILIA ROJAS BARRIOS,M,REGIÓN DE COQUIMBO,ELQUI,R,CENTRO DEMOCRATICO,DEMOCRATAS E INDEPENDIENTES,IND,INDEPENDIENTES,146,3,No,7,13,2581,15552,16.595936,No
FRANCHESCA_NICOLE_PLAZA_GONZALEZ__ELQUI,FRANCHESCA NICOLE PLAZA GONZALEZ,M,REGIÓN DE COQUIMBO,ELQUI,R,CENTRO DEMOCRATICO,AMARILLOS E INDEPENDIENTES,AMARILLOS,MOVIMIENTO AMARILLOS POR CHILE,147,4,No,7,13,1763,15552,11.336163,No
HOMERO_HERNAN_VIDELA_ARAYA__ELQUI,HOMERO HERNAN VIDELA ARAYA,H,REGIÓN DE COQUIMBO,ELQUI,R,CENTRO DEMOCRATICO,AMARILLOS E INDEPENDIENTES,IND,INDEPENDIENTES,148,5,No,7,13,1165,15552,7.490998,No
JORGE_BERNARDO_HURTADO_TORREJON__ELQUI,JORGE BERNARDO HURTADO TORREJON,H,REGIÓN DE COQUIMBO,ELQUI,R,CENTRO DEMOCRATICO,AMARILLOS E INDEPENDIENTES,IND,INDEPENDIENTES,149,6,No,7,13,1695,15552,10.89892,No
LUIS_DAVID_JUICA_ARRIAGADA__ELQUI,LUIS DAVID JUICA ARRIAGADA,H,REGIÓN DE COQUIMBO,ELQUI,R,CENTRO DEMOCRATICO,AMARILLOS E INDEPENDIENTES,IND,INDEPENDIENTES,150,7,No,7,13,1124,15552,7.227366,No
XIMENA_DEL_PILAR_AMPUERO_GARCIA__ELQUI,XIMENA DEL PILAR AMPUERO GARCIA,M,REGIÓN DE COQUIMBO,ELQUI,S,FRENTE AMPLIO,FRENTE AMPLIO E INDEPENDIENTES,FA,FRENTE AMPLIO,151,1,Sí,6,13,8894,21586,41.202631,Sí
INGRID_LUTECIA_ALARCON_JERALDO__ELQUI,INGRID LUTECIA ALARCON JERALDO,M,REGIÓN DE COQUIMBO,ELQUI,S,FRENTE AMPLIO,FRENTE AMPLIO E INDEPENDIENTES,FA,FRENTE AMPLIO,152,2,No,6,13,1551,21586,7.185213,No
MARCOS_RAUL_DIAZ_PERALTA__ELQUI,MARCOS RAUL DIAZ PERALTA,H,REGIÓN DE COQUIMBO,ELQUI,S,FRENTE AMPLIO,FRENTE AMPLIO E INDEPENDIENTES,FA,FRENTE AMPLIO,153,3,No,6,13,2457,21586,11.382377,No
CRISTIAN_ALEJANDRO_MARZAL_CUEVAS__ELQUI,CRISTIAN ALEJANDRO MARZAL CUEVAS,H,REGIÓN DE COQUIMBO,ELQUI,S,FRENTE AMPLIO,FRENTE AMPLIO E INDEPENDIENTES,FA,FRENTE AMPLIO,154,4,No,6,13,1700,21586,7.875475,No
JORGE_OMAR_NAVEAS_BRAVO__ELQUI,JORGE OMAR NAVEAS BRAVO,H,REGIÓN DE COQUIMBO,ELQUI,S,FRENTE AMPLIO,FRENTE AMPLIO E INDEPENDIENTES,FA,FRENTE AMPLIO,155,5,No,6,13,2156,21586,9.987955,No
JEAN_PAUL_DELILLE_MUNOZ__ELQUI,JEAN PAUL DELILLE MUÑOZ,H,REGIÓN DE COQUIMBO,ELQUI,S,FRENTE AMPLIO,FRENTE AMPLIO E INDEPENDIENTES,IND,INDEPENDIENTES,156,6,No,6,13,4828,21586,22.366349,No
PAOLA_DEL_CARMEN_CORTES_VEGA__ELQUI,PAOLA DEL CARMEN CORTES VEGA,M,REGIÓN DE COQUIMBO,ELQUI,V,CHILE VAMOS UDI - INDEPENDIENTES,,UDI,UNION DEMOCRATA INDEPENDIENTE,157,1,Sí,5,13,9454,28582,33.076762,Sí
OSCAR_RODRIGO_TAPIA_OLIVARES__ELQUI,OSCAR RODRIGO TAPIA OLIVARES,H,REGIÓN DE COQUIMBO,ELQUI,V,CHILE VAMOS UDI - INDEPENDIENTES,,UDI,UNION DEMOCRATA INDEPENDIENTE,158,2,No,5,13,6320,28582,22.111819,No
CECILIA_CARCAMO_KOVACIC__ELQUI,CECILIA CARCAMO KOVACIC,M,REGIÓN DE COQUIMBO,ELQUI,V,CHILE VAMOS UDI - INDEPENDIENTES,,UDI,UNION DEMOCRATA INDEPENDIENTE,159,3,No,5,13,1123,28582,3.929046,No
GONZALO_PINOCHET_ABARCA__ELQUI,GONZALO PINOCHET ABARCA,H,REGIÓN DE COQUIMBO,ELQUI,V,CHILE VAMOS UDI - INDEPENDIENTES,,UDI,UNION DEMOCRATA INDEPENDIENTE,160,4,No,5,13,8852,28582,30.970541,No
FRANKLIN_RICARDO_ZEPEDA_GODOY__ELQUI,FRANKLIN RICARDO ZEPEDA GODOY,H,REGIÓN DE COQUIMBO,ELQUI,V,CHILE VAMOS UDI - INDEPENDIENTES,,IND,INDEPENDIENTES,161,5,No,5,13,2833,28582,9.911833,No
SEBASTIAN_CARLOS_MUNOZ_OYARCE__ELQUI,SEBASTIAN CARLOS MUÑOZ OYARCE,H,REGIÓN DE COQUIMBO,ELQUI,W,CHILE VAMOS EVOPOLI - INDEPENDIENTES,,EVOPOLI,EVOLUCION POLITICA,162,1,Sí,2,13,2591,5001,51.809638,No
JOSE_PATRICIO_ESTEVEZ_NEDER__ELQUI,JOSE PATRICIO ESTEVEZ NEDER,H,REGIÓN DE COQUIMBO,ELQUI,W,CHILE VAMOS EVOPOLI - INDEPENDIENTES,,IND,INDEPENDIENTES,163,2,No,2,13,2410,5001,48.190362,No
FRANCISCO_JAVIER_CORRAL_MACIAS__ELQUI,FRANCISCO JAVIER CORRAL MACIAS,H,REGIÓN DE COQUIMBO,ELQUI,Y,REPUBLICANOS E INDEPENDIENTES,,REPUBLICANO,PARTIDO REPUBLICANO DE CHILE,164,1,Sí,6,13,18313,36575,50.06972,Sí
CRISTOBAL_BERNARDO_ANDIA_RIVEROS__ELQUI,CRISTOBAL BERNARDO ANDIA RIVEROS,H,REGIÓN DE COQUIMBO,ELQUI,Y,REPUBLICANOS E INDEPENDIENTES,,REPUBLICANO,PARTIDO REPUBLICANO DE CHILE,165,2,No,6,13,3570,36575,9.760766,No
CHRISTIAN_MAURICIO_AGUILERA_DIAZ__ELQUI,CHRISTIAN MAURICIO AGUILERA DIAZ,H,REGIÓN DE COQUIMBO,ELQUI,Y,REPUBLICANOS E INDEPENDIENTES,,REPUBLICANO,PARTIDO REPUBLICANO DE CHILE,166,3,No,6,13,3723,36575,10.179084,No
BELEN_AUGER_JULIEN__ELQUI,BELEN AUGER JULIEN,M,REGIÓN DE COQUIMBO,ELQUI,Y,REPUBLICANOS E INDEPENDIENTES,,REPUBLICANO,PARTIDO REPUBLICANO DE CHILE,167,4,No,6,13,8251,36575,22.559125,Sí
RICARDO_FRANCISCO_SAN_MARTIN_PEREIRA__ELQUI,RICARDO FRANCISCO SAN MARTIN PEREIRA,H,REGIÓN DE COQUIMBO,ELQUI,Y,REPUBLICANOS E INDEPENDIENTES,,REPUBLICANO,PARTIDO REPUBLICANO DE CHILE,168,5,No,6,13,1533,36575,4.191388,No
ANGELO_CUPRA_URBINA__ELQUI,ANGELO CUPRA URBINA,H,REGIÓN DE COQUIMBO,ELQUI,Y,REPUBLICANOS E INDEPENDIENTES,,REPUBLICANO,PARTIDO REPUBLICANO DE CHILE,169,6,No,6,13,1185,36575,3.239918,No
TATIANA_ALEJANDRA_CORTES_SEGOVIA__LIMARI,TATIANA ALEJANDRA CORTES SEGOVIA,M,REGIÓN DE COQUIMBO,LIMARI,C,TODAS Y TODOS POR CHILE,PARTIDO COMUNISTA E INDEPENDIENTES,PCCH,PARTIDO COMUNISTA DE CHILE,100,1,Sí,4,11,5535,13062,42.374828,Sí
DANIELA_FRANCISCA_CORTES_CONTRERAS__LIMARI,DANIELA FRANCISCA CORTES CONTRERAS,M,REGIÓN DE COQUIMBO,LIMARI,C,TODAS Y TODOS POR CHILE,PARTIDO COMUNISTA E INDEPENDIENTES,PCCH,PARTIDO COMUNISTA DE CHILE,101,2,No,4,11,2515,13062,19.254326,No
OSCAR_ALBERTO_LOPEZ_VALDES__LIMARI,OSCAR ALBERTO LOPEZ VALDES,H,REGIÓN DE COQUIMBO,LIMARI,C,TODAS Y TODOS POR CHILE,PARTIDO COMUNISTA E INDEPENDIENTES,IND,INDEPENDIENTES,102,3,No,4,11,2263,13062,17.325065,No
PAOLA_PATRICIA_VEGA_PIZARRO__LIMARI,PAOLA PATRICIA VEGA PIZARRO,M,REGIÓN DE COQUIMBO,LIMARI,C,TODAS Y TODOS POR CHILE,PARTIDO COMUNISTA E INDEPENDIENTES,IND,INDEPENDIENTES,103,4,No,4,11,2749,13062,21.045782,No
MATIAS_NICOLAS_GUZMAN_GALLEGUILLOS__LIMARI,MATIAS NICOLAS GUZMAN GALLEGUILLOS,H,REGIÓN DE COQUIMBO,LIMARI,F,PARTIDO SOCIAL CRISTIANO E INDEPENDIENTES,,PSC,PARTIDO SOCIAL CRISTIANO,104,1,Sí,1,11,7122,7122,100.0,No
MAX_AGUIRRE_ROJAS__LIMARI,MAX AGUIRRE ROJAS,H,REGIÓN DE COQUIMBO,LIMARI,I,CHILE VAMOS RENOVACION NACIONAL - INDEPENDIENTES,,RN,RENOVACION NACIONAL,105,1,Sí,4,11,2764,11207,24.663157,Sí
MARIO_RAMIREZ_NEYRA__LIMARI,MARIO RAMIREZ NEYRA,H,REGIÓN DE COQUIMBO,LIMARI,I,CHILE VAMOS RENOVACION NACIONAL - INDEPENDIENTES,,RN,RENOVACION NACIONAL,106,2,No,4,11,2335,11207,20.835192,No
MAURICIO_ESPINOSA_GONZALEZ__LIMARI,MAURICIO ESPINOSA GONZALEZ,H,REGIÓN DE COQUIMBO,LIMARI,I,CHILE VAMOS RENOVACION NACIONAL - INDEPENDIENTES,,RN,RENOVACION NACIONAL,107,3,No,4,11,1185,11207,10.573749,No
GUSTAVO_HERNANDEZ_VALDIVIA__LIMARI,GUSTAVO HERNANDEZ VALDIVIA,H,REGIÓN DE COQUIMBO,LIMARI,I,CHILE VAMOS RENOVACION NACIONAL - INDEPENDIENTES,,IND,INDEPENDIENTES,108,4,No,4,11,4923,11207,43.927902,No
ALEJANDRO_TAPIA_BARRERA__LIMARI,ALEJANDRO TAPIA BARRERA,H,REGIÓN DE COQUIMBO,LIMARI,L,TU REGION RADICAL,,PR,PARTIDO RADICAL DE CHILE,109,1,Sí,2,11,1819,5259,34.588325,No
NATALIER_GUSTAVO_ADAROS_GARCIA__LIMARI,NATALIER GUSTAVO ADAROS GARCIA,H,REGIÓN DE COQUIMBO,LIMARI,L,TU REGION RADICAL,,IND,INDEPENDIENTES,110,2,No,2,11,3440,5259,65.411675,No
ROBINSON_ANDRES_LAFFERTE_CORTES__LIMARI,ROBINSON ANDRES LAFFERTE CORTES,H,REGIÓN DE COQUIMBO,LIMARI,M,REGIONES VERDES LIBERALES,,IND,INDEPENDIENTES,111,1,Sí,3,11,3294,8089,40.721968,No
MAURICIO_IGNACIO_CORTES_TAPIA__LIMARI,MAURICIO IGNACIO CORTES TAPIA,H,REGIÓN DE COQUIMBO,LIMARI,M,REGIONES VERDES LIBERALES,,IND,INDEPENDIENTES,112,2,No,3,11,2897,8089,35.814068,No
ALONSO_ALEJANDRO_MUNOZ_PEREZ__LIMARI,ALONSO ALEJANDRO MUÑOZ PEREZ,H,REGIÓN DE COQUIMBO,LIMARI,M,REGIONES VERDES LIBERALES,,IND,INDEPENDIENTES,113,3,No,3,11,1898,8089,23.463963,No
CARLOS_RAMOS_GARCIA__LIMARI,CARLOS RAMOS GARCIA,H,REGIÓN DE COQUIMBO,LIMARI,N,LO MEJOR PARA CHILE,PS E INDEPENDIENTES,PS,PARTIDO SOCIALISTA DE CHILE,114,1,Sí,3,11,7500,12698,59.06442,Sí
MARIA_TRINIDAD_CASTILLO_BOILET__LIMARI,MARIA TRINIDAD CASTILLO BOILET,M,REGIÓN DE COQUIMBO,LIMARI,N,LO MEJOR PARA CHILE,PS E INDEPENDIENTES,IND,INDEPENDIENTES,115,2,No,3,11,2692,12698,21.200189,No
MANUEL_ANDRES_MADRID_NUNEZ__LIMARI,MANUEL ANDRES MADRID NUÑEZ,H,REGIÓN DE COQUIMBO,LIMARI,N,LO MEJOR PARA CHILE,PPD E INDEPENDIENTES,PPD,PARTIDO POR LA DEMOCRACIA,116,3,No,3,11,2506,12698,19.735391,No
LEONEL_ARNOLDO_PERALTA_FARIAS__LIMARI,LEONEL ARNOLDO PERALTA FARIAS,H,REGIÓN DE COQUIMBO,LIMARI,P,PARTIDO DE LA GENTE E INDEPENDIENTES,,PDG,PARTIDO DE LA GENTE,117,1,Sí,2,11,3746,6602,56.740382,No
MARCO_ANTONIO_ELGUETA_DELGADO__LIMARI,MARCO ANTONIO ELGUETA DELGADO,H,REGIÓN DE COQUIMBO,LIMARI,P,PARTIDO DE LA GENTE E INDEPENDIENTES,,IND,INDEPENDIENTES,118,2,No,2,11,2856,6602,43.259618,No
SPIRO_RENEE_PLETICOSIC_ORELLANA__LIMARI,SPIRO RENEE PLETICOSIC ORELLANA,H,REGIÓN DE COQUIMBO,LIMARI,Q,POR UN CHILE MEJOR,,PDC,PARTIDO DEMOCRATA CRISTIANO,119,1,Sí,2,11,4545,9252,49.124514,No
VIVIANA_CAROLINA_TORRES_OLIVARES__LIMARI,VIVIANA CAROLINA TORRES OLIVARES,M,REGIÓN DE COQUIMBO,LIMARI,Q,POR UN CHILE MEJOR,,IND,INDEPENDIENTES,120,2,No,2,11,4707,9252,50.875486,No
JUAN_CARLOS_CODOCEO_CONTRERAS__LIMARI,JUAN CARLOS CODOCEO CONTRERAS,H,REGIÓN DE COQUIMBO,LIMARI,R,CENTRO DEMOCRATICO,AMARILLOS E INDEPENDIENTES,IND,INDEPENDIENTES,121,1,Sí,1,11,4171,4171,100.0,No
ALFREDO_VILLAGRAN_TAPIA__LIMARI,ALFREDO VILLAGRAN TAPIA,H,REGIÓN DE COQUIMBO,LIMARI,V,CHILE VAMOS UDI - INDEPENDIENTES,,UDI,UNION DEMOCRATA INDEPENDIENTE,122,1,Sí,4,11,2392,8863,26.988604,No
JONATHAN_ANDRES_ONATE_CORTES__LIMARI,JONATHAN ANDRES OÑATE CORTES,H,REGIÓN DE COQUIMBO,LIMARI,V,CHILE VAMOS UDI - INDEPENDIENTES,,UDI,UNION DEMOCRATA INDEPENDIENTE,123,2,No,4,11,2163,8863,24.404829,No
KARINA_ARACELLI_VELIZ_CORTES__LIMARI,KARINA ARACELLI VELIZ CORTES,M,REGIÓN DE COQUIMBO,LIMARI,V,CHILE VAMOS UDI - INDEPENDIENTES,,IND,INDEPENDIENTES,124,3,No,4,11,1614,8863,18.210538,No
CARLOS_ANTONIO_ARAYA_GUERRA__LIMARI,CARLOS ANTONIO ARAYA GUERRA,H,REGIÓN DE COQUIMBO,LIMARI,V,CHILE VAMOS UDI - INDEPENDIENTES,,IND,INDEPENDIENTES,125,4,No,4,11,2694,8863,30.396028,No
BERNARDO_ANTONIO_CHAVEZ_ARAYA__LIMARI,BERNARDO ANTONIO CHAVEZ ARAYA,H,REGIÓN DE COQUIMBO,LIMARI,Y,REPUBLICANOS E INDEPENDIENTES,,REPUBLICANO,PARTIDO REPUBLICANO DE CHILE,126,1,Sí,4,11,3880,11829,32.800744,Sí
JUAN_SERGIO_MUNOZ_ALTAMIRANO__LIMARI,JUAN SERGIO MUÑOZ ALTAMIRANO,H,REGIÓN DE COQUIMBO,LIMARI,Y,REPUBLICANOS E INDEPENDIENTES,,REPUBLICANO,PARTIDO REPUBLICANO DE CHILE,127,2,No,4,11,2319,11829,19.604362,No
JOSE_AMERICO_MANZANO_ALVAREZ__LIMARI,JOSE AMERICO MANZANO ALVAREZ,H,REGIÓN DE COQUIMBO,LIMARI,Y,REPUBLICANOS E INDEPENDIENTES,,REPUBLICANO,PARTIDO REPUBLICANO DE CHILE,128,3,No,4,11,2102,11829,17.769888,No
ALEJANDRA_ANDREA_VALDOVINOS_JOFRE__LIMARI,ALEJANDRA ANDREA VALDOVINOS JOFRE,M,REGIÓN DE COQUIMBO,LIMARI,Y,REPUBLICANOS E INDEPENDIENTES,,IND,INDEPENDIENTES,129,4,No,4,11,3528,11829,29.825006,No
INES_ATAN_RODRIGUEZ__ISLA_DE_PASCUA,INES ATAN RODRIGUEZ,M,REGIÓN DE VALPARAÍSO,ISLA DE PASCUA,I,CHILE VAMOS RENOVACION NACIONAL - INDEPENDIENTES,,IND,INDEPENDIENTES,100,1,Sí,2,4,308,631,48.81141,No
MAHINA_LUCERO_TEAO__ISLA_DE_PASCUA,MAHINA LUCERO TEAO,M,REGIÓN DE VALPARAÍSO,ISLA DE PASCUA,I,CHILE VAMOS RENOVACION NACIONAL - INDEPENDIENTES,,IND,INDEPENDIENTES,101,2,No,2,4,323,631,51.18859,No
FRANCISCO_HAOA_HOTUS__ISLA_DE_PASCUA,FRANCISCO HAOA HOTUS,H,REGIÓN DE VALPARAÍSO,ISLA DE PASCUA,N,LO MEJOR PARA CHILE,PS E INDEPENDIENTES,IND,INDEPENDIENTES,102,1,Sí,2,4,870,1184,73.47973,Sí
TAI_RIROROCO_PAKARATI__ISLA_DE_PASCUA,TAI RIROROCO PAKARATI,M,REGIÓN DE VALPARAÍSO,ISLA DE PASCUA,N,LO MEJOR PARA CHILE,PPD E INDEPENDIENTES,IND,INDEPENDIENTES,103,2,No,2,4,314,1184,26.52027,No
ANNETTE_IVONNE_RAPU_ZAMORA__ISLA_DE_PASCUA,ANNETTE IVONNE RAPU ZAMORA,M,REGIÓN DE VALPARAÍSO,ISLA DE PASCUA,Q,POR UN CHILE MEJOR,,IND,INDEPENDIENTES,104,1,Sí,1,4,494,494,100.0,No
SABRINA_TUKI_PONT__ISLA_DE_PASCUA,SABRINA TUKI PONT,M,REGIÓN DE VALPARAÍSO,ISLA DE PASCUA,W,CHILE VAMOS EVOPOLI - INDEPENDIENTES,,IND,INDEPENDIENTES,105,1,Sí,2,4,1371,2104,65.161597,Sí
NINOSKA_HUKI_CUADROS__ISLA_DE_PASCUA,NINOSKA HUKI CUADROS,M,REGIÓN DE VALPARAÍSO,ISLA DE PASCUA,W,CHILE VAMOS EVOPOLI - INDEPENDIENTES,,IND,INDEPENDIENTES,106,2,No,2,4,733,2104,34.838403,No
GUILLERMO_IGNACIO_GOMEZ_FUENTES__LOS_ANDES,GUILLERMO IGNACIO GOMEZ FUENTES,H,REGIÓN DE VALPARAÍSO,LOS ANDES,B,IZQUIERDA ECOLOGISTA POPULAR,,POPULAR,POPULAR,100,1,Sí,1,10,2392,2392,100.0,No
BERNARDO_ENRIQUE_MARTINEZ_IBACACHE__LOS_ANDES,BERNARDO ENRIQUE MARTINEZ IBACACHE,H,REGIÓN DE VALPARAÍSO,LOS ANDES,C,TODAS Y TODOS POR CHILE,PARTIDO COMUNISTA E INDEPENDIENTES,PCCH,PARTIDO COMUNISTA DE CHILE,101,1,Sí,2,10,4282,5287,80.99111,No
CESAR_ANTONIO_GALLARDO_VERA__LOS_ANDES,CESAR ANTONIO GALLARDO VERA,H,REGIÓN DE VALPARAÍSO,LOS ANDES,C,TODAS Y TODOS POR CHILE,PARTIDO COMUNISTA E INDEPENDIENTES,PCCH,PARTIDO COMUNISTA DE CHILE,102,2,No,2,10,1005,5287,19.00889,No
TERESA_ANGELICA_DE_LA_HOZ_TAPIA__LOS_ANDES,TERESA ANGELICA DE LA HOZ TAPIA,M,REGIÓN DE VALPARAÍSO,LOS ANDES,F,PARTIDO SOCIAL CRISTIANO E INDEPENDIENTES,,PSC,PARTIDO SOCIAL CRISTIANO,103,1,Sí,2,10,2014,2730,73.772894,No
MIGUEL_DEL_TRANSITO_GENERAL_VIVAR__LOS_ANDES,MIGUEL DEL TRANSITO GENERAL VIVAR,H,REGIÓN DE VALPARAÍSO,LOS ANDES,F,PARTIDO SOCIAL CRISTIANO E INDEPENDIENTES,,PSC,PARTIDO SOCIAL CRISTIANO,104,2,No,2,10,716,2730,26.227106,No
EDITH_QUIROZ_ORTIZ__LOS_ANDES,EDITH QUIROZ ORTIZ,M,REGIÓN DE VALPARAÍSO,LOS ANDES,I,CHILE VAMOS RENOVACION NACIONAL - INDEPENDIENTES,,RN,RENOVACION NACIONAL,105,1,Sí,2,10,17239,18352,93.935266,Sí
JOSE_ABOAL_MADRIAGA__LOS_ANDES,JOSE ABOAL MADRIAGA,H,REGIÓN DE VALPARAÍSO,LOS ANDES,I,CHILE VAMOS RENOVACION NACIONAL - INDEPENDIENTES,,RN,RENOVACION NACIONAL,106,2,No,2,10,1113,18352,6.064734,No
MARIA_VICTORIA_RODRIGUEZ_HERRERA__LOS_ANDES,MARIA VICTORIA RODRIGUEZ HERRERA,M,REGIÓN DE VALPARAÍSO,LOS ANDES,M,REGIONES VERDES LIBERALES,,IND,INDEPENDIENTES,107,1,Sí,2,10,14237,16468,86.452514,Sí
MATILDE_ORTUZAR_HURTADO__LOS_ANDES,MATILDE ORTUZAR HURTADO,M,REGIÓN DE VALPARAÍSO,LOS ANDES,M,REGIONES VERDES LIBERALES,,IND,INDEPENDIENTES,108,2,No,2,10,2231,16468,13.547486,No
BLANCA_DELGADO_HIDALGO__LOS_ANDES,BLANCA DELGADO HIDALGO,M,REGIÓN DE VALPARAÍSO,LOS ANDES,N,LO MEJOR PARA CHILE,PS E INDEPENDIENTES,PS,PARTIDO SOCIALISTA DE CHILE,109,1,Sí,1,10,3895,3895,100.0,No
OCTAVIO_RAFAEL_ARELLANO_ZELAYA__LOS_ANDES,OCTAVIO RAFAEL ARELLANO ZELAYA,H,REGIÓN DE VALPARAÍSO,LOS ANDES,Q,POR UN CHILE MEJOR,,PDC,PARTIDO DEMOCRATA CRISTIANO,110,1,Sí,1,10,5515,5515,100.0,No
RUTH_GUZMAN_MANRIQUEZ__LOS_ANDES,RUTH GUZMAN MANRIQUEZ,M,REGIÓN DE VALPARAÍSO,LOS ANDES,R,CENTRO DEMOCRATICO,DEMOCRATAS E INDEPENDIENTES,DEMOCRATAS,PARTIDO DEMOCRATAS CHILE,111,1,Sí,1,10,2492,2492,100.0,No
LEONOR_CASTRO_MUNOZ__LOS_ANDES,LEONOR CASTRO MUÑOZ,M,REGIÓN DE VALPARAÍSO,LOS ANDES,V,CHILE VAMOS UDI - INDEPENDIENTES,,UDI,UNION DEMOCRATA INDEPENDIENTE,112,1,Sí,1,10,3187,3187,100.0,No
VICTORIA_FIGUEROA_MONSALVES__LOS_ANDES,VICTORIA FIGUEROA MONSALVES,M,REGIÓN DE VALPARAÍSO,LOS ANDES,Y,REPUBLICANOS E INDEPENDIENTES,,REPUBLICANO,PARTIDO REPUBLICANO DE CHILE,113,1,Sí,1,10,8324,8324,100.0,No
YURY_VALERIA_MANSILLA_PIZARRO__MARGA_MARGA,YURY VALERIA MANSILLA PIZARRO,M,REGIÓN DE VALPARAÍSO,MARGA MARGA,B,IZQUIERDA ECOLOGISTA POPULAR,,IND,INDEPENDIENTES,100,1,Sí,1,12,10617,10617,100.0,No
LUIS_LENIN_MELO_MUNOZ__MARGA_MARGA,LUIS LENIN MELO MUÑOZ,H,REGIÓN DE VALPARAÍSO,MARGA MARGA,C,TODAS Y TODOS POR CHILE,PARTIDO COMUNISTA E INDEPENDIENTES,PCCH,PARTIDO COMUNISTA DE CHILE,101,1,Sí,4,12,4722,12512,37.73977,No
JOAQUIN_CASTILLO_VERA__MARGA_MARGA,JOAQUIN CASTILLO VERA,H,REGIÓN DE VALPARAÍSO,MARGA MARGA,C,TODAS Y TODOS POR CHILE,PARTIDO COMUNISTA E INDEPENDIENTES,PCCH,PARTIDO COMUNISTA DE CHILE,102,2,No,4,12,1286,12512,10.278133,No
RICARDO_LOPEZ_ERAZO__MARGA_MARGA,RICARDO LOPEZ ERAZO,H,REGIÓN DE VALPARAÍSO,MARGA MARGA,C,TODAS Y TODOS POR CHILE,PARTIDO COMUNISTA E INDEPENDIENTES,PCCH,PARTIDO COMUNISTA DE CHILE,103,3,No,4,12,1251,12512,9.998402,No
JAVIERA_ISIDORA_ESTRADA_CORTES__MARGA_MARGA,JAVIERA ISIDORA ESTRADA CORTES,M,REGIÓN DE VALPARAÍSO,MARGA MARGA,C,TODAS Y TODOS POR CHILE,PARTIDO COMUNISTA E INDEPENDIENTES,PCCH,PARTIDO COMUNISTA DE CHILE,104,4,No,4,12,5253,12512,41.983696,No
JOHN_AVELINO_VERA_AROS__MARGA_MARGA,JOHN AVELINO VERA AROS,H,REGIÓN DE VALPARAÍSO,MARGA MARGA,F,PARTIDO SOCIAL CRISTIANO E INDEPENDIENTES,,PSC,PARTIDO SOCIAL CRISTIANO,105,1,Sí,4,12,2720,7723,35.219474,No
CECILIA_ROSALBA_AGUAYO_STEFONI__MARGA_MARGA,CECILIA ROSALBA AGUAYO STEFONI,M,REGIÓN DE VALPARAÍSO,MARGA MARGA,F,PARTIDO SOCIAL CRISTIANO E INDEPENDIENTES,,IND,INDEPENDIENTES,106,2,No,4,12,1630,7723,21.105788,No
CAROLINA_GRACIELA_LOPEZ_CANCINO__MARGA_MARGA,CAROLINA GRACIELA LOPEZ CANCINO,M,REGIÓN DE VALPARAÍSO,MARGA MARGA,F,PARTIDO SOCIAL CRISTIANO E INDEPENDIENTES,,IND,INDEPENDIENTES,107,3,No,4,12,1954,7723,25.301049,No
MARIA_JOSE_JADUE_MI__MARGA_MARGA,MARIA JOSE JADUE MI,M,REGIÓN DE VALPARAÍSO,MARGA MARGA,F,PARTIDO SOCIAL CRISTIANO E INDEPENDIENTES,,IND,INDEPENDIENTES,108,4,No,4,12,1419,7723,18.373689,No
ALEXIS_TADRES_RIVERA__MARGA_MARGA,ALEXIS TADRES RIVERA,H,REGIÓN DE VALPARAÍSO,MARGA MARGA,I,CHILE VAMOS RENOVACION NACIONAL - INDEPENDIENTES,,RN,RENOVACION NACIONAL,109,1,Sí,4,12,11383,31871,35.715855,No
PATRICIO_ANDRES_OLIVARES_RODRIGUEZ__MARGA_MARGA,PATRICIO ANDRES OLIVARES RODRIGUEZ,H,REGIÓN DE VALPARAÍSO,MARGA MARGA,I,CHILE VAMOS RENOVACION NACIONAL - INDEPENDIENTES,,IND,INDEPENDIENTES,110,2,No,4,12,4609,31871,14.461423,No
CINTHIA_CALAF_OLIVARES__MARGA_MARGA,CINTHIA CALAF OLIVARES,M,REGIÓN DE VALPARAÍSO,MARGA MARGA,I,CHILE VAMOS RENOVACION NACIONAL - INDEPENDIENTES,,IND,INDEPENDIENTES,111,3,No,4,12,4166,31871,13.071444,No
EMMANUEL_OLFOS_VARGAS__MARGA_MARGA,EMMANUEL OLFOS VARGAS,H,REGIÓN DE VALPARAÍSO,MARGA MARGA,I,CHILE VAMOS RENOVACION NACIONAL - INDEPENDIENTES,,IND,INDEPENDIENTES,112,4,No,4,12,11713,31871,36.751279,Sí
RODOLFO_BAIER_ESTEBAN__MARGA_MARGA,RODOLFO BAIER ESTEBAN,H,REGIÓN DE VALPARAÍSO,MARGA MARGA,L,TU REGION RADICAL,,PR,PARTIDO RADICAL DE CHILE,113,1,Sí,3,12,7610,11777,64.617475,No
HEINRICH_KASPER_WITTIG_BARRETO__MARGA_MARGA,HEINRICH KASPER WITTIG BARRETO,H,REGIÓN DE VALPARAÍSO,MARGA MARGA,L,TU REGION RADICAL,,PR,PARTIDO RADICAL DE CHILE,114,2,No,3,12,2700,11777,22.926042,No
DANIEL_GODOY_ARANCIBIA__MARGA_MARGA,DANIEL GODOY ARANCIBIA,H,REGIÓN DE VALPARAÍSO,MARGA MARGA,L,TU REGION RADICAL,,PR,PARTIDO RADICAL DE CHILE,115,3,No,3,12,1467,11777,12.456483,No
GERCO_LEROY_ROMAN_BRANCHY__MARGA_MARGA,GERCO LEROY ROMAN BRANCHY,H,REGIÓN DE VALPARAÍSO,MARGA MARGA,M,REGIONES VERDES LIBERALES,,IND,INDEPENDIENTES,116,1,Sí,1,12,9242,9242,100.0,No
SCARLETTE_OLGUIN_CASTRO__MARGA_MARGA,SCARLETTE OLGUIN CASTRO,M,REGIÓN DE VALPARAÍSO,MARGA MARGA,N,LO MEJOR PARA CHILE,PS E INDEPENDIENTES,PS,PARTIDO SOCIALISTA DE CHILE,117,1,Sí,4,12,7875,15594,50.500192,No
JUAN_PABLO_BRIONES_BELMAR__MARGA_MARGA,JUAN PABLO BRIONES BELMAR,H,REGIÓN DE VALPARAÍSO,MARGA MARGA,N,LO MEJOR PARA CHILE,PS E INDEPENDIENTES,PS,PARTIDO SOCIALISTA DE CHILE,118,2,No,4,12,2809,15594,18.013338,No
DANITZA_VALESKA_CATRICHEO_MUNOZ__MARGA_MARGA,DANITZA VALESKA CATRICHEO MUÑOZ,M,REGIÓN DE VALPARAÍSO,MARGA MARGA,N,LO MEJOR PARA CHILE,PPD E INDEPENDIENTES,PPD,PARTIDO POR LA DEMOCRACIA,119,3,No,4,12,2766,15594,17.737591,No
PABLO_SANTANDER_ACEVEDO__MARGA_MARGA,PABLO SANTANDER ACEVEDO,H,REGIÓN DE VALPARAÍSO,MARGA MARGA,N,LO MEJOR PARA CHILE,PPD E INDEPENDIENTES,PPD,PARTIDO POR LA DEMOCRACIA,120,4,No,4,12,2144,15594,13.748878,No
RAMON_SEGUNDO_GARCIA_GOMEZ__MARGA_MARGA,RAMON SEGUNDO GARCIA GOMEZ,H,REGIÓN DE VALPARAÍSO,MARGA MARGA,Q,POR UN CHILE MEJOR,,PDC,PARTIDO DEMOCRATA CRISTIANO,121,1,Sí,3,12,4245,11099,38.246689,No
MARIA_JOSE_CASTANEDA_MARAMBIO__MARGA_MARGA,MARIA JOSE CASTAÑEDA MARAMBIO,M,REGIÓN DE VALPARAÍSO,MARGA MARGA,Q,POR UN CHILE MEJOR,,PDC,PARTIDO DEMOCRATA CRISTIANO,122,2,No,3,12,4819,11099,43.418326,No
ESTEBAN_CONTADOR_CORTES__MARGA_MARGA,ESTEBAN CONTADOR CORTES,H,REGIÓN DE VALPARAÍSO,MARGA MARGA,Q,POR UN CHILE MEJOR,,PDC,PARTIDO DEMOCRATA CRISTIANO,123,3,No,3,12,2035,11099,18.334985,No
HERNAN_GUILLERMO_GONZALEZ_VERGARA__MARGA_MARGA,HERNAN GUILLERMO GONZALEZ VERGARA,H,REGIÓN DE VALPARAÍSO,MARGA MARGA,R,CENTRO DEMOCRATICO,AMARILLOS E INDEPENDIENTES,AMARILLOS,MOVIMIENTO AMARILLOS POR CHILE,124,1,Sí,2,12,1762,3848,45.790021,No
FRANCESCA_PAOLA_COTRONEO_PRIDA__MARGA_MARGA,FRANCESCA PAOLA COTRONEO PRIDA,M,REGIÓN DE VALPARAÍSO,MARGA MARGA,R,CENTRO DEMOCRATICO,AMARILLOS E INDEPENDIENTES,IND,INDEPENDIENTES,125,2,No,2,12,2086,3848,54.209979,No
MARIA_ELENA_RUBILAR_MUNOZ__MARGA_MARGA,MARIA ELENA RUBILAR MUÑOZ,M,REGIÓN DE VALPARAÍSO,MARGA MARGA,S,FRENTE AMPLIO,FRENTE AMPLIO E INDEPENDIENTES,FA,FRENTE AMPLIO,126,1,Sí,4,12,11320,23416,48.343013,Sí
JORGE_ANDRES_DIAZ_GATICA__MARGA_MARGA,JORGE ANDRES DIAZ GATICA,H,REGIÓN DE VALPARAÍSO,MARGA MARGA,S,FRENTE AMPLIO,FRENTE AMPLIO E INDEPENDIENTES,FA,FRENTE AMPLIO,127,2,No,4,12,2283,23416,9.749744,No
CARLOS_ALEXIS_CAUCOTA_ARANCIBIA__MARGA_MARGA,CARLOS ALEXIS CAUCOTA ARANCIBIA,H,REGIÓN DE VALPARAÍSO,MARGA MARGA,S,FRENTE AMPLIO,FRENTE AMPLIO E INDEPENDIENTES,FA,FRENTE AMPLIO,128,3,No,4,12,2347,23416,10.023061,No
PAOLA_ANDREA_CAPELLI_GUERRA__MARGA_MARGA,PAOLA ANDREA CAPELLI GUERRA,M,REGIÓN DE VALPARAÍSO,MARGA MARGA,S,FRENTE AMPLIO,FRENTE AMPLIO E INDEPENDIENTES,FA,FRENTE AMPLIO,129,4,No,4,12,7466,23416,31.884182,No
MARIA_ESTER_MUNNIER_SOTO__MARGA_MARGA,MARIA ESTER MUNNIER SOTO,M,REGIÓN DE VALPARAÍSO,MARGA MARGA,V,CHILE VAMOS UDI - INDEPENDIENTES,,UDI,UNION DEMOCRATA INDEPENDIENTE,130,1,Sí,4,12,7777,16928,45.941635,No
MARIANELLA_MOUKARZEL_POBLETE__MARGA_MARGA,MARIANELLA MOUKARZEL POBLETE,M,REGIÓN DE VALPARAÍSO,MARGA MARGA,V,CHILE VAMOS UDI - INDEPENDIENTES,,IND,INDEPENDIENTES,131,2,No,4,12,2655,16928,15.684074,No
OLGA_URIBE_TORO__MARGA_MARGA,OLGA URIBE TORO,M,REGIÓN DE VALPARAÍSO,MARGA MARGA,V,CHILE VAMOS UDI - INDEPENDIENTES,,IND,INDEPENDIENTES,132,3,No,4,12,2043,16928,12.068762,No
CHRISTIAN_CARRIEL_CISTERNA__MARGA_MARGA,CHRISTIAN CARRIEL CISTERNA,H,REGIÓN DE VALPARAÍSO,MARGA MARGA,V,CHILE VAMOS UDI - INDEPENDIENTES,,IND,INDEPENDIENTES,133,4,No,4,12,4453,16928,26.305529,No
ELSA_BUENO_CORTES__MARGA_MARGA,ELSA BUENO CORTES,M,REGIÓN DE VALPARAÍSO,MARGA MARGA,Y,REPUBLICANOS E INDEPENDIENTES,,REPUBLICANO,PARTIDO REPUBLICANO DE CHILE,134,1,Sí,3,12,20038,42155,47.5341,Sí
CRISTIAN_HUMBERTO_FUENTES_DUQUE__MARGA_MARGA,CRISTIAN HUMBERTO FUENTES DUQUE,H,REGIÓN DE VALPARAÍSO,MARGA MARGA,Y,REPUBLICANOS E INDEPENDIENTES,,REPUBLICANO,PARTIDO REPUBLICANO DE CHILE,135,2,No,3,12,16030,42155,38.026331,Sí
DAVID_ISMAEL_ORTEGA_CANALES__MARGA_MARGA,DAVID ISMAEL ORTEGA CANALES,H,REGIÓN DE VALPARAÍSO,MARGA MARGA,Y,REPUBLICANOS E INDEPENDIENTES,,REPUBLICANO,PARTIDO REPUBLICANO DE CHILE,136,3,No,3,12,6087,42155,14.439568,No
ANA_ASCENCION_ARDILES_SAAVEDRA__PETORCA,ANA ASCENCION ARDILES SAAVEDRA,M,REGIÓN DE VALPARAÍSO,PETORCA,C,TODAS Y TODOS POR CHILE,PARTIDO COMUNISTA E INDEPENDIENTES,PCCH,PARTIDO COMUNISTA DE CHILE,100,1,Sí,2,7,7039,8454,83.262361,No
PABLO_MAURICIO_ARACENA_SUAREZ__PETORCA,PABLO MAURICIO ARACENA SUAREZ,H,REGIÓN DE VALPARAÍSO,PETORCA,C,TODAS Y TODOS POR CHILE,PARTIDO COMUNISTA E INDEPENDIENTES,PCCH,PARTIDO COMUNISTA DE CHILE,101,2,No,2,7,1415,8454,16.737639,No
JUAN_LUIS_TOBAR_VALDIVIA__PETORCA,JUAN LUIS TOBAR VALDIVIA,H,REGIÓN DE VALPARAÍSO,PETORCA,I,CHILE VAMOS RENOVACION NACIONAL - INDEPENDIENTES,,RN,RENOVACION NACIONAL,102,1,Sí,2,7,2451,12041,20.355452,No
JUAN_IBACACHE_IBACACHE__PETORCA,JUAN IBACACHE IBACACHE,H,REGIÓN DE VALPARAÍSO,PETORCA,I,CHILE VAMOS RENOVACION NACIONAL - INDEPENDIENTES,,RN,RENOVACION NACIONAL,103,2,No,2,7,9590,12041,79.644548,Sí
ALEXIS_ARIEL_SANCHEZ_BAEZA__PETORCA,ALEXIS ARIEL SANCHEZ BAEZA,H,REGIÓN DE VALPARAÍSO,PETORCA,M,REGIONES VERDES LIBERALES,,IND,INDEPENDIENTES,104,1,Sí,2,7,5246,8992,58.340747,No
MARIA_BRISA_DELGADO_ZAMORA__PETORCA,MARIA BRISA DELGADO ZAMORA,M,REGIÓN DE VALPARAÍSO,PETORCA,M,REGIONES VERDES LIBERALES,,IND,INDEPENDIENTES,105,2,No,2,7,3746,8992,41.659253,No
LUIS_EMILIO_OSORIO_PEREIRA__PETORCA,LUIS EMILIO OSORIO PEREIRA,H,REGIÓN DE VALPARAÍSO,PETORCA,N,LO MEJOR PARA CHILE,PS E INDEPENDIENTES,PS,PARTIDO SOCIALISTA DE CHILE,106,1,Sí,2,7,1577,4980,31.666667,No
GIOCONDA_COLLAO_COLLAO__PETORCA,GIOCONDA COLLAO COLLAO,M,REGIÓN DE VALPARAÍSO,PETORCA,N,LO MEJOR PARA CHILE,PPD E INDEPENDIENTES,PPD,PARTIDO POR LA DEMOCRACIA,107,2,No,2,7,3403,4980,68.333333,No
SERGIO_ISAAC_OCHOA_MAYEA__PETORCA,SERGIO ISAAC OCHOA MAYEA,H,REGIÓN DE VALPARAÍSO,PETORCA,Q,POR UN CHILE MEJOR,,PDC,PARTIDO DEMOCRATA CRISTIANO,108,1,Sí,2,7,5665,8313,68.146277,No
MANUEL_ANTONIO_CIFUENTES_DONOSO__PETORCA,MANUEL ANTONIO CIFUENTES DONOSO,H,REGIÓN DE VALPARAÍSO,PETORCA,Q,POR UN CHILE MEJOR,,IND,INDEPENDIENTES,109,2,No,2,7,2648,8313,31.853723,No
JUAN_CARLOS_VILLALTA_ATLAGIC__PETORCA,JUAN CARLOS VILLALTA ATLAGIC,H,REGIÓN DE VALPARAÍSO,PETORCA,R,CENTRO DEMOCRATICO,DEMOCRATAS E INDEPENDIENTES,DEMOCRATAS,PARTIDO DEMOCRATAS CHILE,110,1,Sí,1,7,2812,2812,100.0,No
CRISTIAN_PINILLA_IBACACHE__PETORCA,CRISTIAN PINILLA IBACACHE,H,REGIÓN DE VALPARAÍSO,PETORCA,Y,REPUBLICANOS E INDEPENDIENTES,,REPUBLICANO,PARTIDO REPUBLICANO DE CHILE,111,1,Sí,2,7,7558,10030,75.353938,Sí
NICOLAS_CRISTOFFANINI_JARAQUEMADA__PETORCA,NICOLAS CRISTOFFANINI JARAQUEMADA,H,REGIÓN DE VALPARAÍSO,PETORCA,Y,REPUBLICANOS E INDEPENDIENTES,,REPUBLICANO,PARTIDO REPUBLICANO DE CHILE,112,2,No,2,7,2472,10030,24.646062,No
REINALDO_ARIS_RIVEROS_MARTINEZ__QUILLOTA,REINALDO ARIS RIVEROS MARTINEZ,H,REGIÓN DE VALPARAÍSO,QUILLOTA,B,IZQUIERDA ECOLOGISTA POPULAR,,POPULAR,POPULAR,100,1,Sí,1,11,3420,3420,100.0,No
GIANCARLOS_RAMIRO_LEIVA_TOBAR__QUILLOTA,GIANCARLOS RAMIRO LEIVA TOBAR,H,REGIÓN DE VALPARAÍSO,QUILLOTA,C,TODAS Y TODOS POR CHILE,PARTIDO COMUNISTA E INDEPENDIENTES,PCCH,PARTIDO COMUNISTA DE CHILE,101,1,Sí,3,11,5695,15612,36.47835,No
JAVIER_FELIPE_FERNANDEZ_ZAMORA__QUILLOTA,JAVIER FELIPE FERNANDEZ ZAMORA,H,REGIÓN DE VALPARAÍSO,QUILLOTA,C,TODAS Y TODOS POR CHILE,PARTIDO COMUNISTA E INDEPENDIENTES,PCCH,PARTIDO COMUNISTA DE CHILE,102,2,No,3,11,1990,15612,12.746605,No
GISELLE_MAKARENA_AHUMADA_ESPINA__QUILLOTA,GISELLE MAKARENA AHUMADA ESPINA,M,REGIÓN DE VALPARAÍSO,QUILLOTA,C,TODAS Y TODOS POR CHILE,PARTIDO COMUNISTA E INDEPENDIENTES,IND,INDEPENDIENTES,103,3,No,3,11,7927,15612,50.775045,Sí
NIBALDO_RENZO_SANHUEZA_BERETTA__QUILLOTA,NIBALDO RENZO SANHUEZA BERETTA,H,REGIÓN DE VALPARAÍSO,QUILLOTA,F,PARTIDO SOCIAL CRISTIANO E INDEPENDIENTES,,IND,INDEPENDIENTES,104,1,Sí,3,11,2063,10814,19.077122,No
GABRIEL_ANTONIO_VILLALOBOS_GOMEZ__QUILLOTA,GABRIEL ANTONIO VILLALOBOS GOMEZ,H,REGIÓN DE VALPARAÍSO,QUILLOTA,F,PARTIDO SOCIAL CRISTIANO E INDEPENDIENTES,,IND,INDEPENDIENTES,105,2,No,3,11,2145,10814,19.835399,No
NICOLE_ANDREA_FERNANDEZ_PEREIRA__QUILLOTA,NICOLE ANDREA FERNANDEZ PEREIRA,M,REGIÓN DE VALPARAÍSO,QUILLOTA,F,PARTIDO SOCIAL CRISTIANO E INDEPENDIENTES,,IND,INDEPENDIENTES,106,3,No,3,11,6606,10814,61.087479,No
TRINIDAD_ROJO_AUGUSTO__QUILLOTA,TRINIDAD ROJO AUGUSTO,M,REGIÓN DE VALPARAÍSO,QUILLOTA,I,CHILE VAMOS RENOVACION NACIONAL - INDEPENDIENTES,,RN,RENOVACION NACIONAL,107,1,Sí,3,11,8445,14123,59.796077,No
CRISTIAN_GODOY_ANDERSON__QUILLOTA,CRISTIAN GODOY ANDERSON,H,REGIÓN DE VALPARAÍSO,QUILLOTA,I,CHILE VAMOS RENOVACION NACIONAL - INDEPENDIENTES,,RN,RENOVACION NACIONAL,108,2,No,3,11,3139,14123,22.226156,No
JAVIER_MOLINA_CEPEDA__QUILLOTA,JAVIER MOLINA CEPEDA,H,REGIÓN DE VALPARAÍSO,QUILLOTA,I,CHILE VAMOS RENOVACION NACIONAL - INDEPENDIENTES,,RN,RENOVACION NACIONAL,109,3,No,3,11,2539,14123,17.977767,No
RICARDO_LAUREL_ARZA__QUILLOTA,RICARDO LAUREL ARZA,H,REGIÓN DE VALPARAÍSO,QUILLOTA,L,TU REGION RADICAL,,PR,PARTIDO RADICAL DE CHILE,110,1,Sí,2,11,3394,6464,52.506188,No
RICARDO_JADUE_ZEDAN__QUILLOTA,RICARDO JADUE ZEDAN,H,REGIÓN DE VALPARAÍSO,QUILLOTA,L,TU REGION RADICAL,,IND,INDEPENDIENTES,111,2,No,2,11,3070,6464,47.493812,No
DANIELA_MACARENA_FERNANDEZ_MOLINA__QUILLOTA,DANIELA MACARENA FERNANDEZ MOLINA,M,REGIÓN DE VALPARAÍSO,QUILLOTA,M,REGIONES VERDES LIBERALES,,FREVS,FEDERACION REGIONALISTA VERDE SOCIAL,112,1,Sí,1,11,5607,5607,100.0,No
LAUTARO_CORREA_CASTILLO__QUILLOTA,LAUTARO CORREA CASTILLO,H,REGIÓN DE VALPARAÍSO,QUILLOTA,N,LO MEJOR PARA CHILE,PS E INDEPENDIENTES,PS,PARTIDO SOCIALISTA DE CHILE,113,1,Sí,3,11,12433,18744,66.330559,Sí
JORGE_LUIS_LOPEZ_PINO__QUILLOTA,JORGE LUIS LOPEZ PINO,H,REGIÓN DE VALPARAÍSO,QUILLOTA,N,LO MEJOR PARA CHILE,PPD E INDEPENDIENTES,PPD,PARTIDO POR LA DEMOCRACIA,114,2,No,3,11,3562,18744,19.003414,No
GRISEL_BERTA_AROSTICA_GONZALEZ__QUILLOTA,GRISEL BERTA AROSTICA GONZALEZ,M,REGIÓN DE VALPARAÍSO,QUILLOTA,N,LO MEJOR PARA CHILE,PPD E INDEPENDIENTES,IND,INDEPENDIENTES,115,3,No,3,11,2749,18744,14.666026,No
FRANCISCO_SEBASTIAN_RAMOS_VALERO__QUILLOTA,FRANCISCO SEBASTIAN RAMOS VALERO,H,REGIÓN DE VALPARAÍSO,QUILLOTA,P,PARTIDO DE LA GENTE E INDEPENDIENTES,,PDG,PARTIDO DE LA GENTE,116,1,Sí,1,11,6294,6294,100.0,No
ORIETTA_DEL_CARMEN_VALENCIA_RODRIGUEZ__QUILLOTA,ORIETTA DEL CARMEN VALENCIA RODRIGUEZ,M,REGIÓN DE VALPARAÍSO,QUILLOTA,Q,POR UN CHILE MEJOR,,IND,INDEPENDIENTES,117,1,Sí,2,11,6820,8472,80.500472,No
MARIA_GENOVEVA_BAEZA_HERMOSILLA__QUILLOTA,MARIA GENOVEVA BAEZA HERMOSILLA,M,REGIÓN DE VALPARAÍSO,QUILLOTA,Q,POR UN CHILE MEJOR,,IND,INDEPENDIENTES,118,2,No,2,11,1652,8472,19.499528,No
JAIME_TAPIA_GATICA__QUILLOTA,JAIME TAPIA GATICA,H,REGIÓN DE VALPARAÍSO,QUILLOTA,V,CHILE VAMOS UDI - INDEPENDIENTES,,IND,INDEPENDIENTES,119,1,Sí,3,11,4797,12266,39.108104,No
VALESKA_JORQUERA_JARA__QUILLOTA,VALESKA JORQUERA JARA,M,REGIÓN DE VALPARAÍSO,QUILLOTA,V,CHILE VAMOS UDI - INDEPENDIENTES,,IND,INDEPENDIENTES,120,2,No,3,11,5496,12266,44.806783,No
LEONARDO_SILVA_VARGAS__QUILLOTA,LEONARDO SILVA VARGAS,H,REGIÓN DE VALPARAÍSO,QUILLOTA,V,CHILE VAMOS UDI - INDEPENDIENTES,,IND,INDEPENDIENTES,121,3,No,3,11,1973,12266,16.085113,No
FELIPE_CORDOBA_ARAYA__QUILLOTA,FELIPE CORDOBA ARAYA,H,REGIÓN DE VALPARAÍSO,QUILLOTA,Y,REPUBLICANOS E INDEPENDIENTES,,REPUBLICANO,PARTIDO REPUBLICANO DE CHILE,122,1,Sí,3,11,9257,16659,55.567561,Sí
ANNE_ELLEN_STEWART_ORLANDINI__QUILLOTA,ANNE ELLEN STEWART ORLANDINI,M,REGIÓN DE VALPARAÍSO,QUILLOTA,Y,REPUBLICANOS E INDEPENDIENTES,,REPUBLICANO,PARTIDO REPUBLICANO DE CHILE,123,2,No,3,11,5261,16659,31.580527,No
ALFREDO_GONZALO_RAMELLI_MORALES__QUILLOTA,ALFREDO GONZALO RAMELLI MORALES,H,REGIÓN DE VALPARAÍSO,QUILLOTA,Y,REPUBLICANOS E INDEPENDIENTES,,IND,INDEPENDIENTES,124,3,No,3,11,2141,16659,12.851912,No
KENIN_HERNAN_CERDA_MEZA__SAN_ANTONIO,KENIN HERNAN CERDA MEZA,H,REGIÓN DE VALPARAÍSO,SAN ANTONIO,B,IZQUIERDA ECOLOGISTA POPULAR,,POPULAR,POPULAR,100,1,Sí,3,11,2647,7566,34.985461,No
VICTOR_IVAN_GODOY_DIAZ__SAN_ANTONIO,VICTOR IVAN GODOY DIAZ,H,REGIÓN DE VALPARAÍSO,SAN ANTONIO,B,IZQUIERDA ECOLOGISTA POPULAR,,IND,INDEPENDIENTES,101,2,No,3,11,1786,7566,23.605604,No
GRACIELA_VERONICA_ZAVALA_PRADO__SAN_ANTONIO,GRACIELA VERONICA ZAVALA PRADO,M,REGIÓN DE VALPARAÍSO,SAN ANTONIO,B,IZQUIERDA ECOLOGISTA POPULAR,,IND,INDEPENDIENTES,102,3,No,3,11,3133,7566,41.408935,No
MARIO_GONZALO_PEREZ_BARRERA__SAN_ANTONIO,MARIO GONZALO PEREZ BARRERA,H,REGIÓN DE VALPARAÍSO,SAN ANTONIO,C,TODAS Y TODOS POR CHILE,PARTIDO COMUNISTA E INDEPENDIENTES,PCCH,PARTIDO COMUNISTA DE CHILE,103,1,Sí,2,11,5329,7734,68.903543,No
SERGIO_VLADIMIR_ALARCON_ITURRIETA__SAN_ANTONIO,SERGIO VLADIMIR ALARCON ITURRIETA,H,REGIÓN DE VALPARAÍSO,SAN ANTONIO,C,TODAS Y TODOS POR CHILE,PARTIDO COMUNISTA E INDEPENDIENTES,PCCH,PARTIDO COMUNISTA DE CHILE,104,2,No,2,11,2405,7734,31.096457,No
MARTA_ELENA_PONCE_SALGADO__SAN_ANTONIO,MARTA ELENA PONCE SALGADO,M,REGIÓN DE VALPARAÍSO,SAN ANTONIO,F,PARTIDO SOCIAL CRISTIANO E INDEPENDIENTES,,PSC,PARTIDO SOCIAL CRISTIANO,105,1,Sí,2,11,1778,3276,54.273504,No
ANDRES_MELLADO_ARIAS__SAN_ANTONIO,ANDRES MELLADO ARIAS,H,REGIÓN DE VALPARAÍSO,SAN ANTONIO,F,PARTIDO SOCIAL CRISTIANO E INDEPENDIENTES,,IND,INDEPENDIENTES,106,2,No,2,11,1498,3276,45.726496,No
PAOLA_ZAMORANO_ARRATIA__SAN_ANTONIO,PAOLA ZAMORANO ARRATIA,M,REGIÓN DE VALPARAÍSO,SAN ANTONIO,I,CHILE VAMOS RENOVACION NACIONAL - INDEPENDIENTES,,RN,RENOVACION NACIONAL,107,1,Sí,3,11,8550,13289,64.338927,Sí
JORGE_GORTARI_ROMERO__SAN_ANTONIO,JORGE GORTARI ROMERO,H,REGIÓN DE VALPARAÍSO,SAN ANTONIO,I,CHILE VAMOS RENOVACION NACIONAL - INDEPENDIENTES,,IND,INDEPENDIENTES,108,2,No,3,11,2429,13289,18.278275,No
CARMEN_ZAMORA_BRAVO__SAN_ANTONIO,CARMEN ZAMORA BRAVO,M,REGIÓN DE VALPARAÍSO,SAN ANTONIO,I,CHILE VAMOS RENOVACION NACIONAL - INDEPENDIENTES,,IND,INDEPENDIENTES,109,3,No,3,11,2310,13289,17.382798,No
ROMINA_AMESTICA_ABURTO__SAN_ANTONIO,ROMINA AMESTICA ABURTO,M,REGIÓN DE VALPARAÍSO,SAN ANTONIO,L,TU REGION RADICAL,,PR,PARTIDO RADICAL DE CHILE,110,1,Sí,2,11,3511,13203,26.592441,No
CARLOS_MONDACA_MATZNER__SAN_ANTONIO,CARLOS MONDACA MATZNER,H,REGIÓN DE VALPARAÍSO,SAN ANTONIO,L,TU REGION RADICAL,,IND,INDEPENDIENTES,111,2,No,2,11,9692,13203,73.407559,No
JORGE_MORENO_ALVAREZ__SAN_ANTONIO,JORGE MORENO ALVAREZ,H,REGIÓN DE VALPARAÍSO,SAN ANTONIO,N,LO MEJOR PARA CHILE,PS E INDEPENDIENTES,PS,PARTIDO SOCIALISTA DE CHILE,112,1,Sí,3,11,3741,6891,54.288202,No
MARCO_DUQUE_DIAZ__SAN_ANTONIO,MARCO DUQUE DIAZ,H,REGIÓN DE VALPARAÍSO,SAN ANTONIO,N,LO MEJOR PARA CHILE,PS E INDEPENDIENTES,PS,PARTIDO SOCIALISTA DE CHILE,113,2,No,3,11,1463,6891,21.230591,No
JAIME_BRAVO_OLIVA__SAN_ANTONIO,JAIME BRAVO OLIVA,H,REGIÓN DE VALPARAÍSO,SAN ANTONIO,N,LO MEJOR PARA CHILE,PS E INDEPENDIENTES,IND,INDEPENDIENTES,114,3,No,3,11,1687,6891,24.481207,No
VERONICA_DEL_CARMEN_ROJAS_ARENAS__SAN_ANTONIO,VERONICA DEL CARMEN ROJAS ARENAS,M,REGIÓN DE VALPARAÍSO,SAN ANTONIO,P,PARTIDO DE LA GENTE E INDEPENDIENTES,,PDG,PARTIDO DE LA GENTE,115,1,Sí,1,11,6199,6199,100.0,No
ROMY_JESUS_FARIAS_CABALLERO__SAN_ANTONIO,ROMY JESUS FARIAS CABALLERO,M,REGIÓN DE VALPARAÍSO,SAN ANTONIO,Q,POR UN CHILE MEJOR,,PDC,PARTIDO DEMOCRATA CRISTIANO,116,1,Sí,2,11,13329,15823,84.238134,Sí
LUIS_GUSTAVO_POBLETE_TRIGO__SAN_ANTONIO,LUIS GUSTAVO POBLETE TRIGO,H,REGIÓN DE VALPARAÍSO,SAN ANTONIO,Q,POR UN CHILE MEJOR,,IND,INDEPENDIENTES,117,2,No,2,11,2494,15823,15.761866,No
JORGE_ARTURO_MORA_CASTRO__SAN_ANTONIO,JORGE ARTURO MORA CASTRO,H,REGIÓN DE VALPARAÍSO,SAN ANTONIO,S,FRENTE AMPLIO,FRENTE AMPLIO E INDEPENDIENTES,FA,FRENTE AMPLIO,118,1,Sí,3,11,4414,11863,37.208126,No
MARJORIE_DIGNA_FARIAS_GONZALEZ__SAN_ANTONIO,MARJORIE DIGNA FARIAS GONZALEZ,M,REGIÓN DE VALPARAÍSO,SAN ANTONIO,S,FRENTE AMPLIO,FRENTE AMPLIO E INDEPENDIENTES,FA,FRENTE AMPLIO,119,2,No,3,11,3037,11863,25.600607,No
CAROLINA_PAZ_ZAPATA_SALAZAR__SAN_ANTONIO,CAROLINA PAZ ZAPATA SALAZAR,M,REGIÓN DE VALPARAÍSO,SAN ANTONIO,S,FRENTE AMPLIO,FRENTE AMPLIO E INDEPENDIENTES,IND,INDEPENDIENTES,120,3,No,3,11,4412,11863,37.191267,No
MARCO_TORREJON_DURAN__SAN_ANTONIO,MARCO TORREJON DURAN,H,REGIÓN DE VALPARAÍSO,SAN ANTONIO,V,CHILE VAMOS UDI - INDEPENDIENTES,,UDI,UNION DEMOCRATA INDEPENDIENTE,121,1,Sí,3,11,3434,12266,27.996087,No
DENISSE_LARA_IBANEZ__SAN_ANTONIO,DENISSE LARA IBAÑEZ,M,REGIÓN DE VALPARAÍSO,SAN ANTONIO,V,CHILE VAMOS UDI - INDEPENDIENTES,,IND,INDEPENDIENTES,122,2,No,3,11,2813,12266,22.933312,No
KAREN_PICHUNANTE_CANSECO__SAN_ANTONIO,KAREN PICHUNANTE CANSECO,M,REGIÓN DE VALPARAÍSO,SAN ANTONIO,V,CHILE VAMOS UDI - INDEPENDIENTES,,IND,INDEPENDIENTES,123,3,No,3,11,6019,12266,49.070602,No
MAURICIO_ALEJANDRO_LOPEZ_CASTILLO__SAN_ANTONIO,MAURICIO ALEJANDRO LOPEZ CASTILLO,H,REGIÓN DE VALPARAÍSO,SAN ANTONIO,Y,REPUBLICANOS E INDEPENDIENTES,,REPUBLICANO,PARTIDO REPUBLICANO DE CHILE,124,1,Sí,1,11,14507,14507,100.0,Sí
ROBERTO_MARIO_SAN_MARTIN_CACERES__SAN_FELIPE,ROBERTO MARIO SAN MARTIN CACERES,H,REGIÓN DE VALPARAÍSO,SAN FELIPE,B,IZQUIERDA ECOLOGISTA POPULAR,,IND,INDEPENDIENTES,100,1,Sí,1,10,2813,2813,100.0,No
SABINA_ANGELICA_CASTRO_ARAGON__SAN_FELIPE,SABINA ANGELICA CASTRO ARAGON,M,REGIÓN DE VALPARAÍSO,SAN FELIPE,C,TODAS Y TODOS POR CHILE,PARTIDO COMUNISTA E INDEPENDIENTES,PCCH,PARTIDO COMUNISTA DE CHILE,101,1,Sí,3,10,3132,5325,58.816901,No
WLADIMIR_LIONEL_OLAVE_MONTENEGRO__SAN_FELIPE,WLADIMIR LIONEL OLAVE MONTENEGRO,H,REGIÓN DE VALPARAÍSO,SAN FELIPE,C,TODAS Y TODOS POR CHILE,PARTIDO COMUNISTA E INDEPENDIENTES,PCCH,PARTIDO COMUNISTA DE CHILE,102,2,No,3,10,1227,5325,23.042254,No
JAIME_ANDRES_BRAVO_HERNANDEZ__SAN_FELIPE,JAIME ANDRES BRAVO HERNANDEZ,H,REGIÓN DE VALPARAÍSO,SAN FELIPE,C,TODAS Y TODOS POR CHILE,PARTIDO COMUNISTA E INDEPENDIENTES,PCCH,PARTIDO COMUNISTA DE CHILE,103,3,No,3,10,966,5325,18.140845,No
ANGELICA_SOLEDAD_PEREZ_PENA__SAN_FELIPE,ANGELICA SOLEDAD PEREZ PEÑA,M,REGIÓN DE VALPARAÍSO,SAN FELIPE,F,PARTIDO SOCIAL CRISTIANO E INDEPENDIENTES,,PSC,PARTIDO SOCIAL CRISTIANO,104,1,Sí,2,10,2413,3525,68.453901,No
XIMENA_KARINSKA_HERRERA_HERNANDEZ__SAN_FELIPE,XIMENA KARINSKA HERRERA HERNANDEZ,M,REGIÓN DE VALPARAÍSO,SAN FELIPE,F,PARTIDO SOCIAL CRISTIANO E INDEPENDIENTES,,PSC,PARTIDO SOCIAL CRISTIANO,105,2,No,2,10,1112,3525,31.546099,No
EDSSON_MESALA_GONZALEZ_ROJAS__SAN_FELIPE,EDSSON MESALA GONZALEZ ROJAS,H,REGIÓN DE VALPARAÍSO,SAN FELIPE,I,CHILE VAMOS RENOVACION NACIONAL - INDEPENDIENTES,,RN,RENOVACION NACIONAL,106,1,Sí,3,10,3950,23529,16.787794,No
JUAN_PINO_RAMOS__SAN_FELIPE,JUAN PINO RAMOS,H,REGIÓN DE VALPARAÍSO,SAN FELIPE,I,CHILE VAMOS RENOVACION NACIONAL - INDEPENDIENTES,,RN,RENOVACION NACIONAL,107,2,No,3,10,4558,23529,19.371839,No
RODOLFO_SILVA_GONZALEZ__SAN_FELIPE,RODOLFO SILVA GONZALEZ,H,REGIÓN DE VALPARAÍSO,SAN FELIPE,I,CHILE VAMOS RENOVACION NACIONAL - INDEPENDIENTES,,IND,INDEPENDIENTES,108,3,No,3,10,15021,23529,63.840367,Sí
MIGNOL_MUNOZ_GUTIERREZ__SAN_FELIPE,MIGNOL MUÑOZ GUTIERREZ,M,REGIÓN DE VALPARAÍSO,SAN FELIPE,L,TU REGION RADICAL,,IND,INDEPENDIENTES,109,1,Sí,3,10,921,3598,25.597554,No
GISSELA_CONSTANZA_CABALLERO_ESPINOZA__SAN_FELIPE,GISSELA CONSTANZA CABALLERO ESPINOZA,M,REGIÓN DE VALPARAÍSO,SAN FELIPE,L,TU REGION RADICAL,,IND,INDEPENDIENTES,110,2,No,3,10,1086,3598,30.183435,No
BEATRIZ_FIGUEROA_CID__SAN_FELIPE,BEATRIZ FIGUEROA CID,M,REGIÓN DE VALPARAÍSO,SAN FELIPE,L,TU REGION RADICAL,,IND,INDEPENDIENTES,111,3,No,3,10,1591,3598,44.219011,No
MARICEL_ALEJANDRA_MARTINEZ_VICENCIO__SAN_FELIPE,MARICEL ALEJANDRA MARTINEZ VICENCIO,M,REGIÓN DE VALPARAÍSO,SAN FELIPE,N,LO MEJOR PARA CHILE,PPD E INDEPENDIENTES,PPD,PARTIDO POR LA DEMOCRACIA,112,1,Sí,3,10,7478,18322,40.814322,Sí
MARIO_EUGENIO_SOTTOLICHIO_URQUIZA__SAN_FELIPE,MARIO EUGENIO SOTTOLICHIO URQUIZA,H,REGIÓN DE VALPARAÍSO,SAN FELIPE,N,LO MEJOR PARA CHILE,PPD E INDEPENDIENTES,IND,INDEPENDIENTES,113,2,No,3,10,5331,18322,29.096169,No
CLAUDIO_GOMEZ_CASTRO__SAN_FELIPE,CLAUDIO GOMEZ CASTRO,H,REGIÓN DE VALPARAÍSO,SAN FELIPE,N,LO MEJOR PARA CHILE,PS E INDEPENDIENTES,PS,PARTIDO SOCIALISTA DE CHILE,114,3,No,3,10,5513,18322,30.08951,No
PATRICIO_ORLANDO_ESPINOZA_DARRICADES__SAN_FELIPE,PATRICIO ORLANDO ESPINOZA DARRICADES,H,REGIÓN DE VALPARAÍSO,SAN FELIPE,Q,POR UN CHILE MEJOR,,IND,INDEPENDIENTES,115,1,Sí,1,10,3884,3884,100.0,No
CAMILA_FERNANDA_JAVIERA_IBANEZ_PIZARRO__SAN_FELIPE,CAMILA FERNANDA JAVIERA IBAÑEZ PIZARRO,M,REGIÓN DE VALPARAÍSO,SAN FELIPE,S,FRENTE AMPLIO,FRENTE AMPLIO E INDEPENDIENTES,FA,FRENTE AMPLIO,116,1,Sí,3,10,5000,8355,59.844405,No
MAXIMIANO_JOSE_LEMAITRE_PALMA__SAN_FELIPE,MAXIMIANO JOSE LEMAITRE PALMA,H,REGIÓN DE VALPARAÍSO,SAN FELIPE,S,FRENTE AMPLIO,FRENTE AMPLIO E INDEPENDIENTES,IND,INDEPENDIENTES,117,2,No,3,10,1070,8355,12.806703,No
DANIELA_PAZ_QUIROZ_SAA__SAN_FELIPE,DANIELA PAZ QUIROZ SAA,M,REGIÓN DE VALPARAÍSO,SAN FELIPE,S,FRENTE AMPLIO,FRENTE AMPLIO E INDEPENDIENTES,IND,INDEPENDIENTES,118,3,No,3,10,2285,8355,27.348893,No
LUIS_FELIPE_GALLARDO_FERNANDEZ__SAN_FELIPE,LUIS FELIPE GALLARDO FERNANDEZ,H,REGIÓN DE VALPARAÍSO,SAN FELIPE,V,CHILE VAMOS UDI - INDEPENDIENTES,,UDI,UNION DEMOCRATA INDEPENDIENTE,119,1,Sí,2,10,2953,4676,63.152267,No
LESLIE_FERNANDEZ_MORALES__SAN_FELIPE,LESLIE FERNANDEZ MORALES,M,REGIÓN DE VALPARAÍSO,SAN FELIPE,V,CHILE VAMOS UDI - INDEPENDIENTES,,IND,INDEPENDIENTES,120,2,No,2,10,1723,4676,36.847733,No
FERNANDO_ASTORGA_TERRAZA__SAN_FELIPE,FERNANDO ASTORGA TERRAZA,H,REGIÓN DE VALPARAÍSO,SAN FELIPE,Y,REPUBLICANOS E INDEPENDIENTES,,REPUBLICANO,PARTIDO REPUBLICANO DE CHILE,121,1,Sí,1,10,14277,14277,100.0,Sí
CLAUDIA_FERNANDA_JOFRE_VIDAL__VALPARAISO_I,CLAUDIA FERNANDA JOFRE VIDAL,M,REGIÓN DE VALPARAÍSO,VALPARAISO I,B,IZQUIERDA ECOLOGISTA POPULAR,,IND,INDEPENDIENTES,100,1,Sí,4,12,8937,16889,52.916099,No
JOSE_MIGUEL_SILVA_BECERRA__VALPARAISO_I,JOSE MIGUEL SILVA BECERRA,H,REGIÓN DE VALPARAÍSO,VALPARAISO I,B,IZQUIERDA ECOLOGISTA POPULAR,,IND,INDEPENDIENTES,101,2,No,4,12,2799,16889,16.572917,No
JORGE_RAUL_ESTAY_OLGUIN__VALPARAISO_I,JORGE RAUL ESTAY OLGUIN,H,REGIÓN DE VALPARAÍSO,VALPARAISO I,B,IZQUIERDA ECOLOGISTA POPULAR,,IND,INDEPENDIENTES,102,3,No,4,12,3072,16889,18.189354,No
ADRIAN_MAURICIO_MOLINAS_ALVAREZ__VALPARAISO_I,ADRIAN MAURICIO MOLINAS ALVAREZ,H,REGIÓN DE VALPARAÍSO,VALPARAISO I,B,IZQUIERDA ECOLOGISTA POPULAR,,IND,INDEPENDIENTES,103,4,No,4,12,2081,16889,12.321629,No
FRESIA_LUZ_AVENDANO_GONZALEZ__VALPARAISO_I,FRESIA LUZ AVENDAÑO GONZALEZ,M,REGIÓN DE VALPARAÍSO,VALPARAISO I,C,TODAS Y TODOS POR CHILE,PARTIDO COMUNISTA E INDEPENDIENTES,PCCH,PARTIDO COMUNISTA DE CHILE,104,1,Sí,2,12,9592,13880,69.106628,No
GIULIA_BARATTINI_CASTALDI__VALPARAISO_I,GIULIA BARATTINI CASTALDI,M,REGIÓN DE VALPARAÍSO,VALPARAISO I,C,TODAS Y TODOS POR CHILE,PARTIDO COMUNISTA E INDEPENDIENTES,PCCH,PARTIDO COMUNISTA DE CHILE,105,2,No,2,12,4288,13880,30.893372,No
CELSO_ABDIEL_QUEZADA_RIOSECO__VALPARAISO_I,CELSO ABDIEL QUEZADA RIOSECO,H,REGIÓN DE VALPARAÍSO,VALPARAISO I,F,PARTIDO SOCIAL CRISTIANO E INDEPENDIENTES,,PSC,PARTIDO SOCIAL CRISTIANO,106,1,Sí,5,12,2652,14465,18.333909,No
KATYHUSKA_POLONSKY_ROBLERO__VALPARAISO_I,KATYHUSKA POLONSKY ROBLERO,M,REGIÓN DE VALPARAÍSO,VALPARAISO I,F,PARTIDO SOCIAL CRISTIANO E INDEPENDIENTES,,PSC,PARTIDO SOCIAL CRISTIANO,107,2,No,5,12,1825,14465,12.616661,No
JUAN_ALBERTO_SEPULVEDA_QUEZADA__VALPARAISO_I,JUAN ALBERTO SEPULVEDA QUEZADA,H,REGIÓN DE VALPARAÍSO,VALPARAISO I,F,PARTIDO SOCIAL CRISTIANO E INDEPENDIENTES,,IND,INDEPENDIENTES,108,3,No,5,12,6804,14465,47.037677,No
JUAN_DE_DIOS_GUERRERO_HENRIQUEZ__VALPARAISO_I,JUAN DE DIOS GUERRERO HENRIQUEZ,H,REGIÓN DE VALPARAÍSO,VALPARAISO I,F,PARTIDO SOCIAL CRISTIANO E INDEPENDIENTES,,IND,INDEPENDIENTES,109,4,No,5,12,1385,14465,9.574836,No
MABEL_PALACIOS_TOROMORENO__VALPARAISO_I,MABEL PALACIOS TOROMORENO,M,REGIÓN DE VALPARAÍSO,VALPARAISO I,F,PARTIDO SOCIAL CRISTIANO E INDEPENDIENTES,,IND,INDEPENDIENTES,110,5,No,5,12,1799,14465,12.436917,No
RENATO_FORNO_CAMBON__VALPARAISO_I,RENATO FORNO CAMBON,H,REGIÓN DE VALPARAÍSO,VALPARAISO I,I,CHILE VAMOS RENOVACION NACIONAL - INDEPENDIENTES,,RN,RENOVACION NACIONAL,111,1,Sí,5,12,7333,21050,34.836105,No
SEBASTIAN_SEPULVEDA_ULLOA__VALPARAISO_I,SEBASTIAN SEPULVEDA ULLOA,H,REGIÓN DE VALPARAÍSO,VALPARAISO I,I,CHILE VAMOS RENOVACION NACIONAL - INDEPENDIENTES,,RN,RENOVACION NACIONAL,112,2,No,5,12,2677,21050,12.71734,No
EDUARDO_URBINA_MUNOZ__VALPARAISO_I,EDUARDO URBINA MUÑOZ,H,REGIÓN DE VALPARAÍSO,VALPARAISO I,I,CHILE VAMOS RENOVACION NACIONAL - INDEPENDIENTES,,RN,RENOVACION NACIONAL,113,3,No,5,12,2261,21050,10.741093,No
ROLANDO_CONTRERAS_BIANCHI__VALPARAISO_I,ROLANDO CONTRERAS BIANCHI,H,REGIÓN DE VALPARAÍSO,VALPARAISO I,I,CHILE VAMOS RENOVACION NACIONAL - INDEPENDIENTES,,RN,RENOVACION NACIONAL,114,4,No,5,12,2500,21050,11.876485,No
CHRISTIAN_LUCERO_MARQUEZ__VALPARAISO_I,CHRISTIAN LUCERO MARQUEZ,H,REGIÓN DE VALPARAÍSO,VALPARAISO I,I,CHILE VAMOS RENOVACION NACIONAL - INDEPENDIENTES,,IND,INDEPENDIENTES,115,5,No,5,12,6279,21050,29.828979,No
MARCELA_ALICIA_VARAS_FUENTES__VALPARAISO_I,MARCELA ALICIA VARAS FUENTES,M,REGIÓN DE VALPARAÍSO,VALPARAISO I,N,LO MEJOR PARA CHILE,PPD E INDEPENDIENTES,PPD,PARTIDO POR LA DEMOCRACIA,116,1,Sí,5,12,11750,21360,55.009363,Sí
LUIS_ALBERTO_GATICA_POLANCO__VALPARAISO_I,LUIS ALBERTO GATICA POLANCO,H,REGIÓN DE VALPARAÍSO,VALPARAISO I,N,LO MEJOR PARA CHILE,PPD E INDEPENDIENTES,PPD,PARTIDO POR LA DEMOCRACIA,117,2,No,5,12,2945,21360,13.787453,No
MARIA_JOSE_ESCOBAR_OPAZO__VALPARAISO_I,MARIA JOSE ESCOBAR OPAZO,M,REGIÓN DE VALPARAÍSO,VALPARAISO I,N,LO MEJOR PARA CHILE,PS E INDEPENDIENTES,PS,PARTIDO SOCIALISTA DE CHILE,118,3,No,5,12,4342,21360,20.327715,No
PEDRO_RENE_DURAN_OLIVA__VALPARAISO_I,PEDRO RENE DURAN OLIVA,H,REGIÓN DE VALPARAÍSO,VALPARAISO I,N,LO MEJOR PARA CHILE,PS E INDEPENDIENTES,PS,PARTIDO SOCIALISTA DE CHILE,119,4,No,5,12,1715,21360,8.029026,No
ANGEL_MOREIRA_BARRERA__VALPARAISO_I,ANGEL MOREIRA BARRERA,H,REGIÓN DE VALPARAÍSO,VALPARAISO I,N,LO MEJOR PARA CHILE,PS E INDEPENDIENTES,PS,PARTIDO SOCIALISTA DE CHILE,120,5,No,5,12,608,21360,2.846442,No
GUILLERMO_ANDRES_ESCOBAR_ARRIAGADA__VALPARAISO_I,GUILLERMO ANDRES ESCOBAR ARRIAGADA,H,REGIÓN DE VALPARAÍSO,VALPARAISO I,P,PARTIDO DE LA GENTE E INDEPENDIENTES,,PDG,PARTIDO DE LA GENTE,121,1,Sí,1,12,9549,9549,100.0,No
EVELYN_GISELLI_DE_LOURDES_NAVARRO_ARAYA__VALPARAISO_I,EVELYN GISELLI DE LOURDES NAVARRO ARAYA,M,REGIÓN DE VALPARAÍSO,VALPARAISO I,Q,POR UN CHILE MEJOR,,PDC,PARTIDO DEMOCRATA CRISTIANO,122,1,Sí,2,12,6960,14758,47.160862,No
CARLOS_JAVIER_ALARCON_QUINTEROS__VALPARAISO_I,CARLOS JAVIER ALARCON QUINTEROS,H,REGIÓN DE VALPARAÍSO,VALPARAISO I,Q,POR UN CHILE MEJOR,,IND,INDEPENDIENTES,123,2,No,2,12,7798,14758,52.839138,No
FELIPE_RODOLFO_VERGARA_LUCERO__VALPARAISO_I,FELIPE RODOLFO VERGARA LUCERO,H,REGIÓN DE VALPARAÍSO,VALPARAISO I,R,CENTRO DEMOCRATICO,DEMOCRATAS E INDEPENDIENTES,DEMOCRATAS,PARTIDO DEMOCRATAS CHILE,124,1,Sí,1,12,9123,9123,100.0,No
TANIA_ESTEFANIA_VALENZUELA_ROSSI__VALPARAISO_I,TANIA ESTEFANIA VALENZUELA ROSSI,M,REGIÓN DE VALPARAÍSO,VALPARAISO I,S,FRENTE AMPLIO,FRENTE AMPLIO E INDEPENDIENTES,FA,FRENTE AMPLIO,125,1,Sí,5,12,19632,37198,52.777031,Sí
LUIS_ALFREDO_PULGAR_ALCANTAR__VALPARAISO_I,LUIS ALFREDO PULGAR ALCANTAR,H,REGIÓN DE VALPARAÍSO,VALPARAISO I,S,FRENTE AMPLIO,FRENTE AMPLIO E INDEPENDIENTES,FA,FRENTE AMPLIO,126,2,No,5,12,4086,37198,10.984462,No
FRANCISCO_CRISTOBAL_GUILARDES_MORALES__VALPARAISO_I,FRANCISCO CRISTOBAL GUILARDES MORALES,H,REGIÓN DE VALPARAÍSO,VALPARAISO I,S,FRENTE AMPLIO,FRENTE AMPLIO E INDEPENDIENTES,FA,FRENTE AMPLIO,127,3,No,5,12,5592,37198,15.033066,No
MARCELA_VALESKA_NIETO_RIVERA__VALPARAISO_I,MARCELA VALESKA NIETO RIVERA,M,REGIÓN DE VALPARAÍSO,VALPARAISO I,S,FRENTE AMPLIO,FRENTE AMPLIO E INDEPENDIENTES,FA,FRENTE AMPLIO,128,4,No,5,12,4197,37198,11.282865,No
CARLOS_ENRIQUE_VEGAS_BERNAL__VALPARAISO_I,CARLOS ENRIQUE VEGAS BERNAL,H,REGIÓN DE VALPARAÍSO,VALPARAISO I,S,FRENTE AMPLIO,FRENTE AMPLIO E INDEPENDIENTES,IND,INDEPENDIENTES,129,5,No,5,12,3691,37198,9.922576,No
OSVALDO_URRUTIA_SOTO__VALPARAISO_I,OSVALDO URRUTIA SOTO,H,REGIÓN DE VALPARAÍSO,VALPARAISO I,V,CHILE VAMOS UDI - INDEPENDIENTES,,UDI,UNION DEMOCRATA INDEPENDIENTE,130,1,Sí,5,12,19134,29587,64.670294,Sí
LAURA_ACOSTA_VERGARA__VALPARAISO_I,LAURA ACOSTA VERGARA,M,REGIÓN DE VALPARAÍSO,VALPARAISO I,V,CHILE VAMOS UDI - INDEPENDIENTES,,UDI,UNION DEMOCRATA INDEPENDIENTE,131,2,No,5,12,4152,29587,14.03319,No
ANDRES_SANCHEZ_CRUZ__VALPARAISO_I,ANDRES SANCHEZ CRUZ,H,REGIÓN DE VALPARAÍSO,VALPARAISO I,V,CHILE VAMOS UDI - INDEPENDIENTES,,UDI,UNION DEMOCRATA INDEPENDIENTE,132,3,No,5,12,1820,29587,6.15135,No
IVAN_MARTINEZ_PAVEZ__VALPARAISO_I,IVAN MARTINEZ PAVEZ,H,REGIÓN DE VALPARAÍSO,VALPARAISO I,V,CHILE VAMOS UDI - INDEPENDIENTES,,IND,INDEPENDIENTES,133,4,No,5,12,2302,29587,7.780444,No
MARIA_SOLEDAD_FERNANDEZ_PIZARRO__VALPARAISO_I,MARIA SOLEDAD FERNANDEZ PIZARRO,M,REGIÓN DE VALPARAÍSO,VALPARAISO I,V,CHILE VAMOS UDI - INDEPENDIENTES,,IND,INDEPENDIENTES,134,5,No,5,12,2179,29587,7.364721,No
ADRIANO_FRANCISCO_VENTURA_CERISOLA__VALPARAISO_I,ADRIANO FRANCISCO VENTURA CERISOLA,H,REGIÓN DE VALPARAÍSO,VALPARAISO I,W,CHILE VAMOS EVOPOLI - INDEPENDIENTES,,EVOPOLI,EVOLUCION POLITICA,135,1,Sí,1,12,5790,5790,100.0,No
JAVIER_IGNACIO_VENEGAS_MUNOZ__VALPARAISO_I,JAVIER IGNACIO VENEGAS MUÑOZ,H,REGIÓN DE VALPARAÍSO,VALPARAISO I,Y,REPUBLICANOS E INDEPENDIENTES,,REPUBLICANO,PARTIDO REPUBLICANO DE CHILE,136,1,Sí,5,12,17432,53915,32.332375,Sí
JOHN_BYRNE_POPE__VALPARAISO_I,JOHN BYRNE POPE,H,REGIÓN DE VALPARAÍSO,VALPARAISO I,Y,REPUBLICANOS E INDEPENDIENTES,,REPUBLICANO,PARTIDO REPUBLICANO DE CHILE,137,2,No,5,12,11478,53915,21.289066,No
CATALINA_MARIA_THAUBY_KREBS__VALPARAISO_I,CATALINA MARIA THAUBY KREBS,M,REGIÓN DE VALPARAÍSO,VALPARAISO I,Y,REPUBLICANOS E INDEPENDIENTES,,REPUBLICANO,PARTIDO REPUBLICANO DE CHILE,138,3,No,5,12,15837,53915,29.374015,Sí
CARLOS_ALEJANDRO_SEBASTIAN_FLORES_RUIS__VALPARAISO_I,CARLOS ALEJANDRO SEBASTIAN FLORES RUIS,H,REGIÓN DE VALPARAÍSO,VALPARAISO I,Y,REPUBLICANOS E INDEPENDIENTES,,REPUBLICANO,PARTIDO REPUBLICANO DE CHILE,139,4,No,5,12,4645,53915,8.615413,No
CRISTOBAL_DARIO_FERNANDEZ_DIAZ__VALPARAISO_I,CRISTOBAL DARIO FERNANDEZ DIAZ,H,REGIÓN DE VALPARAÍSO,VALPARAISO I,Y,REPUBLICANOS E INDEPENDIENTES,,REPUBLICANO,PARTIDO REPUBLICANO DE CHILE,140,5,No,5,12,4523,53915,8.389131,No
BEATRIZ_GABRIELA_OLIVARES_VELASCO__VALPARAISO_II,BEATRIZ GABRIELA OLIVARES VELASCO,M,REGIÓN DE VALPARAÍSO,VALPARAISO II,B,IZQUIERDA ECOLOGISTA POPULAR,,POPULAR,POPULAR,100,1,Sí,4,12,4568,14891,30.676247,No
YENNY_CARMEN_DIAZ_SANTANA__VALPARAISO_II,YENNY CARMEN DIAZ SANTANA,M,REGIÓN DE VALPARAÍSO,VALPARAISO II,B,IZQUIERDA ECOLOGISTA POPULAR,,IND,INDEPENDIENTES,101,2,No,4,12,2362,14891,15.86193,No
KARLA_PAOLA_HUERTA_MARTINEZ__VALPARAISO_II,KARLA PAOLA HUERTA MARTINEZ,M,REGIÓN DE VALPARAÍSO,VALPARAISO II,B,IZQUIERDA ECOLOGISTA POPULAR,,IND,INDEPENDIENTES,102,3,No,4,12,6660,14891,44.725002,No
IVAN_MARCELO_ARTEAGA_FUENTES__VALPARAISO_II,IVAN MARCELO ARTEAGA FUENTES,H,REGIÓN DE VALPARAÍSO,VALPARAISO II,B,IZQUIERDA ECOLOGISTA POPULAR,,IND,INDEPENDIENTES,103,4,No,4,12,1301,14891,8.736821,No
CAROLINA_PATRICIA_FERNANDEZ_QUEZADA__VALPARAISO_II,CAROLINA PATRICIA FERNANDEZ QUEZADA,M,REGIÓN DE VALPARAÍSO,VALPARAISO II,C,TODAS Y TODOS POR CHILE,PARTIDO COMUNISTA E INDEPENDIENTES,PCCH,PARTIDO COMUNISTA DE CHILE,104,1,Sí,3,12,9168,15049,60.920991,No
ANA_GLADYS_CATALAN_GONZALEZ__VALPARAISO_II,ANA GLADYS CATALAN GONZALEZ,M,REGIÓN DE VALPARAÍSO,VALPARAISO II,C,TODAS Y TODOS POR CHILE,PARTIDO COMUNISTA E INDEPENDIENTES,PCCH,PARTIDO COMUNISTA DE CHILE,105,2,No,3,12,3244,15049,21.55625,No
ALICIA_PURISIMA_ELOISA_YEVENES_AHUMADA__VALPARAISO_II,ALICIA PURISIMA ELOISA YEVENES AHUMADA,M,REGIÓN DE VALPARAÍSO,VALPARAISO II,C,TODAS Y TODOS POR CHILE,PARTIDO COMUNISTA E INDEPENDIENTES,IND,INDEPENDIENTES,106,3,No,3,12,2637,15049,17.522759,No
ESTEBAN_HERNAN_BARAHONA_CONTRERAS__VALPARAISO_II,ESTEBAN HERNAN BARAHONA CONTRERAS,H,REGIÓN DE VALPARAÍSO,VALPARAISO II,F,PARTIDO SOCIAL CRISTIANO E INDEPENDIENTES,,PSC,PARTIDO SOCIAL CRISTIANO,107,1,Sí,4,12,2978,6813,43.710553,No
ELIANA_ANGELICA_URRUTIA_YANEZ__VALPARAISO_II,ELIANA ANGELICA URRUTIA YAÑEZ,M,REGIÓN DE VALPARAÍSO,VALPARAISO II,F,PARTIDO SOCIAL CRISTIANO E INDEPENDIENTES,,IND,INDEPENDIENTES,108,2,No,4,12,1737,6813,25.495376,No
GERARDO_INGMAR_ASTUDILLO_ROJAS__VALPARAISO_II,GERARDO INGMAR ASTUDILLO ROJAS,H,REGIÓN DE VALPARAÍSO,VALPARAISO II,F,PARTIDO SOCIAL CRISTIANO E INDEPENDIENTES,,IND,INDEPENDIENTES,109,3,No,4,12,861,6813,12.637605,No
RUTH_AGUIRRE_VALENCIA__VALPARAISO_II,RUTH AGUIRRE VALENCIA,M,REGIÓN DE VALPARAÍSO,VALPARAISO II,F,PARTIDO SOCIAL CRISTIANO E INDEPENDIENTES,,IND,INDEPENDIENTES,110,4,No,4,12,1237,6813,18.156466,No
JAVIER_FERNANDEZ_CASTRO__VALPARAISO_II,JAVIER FERNANDEZ CASTRO,H,REGIÓN DE VALPARAÍSO,VALPARAISO II,I,CHILE VAMOS RENOVACION NACIONAL - INDEPENDIENTES,,RN,RENOVACION NACIONAL,111,1,Sí,4,12,3589,11837,30.320182,No
ROMY_VASQUEZ_OLIVARES__VALPARAISO_II,ROMY VASQUEZ OLIVARES,M,REGIÓN DE VALPARAÍSO,VALPARAISO II,I,CHILE VAMOS RENOVACION NACIONAL - INDEPENDIENTES,,RN,RENOVACION NACIONAL,112,2,No,4,12,3561,11837,30.083636,No
JOSE_PEDRO_NUNEZ_BARRUEL__VALPARAISO_II,JOSE PEDRO NUÑEZ BARRUEL,H,REGIÓN DE VALPARAÍSO,VALPARAISO II,I,CHILE VAMOS RENOVACION NACIONAL - INDEPENDIENTES,,RN,RENOVACION NACIONAL,113,3,No,4,12,2434,11837,20.562643,No
ANDREHA_BAEZA_LUCO__VALPARAISO_II,ANDREHA BAEZA LUCO,M,REGIÓN DE VALPARAÍSO,VALPARAISO II,I,CHILE VAMOS RENOVACION NACIONAL - INDEPENDIENTES,,IND,INDEPENDIENTES,114,4,No,4,12,2253,11837,19.033539,No
PAULO_PEREZ_VILLABLANCA__VALPARAISO_II,PAULO PEREZ VILLABLANCA,H,REGIÓN DE VALPARAÍSO,VALPARAISO II,L,TU REGION RADICAL,,IND,INDEPENDIENTES,115,1,Sí,1,12,3202,3202,100.0,No
PRISCILA_BESNA_FLEMING_ARANGUIZ__VALPARAISO_II,PRISCILA BESNA FLEMING ARANGUIZ,M,REGIÓN DE VALPARAÍSO,VALPARAISO II,M,REGIONES VERDES LIBERALES,,IND,INDEPENDIENTES,116,1,Sí,1,12,9276,9276,100.0,No
OMAR_GABRIEL_VALDIVIA_ALVAREZ__VALPARAISO_II,OMAR GABRIEL VALDIVIA ALVAREZ,H,REGIÓN DE VALPARAÍSO,VALPARAISO II,N,LO MEJOR PARA CHILE,PPD E INDEPENDIENTES,PPD,PARTIDO POR LA DEMOCRACIA,117,1,Sí,4,12,6552,16372,40.019546,Sí
MANUEL_EUGENIO_GUERRERO_HENRIQUEZ__VALPARAISO_II,MANUEL EUGENIO GUERRERO HENRIQUEZ,H,REGIÓN DE VALPARAÍSO,VALPARAISO II,N,LO MEJOR PARA CHILE,PPD E INDEPENDIENTES,IND,INDEPENDIENTES,118,2,No,4,12,3853,16372,23.534083,No
IVAN_SERGIO_VUSKOVIC_VILLANUEVA__VALPARAISO_II,IVAN SERGIO VUSKOVIC VILLANUEVA,H,REGIÓN DE VALPARAÍSO,VALPARAISO II,N,LO MEJOR PARA CHILE,PS E INDEPENDIENTES,PS,PARTIDO SOCIALISTA DE CHILE,119,3,No,4,12,3605,16372,22.019301,No
MARCELA_ESPINOZA_SILVA__VALPARAISO_II,MARCELA ESPINOZA SILVA,M,REGIÓN DE VALPARAÍSO,VALPARAISO II,N,LO MEJOR PARA CHILE,PS E INDEPENDIENTES,PS,PARTIDO SOCIALISTA DE CHILE,120,4,No,4,12,2362,16372,14.427071,No
NICOLAS_EDUARDO_FARFAN_VEGA__VALPARAISO_II,NICOLAS EDUARDO FARFAN VEGA,H,REGIÓN DE VALPARAÍSO,VALPARAISO II,P,PARTIDO DE LA GENTE E INDEPENDIENTES,,PDG,PARTIDO DE LA GENTE,121,1,Sí,1,12,11448,11448,100.0,No
MANUEL_ARMANDO_TOBAR_LEIVA__VALPARAISO_II,MANUEL ARMANDO TOBAR LEIVA,H,REGIÓN DE VALPARAÍSO,VALPARAISO II,Q,POR UN CHILE MEJOR,,PDC,PARTIDO DEMOCRATA CRISTIANO,122,1,Sí,2,12,2911,4643,62.696532,No
ESTEBAN_ANDRES_VEGA_TORO__VALPARAISO_II,ESTEBAN ANDRES VEGA TORO,H,REGIÓN DE VALPARAÍSO,VALPARAISO II,Q,POR UN CHILE MEJOR,,PDC,PARTIDO DEMOCRATA CRISTIANO,123,2,No,2,12,1732,4643,37.303468,No
PAULA_ROSSO_MONTENEGRO__VALPARAISO_II,PAULA ROSSO MONTENEGRO,M,REGIÓN DE VALPARAÍSO,VALPARAISO II,S,FRENTE AMPLIO,FRENTE AMPLIO E INDEPENDIENTES,FA,FRENTE AMPLIO,124,1,Sí,4,12,9826,27510,35.717921,Sí
SEBASTIAN_RODRIGO_VICENCIO_INOSTROZA__VALPARAISO_II,SEBASTIAN RODRIGO VICENCIO INOSTROZA,H,REGIÓN DE VALPARAÍSO,VALPARAISO II,S,FRENTE AMPLIO,FRENTE AMPLIO E INDEPENDIENTES,FA,FRENTE AMPLIO,125,2,No,4,12,6114,27510,22.224646,No
JOCELYN_MARLENE_VENEGAS_NEIRA__VALPARAISO_II,JOCELYN MARLENE VENEGAS NEIRA,M,REGIÓN DE VALPARAÍSO,VALPARAISO II,S,FRENTE AMPLIO,FRENTE AMPLIO E INDEPENDIENTES,FA,FRENTE AMPLIO,126,3,No,4,12,7465,27510,27.135587,No
MANUEL_LANAS_QUINONES__VALPARAISO_II,MANUEL LANAS QUIÑONES,H,REGIÓN DE VALPARAÍSO,VALPARAISO II,S,FRENTE AMPLIO,FRENTE AMPLIO E INDEPENDIENTES,IND,INDEPENDIENTES,127,4,No,4,12,4105,27510,14.921847,No
JORGE_CASTRO_MUNOZ__VALPARAISO_II,JORGE CASTRO MUÑOZ,H,REGIÓN DE VALPARAÍSO,VALPARAISO II,V,CHILE VAMOS UDI - INDEPENDIENTES,,UDI,UNION DEMOCRATA INDEPENDIENTE,128,1,Sí,4,12,11935,16129,73.997148,No
VICTOR_VALDES_PINTO__VALPARAISO_II,VICTOR VALDES PINTO,H,REGIÓN DE VALPARAÍSO,VALPARAISO II,V,CHILE VAMOS UDI - INDEPENDIENTES,,UDI,UNION DEMOCRATA INDEPENDIENTE,129,2,No,4,12,2173,16129,13.472627,No
ERNESTO_MANRIQUEZ_MENDOZA__VALPARAISO_II,ERNESTO MANRIQUEZ MENDOZA,H,REGIÓN DE VALPARAÍSO,VALPARAISO II,V,CHILE VAMOS UDI - INDEPENDIENTES,,IND,INDEPENDIENTES,130,3,No,4,12,894,16129,5.542811,No
PATRICIO_ESTAY_MENDEZ__VALPARAISO_II,PATRICIO ESTAY MENDEZ,H,REGIÓN DE VALPARAÍSO,VALPARAISO II,V,CHILE VAMOS UDI - INDEPENDIENTES,,IND,INDEPENDIENTES,131,4,No,4,12,1127,16129,6.987414,No
JOSE_LUIS_MIRANDA_MUNOZ__VALPARAISO_II,JOSE LUIS MIRANDA MUÑOZ,H,REGIÓN DE VALPARAÍSO,VALPARAISO II,Y,REPUBLICANOS E INDEPENDIENTES,,REPUBLICANO,PARTIDO REPUBLICANO DE CHILE,132,1,Sí,3,12,13014,35310,36.856415,Sí
GABRIEL_LARS_THORESEN_WILLIAMS__VALPARAISO_II,GABRIEL LARS THORESEN WILLIAMS,H,REGIÓN DE VALPARAÍSO,VALPARAISO II,Y,REPUBLICANOS E INDEPENDIENTES,,REPUBLICANO,PARTIDO REPUBLICANO DE CHILE,133,2,No,3,12,7185,35310,20.348343,No
PAULINA_YANEZ_GULA__VALPARAISO_II,PAULINA YAÑEZ GULA,M,REGIÓN DE VALPARAÍSO,VALPARAISO II,Y,REPUBLICANOS E INDEPENDIENTES,,REPUBLICANO,PARTIDO REPUBLICANO DE CHILE,134,3,No,3,12,15111,35310,42.795242,Sí
DIEGO_ANDRES_VERGARA_PEREZ__CHACABUCO,DIEGO ANDRES VERGARA PEREZ,H,REGIÓN METROPOLITANA DE SANTIAGO,CHACABUCO,B,IZQUIERDA ECOLOGISTA POPULAR,,IND,INDEPENDIENTES,100,1,Sí,1,11,8794,8794,100.0,No
JACOB_JONATHAN_RAMIREZ_CABA__CHACABUCO,JACOB JONATHAN RAMIREZ CABA,H,REGIÓN METROPOLITANA DE SANTIAGO,CHACABUCO,C,TODAS Y TODOS POR CHILE,PARTIDO COMUNISTA E INDEPENDIENTES,PCCH,PARTIDO COMUNISTA DE CHILE,101,1,Sí,2,11,2740,7027,38.992458,No
YASNA_KATHERINE_CLARK_PINTO__CHACABUCO,YASNA KATHERINE CLARK PINTO,M,REGIÓN METROPOLITANA DE SANTIAGO,CHACABUCO,C,TODAS Y TODOS POR CHILE,PARTIDO COMUNISTA E INDEPENDIENTES,PCCH,PARTIDO COMUNISTA DE CHILE,102,2,No,2,11,4287,7027,61.007542,No
CRISTOBAL_SAAVEDRA_ALARCON__CHACABUCO,CRISTOBAL SAAVEDRA ALARCON,H,REGIÓN METROPOLITANA DE SANTIAGO,CHACABUCO,I,CHILE VAMOS RENOVACION NACIONAL - INDEPENDIENTES,,RN,RENOVACION NACIONAL,103,1,Sí,2,11,9674,15151,63.850571,No
PATRICIA_DINAMARCA_SOTO__CHACABUCO,PATRICIA DINAMARCA SOTO,M,REGIÓN METROPOLITANA DE SANTIAGO,CHACABUCO,I,CHILE VAMOS RENOVACION NACIONAL - INDEPENDIENTES,,RN,RENOVACION NACIONAL,104,2,No,2,11,5477,15151,36.149429,No
FRANCISCA_ALEJANDRA_GUTIERREZ_CASTRO__CHACABUCO,FRANCISCA ALEJANDRA GUTIERREZ CASTRO,M,REGIÓN METROPOLITANA DE SANTIAGO,CHACABUCO,M,REGIONES VERDES LIBERALES,,PL,PARTIDO LIBERAL DE CHILE,105,1,Sí,1,11,4653,4653,100.0,No
JORGE_ALBERTO_SUAREZ_SUAREZ__CHACABUCO,JORGE ALBERTO SUAREZ SUAREZ,H,REGIÓN METROPOLITANA DE SANTIAGO,CHACABUCO,N,LO MEJOR PARA CHILE,PS E INDEPENDIENTES,PS,PARTIDO SOCIALISTA DE CHILE,106,1,Sí,2,11,5304,15082,35.16775,No
MAURICIO_GUILLERMO_MORAN_AVENDANO__CHACABUCO,MAURICIO GUILLERMO MORAN AVENDAÑO,H,REGIÓN METROPOLITANA DE SANTIAGO,CHACABUCO,N,LO MEJOR PARA CHILE,PPD E INDEPENDIENTES,IND,INDEPENDIENTES,107,2,No,2,11,9778,15082,64.83225,No
LEYLA_MASSIEL_JARA_LOPEZ__CHACABUCO,LEYLA MASSIEL JARA LOPEZ,M,REGIÓN METROPOLITANA DE SANTIAGO,CHACABUCO,P,PARTIDO DE LA GENTE E INDEPENDIENTES,,PDG,PARTIDO DE LA GENTE,108,1,Sí,2,11,4730,7260,65.151515,No
JACQUELINE_PATRICIA_ALARCON_BORQUEZ__CHACABUCO,JACQUELINE PATRICIA ALARCON BORQUEZ,M,REGIÓN METROPOLITANA DE SANTIAGO,CHACABUCO,P,PARTIDO DE LA GENTE E INDEPENDIENTES,,PDG,PARTIDO DE LA GENTE,109,2,No,2,11,2530,7260,34.848485,No
CLAUDIA_ANDREA_ATENAS_SOZA__CHACABUCO,CLAUDIA ANDREA ATENAS SOZA,M,REGIÓN METROPOLITANA DE SANTIAGO,CHACABUCO,Q,POR UN CHILE MEJOR,,PDC,PARTIDO DEMOCRATA CRISTIANO,110,1,Sí,2,11,8112,15104,53.707627,No
CLAUDIA_ACEVEDO_CORNEJO__CHACABUCO,CLAUDIA ACEVEDO CORNEJO,M,REGIÓN METROPOLITANA DE SANTIAGO,CHACABUCO,Q,POR UN CHILE MEJOR,,PDC,PARTIDO DEMOCRATA CRISTIANO,111,2,No,2,11,6992,15104,46.292373,No
EDUARDO_ALEJANDRO_ACUNA_FUENTES__CHACABUCO,EDUARDO ALEJANDRO ACUÑA FUENTES,H,REGIÓN METROPOLITANA DE SANTIAGO,CHACABUCO,S,FRENTE AMPLIO,FRENTE AMPLIO E INDEPENDIENTES,IND,INDEPENDIENTES,112,1,Sí,1,11,10531,10531,100.0,No
PEDRO_PABLO_HERREROS_BEJARES__CHACABUCO,PEDRO PABLO HERREROS BEJARES,H,REGIÓN METROPOLITANA DE SANTIAGO,CHACABUCO,V,CHILE VAMOS UDI - INDEPENDIENTES,,UDI,UNION DEMOCRATA INDEPENDIENTE,113,1,Sí,2,11,10791,15548,69.404425,Sí
FRANCISCA_SILVA_VARGAS__CHACABUCO,FRANCISCA SILVA VARGAS,M,REGIÓN METROPOLITANA DE SANTIAGO,CHACABUCO,V,CHILE VAMOS UDI - INDEPENDIENTES,,IND,INDEPENDIENTES,114,2,No,2,11,4757,15548,30.595575,No
MARIA_ALEJANDRA_LANTADILLA_BUDINICH__CHACABUCO,MARIA ALEJANDRA LANTADILLA BUDINICH,M,REGIÓN METROPOLITANA DE SANTIAGO,CHACABUCO,W,CHILE VAMOS EVOPOLI - INDEPENDIENTES,,EVOPOLI,EVOLUCION POLITICA,115,1,Sí,2,11,5440,6440,84.47205,No
AARON_FELIPE_ASTORGA_MARQUEZ__CHACABUCO,AARON FELIPE ASTORGA MARQUEZ,H,REGIÓN METROPOLITANA DE SANTIAGO,CHACABUCO,W,CHILE VAMOS EVOPOLI - INDEPENDIENTES,,EVOPOLI,EVOLUCION POLITICA,116,2,No,2,11,1000,6440,15.52795,No
CARLOS_TELLERIA_GUTIERREZ__CHACABUCO,CARLOS TELLERIA GUTIERREZ,H,REGIÓN METROPOLITANA DE SANTIAGO,CHACABUCO,Y,REPUBLICANOS E INDEPENDIENTES,,REPUBLICANO,PARTIDO REPUBLICANO DE CHILE,117,1,Sí,2,11,16902,30889,54.718508,Sí
JESSICA_GONZALEZ_SOTO__CHACABUCO,JESSICA GONZALEZ SOTO,M,REGIÓN METROPOLITANA DE SANTIAGO,CHACABUCO,Y,REPUBLICANOS E INDEPENDIENTES,,REPUBLICANO,PARTIDO REPUBLICANO DE CHILE,118,2,No,2,11,13987,30889,45.281492,No
ARIEL_ROMINA_HERRERA_BALBOA__CORDILLERA,ARIEL ROMINA HERRERA BALBOA,M,REGIÓN METROPOLITANA DE SANTIAGO,CORDILLERA,B,IZQUIERDA ECOLOGISTA POPULAR,,PH,PARTIDO HUMANISTA,100,1,Sí,3,13,8232,18295,44.995901,No
GREGORIO_LUIS_MONDACA_CRESTTO__CORDILLERA,GREGORIO LUIS MONDACA CRESTTO,H,REGIÓN METROPOLITANA DE SANTIAGO,CORDILLERA,B,IZQUIERDA ECOLOGISTA POPULAR,,PH,PARTIDO HUMANISTA,101,2,No,3,13,2362,18295,12.910631,No
ROSSANA_DEL_PILAR_TARSETTI_GUAJARDO__CORDILLERA,ROSSANA DEL PILAR TARSETTI GUAJARDO,M,REGIÓN METROPOLITANA DE SANTIAGO,CORDILLERA,B,IZQUIERDA ECOLOGISTA POPULAR,,IND,INDEPENDIENTES,102,3,No,3,13,7701,18295,42.093468,No
ALEXIS_CAMPANA_BRAVO__CORDILLERA,ALEXIS CAMPAÑA BRAVO,H,REGIÓN METROPOLITANA DE SANTIAGO,CORDILLERA,C,TODAS Y TODOS POR CHILE,ACCION HUMANISTA E INDEPENDIENTES,AH,PARTIDO ACCIÓN HUMANISTA,103,1,Sí,3,13,2845,43894,6.481524,No
JUAN_WLADIMIR_NAVARRO_ROMERO__CORDILLERA,JUAN WLADIMIR NAVARRO ROMERO,H,REGIÓN METROPOLITANA DE SANTIAGO,CORDILLERA,C,TODAS Y TODOS POR CHILE,PARTIDO COMUNISTA E INDEPENDIENTES,PCCH,PARTIDO COMUNISTA DE CHILE,104,2,No,3,13,15675,43894,35.711031,No
VALERIA_ISIDORA_ORTEGA_CONTRERAS__CORDILLERA,VALERIA ISIDORA ORTEGA CONTRERAS,M,REGIÓN METROPOLITANA DE SANTIAGO,CORDILLERA,C,TODAS Y TODOS POR CHILE,PARTIDO COMUNISTA E INDEPENDIENTES,IND,INDEPENDIENTES,105,3,No,3,13,25374,43894,57.807445,Sí
ALLISON_OSSANDON_MANRIQUE__CORDILLERA,ALLISON OSSANDON MANRIQUE,M,REGIÓN METROPOLITANA DE SANTIAGO,CORDILLERA,F,PARTIDO SOCIAL CRISTIANO E INDEPENDIENTES,,PSC,PARTIDO SOCIAL CRISTIANO,106,1,Sí,3,13,13117,20222,64.864999,No
EDISON_LEBRACK_CARRASCO_VILLEGAS__CORDILLERA,EDISON LEBRACK CARRASCO VILLEGAS,H,REGIÓN METROPOLITANA DE SANTIAGO,CORDILLERA,F,PARTIDO SOCIAL CRISTIANO E INDEPENDIENTES,,IND,INDEPENDIENTES,107,2,No,3,13,2477,20222,12.249036,No
MONICA_ORTIZ_VIDAL__CORDILLERA,MONICA ORTIZ VIDAL,M,REGIÓN METROPOLITANA DE SANTIAGO,CORDILLERA,F,PARTIDO SOCIAL CRISTIANO E INDEPENDIENTES,,IND,INDEPENDIENTES,108,3,No,3,13,4628,20222,22.885966,No
JOSE_PABLO_SOTO_MADRID__CORDILLERA,JOSE PABLO SOTO MADRID,H,REGIÓN METROPOLITANA DE SANTIAGO,CORDILLERA,I,CHILE VAMOS RENOVACION NACIONAL - INDEPENDIENTES,,RN,RENOVACION NACIONAL,109,1,Sí,3,13,22440,43553,51.523431,Sí
LUIS_TAPIA_BASTIAS__CORDILLERA,LUIS TAPIA BASTIAS,H,REGIÓN METROPOLITANA DE SANTIAGO,CORDILLERA,I,CHILE VAMOS RENOVACION NACIONAL - INDEPENDIENTES,,RN,RENOVACION NACIONAL,110,2,No,3,13,9950,43553,22.845728,No
MAURICIO_ROSEN_FUENTEALBA__CORDILLERA,MAURICIO ROSEN FUENTEALBA,H,REGIÓN METROPOLITANA DE SANTIAGO,CORDILLERA,I,CHILE VAMOS RENOVACION NACIONAL - INDEPENDIENTES,,IND,INDEPENDIENTES,111,3,No,3,13,11163,43553,25.630841,No
GIOVANNA_NASTASI_ALMENDARES__CORDILLERA,GIOVANNA NASTASI ALMENDARES,M,REGIÓN METROPOLITANA DE SANTIAGO,CORDILLERA,M,REGIONES VERDES LIBERALES,,PL,PARTIDO LIBERAL DE CHILE,112,1,Sí,3,13,4582,12348,37.107224,No
RAMON_ALEJANDRO_AGUIRRE_AGUIRRE__CORDILLERA,RAMON ALEJANDRO AGUIRRE AGUIRRE,H,REGIÓN METROPOLITANA DE SANTIAGO,CORDILLERA,M,REGIONES VERDES LIBERALES,,FREVS,FEDERACION REGIONALISTA VERDE SOCIAL,113,2,No,3,13,1756,12348,14.220926,No
LUIS_HERNAN_MUNOZ_QUINTEROS__CORDILLERA,LUIS HERNAN MUÑOZ QUINTEROS,H,REGIÓN METROPOLITANA DE SANTIAGO,CORDILLERA,M,REGIONES VERDES LIBERALES,,IND,INDEPENDIENTES,114,3,No,3,13,6010,12348,48.67185,No
FERNANDO_MADRID_CATALAN__CORDILLERA,FERNANDO MADRID CATALAN,H,REGIÓN METROPOLITANA DE SANTIAGO,CORDILLERA,N,LO MEJOR PARA CHILE,PPD E INDEPENDIENTES,PPD,PARTIDO POR LA DEMOCRACIA,115,1,Sí,1,13,14335,14335,100.0,No
ALEJANDRA_PAMELA_JARA_QUIROZ__CORDILLERA,ALEJANDRA PAMELA JARA QUIROZ,M,REGIÓN METROPOLITANA DE SANTIAGO,CORDILLERA,P,PARTIDO DE LA GENTE E INDEPENDIENTES,,PDG,PARTIDO DE LA GENTE,116,1,Sí,2,13,11027,14943,73.79375,No
GLORIA_JEANNETTE_VERA_RUBIO__CORDILLERA,GLORIA JEANNETTE VERA RUBIO,M,REGIÓN METROPOLITANA DE SANTIAGO,CORDILLERA,P,PARTIDO DE LA GENTE E INDEPENDIENTES,,PDG,PARTIDO DE LA GENTE,117,2,No,2,13,3916,14943,26.20625,No
JONATHAN_ENRIQUE_BARRERA_GUAJARDO__CORDILLERA,JONATHAN ENRIQUE BARRERA GUAJARDO,H,REGIÓN METROPOLITANA DE SANTIAGO,CORDILLERA,R,CENTRO DEMOCRATICO,DEMOCRATAS E INDEPENDIENTES,IND,INDEPENDIENTES,118,1,Sí,1,13,17347,17347,100.0,No
ANTONIA_IGNACIA_ALVAREZ_SANDOVAL__CORDILLERA,ANTONIA IGNACIA ALVAREZ SANDOVAL,M,REGIÓN METROPOLITANA DE SANTIAGO,CORDILLERA,S,FRENTE AMPLIO,FRENTE AMPLIO E INDEPENDIENTES,FA,FRENTE AMPLIO,119,1,Sí,3,13,17250,35596,48.460501,No
JIMENA_DEL_CARMEN_QUEZADA_LIZAMA__CORDILLERA,JIMENA DEL CARMEN QUEZADA LIZAMA,M,REGIÓN METROPOLITANA DE SANTIAGO,CORDILLERA,S,FRENTE AMPLIO,FRENTE AMPLIO E INDEPENDIENTES,FA,FRENTE AMPLIO,120,2,No,3,13,6148,35596,17.271604,No
FABIAN_ALFONSO_ZUNIGA_TAPIA__CORDILLERA,FABIAN ALFONSO ZUÑIGA TAPIA,H,REGIÓN METROPOLITANA DE SANTIAGO,CORDILLERA,S,FRENTE AMPLIO,FRENTE AMPLIO E INDEPENDIENTES,IND,INDEPENDIENTES,121,3,No,3,13,12198,35596,34.267895,No
ELIAS_MESIAS_SANDOVAL__CORDILLERA,ELIAS MESIAS SANDOVAL,H,REGIÓN METROPOLITANA DE SANTIAGO,CORDILLERA,V,CHILE VAMOS UDI - INDEPENDIENTES,,UDI,UNION DEMOCRATA INDEPENDIENTE,122,1,Sí,2,13,8354,16660,50.144058,No
SOFIA_SCHWERTER_CABEZAS__CORDILLERA,SOFIA SCHWERTER CABEZAS,M,REGIÓN METROPOLITANA DE SANTIAGO,CORDILLERA,V,CHILE VAMOS UDI - INDEPENDIENTES,,UDI,UNION DEMOCRATA INDEPENDIENTE,123,2,No,2,13,8306,16660,49.855942,No
GONZALO_PATRICIO_QUIROZ_ARRIAGADA__CORDILLERA,GONZALO PATRICIO QUIROZ ARRIAGADA,H,REGIÓN METROPOLITANA DE SANTIAGO,CORDILLERA,W,CHILE VAMOS EVOPOLI - INDEPENDIENTES,,EVOPOLI,EVOLUCION POLITICA,124,1,Sí,3,13,2777,5382,51.597919,No
MARTIN_FRANCISCO_HIRIART_BERTRAND__CORDILLERA,MARTIN FRANCISCO HIRIART BERTRAND,H,REGIÓN METROPOLITANA DE SANTIAGO,CORDILLERA,W,CHILE VAMOS EVOPOLI - INDEPENDIENTES,,EVOPOLI,EVOLUCION POLITICA,125,2,No,3,13,1677,5382,31.15942,No
VICENTE_IGNACIO_DE_LA_NOI_SIMONELLI__CORDILLERA,VICENTE IGNACIO DE LA NOI SIMONELLI,H,REGIÓN METROPOLITANA DE SANTIAGO,CORDILLERA,W,CHILE VAMOS EVOPOLI - INDEPENDIENTES,,EVOPOLI,EVOLUCION POLITICA,126,3,No,3,13,928,5382,17.242661,No
MARIO_FERNANDO_RAMIREZ_VAZCONCELOS__CORDILLERA,MARIO FERNANDO RAMIREZ VAZCONCELOS,H,REGIÓN METROPOLITANA DE SANTIAGO,CORDILLERA,X,"ECOLOGISTAS, ANIMALISTAS E INDEPENDIENTES",,PAVP,PARTIDO ALIANZA VERDE POPULAR,127,1,Sí,1,13,18097,18097,100.0,No
EDITH_MYRIAM_AEDO_MEZA__CORDILLERA,EDITH MYRIAM AEDO MEZA,M,REGIÓN METROPOLITANA DE SANTIAGO,CORDILLERA,Y,REPUBLICANOS E INDEPENDIENTES,,REPUBLICANO,PARTIDO REPUBLICANO DE CHILE,128,1,Sí,2,13,22333,41129,54.299886,Sí
LUIS_DAVID_CORTES_RAMIREZ__CORDILLERA,LUIS DAVID CORTES RAMIREZ,H,REGIÓN METROPOLITANA DE SANTIAGO,CORDILLERA,Y,REPUBLICANOS E INDEPENDIENTES,,REPUBLICANO,PARTIDO REPUBLICANO DE CHILE,129,2,No,2,13,18796,41129,45.700114,No
ROLANDO_ARNOLDO_MEZA_ROMAN__MAIPO,ROLANDO ARNOLDO MEZA ROMAN,H,REGIÓN METROPOLITANA DE SANTIAGO,MAIPO,B,IZQUIERDA ECOLOGISTA POPULAR,,PH,PARTIDO HUMANISTA,100,1,Sí,2,13,5920,8471,69.885492,No
EFRAIN_MIGUEL_SALDIAS_ROA__MAIPO,EFRAIN MIGUEL SALDIAS ROA,H,REGIÓN METROPOLITANA DE SANTIAGO,MAIPO,B,IZQUIERDA ECOLOGISTA POPULAR,,PH,PARTIDO HUMANISTA,101,2,No,2,13,2551,8471,30.114508,No
YURI_RODRIGO_LAINO_GONZALEZ__MAIPO,YURI RODRIGO LAIÑO GONZALEZ,H,REGIÓN METROPOLITANA DE SANTIAGO,MAIPO,C,TODAS Y TODOS POR CHILE,PARTIDO COMUNISTA E INDEPENDIENTES,PCCH,PARTIDO COMUNISTA DE CHILE,102,1,Sí,1,13,12286,12286,100.0,No
ROSARIO_LIQUITAY_ROJAS__MAIPO,ROSARIO LIQUITAY ROJAS,M,REGIÓN METROPOLITANA DE SANTIAGO,MAIPO,F,PARTIDO SOCIAL CRISTIANO E INDEPENDIENTES,,PSC,PARTIDO SOCIAL CRISTIANO,103,1,Sí,3,13,5255,10315,50.945225,No
GERARDO_LUIS_NEGRON_MACIAS__MAIPO,GERARDO LUIS NEGRON MACIAS,H,REGIÓN METROPOLITANA DE SANTIAGO,MAIPO,F,PARTIDO SOCIAL CRISTIANO E INDEPENDIENTES,,IND,INDEPENDIENTES,104,2,No,3,13,2961,10315,28.705768,No
ERIC_ROBINSON_CARRASCO_VILLEGAS__MAIPO,ERIC ROBINSON CARRASCO VILLEGAS,H,REGIÓN METROPOLITANA DE SANTIAGO,MAIPO,F,PARTIDO SOCIAL CRISTIANO E INDEPENDIENTES,,IND,INDEPENDIENTES,105,3,No,3,13,2099,10315,20.349006,No
VANESSA_LEIVA_ROJAS__MAIPO,VANESSA LEIVA ROJAS,M,REGIÓN METROPOLITANA DE SANTIAGO,MAIPO,I,CHILE VAMOS RENOVACION NACIONAL - INDEPENDIENTES,,RN,RENOVACION NACIONAL,106,1,Sí,2,13,16616,27421,60.595894,No
JOVANKA_COLLAO_MARTINEZ__MAIPO,JOVANKA COLLAO MARTINEZ,M,REGIÓN METROPOLITANA DE SANTIAGO,MAIPO,I,CHILE VAMOS RENOVACION NACIONAL - INDEPENDIENTES,,IND,INDEPENDIENTES,107,2,No,2,13,10805,27421,39.404106,No
MARIO_PATRICIO_MARTELL_NARANJO__MAIPO,MARIO PATRICIO MARTELL NARANJO,H,REGIÓN METROPOLITANA DE SANTIAGO,MAIPO,M,REGIONES VERDES LIBERALES,,FREVS,FEDERACION REGIONALISTA VERDE SOCIAL,108,1,Sí,3,13,2314,8028,28.824116,No
CARLOS_ALBERTO_RIVERA_PINEDA__MAIPO,CARLOS ALBERTO RIVERA PIÑEDA,H,REGIÓN METROPOLITANA DE SANTIAGO,MAIPO,M,REGIONES VERDES LIBERALES,,FREVS,FEDERACION REGIONALISTA VERDE SOCIAL,109,2,No,3,13,1912,8028,23.816642,No
DANERITT_FAUNDEZ_CORNEJO__MAIPO,DANERITT FAUNDEZ CORNEJO,M,REGIÓN METROPOLITANA DE SANTIAGO,MAIPO,M,REGIONES VERDES LIBERALES,,PL,PARTIDO LIBERAL DE CHILE,110,3,No,3,13,3802,8028,47.359243,No
SADI_MELO_MOYA__MAIPO,SADI MELO MOYA,H,REGIÓN METROPOLITANA DE SANTIAGO,MAIPO,N,LO MEJOR PARA CHILE,PS E INDEPENDIENTES,PS,PARTIDO SOCIALISTA DE CHILE,111,1,Sí,2,13,20422,33610,60.761678,Sí
DANIEL_CARTES_CASTILLO__MAIPO,DANIEL CARTES CASTILLO,H,REGIÓN METROPOLITANA DE SANTIAGO,MAIPO,N,LO MEJOR PARA CHILE,PS E INDEPENDIENTES,PS,PARTIDO SOCIALISTA DE CHILE,112,2,No,2,13,13188,33610,39.238322,No
ANDRES_RAUL_SANCHEZ_FREDES__MAIPO,ANDRES RAUL SANCHEZ FREDES,H,REGIÓN METROPOLITANA DE SANTIAGO,MAIPO,P,PARTIDO DE LA GENTE E INDEPENDIENTES,,PDG,PARTIDO DE LA GENTE,113,1,Sí,1,13,14215,14215,100.0,No
GONZALO_ANTONIO_PACHECO_VILLAGRA__MAIPO,GONZALO ANTONIO PACHECO VILLAGRA,H,REGIÓN METROPOLITANA DE SANTIAGO,MAIPO,Q,POR UN CHILE MEJOR,,PDC,PARTIDO DEMOCRATA CRISTIANO,114,1,Sí,3,13,6380,15219,41.921283,No
VALERIA_NICOLE_ZAMUDIO_ROMAN__MAIPO,VALERIA NICOLE ZAMUDIO ROMAN,M,REGIÓN METROPOLITANA DE SANTIAGO,MAIPO,Q,POR UN CHILE MEJOR,,PDC,PARTIDO DEMOCRATA CRISTIANO,115,2,No,3,13,5576,15219,36.638413,No
NIXON_JEAN_PIERRE_BALMACEDA_ARAYA__MAIPO,NIXON JEAN PIERRE BALMACEDA ARAYA,H,REGIÓN METROPOLITANA DE SANTIAGO,MAIPO,Q,POR UN CHILE MEJOR,,IND,INDEPENDIENTES,116,3,No,3,13,3263,15219,21.440305,No
CAMILA_ISIDORA_NAVARRO_VARGAS__MAIPO,CAMILA ISIDORA NAVARRO VARGAS,M,REGIÓN METROPOLITANA DE SANTIAGO,MAIPO,S,FRENTE AMPLIO,FRENTE AMPLIO E INDEPENDIENTES,FA,FRENTE AMPLIO,117,1,Sí,3,13,17974,22935,78.369305,No
SEBASTIAN_OSVALDO_GALARCE_PARDO__MAIPO,SEBASTIAN OSVALDO GALARCE PARDO,H,REGIÓN METROPOLITANA DE SANTIAGO,MAIPO,S,FRENTE AMPLIO,FRENTE AMPLIO E INDEPENDIENTES,FA,FRENTE AMPLIO,118,2,No,3,13,2433,22935,10.608241,No
FELIPE_ANDRES_ESPINOSA_ALARCON__MAIPO,FELIPE ANDRES ESPINOSA ALARCON,H,REGIÓN METROPOLITANA DE SANTIAGO,MAIPO,S,FRENTE AMPLIO,FRENTE AMPLIO E INDEPENDIENTES,FA,FRENTE AMPLIO,119,3,No,3,13,2528,22935,11.022455,No
NICOLE_AGUILERA_RAMIREZ__MAIPO,NICOLE AGUILERA RAMIREZ,M,REGIÓN METROPOLITANA DE SANTIAGO,MAIPO,V,CHILE VAMOS UDI - INDEPENDIENTES,,UDI,UNION DEMOCRATA INDEPENDIENTE,120,1,Sí,3,13,11950,28681,41.665214,Sí
RODRIGO_LABBE_AUSSET__MAIPO,RODRIGO LABBE AUSSET,H,REGIÓN METROPOLITANA DE SANTIAGO,MAIPO,V,CHILE VAMOS UDI - INDEPENDIENTES,,IND,INDEPENDIENTES,121,2,No,3,13,9954,28681,34.705903,No
PABLO_ANDRES_FUENZALIDA_VIVANCO__MAIPO,PABLO ANDRES FUENZALIDA VIVANCO,H,REGIÓN METROPOLITANA DE SANTIAGO,MAIPO,V,CHILE VAMOS UDI - INDEPENDIENTES,,IND,INDEPENDIENTES,122,3,No,3,13,6777,28681,23.628883,No
FLOR_FRANCISCA_GODOY_LUCERO__MAIPO,FLOR FRANCISCA GODOY LUCERO,M,REGIÓN METROPOLITANA DE SANTIAGO,MAIPO,W,CHILE VAMOS EVOPOLI - INDEPENDIENTES,,IND,INDEPENDIENTES,123,1,Sí,3,13,2543,7329,34.697776,No
JUAN_JOSE_MORENO_ZAMORANO__MAIPO,JUAN JOSE MORENO ZAMORANO,H,REGIÓN METROPOLITANA DE SANTIAGO,MAIPO,W,CHILE VAMOS EVOPOLI - INDEPENDIENTES,,IND,INDEPENDIENTES,124,2,No,3,13,2273,7329,31.013781,No
MARIA_JOSE_CORTEZ_DIAZ__MAIPO,MARIA JOSE CORTEZ DIAZ,M,REGIÓN METROPOLITANA DE SANTIAGO,MAIPO,W,CHILE VAMOS EVOPOLI - INDEPENDIENTES,,IND,INDEPENDIENTES,125,3,No,3,13,2513,7329,34.288443,No
JORGE_SEBASTIAN_HORMAZABAL_VALLECILLO__MAIPO,JORGE SEBASTIAN HORMAZABAL VALLECILLO,H,REGIÓN METROPOLITANA DE SANTIAGO,MAIPO,X,"ECOLOGISTAS, ANIMALISTAS E INDEPENDIENTES",,IND,INDEPENDIENTES,126,1,Sí,2,13,10953,15359,71.313237,No
WALTER_CABEZA_CERDA__MAIPO,WALTER CABEZA CERDA,H,REGIÓN METROPOLITANA DE SANTIAGO,MAIPO,X,"ECOLOGISTAS, ANIMALISTAS E INDEPENDIENTES",,IND,INDEPENDIENTES,127,2,No,2,13,4406,15359,28.686763,No
VICTOR_MANUEL_VALDES_LANDEROS__MAIPO,VICTOR MANUEL VALDES LANDEROS,H,REGIÓN METROPOLITANA DE SANTIAGO,MAIPO,Y,REPUBLICANOS E INDEPENDIENTES,,REPUBLICANO,PARTIDO REPUBLICANO DE CHILE,128,1,Sí,3,13,23178,54251,42.723636,Sí
MARCELA_CAROLINA_ZBINDEN_PEREIRA__MAIPO,MARCELA CAROLINA ZBINDEN PEREIRA,M,REGIÓN METROPOLITANA DE SANTIAGO,MAIPO,Y,REPUBLICANOS E INDEPENDIENTES,,REPUBLICANO,PARTIDO REPUBLICANO DE CHILE,129,2,No,3,13,19300,54251,35.575381,No
JUAN_FRANCISCO_VASQUEZ_SILVA__MAIPO,JUAN FRANCISCO VASQUEZ SILVA,H,REGIÓN METROPOLITANA DE SANTIAGO,MAIPO,Y,REPUBLICANOS E INDEPENDIENTES,,IND,INDEPENDIENTES,130,3,No,3,13,11773,54251,21.700982,No
JULIA_DEL_CARMEN_UGARTE_CANCINO__MELIPILLA,JULIA DEL CARMEN UGARTE CANCINO,M,REGIÓN METROPOLITANA DE SANTIAGO,MELIPILLA,C,TODAS Y TODOS POR CHILE,PARTIDO COMUNISTA E INDEPENDIENTES,IND,INDEPENDIENTES,100,1,Sí,1,10,5607,5607,100.0,No
SEBASTIAN_ZUNIGA_AMPUERO__MELIPILLA,SEBASTIAN ZUÑIGA AMPUERO,H,REGIÓN METROPOLITANA DE SANTIAGO,MELIPILLA,I,CHILE VAMOS RENOVACION NACIONAL - INDEPENDIENTES,,RN,RENOVACION NACIONAL,101,1,Sí,1,10,10348,10348,100.0,No
FELIPE_YERKO_ESPINOZA_CONTRERAS__MELIPILLA,FELIPE YERKO ESPINOZA CONTRERAS,H,REGIÓN METROPOLITANA DE SANTIAGO,MELIPILLA,L,TU REGION RADICAL,,IND,INDEPENDIENTES,102,1,Sí,1,10,3890,3890,100.0,No
RAUL_ANTONIO_ROJAS_LEON__MELIPILLA,RAUL ANTONIO ROJAS LEON,H,REGIÓN METROPOLITANA DE SANTIAGO,MELIPILLA,M,REGIONES VERDES LIBERALES,,FREVS,FEDERACION REGIONALISTA VERDE SOCIAL,103,1,Sí,2,10,3648,11260,32.397869,No
RAMON_ANDRES_MALLEA_ARAUS__MELIPILLA,RAMON ANDRES MALLEA ARAUS,H,REGIÓN METROPOLITANA DE SANTIAGO,MELIPILLA,M,REGIONES VERDES LIBERALES,,IND,INDEPENDIENTES,104,2,No,2,10,7612,11260,67.602131,No
CRISTINA_ALEJANDRA_SOTO_MESSINA__MELIPILLA,CRISTINA ALEJANDRA SOTO MESSINA,M,REGIÓN METROPOLITANA DE SANTIAGO,MELIPILLA,N,LO MEJOR PARA CHILE,PPD E INDEPENDIENTES,PPD,PARTIDO POR LA DEMOCRACIA,105,1,Sí,2,10,11875,22813,52.053654,Sí
JUAN_MANUEL_GONZALEZ_ALARCON__MELIPILLA,JUAN MANUEL GONZALEZ ALARCON,H,REGIÓN METROPOLITANA DE SANTIAGO,MELIPILLA,N,LO MEJOR PARA CHILE,PPD E INDEPENDIENTES,IND,INDEPENDIENTES,106,2,No,2,10,10938,22813,47.946346,No
LUIS_DIAZ_PALOMINOS__MELIPILLA,LUIS DIAZ PALOMINOS,H,REGIÓN METROPOLITANA DE SANTIAGO,MELIPILLA,Q,POR UN CHILE MEJOR,,IND,INDEPENDIENTES,107,1,Sí,1,10,3599,3599,100.0,No
BORIS_GABRIEL_CERDA_GARCIA__MELIPILLA,BORIS GABRIEL CERDA GARCIA,H,REGIÓN METROPOLITANA DE SANTIAGO,MELIPILLA,S,FRENTE AMPLIO,FRENTE AMPLIO E INDEPENDIENTES,FA,FRENTE AMPLIO,108,1,Sí,1,10,9684,9684,100.0,No
JAVIER_RAMIREZ_GONZALEZ__MELIPILLA,JAVIER RAMIREZ GONZALEZ,H,REGIÓN METROPOLITANA DE SANTIAGO,MELIPILLA,V,CHILE VAMOS UDI - INDEPENDIENTES,,UDI,UNION DEMOCRATA INDEPENDIENTE,109,1,Sí,2,10,19738,29475,66.965225,Sí
RODRIGO_PORTUGUEZ_FUENTES__MELIPILLA,RODRIGO PORTUGUEZ FUENTES,H,REGIÓN METROPOLITANA DE SANTIAGO,MELIPILLA,V,CHILE VAMOS UDI - INDEPENDIENTES,,IND,INDEPENDIENTES,110,2,No,2,10,9737,29475,33.034775,No
MARIANO_ANDRES_ALISTE_ALVAREZ__MELIPILLA,MARIANO ANDRES ALISTE ALVAREZ,H,REGIÓN METROPOLITANA DE SANTIAGO,MELIPILLA,W,CHILE VAMOS EVOPOLI - INDEPENDIENTES,,IND,INDEPENDIENTES,111,1,Sí,2,10,2940,4369,67.292287,No
ANGELO_ALIRO_CERDA_MESA__MELIPILLA,ANGELO ALIRO CERDA MESA,H,REGIÓN METROPOLITANA DE SANTIAGO,MELIPILLA,W,CHILE VAMOS EVOPOLI - INDEPENDIENTES,,IND,INDEPENDIENTES,112,2,No,2,10,1429,4369,32.707713,No
ENRIQUE_LARRONDO_ORREGO__MELIPILLA,ENRIQUE LARRONDO ORREGO,H,REGIÓN METROPOLITANA DE SANTIAGO,MELIPILLA,Y,REPUBLICANOS E INDEPENDIENTES,,REPUBLICANO,PARTIDO REPUBLICANO DE CHILE,113,1,Sí,2,10,10222,14228,71.844251,No
RICARDO_ESTEBAN_ARAYA_OLIVIER__MELIPILLA,RICARDO ESTEBAN ARAYA OLIVIER,H,REGIÓN METROPOLITANA DE SANTIAGO,MELIPILLA,Y,REPUBLICANOS E INDEPENDIENTES,,REPUBLICANO,PARTIDO REPUBLICANO DE CHILE,114,2,No,2,10,4006,14228,28.155749,No
AMELIA_DEL_CARMEN_GALLEGOS_RAMIREZ__SANTIAGO_I,AMELIA DEL CARMEN GALLEGOS RAMIREZ,M,REGIÓN METROPOLITANA DE SANTIAGO,SANTIAGO I,B,IZQUIERDA ECOLOGISTA POPULAR,,PH,PARTIDO HUMANISTA,100,1,Sí,3,15,11366,18884,60.188519,No
CRISTIAN_MARCELO_CALDERON_MUNOZ__SANTIAGO_I,CRISTIAN MARCELO CALDERON MUÑOZ,H,REGIÓN METROPOLITANA DE SANTIAGO,SANTIAGO I,B,IZQUIERDA ECOLOGISTA POPULAR,,PH,PARTIDO HUMANISTA,101,2,No,3,15,4317,18884,22.860623,No
JESUS_EDUARDO_PACHECO_GAVILAN__SANTIAGO_I,JESUS EDUARDO PACHECO GAVILAN,H,REGIÓN METROPOLITANA DE SANTIAGO,SANTIAGO I,B,IZQUIERDA ECOLOGISTA POPULAR,,PH,PARTIDO HUMANISTA,102,3,No,3,15,3201,18884,16.950858,No
BEATRIZ_DEL_PILAR_ALBORNOZ_SOTO__SANTIAGO_I,BEATRIZ DEL PILAR ALBORNOZ SOTO,M,REGIÓN METROPOLITANA DE SANTIAGO,SANTIAGO I,C,TODAS Y TODOS POR CHILE,PARTIDO COMUNISTA E INDEPENDIENTES,PCCH,PARTIDO COMUNISTA DE CHILE,103,1,Sí,3,15,31004,43368,71.4905,Sí
LUIS_EMILIO_HUENANTE_VEGA__SANTIAGO_I,LUIS EMILIO HUENANTE VEGA,H,REGIÓN METROPOLITANA DE SANTIAGO,SANTIAGO I,C,TODAS Y TODOS POR CHILE,PARTIDO COMUNISTA E INDEPENDIENTES,PCCH,PARTIDO COMUNISTA DE CHILE,104,2,No,3,15,7558,43368,17.427596,No
MELISSA_BELEN_TAPIA_PARRA__SANTIAGO_I,MELISSA BELEN TAPIA PARRA,M,REGIÓN METROPOLITANA DE SANTIAGO,SANTIAGO I,C,TODAS Y TODOS POR CHILE,ACCION HUMANISTA E INDEPENDIENTES,AH,PARTIDO ACCIÓN HUMANISTA,105,3,No,3,15,4806,43368,11.081904,No
CRISTOPHER_ALEXEIS_SUAREZ_GONZALEZ__SANTIAGO_I,CRISTOPHER ALEXEIS SUAREZ GONZALEZ,H,REGIÓN METROPOLITANA DE SANTIAGO,SANTIAGO I,F,PARTIDO SOCIAL CRISTIANO E INDEPENDIENTES,,IND,INDEPENDIENTES,106,1,Sí,2,15,7618,18347,41.521775,No
JOCELYN_CAROLINA_FERRADA_PACHECO__SANTIAGO_I,JOCELYN CAROLINA FERRADA PACHECO,M,REGIÓN METROPOLITANA DE SANTIAGO,SANTIAGO I,F,PARTIDO SOCIAL CRISTIANO E INDEPENDIENTES,,IND,INDEPENDIENTES,107,2,No,2,15,10729,18347,58.478225,No
NEBBIA_OTAROLA_LEON__SANTIAGO_I,NEBBIA OTAROLA LEON,M,REGIÓN METROPOLITANA DE SANTIAGO,SANTIAGO I,I,CHILE VAMOS RENOVACION NACIONAL - INDEPENDIENTES,,RN,RENOVACION NACIONAL,108,1,Sí,3,15,17791,38680,45.995346,Sí
FELIPE_TILLERIA_VILAZA__SANTIAGO_I,FELIPE TILLERIA VILAZA,H,REGIÓN METROPOLITANA DE SANTIAGO,SANTIAGO I,I,CHILE VAMOS RENOVACION NACIONAL - INDEPENDIENTES,,IND,INDEPENDIENTES,109,2,No,3,15,11319,38680,29.263185,No
PILAR_OLAVARRIA_TAPIA__SANTIAGO_I,PILAR OLAVARRIA TAPIA,M,REGIÓN METROPOLITANA DE SANTIAGO,SANTIAGO I,I,CHILE VAMOS RENOVACION NACIONAL - INDEPENDIENTES,,IND,INDEPENDIENTES,110,3,No,3,15,9570,38680,24.741468,No
ALEXIS_CRISTOPHER_GARRIDO_NUNEZ__SANTIAGO_I,ALEXIS CRISTOPHER GARRIDO NUÑEZ,H,REGIÓN METROPOLITANA DE SANTIAGO,SANTIAGO I,L,TU REGION RADICAL,,IND,INDEPENDIENTES,111,1,Sí,2,15,6824,11101,61.471939,No
FREDDY_ALEJANDRO_PLACENCIO_COFRE__SANTIAGO_I,FREDDY ALEJANDRO PLACENCIO COFRE,H,REGIÓN METROPOLITANA DE SANTIAGO,SANTIAGO I,L,TU REGION RADICAL,,IND,INDEPENDIENTES,112,2,No,2,15,4277,11101,38.528061,No
WALTER_GUILLERMO_GONZALEZ_MIRANDA__SANTIAGO_I,WALTER GUILLERMO GONZALEZ MIRANDA,H,REGIÓN METROPOLITANA DE SANTIAGO,SANTIAGO I,M,REGIONES VERDES LIBERALES,,FREVS,FEDERACION REGIONALISTA VERDE SOCIAL,113,1,Sí,3,15,4131,18435,22.408462,No
DAVID_GABRIEL_QUEZADA_GOMEZ__SANTIAGO_I,DAVID GABRIEL QUEZADA GOMEZ,H,REGIÓN METROPOLITANA DE SANTIAGO,SANTIAGO I,M,REGIONES VERDES LIBERALES,,FREVS,FEDERACION REGIONALISTA VERDE SOCIAL,114,2,No,3,15,5683,18435,30.827231,No
RODRIGO_VALLEJOS_CALDERON__SANTIAGO_I,RODRIGO VALLEJOS CALDERON,H,REGIÓN METROPOLITANA DE SANTIAGO,SANTIAGO I,M,REGIONES VERDES LIBERALES,,IND,INDEPENDIENTES,115,3,No,3,15,8621,18435,46.764307,No
BARBARA_ALEXANDRA_SEPULVEDA_VERA__SANTIAGO_I,BARBARA ALEXANDRA SEPULVEDA VERA,M,REGIÓN METROPOLITANA DE SANTIAGO,SANTIAGO I,N,LO MEJOR PARA CHILE,PPD E INDEPENDIENTES,PPD,PARTIDO POR LA DEMOCRACIA,116,1,Sí,3,15,16005,30357,52.722601,No
JOHANNA_VICTORIA_ESCANILLA_VILLARROEL__SANTIAGO_I,JOHANNA VICTORIA ESCANILLA VILLARROEL,M,REGIÓN METROPOLITANA DE SANTIAGO,SANTIAGO I,N,LO MEJOR PARA CHILE,PPD E INDEPENDIENTES,PPD,PARTIDO POR LA DEMOCRACIA,117,2,No,3,15,5692,30357,18.750206,No
MIGUEL_PASTENES_JAQUE__SANTIAGO_I,MIGUEL PASTENES JAQUE,H,REGIÓN METROPOLITANA DE SANTIAGO,SANTIAGO I,N,LO MEJOR PARA CHILE,PS E INDEPENDIENTES,PS,PARTIDO SOCIALISTA DE CHILE,118,3,No,3,15,8660,30357,28.527193,No
FRANCISCO_JAVIER_LIZANA_DONOSO__SANTIAGO_I,FRANCISCO JAVIER LIZANA DONOSO,H,REGIÓN METROPOLITANA DE SANTIAGO,SANTIAGO I,P,PARTIDO DE LA GENTE E INDEPENDIENTES,,PDG,PARTIDO DE LA GENTE,119,1,Sí,2,15,16380,23493,69.722896,No
JONATHAN_NICOLAS_GONZALEZ_NUNEZ__SANTIAGO_I,JONATHAN NICOLAS GONZALEZ NUÑEZ,H,REGIÓN METROPOLITANA DE SANTIAGO,SANTIAGO I,P,PARTIDO DE LA GENTE E INDEPENDIENTES,,PDG,PARTIDO DE LA GENTE,120,2,No,2,15,7113,23493,30.277104,No
DANIEL_RENATO_SPENCER_ROCCO__SANTIAGO_I,DANIEL RENATO SPENCER ROCCO,H,REGIÓN METROPOLITANA DE SANTIAGO,SANTIAGO I,Q,POR UN CHILE MEJOR,,PDC,PARTIDO DEMOCRATA CRISTIANO,121,1,Sí,1,15,20025,20025,100.0,No
JORGE_GALDAMES_HOROSTICA__SANTIAGO_I,JORGE GALDAMES HOROSTICA,H,REGIÓN METROPOLITANA DE SANTIAGO,SANTIAGO I,R,CENTRO DEMOCRATICO,DEMOCRATAS E INDEPENDIENTES,DEMOCRATAS,PARTIDO DEMOCRATAS CHILE,122,1,Sí,3,15,9148,19050,48.020997,No
JOSE_ARMANDO_PINO_MORALES__SANTIAGO_I,JOSE ARMANDO PINO MORALES,H,REGIÓN METROPOLITANA DE SANTIAGO,SANTIAGO I,R,CENTRO DEMOCRATICO,DEMOCRATAS E INDEPENDIENTES,IND,INDEPENDIENTES,123,2,No,3,15,5129,19050,26.923885,No
ITALO_GEOVANI_DUBO_SOZA__SANTIAGO_I,ITALO GEOVANI DUBO SOZA,H,REGIÓN METROPOLITANA DE SANTIAGO,SANTIAGO I,R,CENTRO DEMOCRATICO,DEMOCRATAS E INDEPENDIENTES,IND,INDEPENDIENTES,124,3,No,3,15,4773,19050,25.055118,No
LEONARDO_ANDRES_JOFRE_RIOS__SANTIAGO_I,LEONARDO ANDRES JOFRE RIOS,H,REGIÓN METROPOLITANA DE SANTIAGO,SANTIAGO I,S,FRENTE AMPLIO,FRENTE AMPLIO E INDEPENDIENTES,FA,FRENTE AMPLIO,125,1,Sí,3,15,18985,30736,61.767959,No
ROMINA_ANDREA_LAVIN_DIVAS__SANTIAGO_I,ROMINA ANDREA LAVIN DIVAS,M,REGIÓN METROPOLITANA DE SANTIAGO,SANTIAGO I,S,FRENTE AMPLIO,FRENTE AMPLIO E INDEPENDIENTES,FA,FRENTE AMPLIO,126,2,No,3,15,9821,30736,31.952759,No
MIGUEL_ALFREDO_ORTEGA_RUBIO__SANTIAGO_I,MIGUEL ALFREDO ORTEGA RUBIO,H,REGIÓN METROPOLITANA DE SANTIAGO,SANTIAGO I,S,FRENTE AMPLIO,FRENTE AMPLIO E INDEPENDIENTES,FA,FRENTE AMPLIO,127,3,No,3,15,1930,30736,6.279282,No
CLAUDIA_MULLER_MEDINA__SANTIAGO_I,CLAUDIA MULLER MEDINA,M,REGIÓN METROPOLITANA DE SANTIAGO,SANTIAGO I,V,CHILE VAMOS UDI - INDEPENDIENTES,,UDI,UNION DEMOCRATA INDEPENDIENTE,128,1,Sí,3,15,14039,28218,49.751931,No
JOSE_BUSTAMANTE_GARCIA__SANTIAGO_I,JOSE BUSTAMANTE GARCIA,H,REGIÓN METROPOLITANA DE SANTIAGO,SANTIAGO I,V,CHILE VAMOS UDI - INDEPENDIENTES,,IND,INDEPENDIENTES,129,2,No,3,15,5847,28218,20.720817,No
MACARENA_ESCALA_CARRASCO__SANTIAGO_I,MACARENA ESCALA CARRASCO,M,REGIÓN METROPOLITANA DE SANTIAGO,SANTIAGO I,V,CHILE VAMOS UDI - INDEPENDIENTES,,IND,INDEPENDIENTES,130,3,No,3,15,8332,28218,29.527252,No
ESTEBAN_JESUS_AGUILAR_GONZALEZ__SANTIAGO_I,ESTEBAN JESUS AGUILAR GONZALEZ,H,REGIÓN METROPOLITANA DE SANTIAGO,SANTIAGO I,W,CHILE VAMOS EVOPOLI - INDEPENDIENTES,,EVOPOLI,EVOLUCION POLITICA,131,1,Sí,3,15,4698,7731,60.768335,No
LUIS_RODRIGO_ANTEQUERA_ITURRALDE__SANTIAGO_I,LUIS RODRIGO ANTEQUERA ITURRALDE,H,REGIÓN METROPOLITANA DE SANTIAGO,SANTIAGO I,W,CHILE VAMOS EVOPOLI - INDEPENDIENTES,,EVOPOLI,EVOLUCION POLITICA,132,2,No,3,15,1457,7731,18.846204,No
GABRIEL_IGNACIO_MAURER_AVENDANO__SANTIAGO_I,GABRIEL IGNACIO MAURER AVENDAÑO,H,REGIÓN METROPOLITANA DE SANTIAGO,SANTIAGO I,W,CHILE VAMOS EVOPOLI - INDEPENDIENTES,,EVOPOLI,EVOLUCION POLITICA,133,3,No,3,15,1576,7731,20.385461,No
BENEDICTO_HUGO_RODRIGUEZ_BERRIOS__SANTIAGO_I,BENEDICTO HUGO RODRIGUEZ BERRIOS,H,REGIÓN METROPOLITANA DE SANTIAGO,SANTIAGO I,X,"ECOLOGISTAS, ANIMALISTAS E INDEPENDIENTES",,PAVP,PARTIDO ALIANZA VERDE POPULAR,134,1,Sí,2,15,11601,22263,52.10888,No
RICHARD_FERNANDO_TAPIA_FUENTES__SANTIAGO_I,RICHARD FERNANDO TAPIA FUENTES,H,REGIÓN METROPOLITANA DE SANTIAGO,SANTIAGO I,X,"ECOLOGISTAS, ANIMALISTAS E INDEPENDIENTES",,IND,INDEPENDIENTES,135,2,No,2,15,10662,22263,47.89112,No
GABRIELA_INES_GALLARDO_FUENTES__SANTIAGO_I,GABRIELA INES GALLARDO FUENTES,M,REGIÓN METROPOLITANA DE SANTIAGO,SANTIAGO I,Y,REPUBLICANOS E INDEPENDIENTES,,REPUBLICANO,PARTIDO REPUBLICANO DE CHILE,136,1,Sí,2,15,38909,61205,63.571604,Sí
RODRIGO_ANDRE_CHAVEZ_SEPULVEDA__SANTIAGO_I,RODRIGO ANDRE CHAVEZ SEPULVEDA,H,REGIÓN METROPOLITANA DE SANTIAGO,SANTIAGO I,Y,REPUBLICANOS E INDEPENDIENTES,,REPUBLICANO,PARTIDO REPUBLICANO DE CHILE,137,2,No,2,15,22296,61205,36.428396,No
HELMUT_DIETRICH_EBERHARD_KRAMER_ANGEL__SANTIAGO_II,HELMUT DIETRICH EBERHARD KRAMER ANGEL,H,REGIÓN METROPOLITANA DE SANTIAGO,SANTIAGO II,B,IZQUIERDA ECOLOGISTA POPULAR,,PH,PARTIDO HUMANISTA,100,1,Sí,4,14,6082,21062,28.87665,No
NAOMI_MONSERRAT_JOHANSEN_ROMERO__SANTIAGO_II,NAOMI MONSERRAT JOHANSEN ROMERO,M,REGIÓN METROPOLITANA DE SANTIAGO,SANTIAGO II,B,IZQUIERDA ECOLOGISTA POPULAR,,PH,PARTIDO HUMANISTA,101,2,No,4,14,5814,21062,27.604216,No
JORGE_ABRAHAM_MUNOZ_VILCHES__SANTIAGO_II,JORGE ABRAHAM MUÑOZ VILCHES,H,REGIÓN METROPOLITANA DE SANTIAGO,SANTIAGO II,B,IZQUIERDA ECOLOGISTA POPULAR,,IND,INDEPENDIENTES,102,3,No,4,14,3868,21062,18.364828,No
MELANIE_BUSTOS_ALVEAL__SANTIAGO_II,MELANIE BUSTOS ALVEAL,M,REGIÓN METROPOLITANA DE SANTIAGO,SANTIAGO II,B,IZQUIERDA ECOLOGISTA POPULAR,,IND,INDEPENDIENTES,103,4,No,4,14,5298,21062,25.154306,No
MARIA_EUGENIA_PUELMA_ALFARO__SANTIAGO_II,MARIA EUGENIA PUELMA ALFARO,M,REGIÓN METROPOLITANA DE SANTIAGO,SANTIAGO II,C,TODAS Y TODOS POR CHILE,PARTIDO COMUNISTA E INDEPENDIENTES,PCCH,PARTIDO COMUNISTA DE CHILE,104,1,Sí,4,14,40121,62488,64.205928,Sí
JAIME_ANDRES_REYES_BRAVO__SANTIAGO_II,JAIME ANDRES REYES BRAVO,H,REGIÓN METROPOLITANA DE SANTIAGO,SANTIAGO II,C,TODAS Y TODOS POR CHILE,PARTIDO COMUNISTA E INDEPENDIENTES,PCCH,PARTIDO COMUNISTA DE CHILE,105,2,No,4,14,15872,62488,25.400077,No
ALEJANDRO_ANDRES_MOYA_TRUJILLO__SANTIAGO_II,ALEJANDRO ANDRES MOYA TRUJILLO,H,REGIÓN METROPOLITANA DE SANTIAGO,SANTIAGO II,C,TODAS Y TODOS POR CHILE,ACCION HUMANISTA E INDEPENDIENTES,AH,PARTIDO ACCIÓN HUMANISTA,106,3,No,4,14,2677,62488,4.284023,No
ROXANA_CARRASCO_GALLARDO__SANTIAGO_II,ROXANA CARRASCO GALLARDO,M,REGIÓN METROPOLITANA DE SANTIAGO,SANTIAGO II,C,TODAS Y TODOS POR CHILE,ACCION HUMANISTA E INDEPENDIENTES,AH,PARTIDO ACCIÓN HUMANISTA,107,4,No,4,14,3818,62488,6.109973,No
CECILIA_UGARTE_VALERIO__SANTIAGO_II,CECILIA UGARTE VALERIO,M,REGIÓN METROPOLITANA DE SANTIAGO,SANTIAGO II,F,PARTIDO SOCIAL CRISTIANO E INDEPENDIENTES,,PSC,PARTIDO SOCIAL CRISTIANO,108,1,Sí,2,14,10791,17265,62.502172,No
GABRIEL_ALEJANDRO_FUENTEALBA_BELTRAN__SANTIAGO_II,GABRIEL ALEJANDRO FUENTEALBA BELTRAN,H,REGIÓN METROPOLITANA DE SANTIAGO,SANTIAGO II,F,PARTIDO SOCIAL CRISTIANO E INDEPENDIENTES,,IND,INDEPENDIENTES,109,2,No,2,14,6474,17265,37.497828,No
FELIPE_OBAL_DURAN__SANTIAGO_II,FELIPE OBAL DURAN,H,REGIÓN METROPOLITANA DE SANTIAGO,SANTIAGO II,I,CHILE VAMOS RENOVACION NACIONAL - INDEPENDIENTES,,RN,RENOVACION NACIONAL,110,1,Sí,4,14,41930,86739,48.340424,Sí
GERARDO_BARRERA_MIRANDA__SANTIAGO_II,GERARDO BARRERA MIRANDA,H,REGIÓN METROPOLITANA DE SANTIAGO,SANTIAGO II,I,CHILE VAMOS RENOVACION NACIONAL - INDEPENDIENTES,,RN,RENOVACION NACIONAL,111,2,No,4,14,11838,86739,13.64784,No
FRANCISCO_OXA_LARRONDO__SANTIAGO_II,FRANCISCO OXA LARRONDO,H,REGIÓN METROPOLITANA DE SANTIAGO,SANTIAGO II,I,CHILE VAMOS RENOVACION NACIONAL - INDEPENDIENTES,,RN,RENOVACION NACIONAL,112,3,No,4,14,16835,86739,19.408801,No
CAROLINA_VILLALON_COLIN__SANTIAGO_II,CAROLINA VILLALON COLIN,M,REGIÓN METROPOLITANA DE SANTIAGO,SANTIAGO II,I,CHILE VAMOS RENOVACION NACIONAL - INDEPENDIENTES,,IND,INDEPENDIENTES,113,4,No,4,14,16136,86739,18.602935,No
ALVARO_FABIAN_MEDINA_JARA__SANTIAGO_II,ALVARO FABIAN MEDINA JARA,H,REGIÓN METROPOLITANA DE SANTIAGO,SANTIAGO II,L,TU REGION RADICAL,,PR,PARTIDO RADICAL DE CHILE,114,1,Sí,3,14,2260,7792,29.004107,No
JUAN_JOSE_MIGUEL_TAPIA_SALGADO__SANTIAGO_II,JUAN JOSE MIGUEL TAPIA SALGADO,H,REGIÓN METROPOLITANA DE SANTIAGO,SANTIAGO II,L,TU REGION RADICAL,,PR,PARTIDO RADICAL DE CHILE,115,2,No,3,14,1838,7792,23.588296,No
SAMANTHA_SILVANA_SALDIVAR_GOMEZ__SANTIAGO_II,SAMANTHA SILVANA SALDIVAR GOMEZ,M,REGIÓN METROPOLITANA DE SANTIAGO,SANTIAGO II,L,TU REGION RADICAL,,IND,INDEPENDIENTES,116,3,No,3,14,3694,7792,47.407598,No
BRAULIO_MEZA_GUERRERO__SANTIAGO_II,BRAULIO MEZA GUERRERO,H,REGIÓN METROPOLITANA DE SANTIAGO,SANTIAGO II,M,REGIONES VERDES LIBERALES,,FREVS,FEDERACION REGIONALISTA VERDE SOCIAL,117,1,Sí,3,14,3594,10006,35.918449,No
ENRIQUE_MARCELINO_RIVERA_GARRIDO__SANTIAGO_II,ENRIQUE MARCELINO RIVERA GARRIDO,H,REGIÓN METROPOLITANA DE SANTIAGO,SANTIAGO II,M,REGIONES VERDES LIBERALES,,FREVS,FEDERACION REGIONALISTA VERDE SOCIAL,118,2,No,3,14,1670,10006,16.689986,No
CYNTHIA_ANA_VIVALLO_CUEVAS__SANTIAGO_II,CYNTHIA ANA VIVALLO CUEVAS,M,REGIÓN METROPOLITANA DE SANTIAGO,SANTIAGO II,M,REGIONES VERDES LIBERALES,,PL,PARTIDO LIBERAL DE CHILE,119,3,No,3,14,4742,10006,47.391565,No
DIOSCORO_ROJAS_CAMPOS__SANTIAGO_II,DIOSCORO ROJAS CAMPOS,H,REGIÓN METROPOLITANA DE SANTIAGO,SANTIAGO II,N,LO MEJOR PARA CHILE,PS E INDEPENDIENTES,PS,PARTIDO SOCIALISTA DE CHILE,120,1,Sí,4,14,24408,46886,52.058184,Sí
LEIDY_ZAVALA_CARTAGENA__SANTIAGO_II,LEIDY ZAVALA CARTAGENA,M,REGIÓN METROPOLITANA DE SANTIAGO,SANTIAGO II,N,LO MEJOR PARA CHILE,PS E INDEPENDIENTES,IND,INDEPENDIENTES,121,2,No,4,14,5537,46886,11.809495,No
JOSE_IGNACIO_MELLA_SILVA__SANTIAGO_II,JOSE IGNACIO MELLA SILVA,H,REGIÓN METROPOLITANA DE SANTIAGO,SANTIAGO II,N,LO MEJOR PARA CHILE,PPD E INDEPENDIENTES,PPD,PARTIDO POR LA DEMOCRACIA,122,3,No,4,14,14543,46886,31.017788,No
MIGUEL_ANGEL_ECHEVERRIA_MADRID__SANTIAGO_II,MIGUEL ANGEL ECHEVERRIA MADRID,H,REGIÓN METROPOLITANA DE SANTIAGO,SANTIAGO II,N,LO MEJOR PARA CHILE,PPD E INDEPENDIENTES,PPD,PARTIDO POR LA DEMOCRACIA,123,4,No,4,14,2398,46886,5.114533,No
PATRICIO_ISMAEL_ROMO_VARGAS__SANTIAGO_II,PATRICIO ISMAEL ROMO VARGAS,H,REGIÓN METROPOLITANA DE SANTIAGO,SANTIAGO II,P,PARTIDO DE LA GENTE E INDEPENDIENTES,,PDG,PARTIDO DE LA GENTE,124,1,Sí,1,14,26266,26266,100.0,No
JOSE_ALEJANDRO_MATUS_GARRIDO__SANTIAGO_II,JOSE ALEJANDRO MATUS GARRIDO,H,REGIÓN METROPOLITANA DE SANTIAGO,SANTIAGO II,Q,POR UN CHILE MEJOR,,PDC,PARTIDO DEMOCRATA CRISTIANO,125,1,Sí,3,14,9672,26451,36.565725,No
MARIA_MAGDALENA_CAYUQUEO_HERRERA__SANTIAGO_II,MARIA MAGDALENA CAYUQUEO HERRERA,M,REGIÓN METROPOLITANA DE SANTIAGO,SANTIAGO II,Q,POR UN CHILE MEJOR,,PDC,PARTIDO DEMOCRATA CRISTIANO,126,2,No,3,14,8124,26451,30.713395,No
FELIPE_IGNACIO_MORENO_MIRANDA__SANTIAGO_II,FELIPE IGNACIO MORENO MIRANDA,H,REGIÓN METROPOLITANA DE SANTIAGO,SANTIAGO II,Q,POR UN CHILE MEJOR,,IND,INDEPENDIENTES,127,3,No,3,14,8655,26451,32.72088,No
NOEMI_DEL_ROSARIO_MARTINEZ_DIAZ__SANTIAGO_II,NOEMI DEL ROSARIO MARTINEZ DIAZ,M,REGIÓN METROPOLITANA DE SANTIAGO,SANTIAGO II,S,FRENTE AMPLIO,FRENTE AMPLIO E INDEPENDIENTES,FA,FRENTE AMPLIO,128,1,Sí,4,14,21828,44008,49.600073,No
SERVANDO_ENRIQUE_OMEROVICH_CONCHA__SANTIAGO_II,SERVANDO ENRIQUE OMEROVICH CONCHA,H,REGIÓN METROPOLITANA DE SANTIAGO,SANTIAGO II,S,FRENTE AMPLIO,FRENTE AMPLIO E INDEPENDIENTES,FA,FRENTE AMPLIO,129,2,No,4,14,3085,44008,7.010089,No
CRISTOBAL_LEONARDO_PALMA_SAEZ__SANTIAGO_II,CRISTOBAL LEONARDO PALMA SAEZ,H,REGIÓN METROPOLITANA DE SANTIAGO,SANTIAGO II,S,FRENTE AMPLIO,FRENTE AMPLIO E INDEPENDIENTES,FA,FRENTE AMPLIO,130,3,No,4,14,8527,44008,19.376023,No
RENE_ANDRES_MUNOZ_CONA__SANTIAGO_II,RENE ANDRES MUÑOZ CONA,H,REGIÓN METROPOLITANA DE SANTIAGO,SANTIAGO II,S,FRENTE AMPLIO,FRENTE AMPLIO E INDEPENDIENTES,IND,INDEPENDIENTES,131,4,No,4,14,10568,44008,24.013816,No
FABIOLA_RODRIGUEZ_PARADA__SANTIAGO_II,FABIOLA RODRIGUEZ PARADA,M,REGIÓN METROPOLITANA DE SANTIAGO,SANTIAGO II,V,CHILE VAMOS UDI - INDEPENDIENTES,,UDI,UNION DEMOCRATA INDEPENDIENTE,132,1,Sí,4,14,11853,32289,36.709096,No
CARLA_CASTILLO_FLORES__SANTIAGO_II,CARLA CASTILLO FLORES,M,REGIÓN METROPOLITANA DE SANTIAGO,SANTIAGO II,V,CHILE VAMOS UDI - INDEPENDIENTES,,UDI,UNION DEMOCRATA INDEPENDIENTE,133,2,No,4,14,7635,32289,23.645824,No
VICENTE_MORAGA_DONOSO__SANTIAGO_II,VICENTE MORAGA DONOSO,H,REGIÓN METROPOLITANA DE SANTIAGO,SANTIAGO II,V,CHILE VAMOS UDI - INDEPENDIENTES,,UDI,UNION DEMOCRATA INDEPENDIENTE,134,3,No,4,14,6544,32289,20.266964,No
CAMILA_NILO_MUNOZ__SANTIAGO_II,CAMILA NILO MUÑOZ,M,REGIÓN METROPOLITANA DE SANTIAGO,SANTIAGO II,V,CHILE VAMOS UDI - INDEPENDIENTES,,IND,INDEPENDIENTES,135,4,No,4,14,6257,32289,19.378116,No
MARIA_JOSEFINA_TOCORNAL_COURT__SANTIAGO_II,MARIA JOSEFINA TOCORNAL COURT,M,REGIÓN METROPOLITANA DE SANTIAGO,SANTIAGO II,W,CHILE VAMOS EVOPOLI - INDEPENDIENTES,,EVOPOLI,EVOLUCION POLITICA,136,1,Sí,3,14,7082,11589,61.109673,No
MAURICIO_ESTEBAN_DONOSO_VARAS__SANTIAGO_II,MAURICIO ESTEBAN DONOSO VARAS,H,REGIÓN METROPOLITANA DE SANTIAGO,SANTIAGO II,W,CHILE VAMOS EVOPOLI - INDEPENDIENTES,,EVOPOLI,EVOLUCION POLITICA,137,2,No,3,14,3047,11589,26.292174,No
RODRIGO_ANDRES_COMAS_LOBATO__SANTIAGO_II,RODRIGO ANDRES COMAS LOBATO,H,REGIÓN METROPOLITANA DE SANTIAGO,SANTIAGO II,W,CHILE VAMOS EVOPOLI - INDEPENDIENTES,,EVOPOLI,EVOLUCION POLITICA,138,3,No,3,14,1460,11589,12.598153,No
CELSO_NASARIO_CALFULLAN_CAMPOS__SANTIAGO_II,CELSO NASARIO CALFULLAN CAMPOS,H,REGIÓN METROPOLITANA DE SANTIAGO,SANTIAGO II,X,"ECOLOGISTAS, ANIMALISTAS E INDEPENDIENTES",,PAVP,PARTIDO ALIANZA VERDE POPULAR,139,1,Sí,4,14,9570,27009,35.432634,No
JAIME_MARCELO_PINTO_QUENPIL__SANTIAGO_II,JAIME MARCELO PINTO QUENPIL,H,REGIÓN METROPOLITANA DE SANTIAGO,SANTIAGO II,X,"ECOLOGISTAS, ANIMALISTAS E INDEPENDIENTES",,IND,INDEPENDIENTES,140,2,No,4,14,4152,27009,15.372654,No
EVELYN_CAROLINA_FARIAS_AILIO__SANTIAGO_II,EVELYN CAROLINA FARIAS AILIO,M,REGIÓN METROPOLITANA DE SANTIAGO,SANTIAGO II,X,"ECOLOGISTAS, ANIMALISTAS E INDEPENDIENTES",,IND,INDEPENDIENTES,141,3,No,4,14,11476,27009,42.489541,No
JONATHAN_ARTURO_RIOS_PUEBLA__SANTIAGO_II,JONATHAN ARTURO RIOS PUEBLA,H,REGIÓN METROPOLITANA DE SANTIAGO,SANTIAGO II,X,"ECOLOGISTAS, ANIMALISTAS E INDEPENDIENTES",,IND,INDEPENDIENTES,142,4,No,4,14,1811,27009,6.705172,No
SONJA_DEL_RIO_BECKER__SANTIAGO_II,SONJA DEL RIO BECKER,M,REGIÓN METROPOLITANA DE SANTIAGO,SANTIAGO II,Y,REPUBLICANOS E INDEPENDIENTES,,REPUBLICANO,PARTIDO REPUBLICANO DE CHILE,143,1,Sí,2,14,41077,68026,60.384265,Sí
SOFIA_YASMINA_MUNOZ_GARAY__SANTIAGO_II,SOFIA YASMINA MUÑOZ GARAY,M,REGIÓN METROPOLITANA DE SANTIAGO,SANTIAGO II,Y,REPUBLICANOS E INDEPENDIENTES,,REPUBLICANO,PARTIDO REPUBLICANO DE CHILE,144,2,No,2,14,26949,68026,39.615735,No
CLAUDIA_MACARENA_LEIVA_VALERO__SANTIAGO_III,CLAUDIA MACARENA LEIVA VALERO,M,REGIÓN METROPOLITANA DE SANTIAGO,SANTIAGO III,B,IZQUIERDA ECOLOGISTA POPULAR,,IND,INDEPENDIENTES,100,1,Sí,2,13,13765,17606,78.183574,No
ERNESTO_HERNAN_PAILACURA_ARAYA__SANTIAGO_III,ERNESTO HERNAN PAILACURA ARAYA,H,REGIÓN METROPOLITANA DE SANTIAGO,SANTIAGO III,B,IZQUIERDA ECOLOGISTA POPULAR,,IND,INDEPENDIENTES,101,2,No,2,13,3841,17606,21.816426,No
NADIA_DEL_CARMEN_AVALOS_OLMOS__SANTIAGO_III,NADIA DEL CARMEN AVALOS OLMOS,M,REGIÓN METROPOLITANA DE SANTIAGO,SANTIAGO III,C,TODAS Y TODOS POR CHILE,PARTIDO COMUNISTA E INDEPENDIENTES,PCCH,PARTIDO COMUNISTA DE CHILE,102,1,Sí,3,13,16572,27878,59.444723,No
ALVARO_ESTEBAN_MENDEZ_VELIZ__SANTIAGO_III,ALVARO ESTEBAN MENDEZ VELIZ,H,REGIÓN METROPOLITANA DE SANTIAGO,SANTIAGO III,C,TODAS Y TODOS POR CHILE,PARTIDO COMUNISTA E INDEPENDIENTES,PCCH,PARTIDO COMUNISTA DE CHILE,103,2,No,3,13,8186,27878,29.363656,No
SARA_PASCUAL_RODRIGUEZ__SANTIAGO_III,SARA PASCUAL RODRIGUEZ,M,REGIÓN METROPOLITANA DE SANTIAGO,SANTIAGO III,C,TODAS Y TODOS POR CHILE,ACCION HUMANISTA E INDEPENDIENTES,AH,PARTIDO ACCIÓN HUMANISTA,104,3,No,3,13,3120,27878,11.191621,No
CARLOS_ROMAN_MUNOZ__SANTIAGO_III,CARLOS ROMAN MUÑOZ,H,REGIÓN METROPOLITANA DE SANTIAGO,SANTIAGO III,I,CHILE VAMOS RENOVACION NACIONAL - INDEPENDIENTES,,RN,RENOVACION NACIONAL,105,1,Sí,3,13,23422,37402,62.62232,No
JOSE_LUIS_MATAMALA_VARGAS__SANTIAGO_III,JOSE LUIS MATAMALA VARGAS,H,REGIÓN METROPOLITANA DE SANTIAGO,SANTIAGO III,I,CHILE VAMOS RENOVACION NACIONAL - INDEPENDIENTES,,IND,INDEPENDIENTES,106,2,No,3,13,6155,37402,16.456339,No
MATIAS_FORTEZA_SCHNEIDER__SANTIAGO_III,MATIAS FORTEZA SCHNEIDER,H,REGIÓN METROPOLITANA DE SANTIAGO,SANTIAGO III,I,CHILE VAMOS RENOVACION NACIONAL - INDEPENDIENTES,,IND,INDEPENDIENTES,107,3,No,3,13,7825,37402,20.921341,No
GABRIEL_PATRICIO_GONZALEZ_SANTANDER__SANTIAGO_III,GABRIEL PATRICIO GONZALEZ SANTANDER,H,REGIÓN METROPOLITANA DE SANTIAGO,SANTIAGO III,L,TU REGION RADICAL,,PR,PARTIDO RADICAL DE CHILE,108,1,Sí,3,13,2828,7173,39.425624,No
JAVIER_IGNACIO_WILDEN_ACOSTA__SANTIAGO_III,JAVIER IGNACIO WILDEN ACOSTA,H,REGIÓN METROPOLITANA DE SANTIAGO,SANTIAGO III,L,TU REGION RADICAL,,PR,PARTIDO RADICAL DE CHILE,109,2,No,3,13,1418,7173,19.768577,No
CECILIA_IVONNE_VASQUEZ_CIRES__SANTIAGO_III,CECILIA IVONNE VASQUEZ CIRES,M,REGIÓN METROPOLITANA DE SANTIAGO,SANTIAGO III,L,TU REGION RADICAL,,IND,INDEPENDIENTES,110,3,No,3,13,2927,7173,40.8058,No
CRISTOPHER_VALDIVIA_OLATE__SANTIAGO_III,CRISTOPHER VALDIVIA OLATE,H,REGIÓN METROPOLITANA DE SANTIAGO,SANTIAGO III,M,REGIONES VERDES LIBERALES,,PL,PARTIDO LIBERAL DE CHILE,111,1,Sí,3,13,15159,23996,63.173029,No
CRISTOBAL_EDUARDO_MARDONES_DIAZ__SANTIAGO_III,CRISTOBAL EDUARDO MARDONES DIAZ,H,REGIÓN METROPOLITANA DE SANTIAGO,SANTIAGO III,M,REGIONES VERDES LIBERALES,,FREVS,FEDERACION REGIONALISTA VERDE SOCIAL,112,2,No,3,13,2251,23996,9.38073,No
PRISCILA_VANESSA_SALCEDO_URIBE__SANTIAGO_III,PRISCILA VANESSA SALCEDO URIBE,M,REGIÓN METROPOLITANA DE SANTIAGO,SANTIAGO III,M,REGIONES VERDES LIBERALES,,IND,INDEPENDIENTES,113,3,No,3,13,6586,23996,27.446241,No
CAMILO_ANTILEO_ESPINA__SANTIAGO_III,CAMILO ANTILEO ESPINA,H,REGIÓN METROPOLITANA DE SANTIAGO,SANTIAGO III,N,LO MEJOR PARA CHILE,PS E INDEPENDIENTES,PS,PARTIDO SOCIALISTA DE CHILE,114,1,Sí,3,13,9692,20049,48.341563,No
CRISTINA_FIORELA_FEMENIAS_SALAS__SANTIAGO_III,CRISTINA FIORELA FEMENIAS SALAS,M,REGIÓN METROPOLITANA DE SANTIAGO,SANTIAGO III,N,LO MEJOR PARA CHILE,PS E INDEPENDIENTES,PS,PARTIDO SOCIALISTA DE CHILE,115,2,No,3,13,4380,20049,21.846476,No
SEBASTIAN_IGNACIO_SANCHEZ_GONZALEZ__SANTIAGO_III,SEBASTIAN IGNACIO SANCHEZ GONZALEZ,H,REGIÓN METROPOLITANA DE SANTIAGO,SANTIAGO III,N,LO MEJOR PARA CHILE,PPD E INDEPENDIENTES,PPD,PARTIDO POR LA DEMOCRACIA,116,3,No,3,13,5977,20049,29.811961,No
JOSE_VICTORIANO_MANSILLA_SILVA__SANTIAGO_III,JOSE VICTORIANO MANSILLA SILVA,H,REGIÓN METROPOLITANA DE SANTIAGO,SANTIAGO III,P,PARTIDO DE LA GENTE E INDEPENDIENTES,,PDG,PARTIDO DE LA GENTE,117,1,Sí,3,13,7890,17262,45.707334,No
VERONICA_INES_SOTO_ACUNA__SANTIAGO_III,VERONICA INES SOTO ACUÑA,M,REGIÓN METROPOLITANA DE SANTIAGO,SANTIAGO III,P,PARTIDO DE LA GENTE E INDEPENDIENTES,,PDG,PARTIDO DE LA GENTE,118,2,No,3,13,6807,17262,39.433438,No
RAFAEL_PATRICIO_PINOCHET_CAVIERES__SANTIAGO_III,RAFAEL PATRICIO PINOCHET CAVIERES,H,REGIÓN METROPOLITANA DE SANTIAGO,SANTIAGO III,P,PARTIDO DE LA GENTE E INDEPENDIENTES,,PDG,PARTIDO DE LA GENTE,119,3,No,3,13,2565,17262,14.859228,No
MARIA_ISABEL_GARAY_SOTO__SANTIAGO_III,MARIA ISABEL GARAY SOTO,M,REGIÓN METROPOLITANA DE SANTIAGO,SANTIAGO III,Q,POR UN CHILE MEJOR,,PDC,PARTIDO DEMOCRATA CRISTIANO,120,1,Sí,3,13,12418,24113,51.499191,No
CLAUDIO_BARAHONA_MALDONADO__SANTIAGO_III,CLAUDIO BARAHONA MALDONADO,H,REGIÓN METROPOLITANA DE SANTIAGO,SANTIAGO III,Q,POR UN CHILE MEJOR,,PDC,PARTIDO DEMOCRATA CRISTIANO,121,2,No,3,13,7712,24113,31.982748,No
RAUL_FELIPE_GOMEZ_URRUTIA__SANTIAGO_III,RAUL FELIPE GOMEZ URRUTIA,H,REGIÓN METROPOLITANA DE SANTIAGO,SANTIAGO III,Q,POR UN CHILE MEJOR,,PDC,PARTIDO DEMOCRATA CRISTIANO,122,3,No,3,13,3983,24113,16.518061,No
NICOLAS_EDUARDO_JARA_LIRA__SANTIAGO_III,NICOLAS EDUARDO JARA LIRA,H,REGIÓN METROPOLITANA DE SANTIAGO,SANTIAGO III,S,FRENTE AMPLIO,FRENTE AMPLIO E INDEPENDIENTES,FA,FRENTE AMPLIO,123,1,Sí,3,13,44450,80785,55.022591,Sí
LESLIE_SUSANA_VENEGAS_VENEGAS__SANTIAGO_III,LESLIE SUSANA VENEGAS VENEGAS,M,REGIÓN METROPOLITANA DE SANTIAGO,SANTIAGO III,S,FRENTE AMPLIO,FRENTE AMPLIO E INDEPENDIENTES,FA,FRENTE AMPLIO,124,2,No,3,13,20175,80785,24.973696,Sí
MERRY_STEFANY_HERNANDEZ_GONZALEZ__SANTIAGO_III,MERRY STEFANY HERNANDEZ GONZALEZ,M,REGIÓN METROPOLITANA DE SANTIAGO,SANTIAGO III,S,FRENTE AMPLIO,FRENTE AMPLIO E INDEPENDIENTES,FA,FRENTE AMPLIO,125,3,No,3,13,16160,80785,20.003714,No
BEATRIZ_LAGOS_CAMPOS__SANTIAGO_III,BEATRIZ LAGOS CAMPOS,M,REGIÓN METROPOLITANA DE SANTIAGO,SANTIAGO III,V,CHILE VAMOS UDI - INDEPENDIENTES,,UDI,UNION DEMOCRATA INDEPENDIENTE,126,1,Sí,2,13,15896,27044,58.778287,No
CAROLINA_CABEZAS_CONTRERAS__SANTIAGO_III,CAROLINA CABEZAS CONTRERAS,M,REGIÓN METROPOLITANA DE SANTIAGO,SANTIAGO III,V,CHILE VAMOS UDI - INDEPENDIENTES,,IND,INDEPENDIENTES,127,2,No,2,13,11148,27044,41.221713,No
ROMINA_MAZZACHIODI_MATAMALA__SANTIAGO_III,ROMINA MAZZACHIODI MATAMALA,M,REGIÓN METROPOLITANA DE SANTIAGO,SANTIAGO III,W,CHILE VAMOS EVOPOLI - INDEPENDIENTES,,EVOPOLI,EVOLUCION POLITICA,128,1,Sí,2,13,3465,5102,67.914543,No
DANIEL_IGNACIO_SUAREZ_CARVAJAL__SANTIAGO_III,DANIEL IGNACIO SUAREZ CARVAJAL,H,REGIÓN METROPOLITANA DE SANTIAGO,SANTIAGO III,W,CHILE VAMOS EVOPOLI - INDEPENDIENTES,,EVOPOLI,EVOLUCION POLITICA,129,2,No,2,13,1637,5102,32.085457,No
CLAUDIA_FUENTES_LIZAMA__SANTIAGO_III,CLAUDIA FUENTES LIZAMA,M,REGIÓN METROPOLITANA DE SANTIAGO,SANTIAGO III,X,"ECOLOGISTAS, ANIMALISTAS E INDEPENDIENTES",,PAVP,PARTIDO ALIANZA VERDE POPULAR,130,1,Sí,3,13,12183,18968,64.229228,No
MAURICIO_VALENZUELA_VALENZUELA__SANTIAGO_III,MAURICIO VALENZUELA VALENZUELA,H,REGIÓN METROPOLITANA DE SANTIAGO,SANTIAGO III,X,"ECOLOGISTAS, ANIMALISTAS E INDEPENDIENTES",,PAVP,PARTIDO ALIANZA VERDE POPULAR,131,2,No,3,13,3552,18968,18.726276,No
VERONICA_ISABEL_LINARES_OYARCE__SANTIAGO_III,VERONICA ISABEL LINARES OYARCE,M,REGIÓN METROPOLITANA DE SANTIAGO,SANTIAGO III,X,"ECOLOGISTAS, ANIMALISTAS E INDEPENDIENTES",,PAVP,PARTIDO ALIANZA VERDE POPULAR,132,3,No,3,13,3233,18968,17.044496,No
ALFREDO_MAURICIO_VERGARA_CATALAN__SANTIAGO_III,ALFREDO MAURICIO VERGARA CATALAN,H,REGIÓN METROPOLITANA DE SANTIAGO,SANTIAGO III,Y,REPUBLICANOS E INDEPENDIENTES,,REPUBLICANO,PARTIDO REPUBLICANO DE CHILE,133,1,Sí,2,13,57636,70205,82.096717,Sí
VICTOR_OSVALDO_CONCHA_NAVARRO__SANTIAGO_III,VICTOR OSVALDO CONCHA NAVARRO,H,REGIÓN METROPOLITANA DE SANTIAGO,SANTIAGO III,Y,REPUBLICANOS E INDEPENDIENTES,,IND,INDEPENDIENTES,134,2,No,2,13,12569,70205,17.903283,No
OSCAR_OYARZO_HIDALGO__SANTIAGO_IV,OSCAR OYARZO HIDALGO,H,REGIÓN METROPOLITANA DE SANTIAGO,SANTIAGO IV,C,TODAS Y TODOS POR CHILE,ACCION HUMANISTA E INDEPENDIENTES,AH,PARTIDO ACCIÓN HUMANISTA,100,1,Sí,4,11,4150,35474,11.698709,No
MARCELA_DEL_PILAR_CAMPOLO_FERNANDEZ__SANTIAGO_IV,MARCELA DEL PILAR CAMPOLO FERNANDEZ,M,REGIÓN METROPOLITANA DE SANTIAGO,SANTIAGO IV,C,TODAS Y TODOS POR CHILE,ACCION HUMANISTA E INDEPENDIENTES,AH,PARTIDO ACCIÓN HUMANISTA,101,2,No,4,11,5152,35474,14.523313,No
SANDRA_DANIELA_BELTRAMI_MONTERO__SANTIAGO_IV,SANDRA DANIELA BELTRAMI MONTERO,M,REGIÓN METROPOLITANA DE SANTIAGO,SANTIAGO IV,C,TODAS Y TODOS POR CHILE,PARTIDO COMUNISTA E INDEPENDIENTES,PCCH,PARTIDO COMUNISTA DE CHILE,102,3,No,4,11,19378,35474,54.625923,No
MARIO_PABLO_NEIRA_QUIROGA__SANTIAGO_IV,MARIO PABLO NEIRA QUIROGA,H,REGIÓN METROPOLITANA DE SANTIAGO,SANTIAGO IV,C,TODAS Y TODOS POR CHILE,PARTIDO COMUNISTA E INDEPENDIENTES,PCCH,PARTIDO COMUNISTA DE CHILE,103,4,No,4,11,6794,35474,19.152055,No
ISRAEL_VILCHES_ORELLANA__SANTIAGO_IV,ISRAEL VILCHES ORELLANA,H,REGIÓN METROPOLITANA DE SANTIAGO,SANTIAGO IV,F,PARTIDO SOCIAL CRISTIANO E INDEPENDIENTES,,IND,INDEPENDIENTES,104,1,Sí,4,11,4847,15231,31.823255,No
MARIO_ANTONIO_PONCE_SEPULVEDA__SANTIAGO_IV,MARIO ANTONIO PONCE SEPULVEDA,H,REGIÓN METROPOLITANA DE SANTIAGO,SANTIAGO IV,F,PARTIDO SOCIAL CRISTIANO E INDEPENDIENTES,,IND,INDEPENDIENTES,105,2,No,4,11,1910,15231,12.540214,No
MARIA_EUGENIA_NABALON_SALAZAR__SANTIAGO_IV,MARIA EUGENIA NABALON SALAZAR,M,REGIÓN METROPOLITANA DE SANTIAGO,SANTIAGO IV,F,PARTIDO SOCIAL CRISTIANO E INDEPENDIENTES,,IND,INDEPENDIENTES,106,3,No,4,11,3048,15231,20.011818,No
MARCELA_DIAZ_DE_VALDES_BALBONTIN__SANTIAGO_IV,MARCELA DIAZ DE VALDES BALBONTIN,M,REGIÓN METROPOLITANA DE SANTIAGO,SANTIAGO IV,F,PARTIDO SOCIAL CRISTIANO E INDEPENDIENTES,,IND,INDEPENDIENTES,107,4,No,4,11,5426,15231,35.624713,No
KARIN_LUCK_URBAN__SANTIAGO_IV,KARIN LUCK URBAN,M,REGIÓN METROPOLITANA DE SANTIAGO,SANTIAGO IV,I,CHILE VAMOS RENOVACION NACIONAL - INDEPENDIENTES,,RN,RENOVACION NACIONAL,108,1,Sí,3,11,48225,107054,45.047359,Sí
FRANCO_SABAT_FERNANDEZ__SANTIAGO_IV,FRANCO SABAT FERNANDEZ,H,REGIÓN METROPOLITANA DE SANTIAGO,SANTIAGO IV,I,CHILE VAMOS RENOVACION NACIONAL - INDEPENDIENTES,,RN,RENOVACION NACIONAL,109,2,No,3,11,46900,107054,43.809666,No
CHIHON_LEY_NEIRA__SANTIAGO_IV,CHIHON LEY NEIRA,H,REGIÓN METROPOLITANA DE SANTIAGO,SANTIAGO IV,I,CHILE VAMOS RENOVACION NACIONAL - INDEPENDIENTES,,IND,INDEPENDIENTES,110,3,No,3,11,11929,107054,11.142975,No
BARTOLOME_REUS_CORDERO__SANTIAGO_IV,BARTOLOME REUS CORDERO,H,REGIÓN METROPOLITANA DE SANTIAGO,SANTIAGO IV,M,REGIONES VERDES LIBERALES,,PL,PARTIDO LIBERAL DE CHILE,111,1,Sí,3,11,5892,11419,51.598214,No
JOSE_EDUARDO_MEDINA_AGUAYO__SANTIAGO_IV,JOSE EDUARDO MEDINA AGUAYO,H,REGIÓN METROPOLITANA DE SANTIAGO,SANTIAGO IV,M,REGIONES VERDES LIBERALES,,FREVS,FEDERACION REGIONALISTA VERDE SOCIAL,112,2,No,3,11,1287,11419,11.270689,No
JAVIERA_ANDREA_GONZALEZ_ARENAS__SANTIAGO_IV,JAVIERA ANDREA GONZALEZ ARENAS,M,REGIÓN METROPOLITANA DE SANTIAGO,SANTIAGO IV,M,REGIONES VERDES LIBERALES,,FREVS,FEDERACION REGIONALISTA VERDE SOCIAL,113,3,No,3,11,4240,11419,37.131097,No
FREDERIK_LANDABUR_GARCES__SANTIAGO_IV,FREDERIK LANDABUR GARCES,H,REGIÓN METROPOLITANA DE SANTIAGO,SANTIAGO IV,N,LO MEJOR PARA CHILE,PS E INDEPENDIENTES,PS,PARTIDO SOCIALISTA DE CHILE,114,1,Sí,3,11,16453,29470,55.829657,No
JUAN_PABLO_ALVAREZ_ENRIQUEZ__SANTIAGO_IV,JUAN PABLO ALVAREZ ENRIQUEZ,H,REGIÓN METROPOLITANA DE SANTIAGO,SANTIAGO IV,N,LO MEJOR PARA CHILE,PPD E INDEPENDIENTES,PPD,PARTIDO POR LA DEMOCRACIA,115,2,No,3,11,8354,29470,28.347472,No
CARLOS_HERNAN_ESPINOZA_VIDAL__SANTIAGO_IV,CARLOS HERNAN ESPINOZA VIDAL,H,REGIÓN METROPOLITANA DE SANTIAGO,SANTIAGO IV,N,LO MEJOR PARA CHILE,PPD E INDEPENDIENTES,IND,INDEPENDIENTES,116,3,No,3,11,4663,29470,15.822871,No
FRANCISCA_HERNANDEZ_CACERES__SANTIAGO_IV,FRANCISCA HERNANDEZ CACERES,M,REGIÓN METROPOLITANA DE SANTIAGO,SANTIAGO IV,Q,POR UN CHILE MEJOR,,PDC,PARTIDO DEMOCRATA CRISTIANO,117,1,Sí,2,11,15100,21346,70.739249,No
ANA_MARIA_FUENTES_CADIZ__SANTIAGO_IV,ANA MARIA FUENTES CADIZ,M,REGIÓN METROPOLITANA DE SANTIAGO,SANTIAGO IV,Q,POR UN CHILE MEJOR,,PDC,PARTIDO DEMOCRATA CRISTIANO,118,2,No,2,11,6246,21346,29.260751,No
XIMENA_BEATRIZ_MILAGROS_PERALTA_FIERRO__SANTIAGO_IV,XIMENA BEATRIZ MILAGROS PERALTA FIERRO,M,REGIÓN METROPOLITANA DE SANTIAGO,SANTIAGO IV,S,FRENTE AMPLIO,FRENTE AMPLIO E INDEPENDIENTES,FA,FRENTE AMPLIO,119,1,Sí,2,11,48375,69004,70.104632,Sí
LORENA_VERONICA_MONSALVE_SANHUEZA__SANTIAGO_IV,LORENA VERONICA MONSALVE SANHUEZA,M,REGIÓN METROPOLITANA DE SANTIAGO,SANTIAGO IV,S,FRENTE AMPLIO,FRENTE AMPLIO E INDEPENDIENTES,FA,FRENTE AMPLIO,120,2,No,2,11,20629,69004,29.895368,No
ALVARO_BELLOLIO_AVARIA__SANTIAGO_IV,ALVARO BELLOLIO AVARIA,H,REGIÓN METROPOLITANA DE SANTIAGO,SANTIAGO IV,V,CHILE VAMOS UDI - INDEPENDIENTES,,UDI,UNION DEMOCRATA INDEPENDIENTE,121,1,Sí,3,11,82097,105837,77.569281,Sí
EMILIO_EDWARDS_GANDARILLAS__SANTIAGO_IV,EMILIO EDWARDS GANDARILLAS,H,REGIÓN METROPOLITANA DE SANTIAGO,SANTIAGO IV,V,CHILE VAMOS UDI - INDEPENDIENTES,,UDI,UNION DEMOCRATA INDEPENDIENTE,122,2,No,3,11,12683,105837,11.983522,No
JUAN_ENRIQUE_WARD_CORREA__SANTIAGO_IV,JUAN ENRIQUE WARD CORREA,H,REGIÓN METROPOLITANA DE SANTIAGO,SANTIAGO IV,V,CHILE VAMOS UDI - INDEPENDIENTES,,UDI,UNION DEMOCRATA INDEPENDIENTE,123,3,No,3,11,11057,105837,10.447197,No
CAROLINA_ELIZABETH_OYARZUN_BENAVIDES__SANTIAGO_IV,CAROLINA ELIZABETH OYARZUN BENAVIDES,M,REGIÓN METROPOLITANA DE SANTIAGO,SANTIAGO IV,W,CHILE VAMOS EVOPOLI - INDEPENDIENTES,,EVOPOLI,EVOLUCION POLITICA,124,1,Sí,4,11,28758,49037,58.645513,No
CRISTIAN_ANDRES_NUNEZ_COMTE__SANTIAGO_IV,CRISTIAN ANDRES NUÑEZ COMTE,H,REGIÓN METROPOLITANA DE SANTIAGO,SANTIAGO IV,W,CHILE VAMOS EVOPOLI - INDEPENDIENTES,,EVOPOLI,EVOLUCION POLITICA,125,2,No,4,11,5860,49037,11.95016,No
PATRICIO_IBACACHE_TOLEDO__SANTIAGO_IV,PATRICIO IBACACHE TOLEDO,H,REGIÓN METROPOLITANA DE SANTIAGO,SANTIAGO IV,W,CHILE VAMOS EVOPOLI - INDEPENDIENTES,,IND,INDEPENDIENTES,126,3,No,4,11,4912,49037,10.016926,No
JOAQUIN_SCHNEIDER_BORNEMANN__SANTIAGO_IV,JOAQUIN SCHNEIDER BORNEMANN,H,REGIÓN METROPOLITANA DE SANTIAGO,SANTIAGO IV,W,CHILE VAMOS EVOPOLI - INDEPENDIENTES,,IND,INDEPENDIENTES,127,4,No,4,11,9507,49037,19.387401,No
CHRISTOPHER_ALEXANDER_ARENAS_MUNOZ__SANTIAGO_IV,CHRISTOPHER ALEXANDER ARENAS MUÑOZ,H,REGIÓN METROPOLITANA DE SANTIAGO,SANTIAGO IV,X,"ECOLOGISTAS, ANIMALISTAS E INDEPENDIENTES",,PAVP,PARTIDO ALIANZA VERDE POPULAR,128,1,Sí,1,11,25349,25349,100.0,No
IGNACIO_DULGER_CASTILLO__SANTIAGO_IV,IGNACIO DULGER CASTILLO,H,REGIÓN METROPOLITANA DE SANTIAGO,SANTIAGO IV,Y,REPUBLICANOS E INDEPENDIENTES,,REPUBLICANO,PARTIDO REPUBLICANO DE CHILE,129,1,Sí,4,11,60493,131214,46.10255,Sí
VIVIANA_ANDREA_CASAS_CORDERO_YANEZ__SANTIAGO_IV,VIVIANA ANDREA CASAS-CORDERO YAÑEZ,M,REGIÓN METROPOLITANA DE SANTIAGO,SANTIAGO IV,Y,REPUBLICANOS E INDEPENDIENTES,,REPUBLICANO,PARTIDO REPUBLICANO DE CHILE,130,2,No,4,11,41473,131214,31.607146,No
MANUEL_ANTONIO_DE_LA_PRIDA_BRAVO__SANTIAGO_IV,MANUEL ANTONIO DE LA PRIDA BRAVO,H,REGIÓN METROPOLITANA DE SANTIAGO,SANTIAGO IV,Y,REPUBLICANOS E INDEPENDIENTES,,REPUBLICANO,PARTIDO REPUBLICANO DE CHILE,131,3,No,4,11,18090,131214,13.786639,No
DIEGO_IGNACIO_CORTES_PAMPARANA__SANTIAGO_IV,DIEGO IGNACIO CORTES PAMPARANA,H,REGIÓN METROPOLITANA DE SANTIAGO,SANTIAGO IV,Y,REPUBLICANOS E INDEPENDIENTES,,IND,INDEPENDIENTES,132,4,No,4,11,11158,131214,8.503666,No
NATALIA_GARRIDO_TORO__SANTIAGO_V,NATALIA GARRIDO TORO,M,REGIÓN METROPOLITANA DE SANTIAGO,SANTIAGO V,B,IZQUIERDA ECOLOGISTA POPULAR,,IND,INDEPENDIENTES,100,1,Sí,3,12,21812,35064,62.206251,No
GIOVANNA_JAZMIN_GRANDON_CARO__SANTIAGO_V,GIOVANNA JAZMIN GRANDON CARO,M,REGIÓN METROPOLITANA DE SANTIAGO,SANTIAGO V,B,IZQUIERDA ECOLOGISTA POPULAR,,IND,INDEPENDIENTES,101,2,No,3,12,6622,35064,18.885467,No
ELIAS_GUSTAVO_BRICENO_OLGUIN__SANTIAGO_V,ELIAS GUSTAVO BRICEÑO OLGUIN,H,REGIÓN METROPOLITANA DE SANTIAGO,SANTIAGO V,B,IZQUIERDA ECOLOGISTA POPULAR,,IND,INDEPENDIENTES,102,3,No,3,12,6630,35064,18.908282,No
DANAE_NATALIA_PRADO_CARMONA__SANTIAGO_V,DANAE NATALIA PRADO CARMONA,M,REGIÓN METROPOLITANA DE SANTIAGO,SANTIAGO V,C,TODAS Y TODOS POR CHILE,PARTIDO COMUNISTA E INDEPENDIENTES,PCCH,PARTIDO COMUNISTA DE CHILE,103,1,Sí,4,12,42794,66738,64.122389,Sí
ESTEBAN_MAURICIO_CHAVEZ_RIVERA__SANTIAGO_V,ESTEBAN MAURICIO CHAVEZ RIVERA,H,REGIÓN METROPOLITANA DE SANTIAGO,SANTIAGO V,C,TODAS Y TODOS POR CHILE,PARTIDO COMUNISTA E INDEPENDIENTES,PCCH,PARTIDO COMUNISTA DE CHILE,104,2,No,4,12,8829,66738,13.229345,No
CATALINA_VIDAL_MENDEZ__SANTIAGO_V,CATALINA VIDAL MENDEZ,M,REGIÓN METROPOLITANA DE SANTIAGO,SANTIAGO V,C,TODAS Y TODOS POR CHILE,ACCION HUMANISTA E INDEPENDIENTES,AH,PARTIDO ACCIÓN HUMANISTA,105,3,No,4,12,8265,66738,12.384249,No
BERNARDO_IGNACIO_JORQUERA_LEYTON__SANTIAGO_V,BERNARDO IGNACIO JORQUERA LEYTON,H,REGIÓN METROPOLITANA DE SANTIAGO,SANTIAGO V,C,TODAS Y TODOS POR CHILE,ACCION HUMANISTA E INDEPENDIENTES,IND,INDEPENDIENTES,106,4,No,4,12,6850,66738,10.264018,No
EUGENIO_AGUILO_GONZALEZ__SANTIAGO_V,EUGENIO AGUILO GONZALEZ,H,REGIÓN METROPOLITANA DE SANTIAGO,SANTIAGO V,I,CHILE VAMOS RENOVACION NACIONAL - INDEPENDIENTES,,RN,RENOVACION NACIONAL,107,1,Sí,3,12,17853,72874,24.498449,No
MARCELO_ZUNINO_POBLETE__SANTIAGO_V,MARCELO ZUNINO POBLETE,H,REGIÓN METROPOLITANA DE SANTIAGO,SANTIAGO V,I,CHILE VAMOS RENOVACION NACIONAL - INDEPENDIENTES,,RN,RENOVACION NACIONAL,108,2,No,3,12,35713,72874,49.006504,Sí
RUTH_MIRANDA_MUNOZ__SANTIAGO_V,RUTH MIRANDA MUÑOZ,M,REGIÓN METROPOLITANA DE SANTIAGO,SANTIAGO V,I,CHILE VAMOS RENOVACION NACIONAL - INDEPENDIENTES,,RN,RENOVACION NACIONAL,109,3,No,3,12,19308,72874,26.495046,No
CARLOS_DAMIAN_GOMEZ_FUENTEALBA__SANTIAGO_V,CARLOS DAMIAN GOMEZ FUENTEALBA,H,REGIÓN METROPOLITANA DE SANTIAGO,SANTIAGO V,L,TU REGION RADICAL,,PR,PARTIDO RADICAL DE CHILE,110,1,Sí,2,12,3213,6730,47.741456,No
GINO_RODOLFO_AVENDANO_UNDURRAGA__SANTIAGO_V,GINO RODOLFO AVENDAÑO UNDURRAGA,H,REGIÓN METROPOLITANA DE SANTIAGO,SANTIAGO V,L,TU REGION RADICAL,,PR,PARTIDO RADICAL DE CHILE,111,2,No,2,12,3517,6730,52.258544,No
MARIA_ESTER_OLEA_RODRIGUEZ__SANTIAGO_V,MARIA ESTER OLEA RODRIGUEZ,M,REGIÓN METROPOLITANA DE SANTIAGO,SANTIAGO V,M,REGIONES VERDES LIBERALES,,FREVS,FEDERACION REGIONALISTA VERDE SOCIAL,112,1,Sí,3,12,9289,17533,52.980095,No
JORGE_ENRIQUE_ROJAS_MEZA__SANTIAGO_V,JORGE ENRIQUE ROJAS MEZA,H,REGIÓN METROPOLITANA DE SANTIAGO,SANTIAGO V,M,REGIONES VERDES LIBERALES,,FREVS,FEDERACION REGIONALISTA VERDE SOCIAL,113,2,No,3,12,2888,17533,16.471796,No
IVAN_EDUARDO_GAJARDO_CALDERON__SANTIAGO_V,IVAN EDUARDO GAJARDO CALDERON,H,REGIÓN METROPOLITANA DE SANTIAGO,SANTIAGO V,M,REGIONES VERDES LIBERALES,,IND,INDEPENDIENTES,114,3,No,3,12,5356,17533,30.548109,No
CLAUDIO_BURGOS_BOBADILLA__SANTIAGO_V,CLAUDIO BURGOS BOBADILLA,H,REGIÓN METROPOLITANA DE SANTIAGO,SANTIAGO V,N,LO MEJOR PARA CHILE,PS E INDEPENDIENTES,PS,PARTIDO SOCIALISTA DE CHILE,115,1,Sí,4,12,20224,45966,43.997737,No
VERONICA_ALIAGA_RAMIREZ__SANTIAGO_V,VERONICA ALIAGA RAMIREZ,M,REGIÓN METROPOLITANA DE SANTIAGO,SANTIAGO V,N,LO MEJOR PARA CHILE,PS E INDEPENDIENTES,PS,PARTIDO SOCIALISTA DE CHILE,116,2,No,4,12,11083,45966,24.1113,No
ERNESTO_ANDRES_FERNANDEZ_LEON__SANTIAGO_V,ERNESTO ANDRES FERNANDEZ LEON,H,REGIÓN METROPOLITANA DE SANTIAGO,SANTIAGO V,N,LO MEJOR PARA CHILE,PPD E INDEPENDIENTES,PPD,PARTIDO POR LA DEMOCRACIA,117,3,No,4,12,7967,45966,17.332376,No
RAMON_ORTIZ_SEGUEL__SANTIAGO_V,RAMON ORTIZ SEGUEL,H,REGIÓN METROPOLITANA DE SANTIAGO,SANTIAGO V,N,LO MEJOR PARA CHILE,PPD E INDEPENDIENTES,IND,INDEPENDIENTES,118,4,No,4,12,6692,45966,14.558587,No
JOHANNA_ANDREA_ARIAS_PACHECO__SANTIAGO_V,JOHANNA ANDREA ARIAS PACHECO,M,REGIÓN METROPOLITANA DE SANTIAGO,SANTIAGO V,Q,POR UN CHILE MEJOR,,PDC,PARTIDO DEMOCRATA CRISTIANO,119,1,Sí,3,12,15813,33542,47.143879,No
CECILIA_XIMENA_CELIS_AHUMADA__SANTIAGO_V,CECILIA XIMENA CELIS AHUMADA,M,REGIÓN METROPOLITANA DE SANTIAGO,SANTIAGO V,Q,POR UN CHILE MEJOR,,PDC,PARTIDO DEMOCRATA CRISTIANO,120,2,No,3,12,10809,33542,32.22527,No
RENE_IVAN_RAMIREZ_LOPEZ__SANTIAGO_V,RENE IVAN RAMIREZ LOPEZ,H,REGIÓN METROPOLITANA DE SANTIAGO,SANTIAGO V,Q,POR UN CHILE MEJOR,,PDC,PARTIDO DEMOCRATA CRISTIANO,121,3,No,3,12,6920,33542,20.630851,No
FRANCISCA_MARQUEZ_BUSTOS__SANTIAGO_V,FRANCISCA MARQUEZ BUSTOS,M,REGIÓN METROPOLITANA DE SANTIAGO,SANTIAGO V,S,FRENTE AMPLIO,FRENTE AMPLIO E INDEPENDIENTES,FA,FRENTE AMPLIO,122,1,Sí,4,12,27687,48213,57.42642,No
IGNACIO_ALEJANDRO_BAHAMONDES_DIAZ__SANTIAGO_V,IGNACIO ALEJANDRO BAHAMONDES DIAZ,H,REGIÓN METROPOLITANA DE SANTIAGO,SANTIAGO V,S,FRENTE AMPLIO,FRENTE AMPLIO E INDEPENDIENTES,FA,FRENTE AMPLIO,123,2,No,4,12,8427,48213,17.478688,No
JAVIER_ANDRES_AHUMADA_GUERRERO__SANTIAGO_V,JAVIER ANDRES AHUMADA GUERRERO,H,REGIÓN METROPOLITANA DE SANTIAGO,SANTIAGO V,S,FRENTE AMPLIO,FRENTE AMPLIO E INDEPENDIENTES,FA,FRENTE AMPLIO,124,3,No,4,12,7060,48213,14.643353,No
ANGELO_ENRIQUE_MENDOZA_TAPIA__SANTIAGO_V,ANGELO ENRIQUE MENDOZA TAPIA,H,REGIÓN METROPOLITANA DE SANTIAGO,SANTIAGO V,S,FRENTE AMPLIO,FRENTE AMPLIO E INDEPENDIENTES,FA,FRENTE AMPLIO,125,4,No,4,12,5039,48213,10.451538,No
ALLAN_MC_KENZIE_MARTINEZ__SANTIAGO_V,ALLAN MC KENZIE MARTINEZ,H,REGIÓN METROPOLITANA DE SANTIAGO,SANTIAGO V,V,CHILE VAMOS UDI - INDEPENDIENTES,,UDI,UNION DEMOCRATA INDEPENDIENTE,126,1,Sí,3,12,9567,22907,41.764526,No
RAMON_ELZO_OVIEDO__SANTIAGO_V,RAMON ELZO OVIEDO,H,REGIÓN METROPOLITANA DE SANTIAGO,SANTIAGO V,V,CHILE VAMOS UDI - INDEPENDIENTES,,UDI,UNION DEMOCRATA INDEPENDIENTE,127,2,No,3,12,4809,22907,20.993583,No
JORGE_LEYTON_ORTIZ__SANTIAGO_V,JORGE LEYTON ORTIZ,H,REGIÓN METROPOLITANA DE SANTIAGO,SANTIAGO V,V,CHILE VAMOS UDI - INDEPENDIENTES,,UDI,UNION DEMOCRATA INDEPENDIENTE,128,3,No,3,12,8531,22907,37.241891,No
CHRISTIAN_OSVALDO_HURTADO_ARAYA__SANTIAGO_V,CHRISTIAN OSVALDO HURTADO ARAYA,H,REGIÓN METROPOLITANA DE SANTIAGO,SANTIAGO V,W,CHILE VAMOS EVOPOLI - INDEPENDIENTES,,EVOPOLI,EVOLUCION POLITICA,129,1,Sí,4,12,6163,16445,37.476437,No
KAIMIN_EUGENIO_CHIA_BEAS__SANTIAGO_V,KAIMIN EUGENIO CHIA BEAS,H,REGIÓN METROPOLITANA DE SANTIAGO,SANTIAGO V,W,CHILE VAMOS EVOPOLI - INDEPENDIENTES,,EVOPOLI,EVOLUCION POLITICA,130,2,No,4,12,1434,16445,8.719976,No
JORGE_ROBERTO_MUNOZ_LATORRE__SANTIAGO_V,JORGE ROBERTO MUÑOZ LATORRE,H,REGIÓN METROPOLITANA DE SANTIAGO,SANTIAGO V,W,CHILE VAMOS EVOPOLI - INDEPENDIENTES,,EVOPOLI,EVOLUCION POLITICA,131,3,No,4,12,1892,16445,11.505017,No
KATHERINE_ANDREA_PEREZ_CONTRERAS__SANTIAGO_V,KATHERINE ANDREA PEREZ CONTRERAS,M,REGIÓN METROPOLITANA DE SANTIAGO,SANTIAGO V,W,CHILE VAMOS EVOPOLI - INDEPENDIENTES,,IND,INDEPENDIENTES,132,4,No,4,12,6956,16445,42.298571,No
FRESIA_MONICA_QUILODRAN_RAMOS__SANTIAGO_V,FRESIA MONICA QUILODRAN RAMOS,M,REGIÓN METROPOLITANA DE SANTIAGO,SANTIAGO V,X,"ECOLOGISTAS, ANIMALISTAS E INDEPENDIENTES",,PAVP,PARTIDO ALIANZA VERDE POPULAR,133,1,Sí,4,12,12145,32530,37.334768,No
IVANNA_VALENTINA_ORDENES_JOFRE__SANTIAGO_V,IVANNA VALENTINA ORDENES JOFRE,M,REGIÓN METROPOLITANA DE SANTIAGO,SANTIAGO V,X,"ECOLOGISTAS, ANIMALISTAS E INDEPENDIENTES",,PAVP,PARTIDO ALIANZA VERDE POPULAR,134,2,No,4,12,9029,32530,27.755918,No
YURI_ESTEBAN_RIVERA_RIVERA__SANTIAGO_V,YURI ESTEBAN RIVERA RIVERA,H,REGIÓN METROPOLITANA DE SANTIAGO,SANTIAGO V,X,"ECOLOGISTAS, ANIMALISTAS E INDEPENDIENTES",,PAVP,PARTIDO ALIANZA VERDE POPULAR,135,3,No,4,12,5874,32530,18.057178,No
JACQUELINE_MARIA_RAMIREZ_GARRIDO__SANTIAGO_V,JACQUELINE MARIA RAMIREZ GARRIDO,M,REGIÓN METROPOLITANA DE SANTIAGO,SANTIAGO V,X,"ECOLOGISTAS, ANIMALISTAS E INDEPENDIENTES",,PAVP,PARTIDO ALIANZA VERDE POPULAR,136,4,No,4,12,5482,32530,16.852136,No
RODRIGO_DONOSO_BAEZA__SANTIAGO_V,RODRIGO DONOSO BAEZA,H,REGIÓN METROPOLITANA DE SANTIAGO,SANTIAGO V,Y,REPUBLICANOS E INDEPENDIENTES,,REPUBLICANO,PARTIDO REPUBLICANO DE CHILE,137,1,Sí,4,12,42573,96953,43.910967,Sí
CARLOS_VAREA_BENAVIDES__SANTIAGO_V,CARLOS VAREA BENAVIDES,H,REGIÓN METROPOLITANA DE SANTIAGO,SANTIAGO V,Y,REPUBLICANOS E INDEPENDIENTES,,REPUBLICANO,PARTIDO REPUBLICANO DE CHILE,138,2,No,4,12,12797,96953,13.199179,No
DAVID_OCTAVIO_GOMEZ_CONTRERAS__SANTIAGO_V,DAVID OCTAVIO GOMEZ CONTRERAS,H,REGIÓN METROPOLITANA DE SANTIAGO,SANTIAGO V,Y,REPUBLICANOS E INDEPENDIENTES,,REPUBLICANO,PARTIDO REPUBLICANO DE CHILE,139,3,No,4,12,8648,96953,8.919786,No
SERGIO_ANDRES_MORALES_MENDEZ__SANTIAGO_V,SERGIO ANDRES MORALES MENDEZ,H,REGIÓN METROPOLITANA DE SANTIAGO,SANTIAGO V,Y,REPUBLICANOS E INDEPENDIENTES,,IND,INDEPENDIENTES,140,4,No,4,12,32935,96953,33.970068,Sí
JORGE_CRISTIAN_MUNOZ_REYES__SANTIAGO_VI,JORGE CRISTIAN MUÑOZ REYES,H,REGIÓN METROPOLITANA DE SANTIAGO,SANTIAGO VI,B,IZQUIERDA ECOLOGISTA POPULAR,,IND,INDEPENDIENTES,100,1,Sí,2,14,11020,17283,63.762078,No
BRAULIO_OLAVARRIA_ARAYA__SANTIAGO_VI,BRAULIO OLAVARRIA ARAYA,H,REGIÓN METROPOLITANA DE SANTIAGO,SANTIAGO VI,B,IZQUIERDA ECOLOGISTA POPULAR,,IND,INDEPENDIENTES,101,2,No,2,14,6263,17283,36.237922,No
CLAUDINA_DEL_CARMEN_NUNEZ_JIMENEZ__SANTIAGO_VI,CLAUDINA DEL CARMEN NUÑEZ JIMENEZ,M,REGIÓN METROPOLITANA DE SANTIAGO,SANTIAGO VI,C,TODAS Y TODOS POR CHILE,PARTIDO COMUNISTA E INDEPENDIENTES,PCCH,PARTIDO COMUNISTA DE CHILE,102,1,Sí,3,14,43044,52775,81.561345,Sí
CARLOS_FELIPE_ASTUDILLO_LOPEZ__SANTIAGO_VI,CARLOS FELIPE ASTUDILLO LOPEZ,H,REGIÓN METROPOLITANA DE SANTIAGO,SANTIAGO VI,C,TODAS Y TODOS POR CHILE,ACCION HUMANISTA E INDEPENDIENTES,AH,PARTIDO ACCIÓN HUMANISTA,103,2,No,3,14,6610,52775,12.52487,No
EMILIO_VIGNER_CASTRO__SANTIAGO_VI,EMILIO VIGNER CASTRO,H,REGIÓN METROPOLITANA DE SANTIAGO,SANTIAGO VI,C,TODAS Y TODOS POR CHILE,ACCION HUMANISTA E INDEPENDIENTES,AH,PARTIDO ACCIÓN HUMANISTA,104,3,No,3,14,3121,52775,5.913785,No
CRISTIAN_ALEJANDRO_VIVIAN_TRONCOSO__SANTIAGO_VI,CRISTIAN ALEJANDRO VIVIAN TRONCOSO,H,REGIÓN METROPOLITANA DE SANTIAGO,SANTIAGO VI,F,PARTIDO SOCIAL CRISTIANO E INDEPENDIENTES,,IND,INDEPENDIENTES,105,1,Sí,1,14,20803,20803,100.0,No
VALERIA_PONTI_RISSETTI__SANTIAGO_VI,VALERIA PONTI RISSETTI,M,REGIÓN METROPOLITANA DE SANTIAGO,SANTIAGO VI,I,CHILE VAMOS RENOVACION NACIONAL - INDEPENDIENTES,,RN,RENOVACION NACIONAL,106,1,Sí,4,14,31586,51911,60.846449,Sí
CRISTOFER_DIAZ_CARRION__SANTIAGO_VI,CRISTOFER DIAZ CARRION,H,REGIÓN METROPOLITANA DE SANTIAGO,SANTIAGO VI,I,CHILE VAMOS RENOVACION NACIONAL - INDEPENDIENTES,,RN,RENOVACION NACIONAL,107,2,No,4,14,6584,51911,12.683246,No
LUIS_SEREY_PROVOSTE__SANTIAGO_VI,LUIS SEREY PROVOSTE,H,REGIÓN METROPOLITANA DE SANTIAGO,SANTIAGO VI,I,CHILE VAMOS RENOVACION NACIONAL - INDEPENDIENTES,,RN,RENOVACION NACIONAL,108,3,No,4,14,5617,51911,10.820443,No
HERNAN_PEREZ_CISTERNAS__SANTIAGO_VI,HERNAN PEREZ CISTERNAS,H,REGIÓN METROPOLITANA DE SANTIAGO,SANTIAGO VI,I,CHILE VAMOS RENOVACION NACIONAL - INDEPENDIENTES,,RN,RENOVACION NACIONAL,109,4,No,4,14,8124,51911,15.649862,No
ARIEL_ALEJANDRO_MORALES_ARIAS__SANTIAGO_VI,ARIEL ALEJANDRO MORALES ARIAS,H,REGIÓN METROPOLITANA DE SANTIAGO,SANTIAGO VI,L,TU REGION RADICAL,,PR,PARTIDO RADICAL DE CHILE,110,1,Sí,2,14,5062,8988,56.319537,No
MARIA_ELENA_ARELLANO_BRAVO__SANTIAGO_VI,MARIA ELENA ARELLANO BRAVO,M,REGIÓN METROPOLITANA DE SANTIAGO,SANTIAGO VI,L,TU REGION RADICAL,,PR,PARTIDO RADICAL DE CHILE,111,2,No,2,14,3926,8988,43.680463,No
JAVIER_ESTEBAN_MANRIQUEZ_DIAZ__SANTIAGO_VI,JAVIER ESTEBAN MANRIQUEZ DIAZ,H,REGIÓN METROPOLITANA DE SANTIAGO,SANTIAGO VI,M,REGIONES VERDES LIBERALES,,FREVS,FEDERACION REGIONALISTA VERDE SOCIAL,112,1,Sí,4,14,3836,18552,20.677016,No
CARLA_ANDREA_GATICA_GALDAMEZ__SANTIAGO_VI,CARLA ANDREA GATICA GALDAMEZ,M,REGIÓN METROPOLITANA DE SANTIAGO,SANTIAGO VI,M,REGIONES VERDES LIBERALES,,FREVS,FEDERACION REGIONALISTA VERDE SOCIAL,113,2,No,4,14,8144,18552,43.898232,No
ALONSO_IGNACIO_SALINAS_GARCIA__SANTIAGO_VI,ALONSO IGNACIO SALINAS GARCIA,H,REGIÓN METROPOLITANA DE SANTIAGO,SANTIAGO VI,M,REGIONES VERDES LIBERALES,,FREVS,FEDERACION REGIONALISTA VERDE SOCIAL,114,3,No,4,14,3350,18552,18.057352,No
DANIEL_ALEJANDRO_SANCHEZ_ORELLANA__SANTIAGO_VI,DANIEL ALEJANDRO SANCHEZ ORELLANA,H,REGIÓN METROPOLITANA DE SANTIAGO,SANTIAGO VI,M,REGIONES VERDES LIBERALES,,IND,INDEPENDIENTES,115,4,No,4,14,3222,18552,17.3674,No
CAROLINA_OTEIZA_FUENZALIDA__SANTIAGO_VI,CAROLINA OTEIZA FUENZALIDA,M,REGIÓN METROPOLITANA DE SANTIAGO,SANTIAGO VI,N,LO MEJOR PARA CHILE,PS E INDEPENDIENTES,PS,PARTIDO SOCIALISTA DE CHILE,116,1,Sí,3,14,30809,52002,59.245798,Sí
PAULO_CANAS_CAMPILLAY__SANTIAGO_VI,PAULO CAÑAS CAMPILLAY,H,REGIÓN METROPOLITANA DE SANTIAGO,SANTIAGO VI,N,LO MEJOR PARA CHILE,PS E INDEPENDIENTES,IND,INDEPENDIENTES,117,2,No,3,14,15040,52002,28.921965,No
FERNANDO_IGNACIO_CANALES_MUNOZ__SANTIAGO_VI,FERNANDO IGNACIO CANALES MUÑOZ,H,REGIÓN METROPOLITANA DE SANTIAGO,SANTIAGO VI,N,LO MEJOR PARA CHILE,PPD E INDEPENDIENTES,IND,INDEPENDIENTES,118,3,No,3,14,6153,52002,11.832237,No
RENATO_FERNANDO_VASQUEZ_IBANEZ__SANTIAGO_VI,RENATO FERNANDO VASQUEZ IBAÑEZ,H,REGIÓN METROPOLITANA DE SANTIAGO,SANTIAGO VI,Q,POR UN CHILE MEJOR,,PDC,PARTIDO DEMOCRATA CRISTIANO,119,1,Sí,2,14,15797,25620,61.65886,No
MARCELO_MAURICIO_ESPINOZA_ARIAS__SANTIAGO_VI,MARCELO MAURICIO ESPINOZA ARIAS,H,REGIÓN METROPOLITANA DE SANTIAGO,SANTIAGO VI,Q,POR UN CHILE MEJOR,,PDC,PARTIDO DEMOCRATA CRISTIANO,120,2,No,2,14,9823,25620,38.34114,No
CARLOS_FERNANDO_GARDEL_BERRIOS__SANTIAGO_VI,CARLOS FERNANDO GARDEL BERRIOS,H,REGIÓN METROPOLITANA DE SANTIAGO,SANTIAGO VI,R,CENTRO DEMOCRATICO,DEMOCRATAS E INDEPENDIENTES,DEMOCRATAS,PARTIDO DEMOCRATAS CHILE,121,1,Sí,1,14,16102,16102,100.0,No
KARINA_ANDREA_RAMOS_ZAPATA__SANTIAGO_VI,KARINA ANDREA RAMOS ZAPATA,M,REGIÓN METROPOLITANA DE SANTIAGO,SANTIAGO VI,S,FRENTE AMPLIO,FRENTE AMPLIO E INDEPENDIENTES,FA,FRENTE AMPLIO,122,1,Sí,4,14,25794,46708,55.223945,No
WALTER_ALEJANDRO_ORTEGA_RIOS__SANTIAGO_VI,WALTER ALEJANDRO ORTEGA RIOS,H,REGIÓN METROPOLITANA DE SANTIAGO,SANTIAGO VI,S,FRENTE AMPLIO,FRENTE AMPLIO E INDEPENDIENTES,FA,FRENTE AMPLIO,123,2,No,4,14,7021,46708,15.031686,No
ROSSANA_DEL_CARMEN_CARRASCO_MEZA__SANTIAGO_VI,ROSSANA DEL CARMEN CARRASCO MEZA,M,REGIÓN METROPOLITANA DE SANTIAGO,SANTIAGO VI,S,FRENTE AMPLIO,FRENTE AMPLIO E INDEPENDIENTES,FA,FRENTE AMPLIO,124,3,No,4,14,4719,46708,10.103194,No
JAVIER_ANDRES_DUHARTE_SOLIS__SANTIAGO_VI,JAVIER ANDRES DUHARTE SOLIS,H,REGIÓN METROPOLITANA DE SANTIAGO,SANTIAGO VI,S,FRENTE AMPLIO,FRENTE AMPLIO E INDEPENDIENTES,IND,INDEPENDIENTES,125,4,No,4,14,9174,46708,19.641175,No
RODRIGO_GONZALEZ_CERON__SANTIAGO_VI,RODRIGO GONZALEZ CERON,H,REGIÓN METROPOLITANA DE SANTIAGO,SANTIAGO VI,V,CHILE VAMOS UDI - INDEPENDIENTES,,UDI,UNION DEMOCRATA INDEPENDIENTE,126,1,Sí,4,14,11115,22798,48.754277,No
SEBASTIAN_GARRIDO_GONZALEZ__SANTIAGO_VI,SEBASTIAN GARRIDO GONZALEZ,H,REGIÓN METROPOLITANA DE SANTIAGO,SANTIAGO VI,V,CHILE VAMOS UDI - INDEPENDIENTES,,UDI,UNION DEMOCRATA INDEPENDIENTE,127,2,No,4,14,5252,22798,23.037109,No
LUIS_GUZMAN_ACOSTA__SANTIAGO_VI,LUIS GUZMAN ACOSTA,H,REGIÓN METROPOLITANA DE SANTIAGO,SANTIAGO VI,V,CHILE VAMOS UDI - INDEPENDIENTES,,UDI,UNION DEMOCRATA INDEPENDIENTE,128,3,No,4,14,1897,22798,8.320905,No
CLAUDIO_PARDO_MOLINA__SANTIAGO_VI,CLAUDIO PARDO MOLINA,H,REGIÓN METROPOLITANA DE SANTIAGO,SANTIAGO VI,V,CHILE VAMOS UDI - INDEPENDIENTES,,IND,INDEPENDIENTES,129,4,No,4,14,4534,22798,19.887709,No
DANIEL_ALEXIS_CORONADO_CORONADO__SANTIAGO_VI,DANIEL ALEXIS CORONADO CORONADO,H,REGIÓN METROPOLITANA DE SANTIAGO,SANTIAGO VI,W,CHILE VAMOS EVOPOLI - INDEPENDIENTES,,IND,INDEPENDIENTES,130,1,Sí,1,14,13746,13746,100.0,No
JUAN_ANTONIO_ZAMBRANO_DUARTE__SANTIAGO_VI,JUAN ANTONIO ZAMBRANO DUARTE,H,REGIÓN METROPOLITANA DE SANTIAGO,SANTIAGO VI,X,"ECOLOGISTAS, ANIMALISTAS E INDEPENDIENTES",,PAVP,PARTIDO ALIANZA VERDE POPULAR,131,1,Sí,2,14,15765,20750,75.975904,No
GERARDO_ALEJANDRO_BALBOA_VALENZUELA__SANTIAGO_VI,GERARDO ALEJANDRO BALBOA VALENZUELA,H,REGIÓN METROPOLITANA DE SANTIAGO,SANTIAGO VI,X,"ECOLOGISTAS, ANIMALISTAS E INDEPENDIENTES",,PAVP,PARTIDO ALIANZA VERDE POPULAR,132,2,No,2,14,4985,20750,24.024096,No
FELIPE_ANDRES_SEREY_GUERRA__SANTIAGO_VI,FELIPE ANDRES SEREY GUERRA,H,REGIÓN METROPOLITANA DE SANTIAGO,SANTIAGO VI,Y,REPUBLICANOS E INDEPENDIENTES,,REPUBLICANO,PARTIDO REPUBLICANO DE CHILE,133,1,Sí,3,14,35566,61998,57.366367,Sí
DARIO_ALBERTO_URETA_JARA__SANTIAGO_VI,DARIO ALBERTO URETA JARA,H,REGIÓN METROPOLITANA DE SANTIAGO,SANTIAGO VI,Y,REPUBLICANOS E INDEPENDIENTES,,REPUBLICANO,PARTIDO REPUBLICANO DE CHILE,134,2,No,3,14,9720,61998,15.677925,No
SEBASTIAN_LARRAIN_OLEA__SANTIAGO_VI,SEBASTIAN LARRAIN OLEA,H,REGIÓN METROPOLITANA DE SANTIAGO,SANTIAGO VI,Y,REPUBLICANOS E INDEPENDIENTES,,REPUBLICANO,PARTIDO REPUBLICANO DE CHILE,135,3,No,3,14,16712,61998,26.955708,No
MARCO_ANTONIO_CARCAMO_MANDIOLA__TALAGANTE,MARCO ANTONIO CARCAMO MANDIOLA,H,REGIÓN METROPOLITANA DE SANTIAGO,TALAGANTE,C,TODAS Y TODOS POR CHILE,PARTIDO COMUNISTA E INDEPENDIENTES,PCCH,PARTIDO COMUNISTA DE CHILE,100,1,Sí,2,12,11246,14959,75.178822,No
RICARDO_SEBASTIAN_FERNANDEZ_RAMOS__TALAGANTE,RICARDO SEBASTIAN FERNANDEZ RAMOS,H,REGIÓN METROPOLITANA DE SANTIAGO,TALAGANTE,C,TODAS Y TODOS POR CHILE,PARTIDO COMUNISTA E INDEPENDIENTES,IND,INDEPENDIENTES,101,2,No,2,12,3713,14959,24.821178,No
MARIO_VILLANUEVA_JORQUERA__TALAGANTE,MARIO VILLANUEVA JORQUERA,H,REGIÓN METROPOLITANA DE SANTIAGO,TALAGANTE,I,CHILE VAMOS RENOVACION NACIONAL - INDEPENDIENTES,,RN,RENOVACION NACIONAL,102,1,Sí,2,12,11144,16838,66.183632,No
ALEX_ORTEGA_REYES__TALAGANTE,ALEX ORTEGA REYES,H,REGIÓN METROPOLITANA DE SANTIAGO,TALAGANTE,I,CHILE VAMOS RENOVACION NACIONAL - INDEPENDIENTES,,IND,INDEPENDIENTES,103,2,No,2,12,5694,16838,33.816368,No
NATALY_FRANCESCA_MALDONADO_MORALES__TALAGANTE,NATALY FRANCESCA MALDONADO MORALES,M,REGIÓN METROPOLITANA DE SANTIAGO,TALAGANTE,L,TU REGION RADICAL,,IND,INDEPENDIENTES,104,1,Sí,1,12,10806,10806,100.0,No
RICARDO_ANDRES_ZUNIGA_SALGADO__TALAGANTE,RICARDO ANDRES ZUÑIGA SALGADO,H,REGIÓN METROPOLITANA DE SANTIAGO,TALAGANTE,M,REGIONES VERDES LIBERALES,,PL,PARTIDO LIBERAL DE CHILE,105,1,Sí,1,12,3678,3678,100.0,No
MARICEL_DONOSO_DORIA__TALAGANTE,MARICEL DONOSO DORIA,M,REGIÓN METROPOLITANA DE SANTIAGO,TALAGANTE,N,LO MEJOR PARA CHILE,PS E INDEPENDIENTES,PS,PARTIDO SOCIALISTA DE CHILE,106,1,Sí,2,12,18192,27917,65.164595,Sí
PEDRO_MONTALVA_MONTALVA__TALAGANTE,PEDRO MONTALVA MONTALVA,H,REGIÓN METROPOLITANA DE SANTIAGO,TALAGANTE,N,LO MEJOR PARA CHILE,PS E INDEPENDIENTES,PS,PARTIDO SOCIALISTA DE CHILE,107,2,No,2,12,9725,27917,34.835405,No
MARIO_ENRIQUE_NORAMBUENA_CORALES__TALAGANTE,MARIO ENRIQUE NORAMBUENA CORALES,H,REGIÓN METROPOLITANA DE SANTIAGO,TALAGANTE,P,PARTIDO DE LA GENTE E INDEPENDIENTES,,PDG,PARTIDO DE LA GENTE,108,1,Sí,1,12,9614,9614,100.0,No
MARCELO_ANTONIO_ZAPATA_CANCINO__TALAGANTE,MARCELO ANTONIO ZAPATA CANCINO,H,REGIÓN METROPOLITANA DE SANTIAGO,TALAGANTE,Q,POR UN CHILE MEJOR,,PDC,PARTIDO DEMOCRATA CRISTIANO,109,1,Sí,2,12,7703,11006,69.989097,No
ENRIQUE_MEDINA_CAMPOS__TALAGANTE,ENRIQUE MEDINA CAMPOS,H,REGIÓN METROPOLITANA DE SANTIAGO,TALAGANTE,Q,POR UN CHILE MEJOR,,PDC,PARTIDO DEMOCRATA CRISTIANO,110,2,No,2,12,3303,11006,30.010903,No
FELIPE_ANTONIO_RAMIREZ_SANCHEZ__TALAGANTE,FELIPE ANTONIO RAMIREZ SANCHEZ,H,REGIÓN METROPOLITANA DE SANTIAGO,TALAGANTE,S,FRENTE AMPLIO,FRENTE AMPLIO E INDEPENDIENTES,FA,FRENTE AMPLIO,111,1,Sí,2,12,9484,13940,68.034433,No
CARLOS_GABRIEL_ACUNA_CAAMANO__TALAGANTE,CARLOS GABRIEL ACUÑA CAAMAÑO,H,REGIÓN METROPOLITANA DE SANTIAGO,TALAGANTE,S,FRENTE AMPLIO,FRENTE AMPLIO E INDEPENDIENTES,IND,INDEPENDIENTES,112,2,No,2,12,4456,13940,31.965567,No
JOHN_GENERAL_ALVAREZ__TALAGANTE,JOHN GENERAL ALVAREZ,H,REGIÓN METROPOLITANA DE SANTIAGO,TALAGANTE,V,CHILE VAMOS UDI - INDEPENDIENTES,,UDI,UNION DEMOCRATA INDEPENDIENTE,113,1,Sí,2,12,17910,22584,79.303932,No
PABLO_GONZALEZ_CARBONELL__TALAGANTE,PABLO GONZALEZ CARBONELL,H,REGIÓN METROPOLITANA DE SANTIAGO,TALAGANTE,V,CHILE VAMOS UDI - INDEPENDIENTES,,IND,INDEPENDIENTES,114,2,No,2,12,4674,22584,20.696068,No
ELIAS_ALBERTO_HERNANDEZ_TORRES__TALAGANTE,ELIAS ALBERTO HERNANDEZ TORRES,H,REGIÓN METROPOLITANA DE SANTIAGO,TALAGANTE,W,CHILE VAMOS EVOPOLI - INDEPENDIENTES,,EVOPOLI,EVOLUCION POLITICA,115,1,Sí,2,12,1981,11213,17.666994,No
EMA_ROSA_JOFRE_AHUMADA__TALAGANTE,EMA ROSA JOFRE AHUMADA,M,REGIÓN METROPOLITANA DE SANTIAGO,TALAGANTE,W,CHILE VAMOS EVOPOLI - INDEPENDIENTES,,IND,INDEPENDIENTES,116,2,No,2,12,9232,11213,82.333006,No
KEIN_SOTO_LAMA__TALAGANTE,KEIN SOTO LAMA,H,REGIÓN METROPOLITANA DE SANTIAGO,TALAGANTE,X,"ECOLOGISTAS, ANIMALISTAS E INDEPENDIENTES",,PAVP,PARTIDO ALIANZA VERDE POPULAR,117,1,Sí,1,12,9964,9964,100.0,No
JAIME_GONZALEZ_KAZAZIAN__TALAGANTE,JAIME GONZALEZ KAZAZIAN,H,REGIÓN METROPOLITANA DE SANTIAGO,TALAGANTE,Y,REPUBLICANOS E INDEPENDIENTES,,REPUBLICANO,PARTIDO REPUBLICANO DE CHILE,118,1,Sí,1,12,25110,25110,100.0,Sí
PATRICIA_VERONICA_SEGURA_DUCO__CACHAPOAL_I,PATRICIA VERONICA SEGURA DUCO,M,REGIÓN DEL LIBERTADOR GENERAL BERNARDO O'HIGGINS,CACHAPOAL I,C,TODAS Y TODOS POR CHILE,PARTIDO COMUNISTA E INDEPENDIENTES,PCCH,PARTIDO COMUNISTA DE CHILE,100,1,Sí,2,12,5468,7363,74.263208,No
GONZALO_HERNAN_DIAZ_BARRIOS__CACHAPOAL_I,GONZALO HERNAN DIAZ BARRIOS,H,REGIÓN DEL LIBERTADOR GENERAL BERNARDO O'HIGGINS,CACHAPOAL I,C,TODAS Y TODOS POR CHILE,PARTIDO COMUNISTA E INDEPENDIENTES,PCCH,PARTIDO COMUNISTA DE CHILE,101,2,No,2,12,1895,7363,25.736792,No
PAULA_ANDREA_MUNOZ_CARRASCO__CACHAPOAL_I,PAULA ANDREA MUÑOZ CARRASCO,M,REGIÓN DEL LIBERTADOR GENERAL BERNARDO O'HIGGINS,CACHAPOAL I,F,PARTIDO SOCIAL CRISTIANO E INDEPENDIENTES,,PSC,PARTIDO SOCIAL CRISTIANO,102,1,Sí,4,12,3213,5355,60.0,No
GABRIEL_ANTONIO_AVILA_AVILA__CACHAPOAL_I,GABRIEL ANTONIO AVILA AVILA,H,REGIÓN DEL LIBERTADOR GENERAL BERNARDO O'HIGGINS,CACHAPOAL I,F,PARTIDO SOCIAL CRISTIANO E INDEPENDIENTES,,PSC,PARTIDO SOCIAL CRISTIANO,103,2,No,4,12,876,5355,16.358543,No
ALEXIS_EDUARDO_GONZALEZ_PEREIRA__CACHAPOAL_I,ALEXIS EDUARDO GONZALEZ PEREIRA,H,REGIÓN DEL LIBERTADOR GENERAL BERNARDO O'HIGGINS,CACHAPOAL I,F,PARTIDO SOCIAL CRISTIANO E INDEPENDIENTES,,PSC,PARTIDO SOCIAL CRISTIANO,104,3,No,4,12,619,5355,11.55929,No
OLIVER_LETELIER_CONTRERAS__CACHAPOAL_I,OLIVER LETELIER CONTRERAS,H,REGIÓN DEL LIBERTADOR GENERAL BERNARDO O'HIGGINS,CACHAPOAL I,F,PARTIDO SOCIAL CRISTIANO E INDEPENDIENTES,,PSC,PARTIDO SOCIAL CRISTIANO,105,4,No,4,12,647,5355,12.082166,No
INGRID_ARRIOLA_RUIZ__CACHAPOAL_I,INGRID ARRIOLA RUIZ,M,REGIÓN DEL LIBERTADOR GENERAL BERNARDO O'HIGGINS,CACHAPOAL I,I,CHILE VAMOS RENOVACION NACIONAL - INDEPENDIENTES,,RN,RENOVACION NACIONAL,106,1,Sí,4,12,3874,10412,37.207069,No
JOSE_KRUG_OLEA__CACHAPOAL_I,JOSE KRUG OLEA,H,REGIÓN DEL LIBERTADOR GENERAL BERNARDO O'HIGGINS,CACHAPOAL I,I,CHILE VAMOS RENOVACION NACIONAL - INDEPENDIENTES,,IND,INDEPENDIENTES,107,2,No,4,12,4099,10412,39.368037,No
KURT_SCHONFFELDT_GUERRERO__CACHAPOAL_I,KURT SCHONFFELDT GUERRERO,H,REGIÓN DEL LIBERTADOR GENERAL BERNARDO O'HIGGINS,CACHAPOAL I,I,CHILE VAMOS RENOVACION NACIONAL - INDEPENDIENTES,,IND,INDEPENDIENTES,108,3,No,4,12,1416,10412,13.599693,No
OMAR_FLORES_CANALES__CACHAPOAL_I,OMAR FLORES CANALES,H,REGIÓN DEL LIBERTADOR GENERAL BERNARDO O'HIGGINS,CACHAPOAL I,I,CHILE VAMOS RENOVACION NACIONAL - INDEPENDIENTES,,IND,INDEPENDIENTES,109,4,No,4,12,1023,10412,9.825202,No
HUGO_ALFREDO_BARAHONA_FRANCO__CACHAPOAL_I,HUGO ALFREDO BARAHONA FRANCO,H,REGIÓN DEL LIBERTADOR GENERAL BERNARDO O'HIGGINS,CACHAPOAL I,L,TU REGION RADICAL,,PR,PARTIDO RADICAL DE CHILE,110,1,Sí,4,12,950,2710,35.055351,No
GRACIA_VARELA_MORALES__CACHAPOAL_I,GRACIA VARELA MORALES,M,REGIÓN DEL LIBERTADOR GENERAL BERNARDO O'HIGGINS,CACHAPOAL I,L,TU REGION RADICAL,,IND,INDEPENDIENTES,111,2,No,4,12,624,2710,23.02583,No
BETSABE_AURISTELA_AGUILERA_SILVA__CACHAPOAL_I,BETSABE AURISTELA AGUILERA SILVA,M,REGIÓN DEL LIBERTADOR GENERAL BERNARDO O'HIGGINS,CACHAPOAL I,L,TU REGION RADICAL,,IND,INDEPENDIENTES,112,3,No,4,12,372,2710,13.726937,No
MARIA_FRANCISCA_URZUA_ACEVEDO__CACHAPOAL_I,MARIA FRANCISCA URZUA ACEVEDO,M,REGIÓN DEL LIBERTADOR GENERAL BERNARDO O'HIGGINS,CACHAPOAL I,L,TU REGION RADICAL,,IND,INDEPENDIENTES,113,4,No,4,12,764,2710,28.191882,No
BEATRIZ_DE_LOURDES_VALENZUELA_VAN_TREEK__CACHAPOAL_I,BEATRIZ DE LOURDES VALENZUELA VAN TREEK,M,REGIÓN DEL LIBERTADOR GENERAL BERNARDO O'HIGGINS,CACHAPOAL I,M,REGIONES VERDES LIBERALES,,IND,INDEPENDIENTES,114,1,Sí,3,12,6228,9147,68.087898,No
JORGE_EUGENIO_OLGUIN_MAZUA__CACHAPOAL_I,JORGE EUGENIO OLGUIN MAZUA,H,REGIÓN DEL LIBERTADOR GENERAL BERNARDO O'HIGGINS,CACHAPOAL I,M,REGIONES VERDES LIBERALES,,IND,INDEPENDIENTES,115,2,No,3,12,1612,9147,17.623264,No
ANDRES_JESUS_ORTIZ_VIDAL__CACHAPOAL_I,ANDRES JESUS ORTIZ VIDAL,H,REGIÓN DEL LIBERTADOR GENERAL BERNARDO O'HIGGINS,CACHAPOAL I,M,REGIONES VERDES LIBERALES,,IND,INDEPENDIENTES,116,3,No,3,12,1307,9147,14.288838,No
MAURICIO_VALDERRAMA_ALVAREZ__CACHAPOAL_I,MAURICIO VALDERRAMA ALVAREZ,H,REGIÓN DEL LIBERTADOR GENERAL BERNARDO O'HIGGINS,CACHAPOAL I,N,LO MEJOR PARA CHILE,PS E INDEPENDIENTES,PS,PARTIDO SOCIALISTA DE CHILE,117,1,Sí,5,12,4204,13238,31.757063,Sí
ALEJANDRA_EUGENIA_SALINAS_GUTIERREZ__CACHAPOAL_I,ALEJANDRA EUGENIA SALINAS GUTIERREZ,M,REGIÓN DEL LIBERTADOR GENERAL BERNARDO O'HIGGINS,CACHAPOAL I,N,LO MEJOR PARA CHILE,PS E INDEPENDIENTES,PS,PARTIDO SOCIALISTA DE CHILE,118,2,No,5,12,2994,13238,22.616709,No
DIEGO_BARRERA_SOLIS__CACHAPOAL_I,DIEGO BARRERA SOLIS,H,REGIÓN DEL LIBERTADOR GENERAL BERNARDO O'HIGGINS,CACHAPOAL I,N,LO MEJOR PARA CHILE,PS E INDEPENDIENTES,PS,PARTIDO SOCIALISTA DE CHILE,119,3,No,5,12,3471,13238,26.219973,No
JORGE_PALAMARA_POZO__CACHAPOAL_I,JORGE PALAMARA POZO,H,REGIÓN DEL LIBERTADOR GENERAL BERNARDO O'HIGGINS,CACHAPOAL I,N,LO MEJOR PARA CHILE,PPD E INDEPENDIENTES,IND,INDEPENDIENTES,120,4,No,5,12,1545,13238,11.670947,No
CARLOS_ENRIQUE_ORTEGA_AEDO__CACHAPOAL_I,CARLOS ENRIQUE ORTEGA AEDO,H,REGIÓN DEL LIBERTADOR GENERAL BERNARDO O'HIGGINS,CACHAPOAL I,N,LO MEJOR PARA CHILE,PPD E INDEPENDIENTES,IND,INDEPENDIENTES,121,5,No,5,12,1024,13238,7.735307,No
MAXIMILIANO_PIZARRO_QUINTANILLA__CACHAPOAL_I,MAXIMILIANO PIZARRO QUINTANILLA,H,REGIÓN DEL LIBERTADOR GENERAL BERNARDO O'HIGGINS,CACHAPOAL I,P,PARTIDO DE LA GENTE E INDEPENDIENTES,,PDG,PARTIDO DE LA GENTE,122,1,Sí,4,12,2439,9788,24.918267,No
JORGE_LIZANA_ARANCIBIA__CACHAPOAL_I,JORGE LIZANA ARANCIBIA,H,REGIÓN DEL LIBERTADOR GENERAL BERNARDO O'HIGGINS,CACHAPOAL I,P,PARTIDO DE LA GENTE E INDEPENDIENTES,,PDG,PARTIDO DE LA GENTE,123,2,No,4,12,1522,9788,15.549653,No
FELIPE_ALISTE_SOLIS__CACHAPOAL_I,FELIPE ALISTE SOLIS,H,REGIÓN DEL LIBERTADOR GENERAL BERNARDO O'HIGGINS,CACHAPOAL I,P,PARTIDO DE LA GENTE E INDEPENDIENTES,,PDG,PARTIDO DE LA GENTE,124,3,No,4,12,1466,9788,14.977523,No
MONSERRAT_GALLARDO_CONTRERAS__CACHAPOAL_I,MONSERRAT GALLARDO CONTRERAS,M,REGIÓN DEL LIBERTADOR GENERAL BERNARDO O'HIGGINS,CACHAPOAL I,P,PARTIDO DE LA GENTE E INDEPENDIENTES,,IND,INDEPENDIENTES,125,4,No,4,12,4361,9788,44.554557,No
MARLENE_DIAZ_SANTA_MARIA__CACHAPOAL_I,MARLENE DIAZ SANTA MARIA,M,REGIÓN DEL LIBERTADOR GENERAL BERNARDO O'HIGGINS,CACHAPOAL I,Q,POR UN CHILE MEJOR,,PDC,PARTIDO DEMOCRATA CRISTIANO,126,1,Sí,1,12,4488,4488,100.0,No
GERMAN_ALBERTO_ARENAS_SAEZ__CACHAPOAL_I,GERMAN ALBERTO ARENAS SAEZ,H,REGIÓN DEL LIBERTADOR GENERAL BERNARDO O'HIGGINS,CACHAPOAL I,S,FRENTE AMPLIO,FRENTE AMPLIO E INDEPENDIENTES,FA,FRENTE AMPLIO,127,1,Sí,5,12,6294,11343,55.487966,Sí
MARIA_MARGARITA_CRESPO_URETA__CACHAPOAL_I,MARIA MARGARITA CRESPO URETA,M,REGIÓN DEL LIBERTADOR GENERAL BERNARDO O'HIGGINS,CACHAPOAL I,S,FRENTE AMPLIO,FRENTE AMPLIO E INDEPENDIENTES,FA,FRENTE AMPLIO,128,2,No,5,12,2422,11343,21.352376,No
FELIPE_ALEJANDRO_GUTIERREZ_PEREZ__CACHAPOAL_I,FELIPE ALEJANDRO GUTIERREZ PEREZ,H,REGIÓN DEL LIBERTADOR GENERAL BERNARDO O'HIGGINS,CACHAPOAL I,S,FRENTE AMPLIO,FRENTE AMPLIO E INDEPENDIENTES,IND,INDEPENDIENTES,129,3,No,5,12,1832,11343,16.15093,No
MARIO_IGNACIO_LOPEZ_TORO__CACHAPOAL_I,MARIO IGNACIO LOPEZ TORO,H,REGIÓN DEL LIBERTADOR GENERAL BERNARDO O'HIGGINS,CACHAPOAL I,S,FRENTE AMPLIO,FRENTE AMPLIO E INDEPENDIENTES,IND,INDEPENDIENTES,130,4,No,5,12,445,11343,3.923124,No
IGNACIO_ANTONIO_MERINO_MONTERO__CACHAPOAL_I,IGNACIO ANTONIO MERIÑO MONTERO,H,REGIÓN DEL LIBERTADOR GENERAL BERNARDO O'HIGGINS,CACHAPOAL I,S,FRENTE AMPLIO,FRENTE AMPLIO E INDEPENDIENTES,IND,INDEPENDIENTES,131,5,No,5,12,350,11343,3.085603,No
PEDRO_HERNANDEZ_GARRIDO__CACHAPOAL_I,PEDRO HERNANDEZ GARRIDO,H,REGIÓN DEL LIBERTADOR GENERAL BERNARDO O'HIGGINS,CACHAPOAL I,V,CHILE VAMOS UDI - INDEPENDIENTES,,UDI,UNION DEMOCRATA INDEPENDIENTE,132,1,Sí,4,12,6827,11492,59.406544,Sí
CAROL_GODOY_SAN_MARTIN__CACHAPOAL_I,CAROL GODOY SAN MARTIN,M,REGIÓN DEL LIBERTADOR GENERAL BERNARDO O'HIGGINS,CACHAPOAL I,V,CHILE VAMOS UDI - INDEPENDIENTES,,UDI,UNION DEMOCRATA INDEPENDIENTE,133,2,No,4,12,2311,11492,20.109641,No
JORGE_PALMA_FAUNE__CACHAPOAL_I,JORGE PALMA FAUNE,H,REGIÓN DEL LIBERTADOR GENERAL BERNARDO O'HIGGINS,CACHAPOAL I,V,CHILE VAMOS UDI - INDEPENDIENTES,,UDI,UNION DEMOCRATA INDEPENDIENTE,134,3,No,4,12,1003,11492,8.727811,No
KEVIN_ORTEGA_PONCE__CACHAPOAL_I,KEVIN ORTEGA PONCE,H,REGIÓN DEL LIBERTADOR GENERAL BERNARDO O'HIGGINS,CACHAPOAL I,V,CHILE VAMOS UDI - INDEPENDIENTES,,UDI,UNION DEMOCRATA INDEPENDIENTE,135,4,No,4,12,1351,11492,11.756004,No
DAMARIE_MOYANO_MADRID__CACHAPOAL_I,DAMARIE MOYANO MADRID,M,REGIÓN DEL LIBERTADOR GENERAL BERNARDO O'HIGGINS,CACHAPOAL I,X,"ECOLOGISTAS, ANIMALISTAS E INDEPENDIENTES",,PAVP,PARTIDO ALIANZA VERDE POPULAR,136,1,Sí,1,12,8208,8208,100.0,No
JUAN_CARLOS_MACKAY_JARPA__CACHAPOAL_I,JUAN CARLOS MACKAY JARPA,H,REGIÓN DEL LIBERTADOR GENERAL BERNARDO O'HIGGINS,CACHAPOAL I,Y,REPUBLICANOS E INDEPENDIENTES,,REPUBLICANO,PARTIDO REPUBLICANO DE CHILE,137,1,Sí,5,12,14012,33465,41.870611,Sí
ALEJANDRO_PUJA_CAMPOS__CACHAPOAL_I,ALEJANDRO PUJA CAMPOS,H,REGIÓN DEL LIBERTADOR GENERAL BERNARDO O'HIGGINS,CACHAPOAL I,Y,REPUBLICANOS E INDEPENDIENTES,,REPUBLICANO,PARTIDO REPUBLICANO DE CHILE,138,2,No,5,12,3244,33465,9.69371,No
CLAUDIO_ALBERTO_SCHMINCKE_MARTINEZ__CACHAPOAL_I,CLAUDIO ALBERTO SCHMINCKE MARTINEZ,H,REGIÓN DEL LIBERTADOR GENERAL BERNARDO O'HIGGINS,CACHAPOAL I,Y,REPUBLICANOS E INDEPENDIENTES,,REPUBLICANO,PARTIDO REPUBLICANO DE CHILE,139,3,No,5,12,5215,33465,15.583445,Sí
HUGO_IVAN_BRAVO_FUENTES__CACHAPOAL_I,HUGO IVAN BRAVO FUENTES,H,REGIÓN DEL LIBERTADOR GENERAL BERNARDO O'HIGGINS,CACHAPOAL I,Y,REPUBLICANOS E INDEPENDIENTES,,REPUBLICANO,PARTIDO REPUBLICANO DE CHILE,140,4,No,5,12,2641,33465,7.891827,No
RICHARD_ALEXIS_TORRES_RIVAS__CACHAPOAL_I,RICHARD ALEXIS TORRES RIVAS,H,REGIÓN DEL LIBERTADOR GENERAL BERNARDO O'HIGGINS,CACHAPOAL I,Y,REPUBLICANOS E INDEPENDIENTES,,IND,INDEPENDIENTES,141,5,No,5,12,8353,33465,24.960406,No
ANA_LUZ_GONZALEZ_PALMA__CACHAPOAL_II,ANA LUZ GONZALEZ PALMA,M,REGIÓN DEL LIBERTADOR GENERAL BERNARDO O'HIGGINS,CACHAPOAL II,C,TODAS Y TODOS POR CHILE,PARTIDO COMUNISTA E INDEPENDIENTES,PCCH,PARTIDO COMUNISTA DE CHILE,100,1,Sí,3,11,6911,13881,49.787479,No
YANARA_CLAUDINA_MARTINEZ_MUNOZ__CACHAPOAL_II,YANARA CLAUDINA MARTINEZ MUÑOZ,M,REGIÓN DEL LIBERTADOR GENERAL BERNARDO O'HIGGINS,CACHAPOAL II,C,TODAS Y TODOS POR CHILE,PARTIDO COMUNISTA E INDEPENDIENTES,PCCH,PARTIDO COMUNISTA DE CHILE,101,2,No,3,11,2902,13881,20.906275,No
HUGO_VALENTIN_REY_AREVALO__CACHAPOAL_II,HUGO VALENTIN REY AREVALO,H,REGIÓN DEL LIBERTADOR GENERAL BERNARDO O'HIGGINS,CACHAPOAL II,C,TODAS Y TODOS POR CHILE,PARTIDO COMUNISTA E INDEPENDIENTES,IND,INDEPENDIENTES,102,3,No,3,11,4068,13881,29.306246,No
ALVARO_SOTO_MONTECINOS__CACHAPOAL_II,ALVARO SOTO MONTECINOS,H,REGIÓN DEL LIBERTADOR GENERAL BERNARDO O'HIGGINS,CACHAPOAL II,I,CHILE VAMOS RENOVACION NACIONAL - INDEPENDIENTES,,RN,RENOVACION NACIONAL,103,1,Sí,8,11,6228,31925,19.508222,No
CRISTOBAL_MEDINA_GONZALEZ__CACHAPOAL_II,CRISTOBAL MEDINA GONZALEZ,H,REGIÓN DEL LIBERTADOR GENERAL BERNARDO O'HIGGINS,CACHAPOAL II,I,CHILE VAMOS RENOVACION NACIONAL - INDEPENDIENTES,,RN,RENOVACION NACIONAL,104,2,No,8,11,1778,31925,5.569303,No
LUCIA_MUNOZ_SANDOVAL__CACHAPOAL_II,LUCIA MUÑOZ SANDOVAL,M,REGIÓN DEL LIBERTADOR GENERAL BERNARDO O'HIGGINS,CACHAPOAL II,I,CHILE VAMOS RENOVACION NACIONAL - INDEPENDIENTES,,RN,RENOVACION NACIONAL,105,3,No,8,11,6870,31925,21.519186,Sí
CARLOS_CAMILLA_FERNANDEZ__CACHAPOAL_II,CARLOS CAMILLA FERNANDEZ,H,REGIÓN DEL LIBERTADOR GENERAL BERNARDO O'HIGGINS,CACHAPOAL II,I,CHILE VAMOS RENOVACION NACIONAL - INDEPENDIENTES,,RN,RENOVACION NACIONAL,106,4,No,8,11,1938,31925,6.070478,No
SEBASTIAN_MATURANA_SILVA__CACHAPOAL_II,SEBASTIAN MATURANA SILVA,H,REGIÓN DEL LIBERTADOR GENERAL BERNARDO O'HIGGINS,CACHAPOAL II,I,CHILE VAMOS RENOVACION NACIONAL - INDEPENDIENTES,,RN,RENOVACION NACIONAL,107,5,No,8,11,4280,31925,13.406421,No
JULIO_GUTIERREZ_SEPULVEDA__CACHAPOAL_II,JULIO GUTIERREZ SEPULVEDA,H,REGIÓN DEL LIBERTADOR GENERAL BERNARDO O'HIGGINS,CACHAPOAL II,I,CHILE VAMOS RENOVACION NACIONAL - INDEPENDIENTES,,RN,RENOVACION NACIONAL,108,6,No,8,11,1774,31925,5.556774,No
ROBERTO_VARGAS_PINO__CACHAPOAL_II,ROBERTO VARGAS PINO,H,REGIÓN DEL LIBERTADOR GENERAL BERNARDO O'HIGGINS,CACHAPOAL II,I,CHILE VAMOS RENOVACION NACIONAL - INDEPENDIENTES,,RN,RENOVACION NACIONAL,109,7,No,8,11,1274,31925,3.990603,No
FRANCISCO_DUBOY_PAMPARANA__CACHAPOAL_II,FRANCISCO DUBOY PAMPARANA,H,REGIÓN DEL LIBERTADOR GENERAL BERNARDO O'HIGGINS,CACHAPOAL II,I,CHILE VAMOS RENOVACION NACIONAL - INDEPENDIENTES,,IND,INDEPENDIENTES,110,8,No,8,11,7783,31925,24.379013,No
JULIO_CESAR_PENA_MUNOZ__CACHAPOAL_II,JULIO CESAR PEÑA MUÑOZ,H,REGIÓN DEL LIBERTADOR GENERAL BERNARDO O'HIGGINS,CACHAPOAL II,L,TU REGION RADICAL,,PR,PARTIDO RADICAL DE CHILE,111,1,Sí,6,11,2140,13570,15.770081,No
DANIEL_ANTONIO_MORELLI_PASTENE__CACHAPOAL_II,DANIEL ANTONIO MORELLI PASTENE,H,REGIÓN DEL LIBERTADOR GENERAL BERNARDO O'HIGGINS,CACHAPOAL II,L,TU REGION RADICAL,,IND,INDEPENDIENTES,112,2,No,6,11,1669,13570,12.299189,No
FRANCISCO_GUILLERMO_VALENZUELA_AVILA__CACHAPOAL_II,FRANCISCO GUILLERMO VALENZUELA AVILA,H,REGIÓN DEL LIBERTADOR GENERAL BERNARDO O'HIGGINS,CACHAPOAL II,L,TU REGION RADICAL,,IND,INDEPENDIENTES,113,3,No,6,11,2156,13570,15.887988,No
LEANDRO_ANDRES_SANCHEZ_PINO__CACHAPOAL_II,LEANDRO ANDRES SANCHEZ PINO,H,REGIÓN DEL LIBERTADOR GENERAL BERNARDO O'HIGGINS,CACHAPOAL II,L,TU REGION RADICAL,,IND,INDEPENDIENTES,114,4,No,6,11,774,13570,5.703758,No
NELSON_RODRIGO_OSORIO_CARVAJAL__CACHAPOAL_II,NELSON RODRIGO OSORIO CARVAJAL,H,REGIÓN DEL LIBERTADOR GENERAL BERNARDO O'HIGGINS,CACHAPOAL II,L,TU REGION RADICAL,,IND,INDEPENDIENTES,115,5,No,6,11,2432,13570,17.921887,No
JOSE_ALEJANDRO_MARTINEZ_PARDO__CACHAPOAL_II,JOSE ALEJANDRO MARTINEZ PARDO,H,REGIÓN DEL LIBERTADOR GENERAL BERNARDO O'HIGGINS,CACHAPOAL II,L,TU REGION RADICAL,,IND,INDEPENDIENTES,116,6,No,6,11,4399,13570,32.417097,No
PAOLA_ALEJANDRA_REY_AHUMADA__CACHAPOAL_II,PAOLA ALEJANDRA REY AHUMADA,M,REGIÓN DEL LIBERTADOR GENERAL BERNARDO O'HIGGINS,CACHAPOAL II,M,REGIONES VERDES LIBERALES,,FREVS,FEDERACION REGIONALISTA VERDE SOCIAL,117,1,Sí,3,11,4088,7400,55.243243,No
ERICK_MAURICIO_ARRIAGADA_MEDINA__CACHAPOAL_II,ERICK MAURICIO ARRIAGADA MEDINA,H,REGIÓN DEL LIBERTADOR GENERAL BERNARDO O'HIGGINS,CACHAPOAL II,M,REGIONES VERDES LIBERALES,,FREVS,FEDERACION REGIONALISTA VERDE SOCIAL,118,2,No,3,11,1127,7400,15.22973,No
ELIOTT_ROBINSON_JEOVANNI_GARCIA_ZUNIGA__CACHAPOAL_II,ELIOTT ROBINSON JEOVANNI GARCIA ZUÑIGA,H,REGIÓN DEL LIBERTADOR GENERAL BERNARDO O'HIGGINS,CACHAPOAL II,M,REGIONES VERDES LIBERALES,,IND,INDEPENDIENTES,119,3,No,3,11,2185,7400,29.527027,No
FLORENIA_CARVAJAL_CID__CACHAPOAL_II,FLORENIA CARVAJAL CID,M,REGIÓN DEL LIBERTADOR GENERAL BERNARDO O'HIGGINS,CACHAPOAL II,N,LO MEJOR PARA CHILE,PPD E INDEPENDIENTES,PPD,PARTIDO POR LA DEMOCRACIA,120,1,Sí,8,11,4255,42482,10.016007,No
ALEX_RAMIREZ_ORTIZ__CACHAPOAL_II,ALEX RAMIREZ ORTIZ,H,REGIÓN DEL LIBERTADOR GENERAL BERNARDO O'HIGGINS,CACHAPOAL II,N,LO MEJOR PARA CHILE,PPD E INDEPENDIENTES,IND,INDEPENDIENTES,121,2,No,8,11,8223,42482,19.356433,Sí
PABLO_JARAMILLO_ARANGUIZ__CACHAPOAL_II,PABLO JARAMILLO ARANGUIZ,H,REGIÓN DEL LIBERTADOR GENERAL BERNARDO O'HIGGINS,CACHAPOAL II,N,LO MEJOR PARA CHILE,PPD E INDEPENDIENTES,IND,INDEPENDIENTES,122,3,No,8,11,5504,42482,12.956076,No
JORGE_ANTONIO_CERDA_MUNOZ__CACHAPOAL_II,JORGE ANTONIO CERDA MUÑOZ,H,REGIÓN DEL LIBERTADOR GENERAL BERNARDO O'HIGGINS,CACHAPOAL II,N,LO MEJOR PARA CHILE,PPD E INDEPENDIENTES,IND,INDEPENDIENTES,123,4,No,8,11,3703,42482,8.716633,No
JACQUELINE_ANDREA_JORQUERA_REINOSO__CACHAPOAL_II,JACQUELINE ANDREA JORQUERA REINOSO,M,REGIÓN DEL LIBERTADOR GENERAL BERNARDO O'HIGGINS,CACHAPOAL II,N,LO MEJOR PARA CHILE,PS E INDEPENDIENTES,PS,PARTIDO SOCIALISTA DE CHILE,124,5,No,8,11,9300,42482,21.891625,Sí
ALVARO_AVILA_MENDEZ__CACHAPOAL_II,ALVARO AVILA MENDEZ,H,REGIÓN DEL LIBERTADOR GENERAL BERNARDO O'HIGGINS,CACHAPOAL II,N,LO MEJOR PARA CHILE,PS E INDEPENDIENTES,PS,PARTIDO SOCIALISTA DE CHILE,125,6,No,8,11,3324,42482,7.82449,No
LIVA_EMILENE_ROJAS_MALDONADO__CACHAPOAL_II,LIVA EMILENE ROJAS MALDONADO,M,REGIÓN DEL LIBERTADOR GENERAL BERNARDO O'HIGGINS,CACHAPOAL II,N,LO MEJOR PARA CHILE,PS E INDEPENDIENTES,PS,PARTIDO SOCIALISTA DE CHILE,126,7,No,8,11,6201,42482,14.59677,No
DOMINICA_LEONOR_GUZMAN_ARCE__CACHAPOAL_II,DOMINICA LEONOR GUZMAN ARCE,M,REGIÓN DEL LIBERTADOR GENERAL BERNARDO O'HIGGINS,CACHAPOAL II,N,LO MEJOR PARA CHILE,PS E INDEPENDIENTES,IND,INDEPENDIENTES,127,8,No,8,11,1972,42482,4.641966,No
MARCELA_NARVAEZ_ZAPATA__CACHAPOAL_II,MARCELA NARVAEZ ZAPATA,M,REGIÓN DEL LIBERTADOR GENERAL BERNARDO O'HIGGINS,CACHAPOAL II,P,PARTIDO DE LA GENTE E INDEPENDIENTES,,PDG,PARTIDO DE LA GENTE,128,1,Sí,8,11,5923,17546,33.756982,No
JULIA_OLIVARES_ORTIZ__CACHAPOAL_II,JULIA OLIVARES ORTIZ,M,REGIÓN DEL LIBERTADOR GENERAL BERNARDO O'HIGGINS,CACHAPOAL II,P,PARTIDO DE LA GENTE E INDEPENDIENTES,,PDG,PARTIDO DE LA GENTE,129,2,No,8,11,2738,17546,15.604696,No
EDUARDO_MUTIS_ROBLEDO__CACHAPOAL_II,EDUARDO MUTIS ROBLEDO,H,REGIÓN DEL LIBERTADOR GENERAL BERNARDO O'HIGGINS,CACHAPOAL II,P,PARTIDO DE LA GENTE E INDEPENDIENTES,,PDG,PARTIDO DE LA GENTE,130,3,No,8,11,1678,17546,9.563433,No
JOSE_CARVALLO_CASTRO__CACHAPOAL_II,JOSE CARVALLO CASTRO,H,REGIÓN DEL LIBERTADOR GENERAL BERNARDO O'HIGGINS,CACHAPOAL II,P,PARTIDO DE LA GENTE E INDEPENDIENTES,,PDG,PARTIDO DE LA GENTE,131,4,No,8,11,1813,17546,10.332839,No
MANUEL_IBARRA_VILLAR__CACHAPOAL_II,MANUEL IBARRA VILLAR,H,REGIÓN DEL LIBERTADOR GENERAL BERNARDO O'HIGGINS,CACHAPOAL II,P,PARTIDO DE LA GENTE E INDEPENDIENTES,,PDG,PARTIDO DE LA GENTE,132,5,No,8,11,1430,17546,8.150006,No
RUTH_ALVARADO_MONTES__CACHAPOAL_II,RUTH ALVARADO MONTES,M,REGIÓN DEL LIBERTADOR GENERAL BERNARDO O'HIGGINS,CACHAPOAL II,P,PARTIDO DE LA GENTE E INDEPENDIENTES,,PDG,PARTIDO DE LA GENTE,133,6,No,8,11,1125,17546,6.411718,No
RODRIGO_PENAILILLO_VALENZUELA__CACHAPOAL_II,RODRIGO PEÑAILILLO VALENZUELA,H,REGIÓN DEL LIBERTADOR GENERAL BERNARDO O'HIGGINS,CACHAPOAL II,P,PARTIDO DE LA GENTE E INDEPENDIENTES,,PDG,PARTIDO DE LA GENTE,134,7,No,8,11,1146,17546,6.531403,No
LINDSEY_PAVEZ_TAPIA__CACHAPOAL_II,LINDSEY PAVEZ TAPIA,M,REGIÓN DEL LIBERTADOR GENERAL BERNARDO O'HIGGINS,CACHAPOAL II,P,PARTIDO DE LA GENTE E INDEPENDIENTES,,PDG,PARTIDO DE LA GENTE,135,8,No,8,11,1693,17546,9.648923,No
MIGUEL_ANGEL_RIVEROS_LANDAETA__CACHAPOAL_II,MIGUEL ANGEL RIVEROS LANDAETA,H,REGIÓN DEL LIBERTADOR GENERAL BERNARDO O'HIGGINS,CACHAPOAL II,Q,POR UN CHILE MEJOR,,PDC,PARTIDO DEMOCRATA CRISTIANO,136,1,Sí,5,11,4774,18131,26.330594,Sí
RODRIGO_ANTONIO_LAGOS_FUENTES__CACHAPOAL_II,RODRIGO ANTONIO LAGOS FUENTES,H,REGIÓN DEL LIBERTADOR GENERAL BERNARDO O'HIGGINS,CACHAPOAL II,Q,POR UN CHILE MEJOR,,PDC,PARTIDO DEMOCRATA CRISTIANO,137,2,No,5,11,2743,18131,15.128785,No
PABLO_FAVIO_VASQUEZ_PAVEZ__CACHAPOAL_II,PABLO FAVIO VASQUEZ PAVEZ,H,REGIÓN DEL LIBERTADOR GENERAL BERNARDO O'HIGGINS,CACHAPOAL II,Q,POR UN CHILE MEJOR,,PDC,PARTIDO DEMOCRATA CRISTIANO,138,3,No,5,11,2431,18131,13.407975,No
JUAN_JOSE_DONOSO_OSORIO__CACHAPOAL_II,JUAN JOSE DONOSO OSORIO,H,REGIÓN DEL LIBERTADOR GENERAL BERNARDO O'HIGGINS,CACHAPOAL II,Q,POR UN CHILE MEJOR,,PDC,PARTIDO DEMOCRATA CRISTIANO,139,4,No,5,11,4505,18131,24.846947,No
MAURICIO_BAEZA_VASQUEZ__CACHAPOAL_II,MAURICIO BAEZA VASQUEZ,H,REGIÓN DEL LIBERTADOR GENERAL BERNARDO O'HIGGINS,CACHAPOAL II,Q,POR UN CHILE MEJOR,,IND,INDEPENDIENTES,140,5,No,5,11,3678,18131,20.285699,No
ROSA_DEL_CARMEN_ZACCONI_QUIROZ__CACHAPOAL_II,ROSA DEL CARMEN ZACCONI QUIROZ,M,REGIÓN DEL LIBERTADOR GENERAL BERNARDO O'HIGGINS,CACHAPOAL II,R,CENTRO DEMOCRATICO,DEMOCRATAS E INDEPENDIENTES,DEMOCRATAS,PARTIDO DEMOCRATAS CHILE,141,1,Sí,4,11,7999,18523,43.184149,Sí
JULIA_ELENA_ESPINOZA_CARRASCO__CACHAPOAL_II,JULIA ELENA ESPINOZA CARRASCO,M,REGIÓN DEL LIBERTADOR GENERAL BERNARDO O'HIGGINS,CACHAPOAL II,R,CENTRO DEMOCRATICO,DEMOCRATAS E INDEPENDIENTES,DEMOCRATAS,PARTIDO DEMOCRATAS CHILE,142,2,No,4,11,5549,18523,29.95735,No
LAURA_ALEJANDRA_RAMIREZ_CANTILLANA__CACHAPOAL_II,LAURA ALEJANDRA RAMIREZ CANTILLANA,M,REGIÓN DEL LIBERTADOR GENERAL BERNARDO O'HIGGINS,CACHAPOAL II,R,CENTRO DEMOCRATICO,DEMOCRATAS E INDEPENDIENTES,IND,INDEPENDIENTES,143,3,No,4,11,2990,18523,16.142094,No
SIMON_ANTONIO_ESCOBAR_GONZALEZ__CACHAPOAL_II,SIMON ANTONIO ESCOBAR GONZALEZ,H,REGIÓN DEL LIBERTADOR GENERAL BERNARDO O'HIGGINS,CACHAPOAL II,R,CENTRO DEMOCRATICO,DEMOCRATAS E INDEPENDIENTES,IND,INDEPENDIENTES,144,4,No,4,11,1985,18523,10.716407,No
PAULINA_ALEJANDRA_DUARTE_ABARZUA__CACHAPOAL_II,PAULINA ALEJANDRA DUARTE ABARZUA,M,REGIÓN DEL LIBERTADOR GENERAL BERNARDO O'HIGGINS,CACHAPOAL II,S,FRENTE AMPLIO,FRENTE AMPLIO E INDEPENDIENTES,FA,FRENTE AMPLIO,145,1,Sí,8,11,4076,15295,26.649232,No
CRISTIAN_HERNAN_TORO_ROMERO__CACHAPOAL_II,CRISTIAN HERNAN TORO ROMERO,H,REGIÓN DEL LIBERTADOR GENERAL BERNARDO O'HIGGINS,CACHAPOAL II,S,FRENTE AMPLIO,FRENTE AMPLIO E INDEPENDIENTES,FA,FRENTE AMPLIO,146,2,No,8,11,663,15295,4.33475,No
CRISTIAN_GONZALEZ_GUTIERREZ__CACHAPOAL_II,CRISTIAN GONZALEZ GUTIERREZ,H,REGIÓN DEL LIBERTADOR GENERAL BERNARDO O'HIGGINS,CACHAPOAL II,S,FRENTE AMPLIO,FRENTE AMPLIO E INDEPENDIENTES,FA,FRENTE AMPLIO,147,3,No,8,11,748,15295,4.890487,No
ROBERTO_ANTONIO_ARENAS_LIRA__CACHAPOAL_II,ROBERTO ANTONIO ARENAS LIRA,H,REGIÓN DEL LIBERTADOR GENERAL BERNARDO O'HIGGINS,CACHAPOAL II,S,FRENTE AMPLIO,FRENTE AMPLIO E INDEPENDIENTES,FA,FRENTE AMPLIO,148,4,No,8,11,562,15295,3.674403,No
MARIA_ALEXANDRA_GAETE_VALLEJOS__CACHAPOAL_II,MARIA ALEXANDRA GAETE VALLEJOS,M,REGIÓN DEL LIBERTADOR GENERAL BERNARDO O'HIGGINS,CACHAPOAL II,S,FRENTE AMPLIO,FRENTE AMPLIO E INDEPENDIENTES,FA,FRENTE AMPLIO,149,5,No,8,11,1136,15295,7.427264,No
FRANCISCO_JAVIER_CASTRO_SOTO__CACHAPOAL_II,FRANCISCO JAVIER CASTRO SOTO,H,REGIÓN DEL LIBERTADOR GENERAL BERNARDO O'HIGGINS,CACHAPOAL II,S,FRENTE AMPLIO,FRENTE AMPLIO E INDEPENDIENTES,IND,INDEPENDIENTES,150,6,No,8,11,2728,15295,17.835894,No
JAVIER_IVAN_HERNANDEZ_NAGUIL__CACHAPOAL_II,JAVIER IVAN HERNANDEZ NAGUIL,H,REGIÓN DEL LIBERTADOR GENERAL BERNARDO O'HIGGINS,CACHAPOAL II,S,FRENTE AMPLIO,FRENTE AMPLIO E INDEPENDIENTES,IND,INDEPENDIENTES,151,7,No,8,11,1514,15295,9.89866,No
CRISTIAN_RODRIGO_PAVEZ_HERRERA__CACHAPOAL_II,CRISTIAN RODRIGO PAVEZ HERRERA,H,REGIÓN DEL LIBERTADOR GENERAL BERNARDO O'HIGGINS,CACHAPOAL II,S,FRENTE AMPLIO,FRENTE AMPLIO E INDEPENDIENTES,IND,INDEPENDIENTES,152,8,No,8,11,3868,15295,25.28931,No
HECTOR_JORQUERA_LOPEZ__CACHAPOAL_II,HECTOR JORQUERA LOPEZ,H,REGIÓN DEL LIBERTADOR GENERAL BERNARDO O'HIGGINS,CACHAPOAL II,V,CHILE VAMOS UDI - INDEPENDIENTES,,UDI,UNION DEMOCRATA INDEPENDIENTE,153,1,Sí,4,11,6890,22578,30.516432,No
HUGO_NUNEZ_GUERRERO__CACHAPOAL_II,HUGO NUÑEZ GUERRERO,H,REGIÓN DEL LIBERTADOR GENERAL BERNARDO O'HIGGINS,CACHAPOAL II,V,CHILE VAMOS UDI - INDEPENDIENTES,,IND,INDEPENDIENTES,154,2,No,4,11,4974,22578,22.030295,No
DEYSI_NAVARRO_PADILLA__CACHAPOAL_II,DEYSI NAVARRO PADILLA,M,REGIÓN DEL LIBERTADOR GENERAL BERNARDO O'HIGGINS,CACHAPOAL II,V,CHILE VAMOS UDI - INDEPENDIENTES,,IND,INDEPENDIENTES,155,3,No,4,11,8057,22578,35.68518,Sí
ANDREA_MUJICA_AGUIRRE__CACHAPOAL_II,ANDREA MUJICA AGUIRRE,M,REGIÓN DEL LIBERTADOR GENERAL BERNARDO O'HIGGINS,CACHAPOAL II,V,CHILE VAMOS UDI - INDEPENDIENTES,,IND,INDEPENDIENTES,156,4,No,4,11,2657,22578,11.768093,No
PEDRO_JOSE_BUSTAMANTE_DONOSO__CACHAPOAL_II,PEDRO JOSE BUSTAMANTE DONOSO,H,REGIÓN DEL LIBERTADOR GENERAL BERNARDO O'HIGGINS,CACHAPOAL II,Y,REPUBLICANOS E INDEPENDIENTES,,REPUBLICANO,PARTIDO REPUBLICANO DE CHILE,157,1,Sí,5,11,15850,36699,43.189188,Sí
MANUEL_ANTONIO_MORALES_BURGOS__CACHAPOAL_II,MANUEL ANTONIO MORALES BURGOS,H,REGIÓN DEL LIBERTADOR GENERAL BERNARDO O'HIGGINS,CACHAPOAL II,Y,REPUBLICANOS E INDEPENDIENTES,,REPUBLICANO,PARTIDO REPUBLICANO DE CHILE,158,2,No,5,11,6121,36699,16.678929,Sí
JAVIER_ORLANDO_PINA_PINA__CACHAPOAL_II,JAVIER ORLANDO PIÑA PIÑA,H,REGIÓN DEL LIBERTADOR GENERAL BERNARDO O'HIGGINS,CACHAPOAL II,Y,REPUBLICANOS E INDEPENDIENTES,,REPUBLICANO,PARTIDO REPUBLICANO DE CHILE,159,3,No,5,11,3635,36699,9.904902,No
FRANCISCO_EDUARDO_FERNANDEZ_FLORES__CACHAPOAL_II,FRANCISCO EDUARDO FERNANDEZ FLORES,H,REGIÓN DEL LIBERTADOR GENERAL BERNARDO O'HIGGINS,CACHAPOAL II,Y,REPUBLICANOS E INDEPENDIENTES,,REPUBLICANO,PARTIDO REPUBLICANO DE CHILE,160,4,No,5,11,3786,36699,10.316357,No
SEBASTIAN_CRISTOFFANINI_JARAQUEMADA__CACHAPOAL_II,SEBASTIAN CRISTOFFANINI JARAQUEMADA,H,REGIÓN DEL LIBERTADOR GENERAL BERNARDO O'HIGGINS,CACHAPOAL II,Y,REPUBLICANOS E INDEPENDIENTES,,IND,INDEPENDIENTES,161,5,No,5,11,7307,36699,19.910624,No
MANUEL_ROBERTO_COFRE_PEREZ__CARDENAL_CARO,MANUEL ROBERTO COFRE PEREZ,H,REGIÓN DEL LIBERTADOR GENERAL BERNARDO O'HIGGINS,CARDENAL CARO,C,TODAS Y TODOS POR CHILE,PARTIDO COMUNISTA E INDEPENDIENTES,PCCH,PARTIDO COMUNISTA DE CHILE,100,1,Sí,1,9,1590,1590,100.0,No
JORGE_ANTONIO_TORO_ARANDA__CARDENAL_CARO,JORGE ANTONIO TORO ARANDA,H,REGIÓN DEL LIBERTADOR GENERAL BERNARDO O'HIGGINS,CARDENAL CARO,L,TU REGION RADICAL,,IND,INDEPENDIENTES,101,1,Sí,2,9,1036,1409,73.527324,No
NESTOR_GERMAN_SEPULVEDA_SEPULVEDA__CARDENAL_CARO,NESTOR GERMAN SEPULVEDA SEPULVEDA,H,REGIÓN DEL LIBERTADOR GENERAL BERNARDO O'HIGGINS,CARDENAL CARO,L,TU REGION RADICAL,,IND,INDEPENDIENTES,102,2,No,2,9,373,1409,26.472676,No
DIEGO_ALBERTO_GREZ_CANETE__CARDENAL_CARO,DIEGO ALBERTO GREZ CAÑETE,H,REGIÓN DEL LIBERTADOR GENERAL BERNARDO O'HIGGINS,CARDENAL CARO,M,REGIONES VERDES LIBERALES,,IND,INDEPENDIENTES,103,1,Sí,1,9,1873,1873,100.0,No
SERGIO_ENRIQUE_CUEVAS_VELOZO__CARDENAL_CARO,SERGIO ENRIQUE CUEVAS VELOZO,H,REGIÓN DEL LIBERTADOR GENERAL BERNARDO O'HIGGINS,CARDENAL CARO,N,LO MEJOR PARA CHILE,PS E INDEPENDIENTES,PS,PARTIDO SOCIALISTA DE CHILE,104,1,Sí,2,9,1925,3484,55.252583,No
ABRAHAM_CURIFUTA_SILVA__CARDENAL_CARO,ABRAHAM CURIFUTA SILVA,H,REGIÓN DEL LIBERTADOR GENERAL BERNARDO O'HIGGINS,CARDENAL CARO,N,LO MEJOR PARA CHILE,PPD E INDEPENDIENTES,PPD,PARTIDO POR LA DEMOCRACIA,105,2,No,2,9,1559,3484,44.747417,No
FIDEL_CHANDIA_PARRA__CARDENAL_CARO,FIDEL CHANDIA PARRA,H,REGIÓN DEL LIBERTADOR GENERAL BERNARDO O'HIGGINS,CARDENAL CARO,P,PARTIDO DE LA GENTE E INDEPENDIENTES,,IND,INDEPENDIENTES,106,1,Sí,1,9,1059,1059,100.0,No
ROBERTO_JULIO_LISBOA_VALLE__CARDENAL_CARO,ROBERTO JULIO LISBOA VALLE,H,REGIÓN DEL LIBERTADOR GENERAL BERNARDO O'HIGGINS,CARDENAL CARO,Q,POR UN CHILE MEJOR,,PDC,PARTIDO DEMOCRATA CRISTIANO,107,1,Sí,2,9,1460,2397,60.90947,No
DIEGO_FABIAN_ABARCA_DEL_PINO__CARDENAL_CARO,DIEGO FABIAN ABARCA DEL PINO,H,REGIÓN DEL LIBERTADOR GENERAL BERNARDO O'HIGGINS,CARDENAL CARO,Q,POR UN CHILE MEJOR,,IND,INDEPENDIENTES,108,2,No,2,9,937,2397,39.09053,No
TAMARA_JEANNETTE_MONROY_VILLAR__CARDENAL_CARO,TAMARA JEANNETTE MONROY VILLAR,M,REGIÓN DEL LIBERTADOR GENERAL BERNARDO O'HIGGINS,CARDENAL CARO,S,FRENTE AMPLIO,FRENTE AMPLIO E INDEPENDIENTES,FA,FRENTE AMPLIO,109,1,Sí,1,9,8753,8753,100.0,No
JORGE_VARGAS_GONZALEZ__CARDENAL_CARO,JORGE VARGAS GONZALEZ,H,REGIÓN DEL LIBERTADOR GENERAL BERNARDO O'HIGGINS,CARDENAL CARO,V,CHILE VAMOS UDI - INDEPENDIENTES,,UDI,UNION DEMOCRATA INDEPENDIENTE,110,1,Sí,2,9,12227,18029,67.818515,Sí
JOSE_IGNACIO_GONZALEZ_PINO__CARDENAL_CARO,JOSE IGNACIO GONZALEZ PINO,H,REGIÓN DEL LIBERTADOR GENERAL BERNARDO O'HIGGINS,CARDENAL CARO,V,CHILE VAMOS UDI - INDEPENDIENTES,,UDI,UNION DEMOCRATA INDEPENDIENTE,111,2,No,2,9,5802,18029,32.181485,Sí
IGNACIO_SEBASTIAN_MORI_PEREZ__CARDENAL_CARO,IGNACIO SEBASTIAN MORI PEREZ,H,REGIÓN DEL LIBERTADOR GENERAL BERNARDO O'HIGGINS,CARDENAL CARO,W,CHILE VAMOS EVOPOLI - INDEPENDIENTES,,EVOPOLI,EVOLUCION POLITICA,112,1,Sí,1,9,3018,3018,100.0,No
MARIA_TRINIDAD_URZUA_ARIAS__COLCHAGUA,MARIA TRINIDAD URZUA ARIAS,M,REGIÓN DEL LIBERTADOR GENERAL BERNARDO O'HIGGINS,COLCHAGUA,C,TODAS Y TODOS POR CHILE,PARTIDO COMUNISTA E INDEPENDIENTES,PCCH,PARTIDO COMUNISTA DE CHILE,100,1,Sí,2,13,3058,8833,34.620174,No
NATALY_CAROLINA_ZUNIGA_CALDERON__COLCHAGUA,NATALY CAROLINA ZUÑIGA CALDERON,M,REGIÓN DEL LIBERTADOR GENERAL BERNARDO O'HIGGINS,COLCHAGUA,C,TODAS Y TODOS POR CHILE,PARTIDO COMUNISTA E INDEPENDIENTES,PCCH,PARTIDO COMUNISTA DE CHILE,101,2,No,2,13,5775,8833,65.379826,No
ROSA_DEL_CARMEN_URREA_ULLOA__COLCHAGUA,ROSA DEL CARMEN URREA ULLOA,M,REGIÓN DEL LIBERTADOR GENERAL BERNARDO O'HIGGINS,COLCHAGUA,F,PARTIDO SOCIAL CRISTIANO E INDEPENDIENTES,,PSC,PARTIDO SOCIAL CRISTIANO,102,1,Sí,3,13,2452,4493,54.573781,No
SUSY_EDITH_JARAMILLO_VIDAL__COLCHAGUA,SUSY EDITH JARAMILLO VIDAL,M,REGIÓN DEL LIBERTADOR GENERAL BERNARDO O'HIGGINS,COLCHAGUA,F,PARTIDO SOCIAL CRISTIANO E INDEPENDIENTES,,PSC,PARTIDO SOCIAL CRISTIANO,103,2,No,3,13,922,4493,20.52081,No
MARCOS_RODRIGO_CORTINEZ_PARADA__COLCHAGUA,MARCOS RODRIGO CORTINEZ PARADA,H,REGIÓN DEL LIBERTADOR GENERAL BERNARDO O'HIGGINS,COLCHAGUA,F,PARTIDO SOCIAL CRISTIANO E INDEPENDIENTES,,PSC,PARTIDO SOCIAL CRISTIANO,104,3,No,3,13,1119,4493,24.905408,No
MAURICIO_DURAN_ARAVENA__COLCHAGUA,MAURICIO DURAN ARAVENA,H,REGIÓN DEL LIBERTADOR GENERAL BERNARDO O'HIGGINS,COLCHAGUA,I,CHILE VAMOS RENOVACION NACIONAL - INDEPENDIENTES,,RN,RENOVACION NACIONAL,105,1,Sí,4,13,2688,19249,13.964362,No
DIEGO_ERRAZURIZ_LOPEZ__COLCHAGUA,DIEGO ERRAZURIZ LOPEZ,H,REGIÓN DEL LIBERTADOR GENERAL BERNARDO O'HIGGINS,COLCHAGUA,I,CHILE VAMOS RENOVACION NACIONAL - INDEPENDIENTES,,RN,RENOVACION NACIONAL,106,2,No,4,13,3925,19249,20.39067,No
ROBERTA_CASTILLO_ARCE__COLCHAGUA,ROBERTA CASTILLO ARCE,M,REGIÓN DEL LIBERTADOR GENERAL BERNARDO O'HIGGINS,COLCHAGUA,I,CHILE VAMOS RENOVACION NACIONAL - INDEPENDIENTES,,RN,RENOVACION NACIONAL,107,3,No,4,13,1727,19249,8.971895,No
GERARDO_CONTRERAS_JORQUERA__COLCHAGUA,GERARDO CONTRERAS JORQUERA,H,REGIÓN DEL LIBERTADOR GENERAL BERNARDO O'HIGGINS,COLCHAGUA,I,CHILE VAMOS RENOVACION NACIONAL - INDEPENDIENTES,,RN,RENOVACION NACIONAL,108,4,No,4,13,10909,19249,56.673074,Sí
DANIELA_ALEJANDRA_FUENTES_NAVARRO__COLCHAGUA,DANIELA ALEJANDRA FUENTES NAVARRO,M,REGIÓN DEL LIBERTADOR GENERAL BERNARDO O'HIGGINS,COLCHAGUA,L,TU REGION RADICAL,,PR,PARTIDO RADICAL DE CHILE,109,1,Sí,4,13,1243,6910,17.988423,No
CRISTIAN_SEBASTIAN_RETAMAL_GALARCE__COLCHAGUA,CRISTIAN SEBASTIAN RETAMAL GALARCE,H,REGIÓN DEL LIBERTADOR GENERAL BERNARDO O'HIGGINS,COLCHAGUA,L,TU REGION RADICAL,,PR,PARTIDO RADICAL DE CHILE,110,2,No,4,13,2432,6910,35.195369,No
DANIEL_ANTONIO_GOMEZ_GOMEZ__COLCHAGUA,DANIEL ANTONIO GOMEZ GOMEZ,H,REGIÓN DEL LIBERTADOR GENERAL BERNARDO O'HIGGINS,COLCHAGUA,L,TU REGION RADICAL,,IND,INDEPENDIENTES,111,3,No,4,13,1246,6910,18.031838,No
ADAN_ANDRES_PARRAGUEZ_ORTIZ__COLCHAGUA,ADAN ANDRES PARRAGUEZ ORTIZ,H,REGIÓN DEL LIBERTADOR GENERAL BERNARDO O'HIGGINS,COLCHAGUA,L,TU REGION RADICAL,,IND,INDEPENDIENTES,112,4,No,4,13,1989,6910,28.78437,No
ALEJANDRO_DIAZ_CORREA__COLCHAGUA,ALEJANDRO DIAZ CORREA,H,REGIÓN DEL LIBERTADOR GENERAL BERNARDO O'HIGGINS,COLCHAGUA,M,REGIONES VERDES LIBERALES,,IND,INDEPENDIENTES,113,1,Sí,4,13,3690,10142,36.383356,Sí
MARIA_CAROLINA_MIRANDA_CAMPOS__COLCHAGUA,MARIA CAROLINA MIRANDA CAMPOS,M,REGIÓN DEL LIBERTADOR GENERAL BERNARDO O'HIGGINS,COLCHAGUA,M,REGIONES VERDES LIBERALES,,IND,INDEPENDIENTES,114,2,No,4,13,2155,10142,21.248275,No
CRISTIAN_ALEJANDRO_MALDONADO_ROJAS__COLCHAGUA,CRISTIAN ALEJANDRO MALDONADO ROJAS,H,REGIÓN DEL LIBERTADOR GENERAL BERNARDO O'HIGGINS,COLCHAGUA,M,REGIONES VERDES LIBERALES,,IND,INDEPENDIENTES,115,3,No,4,13,2512,10142,24.76829,No
IVO_LUCIANO_CASTILLO_OSORIO__COLCHAGUA,IVO LUCIANO CASTILLO OSORIO,H,REGIÓN DEL LIBERTADOR GENERAL BERNARDO O'HIGGINS,COLCHAGUA,M,REGIONES VERDES LIBERALES,,IND,INDEPENDIENTES,116,4,No,4,13,1785,10142,17.600079,No
MARIA_MARGARITA_HENRIQUEZ_GONZALEZ__COLCHAGUA,MARIA MARGARITA HENRIQUEZ GONZALEZ,M,REGIÓN DEL LIBERTADOR GENERAL BERNARDO O'HIGGINS,COLCHAGUA,N,LO MEJOR PARA CHILE,PS E INDEPENDIENTES,PS,PARTIDO SOCIALISTA DE CHILE,117,1,Sí,3,13,9493,17776,53.403465,Sí
ADRIANA_JANET_MERCEDES_CANCINO_MENESES__COLCHAGUA,ADRIANA JANET MERCEDES CANCINO MENESES,M,REGIÓN DEL LIBERTADOR GENERAL BERNARDO O'HIGGINS,COLCHAGUA,N,LO MEJOR PARA CHILE,PS E INDEPENDIENTES,PS,PARTIDO SOCIALISTA DE CHILE,118,2,No,3,13,1972,17776,11.093609,No
CRISTINA_IVONNE_MARCHANT_SALINAS__COLCHAGUA,CRISTINA IVONNE MARCHANT SALINAS,M,REGIÓN DEL LIBERTADOR GENERAL BERNARDO O'HIGGINS,COLCHAGUA,N,LO MEJOR PARA CHILE,PS E INDEPENDIENTES,IND,INDEPENDIENTES,119,3,No,3,13,6311,17776,35.502925,No
RODRIGO_MALDONADO_BECERRA__COLCHAGUA,RODRIGO MALDONADO BECERRA,H,REGIÓN DEL LIBERTADOR GENERAL BERNARDO O'HIGGINS,COLCHAGUA,P,PARTIDO DE LA GENTE E INDEPENDIENTES,,PDG,PARTIDO DE LA GENTE,120,1,Sí,2,13,4119,6729,61.212662,No
VERONICA_SANCHEZ_VILLALOBOS__COLCHAGUA,VERONICA SANCHEZ VILLALOBOS,M,REGIÓN DEL LIBERTADOR GENERAL BERNARDO O'HIGGINS,COLCHAGUA,P,PARTIDO DE LA GENTE E INDEPENDIENTES,,PDG,PARTIDO DE LA GENTE,121,2,No,2,13,2610,6729,38.787338,No
WALDO_ANTONIO_CERDA_FARIAS__COLCHAGUA,WALDO ANTONIO CERDA FARIAS,H,REGIÓN DEL LIBERTADOR GENERAL BERNARDO O'HIGGINS,COLCHAGUA,Q,POR UN CHILE MEJOR,,PDC,PARTIDO DEMOCRATA CRISTIANO,122,1,Sí,2,13,4379,6774,64.644228,No
HECTOR_CEA_DUQUE__COLCHAGUA,HECTOR CEA DUQUE,H,REGIÓN DEL LIBERTADOR GENERAL BERNARDO O'HIGGINS,COLCHAGUA,Q,POR UN CHILE MEJOR,,PDC,PARTIDO DEMOCRATA CRISTIANO,123,2,No,2,13,2395,6774,35.355772,No
MARCELO_ANDRES_VALDES_ALISTE__COLCHAGUA,MARCELO ANDRES VALDES ALISTE,H,REGIÓN DEL LIBERTADOR GENERAL BERNARDO O'HIGGINS,COLCHAGUA,R,CENTRO DEMOCRATICO,DEMOCRATAS E INDEPENDIENTES,DEMOCRATAS,PARTIDO DEMOCRATAS CHILE,124,1,Sí,3,13,2780,7103,39.138392,No
LESLIE_FERNANDA_URZUA_GALVEZ__COLCHAGUA,LESLIE FERNANDA URZUA GALVEZ,M,REGIÓN DEL LIBERTADOR GENERAL BERNARDO O'HIGGINS,COLCHAGUA,R,CENTRO DEMOCRATICO,DEMOCRATAS E INDEPENDIENTES,DEMOCRATAS,PARTIDO DEMOCRATAS CHILE,125,2,No,3,13,1381,7103,19.442489,No
SONIA_ESTER_RODRIGUEZ_HERMOSILLA__COLCHAGUA,SONIA ESTER RODRIGUEZ HERMOSILLA,M,REGIÓN DEL LIBERTADOR GENERAL BERNARDO O'HIGGINS,COLCHAGUA,R,CENTRO DEMOCRATICO,DEMOCRATAS E INDEPENDIENTES,IND,INDEPENDIENTES,126,3,No,3,13,2942,7103,41.419119,No
MARCELO_SEBASTIAN_VARGAS_DIAZ__COLCHAGUA,MARCELO SEBASTIAN VARGAS DIAZ,H,REGIÓN DEL LIBERTADOR GENERAL BERNARDO O'HIGGINS,COLCHAGUA,S,FRENTE AMPLIO,FRENTE AMPLIO E INDEPENDIENTES,FA,FRENTE AMPLIO,127,1,Sí,1,13,4230,4230,100.0,No
SEBASTIAN_ROCHA_MEDINA__COLCHAGUA,SEBASTIAN ROCHA MEDINA,H,REGIÓN DEL LIBERTADOR GENERAL BERNARDO O'HIGGINS,COLCHAGUA,V,CHILE VAMOS UDI - INDEPENDIENTES,,UDI,UNION DEMOCRATA INDEPENDIENTE,128,1,Sí,3,13,6749,17244,39.138251,Sí
RICK_OSSES_ALIAGA__COLCHAGUA,RICK OSSES ALIAGA,H,REGIÓN DEL LIBERTADOR GENERAL BERNARDO O'HIGGINS,COLCHAGUA,V,CHILE VAMOS UDI - INDEPENDIENTES,,UDI,UNION DEMOCRATA INDEPENDIENTE,129,2,No,3,13,4991,17244,28.943401,No
NATALIA_TOBAR_MORALES__COLCHAGUA,NATALIA TOBAR MORALES,M,REGIÓN DEL LIBERTADOR GENERAL BERNARDO O'HIGGINS,COLCHAGUA,V,CHILE VAMOS UDI - INDEPENDIENTES,,IND,INDEPENDIENTES,130,3,No,3,13,5504,17244,31.918348,No
LUIS_ALBERTO_FLORES_ESQUIVEL__COLCHAGUA,LUIS ALBERTO FLORES ESQUIVEL,H,REGIÓN DEL LIBERTADOR GENERAL BERNARDO O'HIGGINS,COLCHAGUA,W,CHILE VAMOS EVOPOLI - INDEPENDIENTES,,IND,INDEPENDIENTES,131,1,Sí,2,13,3223,7068,45.599887,No
CRISTIAN_NICOLAS_LARENAS_PENA__COLCHAGUA,CRISTIAN NICOLAS LARENAS PEÑA,H,REGIÓN DEL LIBERTADOR GENERAL BERNARDO O'HIGGINS,COLCHAGUA,W,CHILE VAMOS EVOPOLI - INDEPENDIENTES,,IND,INDEPENDIENTES,132,2,No,2,13,3845,7068,54.400113,No
EDGARDO_FABIAN_VARGAS_BOLBARAN__COLCHAGUA,EDGARDO FABIAN VARGAS BOLBARAN,H,REGIÓN DEL LIBERTADOR GENERAL BERNARDO O'HIGGINS,COLCHAGUA,Y,REPUBLICANOS E INDEPENDIENTES,,REPUBLICANO,PARTIDO REPUBLICANO DE CHILE,133,1,Sí,3,13,8567,20215,42.379421,Sí
MAURICIO_DONOSO_PAVEZ__COLCHAGUA,MAURICIO DONOSO PAVEZ,H,REGIÓN DEL LIBERTADOR GENERAL BERNARDO O'HIGGINS,COLCHAGUA,Y,REPUBLICANOS E INDEPENDIENTES,,REPUBLICANO,PARTIDO REPUBLICANO DE CHILE,134,2,No,3,13,8317,20215,41.142716,No
HARRY_RAYMOND_EVANS_CASTRO__COLCHAGUA,HARRY RAYMOND EVANS CASTRO,H,REGIÓN DEL LIBERTADOR GENERAL BERNARDO O'HIGGINS,COLCHAGUA,Y,REPUBLICANOS E INDEPENDIENTES,,IND,INDEPENDIENTES,135,3,No,3,13,3331,20215,16.477863,No
DANIELLA_SILVA_GARCIA__CAUQUENES,DANIELLA SILVA GARCIA,M,REGIÓN DEL MAULE,CAUQUENES,C,TODAS Y TODOS POR CHILE,PARTIDO COMUNISTA E INDEPENDIENTES,PCCH,PARTIDO COMUNISTA DE CHILE,100,1,Sí,1,8,1330,1330,100.0,No
JENNIFER_YOLANDA_ALVAREZ_ALVAREZ__CAUQUENES,JENNIFER YOLANDA ALVAREZ ALVAREZ,M,REGIÓN DEL MAULE,CAUQUENES,F,PARTIDO SOCIAL CRISTIANO E INDEPENDIENTES,,PSC,PARTIDO SOCIAL CRISTIANO,101,1,Sí,1,8,865,865,100.0,No
JUAN_ANDRES_MUNOZ_SAAVEDRA__CAUQUENES,JUAN ANDRES MUÑOZ SAAVEDRA,H,REGIÓN DEL MAULE,CAUQUENES,I,CHILE VAMOS RENOVACION NACIONAL - INDEPENDIENTES,,RN,RENOVACION NACIONAL,102,1,Sí,1,8,20340,20340,100.0,Sí
MONICA_SEPULVEDA_SOTO__CAUQUENES,MONICA SEPULVEDA SOTO,M,REGIÓN DEL MAULE,CAUQUENES,L,TU REGION RADICAL,,PR,PARTIDO RADICAL DE CHILE,103,1,Sí,2,8,1840,2708,67.946824,No
MARCELA_LORENA_CERNA_FUENTES__CAUQUENES,MARCELA LORENA CERNA FUENTES,M,REGIÓN DEL MAULE,CAUQUENES,L,TU REGION RADICAL,,IND,INDEPENDIENTES,104,2,No,2,8,868,2708,32.053176,No
ALEJANDRA_CAROLINA_LANDEROS_GARRIDO__CAUQUENES,ALEJANDRA CAROLINA LANDEROS GARRIDO,M,REGIÓN DEL MAULE,CAUQUENES,N,LO MEJOR PARA CHILE,PS E INDEPENDIENTES,IND,INDEPENDIENTES,105,1,Sí,2,8,1824,5307,34.3697,No
DOMINGO_LEIVA_MENA__CAUQUENES,DOMINGO LEIVA MENA,H,REGIÓN DEL MAULE,CAUQUENES,N,LO MEJOR PARA CHILE,PPD E INDEPENDIENTES,IND,INDEPENDIENTES,106,2,No,2,8,3483,5307,65.6303,No
MARIA_DEL_CARMEN_PEREZ_DONOSO__CAUQUENES,MARIA DEL CARMEN PEREZ DONOSO,M,REGIÓN DEL MAULE,CAUQUENES,Q,POR UN CHILE MEJOR,,PDC,PARTIDO DEMOCRATA CRISTIANO,107,1,Sí,1,8,4717,4717,100.0,No
ALEJANDRA_RAMIREZ_VERDUGO__CAUQUENES,ALEJANDRA RAMIREZ VERDUGO,M,REGIÓN DEL MAULE,CAUQUENES,V,CHILE VAMOS UDI - INDEPENDIENTES,,IND,INDEPENDIENTES,108,1,Sí,1,8,1953,1953,100.0,No
FRANCISCO_JOSE_RUIZ_MUNOZ__CAUQUENES,FRANCISCO JOSE RUIZ MUÑOZ,H,REGIÓN DEL MAULE,CAUQUENES,Y,REPUBLICANOS E INDEPENDIENTES,,REPUBLICANO,PARTIDO REPUBLICANO DE CHILE,109,1,Sí,2,8,5152,5821,88.507129,Sí
CONSUELO_NICOLE_DAMORE_CONTRERAS__CAUQUENES,CONSUELO NICOLE DAMORE CONTRERAS,M,REGIÓN DEL MAULE,CAUQUENES,Y,REPUBLICANOS E INDEPENDIENTES,,REPUBLICANO,PARTIDO REPUBLICANO DE CHILE,110,2,No,2,8,669,5821,11.492871,No
GABRIELA_ANDREA_VERGARA_MEDEL__CURICO,GABRIELA ANDREA VERGARA MEDEL,M,REGIÓN DEL MAULE,CURICO,C,TODAS Y TODOS POR CHILE,PARTIDO COMUNISTA E INDEPENDIENTES,IND,INDEPENDIENTES,100,1,Sí,1,12,6281,6281,100.0,No
FRANCISCO_AGUSTIN_ALIAGA_SOTO__CURICO,FRANCISCO AGUSTIN ALIAGA SOTO,H,REGIÓN DEL MAULE,CURICO,F,PARTIDO SOCIAL CRISTIANO E INDEPENDIENTES,,PSC,PARTIDO SOCIAL CRISTIANO,101,1,Sí,3,12,2076,5223,39.747272,No
FIDEL_ESTEBAN_POBLETE_OSES__CURICO,FIDEL ESTEBAN POBLETE OSES,H,REGIÓN DEL MAULE,CURICO,F,PARTIDO SOCIAL CRISTIANO E INDEPENDIENTES,,PSC,PARTIDO SOCIAL CRISTIANO,102,2,No,3,12,1499,5223,28.699981,No
JORGE_IVAN_PEREZ_ARRIGORRIAGA__CURICO,JORGE IVAN PEREZ ARRIGORRIAGA,H,REGIÓN DEL MAULE,CURICO,F,PARTIDO SOCIAL CRISTIANO E INDEPENDIENTES,,IND,INDEPENDIENTES,103,3,No,3,12,1648,5223,31.552747,No
GABY_FUENTES_YANEZ__CURICO,GABY FUENTES YAÑEZ,M,REGIÓN DEL MAULE,CURICO,I,CHILE VAMOS RENOVACION NACIONAL - INDEPENDIENTES,,RN,RENOVACION NACIONAL,104,1,Sí,6,12,5204,22822,22.802559,Sí
ROBERTO_GONZALEZ_OLAVE__CURICO,ROBERTO GONZALEZ OLAVE,H,REGIÓN DEL MAULE,CURICO,I,CHILE VAMOS RENOVACION NACIONAL - INDEPENDIENTES,,RN,RENOVACION NACIONAL,105,2,No,6,12,2803,22822,12.282009,No
JOHN_VALDERRAMA_VALDERRAMA__CURICO,JOHN VALDERRAMA VALDERRAMA,H,REGIÓN DEL MAULE,CURICO,I,CHILE VAMOS RENOVACION NACIONAL - INDEPENDIENTES,,RN,RENOVACION NACIONAL,106,3,No,6,12,1285,22822,5.630532,No
ROBERTO_RIVERA_PINO__CURICO,ROBERTO RIVERA PINO,H,REGIÓN DEL MAULE,CURICO,I,CHILE VAMOS RENOVACION NACIONAL - INDEPENDIENTES,,IND,INDEPENDIENTES,107,4,No,6,12,4389,22822,19.231443,No
DANIEL_HERNANDEZ_ACUNA__CURICO,DANIEL HERNANDEZ ACUÑA,H,REGIÓN DEL MAULE,CURICO,I,CHILE VAMOS RENOVACION NACIONAL - INDEPENDIENTES,,IND,INDEPENDIENTES,108,5,No,6,12,1886,22822,8.263956,No
ISABEL_MARGARITA_GARCES_URETA__CURICO,ISABEL MARGARITA GARCES URETA,M,REGIÓN DEL MAULE,CURICO,I,CHILE VAMOS RENOVACION NACIONAL - INDEPENDIENTES,,IND,INDEPENDIENTES,109,6,No,6,12,7255,22822,31.789501,No
JULIETA_ANDREA_MAUREIRA_LAGOS__CURICO,JULIETA ANDREA MAUREIRA LAGOS,M,REGIÓN DEL MAULE,CURICO,L,TU REGION RADICAL,,PR,PARTIDO RADICAL DE CHILE,110,1,Sí,6,12,2695,17372,15.51347,No
JORGE_URIBE_GHIGLIOTTO__CURICO,JORGE URIBE GHIGLIOTTO,H,REGIÓN DEL MAULE,CURICO,L,TU REGION RADICAL,,PR,PARTIDO RADICAL DE CHILE,111,2,No,6,12,647,17372,3.724384,No
ROMAN_PAVEZ_LOPEZ__CURICO,ROMAN PAVEZ LOPEZ,H,REGIÓN DEL MAULE,CURICO,L,TU REGION RADICAL,,IND,INDEPENDIENTES,112,3,No,6,12,9420,17372,54.22519,Sí
SANDRA_FABIOLA_HERRERA_SEPULVEDA__CURICO,SANDRA FABIOLA HERRERA SEPULVEDA,M,REGIÓN DEL MAULE,CURICO,L,TU REGION RADICAL,,IND,INDEPENDIENTES,113,4,No,6,12,1752,17372,10.085195,No
MARIA_ANTONIETA_ROJAS_GONZALEZ__CURICO,MARIA ANTONIETA ROJAS GONZALEZ,M,REGIÓN DEL MAULE,CURICO,L,TU REGION RADICAL,,IND,INDEPENDIENTES,114,5,No,6,12,859,17372,4.944739,No
PAULA_ANGELICA_SANCHEZ_DIAZ__CURICO,PAULA ANGELICA SANCHEZ DIAZ,M,REGIÓN DEL MAULE,CURICO,L,TU REGION RADICAL,,IND,INDEPENDIENTES,115,6,No,6,12,1999,17372,11.507023,No
MANUEL_AMESTICA_GAETE__CURICO,MANUEL AMESTICA GAETE,H,REGIÓN DEL MAULE,CURICO,M,REGIONES VERDES LIBERALES,,FREVS,FEDERACION REGIONALISTA VERDE SOCIAL,116,1,Sí,4,12,4238,9763,43.408788,No
MARISOL_DEL_CARMEN_PEREZ_SAAVEDRA__CURICO,MARISOL DEL CARMEN PEREZ SAAVEDRA,M,REGIÓN DEL MAULE,CURICO,M,REGIONES VERDES LIBERALES,,FREVS,FEDERACION REGIONALISTA VERDE SOCIAL,117,2,No,4,12,1568,9763,16.060637,No
ALNAT_NEFI_GARATE_SALAS__CURICO,ALNAT NEFI GARATE SALAS,H,REGIÓN DEL MAULE,CURICO,M,REGIONES VERDES LIBERALES,,IND,INDEPENDIENTES,118,3,No,4,12,1369,9763,14.022329,No
LUIS_ROJAS_ZUNIGA__CURICO,LUIS ROJAS ZUÑIGA,H,REGIÓN DEL MAULE,CURICO,M,REGIONES VERDES LIBERALES,,IND,INDEPENDIENTES,119,4,No,4,12,2588,9763,26.508245,No
CAROLINA_ALARCON_KLEINHEMPEL__CURICO,CAROLINA ALARCON KLEINHEMPEL,M,REGIÓN DEL MAULE,CURICO,N,LO MEJOR PARA CHILE,PS E INDEPENDIENTES,PS,PARTIDO SOCIALISTA DE CHILE,120,1,Sí,5,12,4791,14553,32.921047,No
ANTONIO_NUNEZ_BINIMELIS__CURICO,ANTONIO NUÑEZ BINIMELIS,H,REGIÓN DEL MAULE,CURICO,N,LO MEJOR PARA CHILE,PS E INDEPENDIENTES,PS,PARTIDO SOCIALISTA DE CHILE,121,2,No,5,12,1446,14553,9.936096,No
MARIA_JOSE_CERDA_SALCEDO__CURICO,MARIA JOSE CERDA SALCEDO,M,REGIÓN DEL MAULE,CURICO,N,LO MEJOR PARA CHILE,PS E INDEPENDIENTES,IND,INDEPENDIENTES,122,3,No,5,12,2724,14553,18.71779,No
PATRICIO_VERGARA_MORAGA__CURICO,PATRICIO VERGARA MORAGA,H,REGIÓN DEL MAULE,CURICO,N,LO MEJOR PARA CHILE,PPD E INDEPENDIENTES,PPD,PARTIDO POR LA DEMOCRACIA,123,4,No,5,12,4682,14553,32.172061,No
JUAN_GABRIEL_JORQUERA_LOPEZ__CURICO,JUAN GABRIEL JORQUERA LOPEZ,H,REGIÓN DEL MAULE,CURICO,N,LO MEJOR PARA CHILE,PPD E INDEPENDIENTES,PPD,PARTIDO POR LA DEMOCRACIA,124,5,No,5,12,910,14553,6.253006,No
ROBERTO_GARCIA_PARRA__CURICO,ROBERTO GARCIA PARRA,H,REGIÓN DEL MAULE,CURICO,Q,POR UN CHILE MEJOR,,PDC,PARTIDO DEMOCRATA CRISTIANO,125,1,Sí,4,12,8192,21462,38.169788,Sí
BORIS_ALEJANDRO_TAPIA_MARTINEZ__CURICO,BORIS ALEJANDRO TAPIA MARTINEZ,H,REGIÓN DEL MAULE,CURICO,Q,POR UN CHILE MEJOR,,PDC,PARTIDO DEMOCRATA CRISTIANO,126,2,No,4,12,3329,21462,15.511136,No
SONIA_MATURANA_MARTINEZ__CURICO,SONIA MATURANA MARTINEZ,M,REGIÓN DEL MAULE,CURICO,Q,POR UN CHILE MEJOR,,PDC,PARTIDO DEMOCRATA CRISTIANO,127,3,No,4,12,3799,21462,17.701053,No
PAULO_RODRIGO_DONOSO_OSSES__CURICO,PAULO RODRIGO DONOSO OSSES,H,REGIÓN DEL MAULE,CURICO,Q,POR UN CHILE MEJOR,,PDC,PARTIDO DEMOCRATA CRISTIANO,128,4,No,4,12,6142,21462,28.618023,No
KARINA_PAOLA_VALENZUELA_VEAS__CURICO,KARINA PAOLA VALENZUELA VEAS,M,REGIÓN DEL MAULE,CURICO,R,CENTRO DEMOCRATICO,DEMOCRATAS E INDEPENDIENTES,DEMOCRATAS,PARTIDO DEMOCRATAS CHILE,129,1,Sí,3,12,3733,9165,40.731042,No
PIA_JAVIERA_LILIAN_ILEIN_MUNOZ_RAMIREZ__CURICO,PIA JAVIERA LILIAN ILEIN MUÑOZ RAMIREZ,M,REGIÓN DEL MAULE,CURICO,R,CENTRO DEMOCRATICO,DEMOCRATAS E INDEPENDIENTES,IND,INDEPENDIENTES,130,2,No,3,12,2516,9165,27.452264,No
MARIA_ANGELICA_REYES_BRAVO__CURICO,MARIA ANGELICA REYES BRAVO,M,REGIÓN DEL MAULE,CURICO,R,CENTRO DEMOCRATICO,AMARILLOS E INDEPENDIENTES,IND,INDEPENDIENTES,131,3,No,3,12,2916,9165,31.816694,No
IGOR_FERNANDO_VILLARREAL_GUAJARDO__CURICO,IGOR FERNANDO VILLARREAL GUAJARDO,H,REGIÓN DEL MAULE,CURICO,S,FRENTE AMPLIO,FRENTE AMPLIO E INDEPENDIENTES,FA,FRENTE AMPLIO,132,1,Sí,6,12,6950,15509,44.812689,Sí
CARLOS_ESTEBAN_BENAVENTE_AVILA__CURICO,CARLOS ESTEBAN BENAVENTE AVILA,H,REGIÓN DEL MAULE,CURICO,S,FRENTE AMPLIO,FRENTE AMPLIO E INDEPENDIENTES,IND,INDEPENDIENTES,133,2,No,6,12,1473,15509,9.497711,No
LUZMIRA_ELIZABETH_ALBORNOZ_JIMENEZ__CURICO,LUZMIRA ELIZABETH ALBORNOZ JIMENEZ,M,REGIÓN DEL MAULE,CURICO,S,FRENTE AMPLIO,FRENTE AMPLIO E INDEPENDIENTES,IND,INDEPENDIENTES,134,3,No,6,12,1985,15509,12.79902,No
LEONARDO_ALBERTO_CESPEDES_CESPEDES__CURICO,LEONARDO ALBERTO CESPEDES CESPEDES,H,REGIÓN DEL MAULE,CURICO,S,FRENTE AMPLIO,FRENTE AMPLIO E INDEPENDIENTES,IND,INDEPENDIENTES,135,4,No,6,12,875,15509,5.641885,No
ERIKA_CECILIA_JORQUERA_FLORES__CURICO,ERIKA CECILIA JORQUERA FLORES,M,REGIÓN DEL MAULE,CURICO,S,FRENTE AMPLIO,FRENTE AMPLIO E INDEPENDIENTES,IND,INDEPENDIENTES,136,5,No,6,12,874,15509,5.635437,No
DAMIAN_MATIAS_HERNANDEZ_MORALES__CURICO,DAMIAN MATIAS HERNANDEZ MORALES,H,REGIÓN DEL MAULE,CURICO,S,FRENTE AMPLIO,FRENTE AMPLIO E INDEPENDIENTES,IND,INDEPENDIENTES,137,6,No,6,12,3352,15509,21.613257,No
MIRTHA_SEGURA_OVALLE__CURICO,MIRTHA SEGURA OVALLE,M,REGIÓN DEL MAULE,CURICO,V,CHILE VAMOS UDI - INDEPENDIENTES,,UDI,UNION DEMOCRATA INDEPENDIENTE,138,1,Sí,6,12,13375,24911,53.69114,Sí
PABLO_PALMA_CERECERA__CURICO,PABLO PALMA CERECERA,H,REGIÓN DEL MAULE,CURICO,V,CHILE VAMOS UDI - INDEPENDIENTES,,UDI,UNION DEMOCRATA INDEPENDIENTE,139,2,No,6,12,2052,24911,8.237325,No
JUAN_PABLO_ROMERO_VALDES__CURICO,JUAN PABLO ROMERO VALDES,H,REGIÓN DEL MAULE,CURICO,V,CHILE VAMOS UDI - INDEPENDIENTES,,UDI,UNION DEMOCRATA INDEPENDIENTE,140,3,No,6,12,1296,24911,5.202521,No
CRISTINA_PUGA_TAPIA__CURICO,CRISTINA PUGA TAPIA,M,REGIÓN DEL MAULE,CURICO,V,CHILE VAMOS UDI - INDEPENDIENTES,,UDI,UNION DEMOCRATA INDEPENDIENTE,141,4,No,6,12,1210,24911,4.857292,No
IRENE_ARAVENA_CORTES__CURICO,IRENE ARAVENA CORTES,M,REGIÓN DEL MAULE,CURICO,V,CHILE VAMOS UDI - INDEPENDIENTES,,UDI,UNION DEMOCRATA INDEPENDIENTE,142,5,No,6,12,1163,24911,4.66862,No
JAIME_CANALES_GONZALEZ__CURICO,JAIME CANALES GONZALEZ,H,REGIÓN DEL MAULE,CURICO,V,CHILE VAMOS UDI - INDEPENDIENTES,,UDI,UNION DEMOCRATA INDEPENDIENTE,143,6,No,6,12,5815,24911,23.343101,No
SEBASTIAN_CALDERON_LETELIER__CURICO,SEBASTIAN CALDERON LETELIER,H,REGIÓN DEL MAULE,CURICO,W,CHILE VAMOS EVOPOLI - INDEPENDIENTES,,EVOPOLI,EVOLUCION POLITICA,144,1,Sí,5,12,1955,7032,27.801479,No
ARTURO_EUGENIO_ROZAS_PENA_PENA__CURICO,ARTURO EUGENIO ROZAS-PEÑA PEÑA,H,REGIÓN DEL MAULE,CURICO,W,CHILE VAMOS EVOPOLI - INDEPENDIENTES,,EVOPOLI,EVOLUCION POLITICA,145,2,No,5,12,660,7032,9.385666,No
LUCAS_TOMAS_IGNACIO_CHAVEZ_MARTINEZ__CURICO,LUCAS TOMAS IGNACIO CHAVEZ MARTINEZ,H,REGIÓN DEL MAULE,CURICO,W,CHILE VAMOS EVOPOLI - INDEPENDIENTES,,EVOPOLI,EVOLUCION POLITICA,146,3,No,5,12,408,7032,5.802048,No
MATIAS_SEBASTIAN_AVENDANO_RAGGI__CURICO,MATIAS SEBASTIAN AVENDAÑO RAGGI,H,REGIÓN DEL MAULE,CURICO,W,CHILE VAMOS EVOPOLI - INDEPENDIENTES,,IND,INDEPENDIENTES,147,4,No,5,12,1866,7032,26.535836,No
MACARENA_ANDREA_MUNOZ_CANCINO__CURICO,MACARENA ANDREA MUÑOZ CANCINO,M,REGIÓN DEL MAULE,CURICO,W,CHILE VAMOS EVOPOLI - INDEPENDIENTES,,IND,INDEPENDIENTES,148,5,No,5,12,2143,7032,30.474972,No
DOMINIQUE_SCHLACK_SILVA__CURICO,DOMINIQUE SCHLACK SILVA,M,REGIÓN DEL MAULE,CURICO,Y,REPUBLICANOS E INDEPENDIENTES,,REPUBLICANO,PARTIDO REPUBLICANO DE CHILE,149,1,Sí,5,12,7414,21426,34.602819,Sí
SEGUNDO_ANDRES_HOJAS_DEL_VALLE__CURICO,SEGUNDO ANDRES HOJAS DEL VALLE,H,REGIÓN DEL MAULE,CURICO,Y,REPUBLICANOS E INDEPENDIENTES,,REPUBLICANO,PARTIDO REPUBLICANO DE CHILE,150,2,No,5,12,6912,21426,32.259871,No
NANCY_DEL_CARMEN_PIZARRO_SILVA__CURICO,NANCY DEL CARMEN PIZARRO SILVA,M,REGIÓN DEL MAULE,CURICO,Y,REPUBLICANOS E INDEPENDIENTES,,REPUBLICANO,PARTIDO REPUBLICANO DE CHILE,151,3,No,5,12,2152,21426,10.043872,No
JESSICA_REBECA_BELLENGER_HERMOSILLA__CURICO,JESSICA REBECA BELLENGER HERMOSILLA,M,REGIÓN DEL MAULE,CURICO,Y,REPUBLICANOS E INDEPENDIENTES,,REPUBLICANO,PARTIDO REPUBLICANO DE CHILE,152,4,No,5,12,1601,21426,7.47223,No
JOSE_LUIS_GOMEZ_CABRERA__CURICO,JOSE LUIS GOMEZ CABRERA,H,REGIÓN DEL MAULE,CURICO,Y,REPUBLICANOS E INDEPENDIENTES,,IND,INDEPENDIENTES,153,5,No,5,12,3347,21426,15.621208,No
SEBASTIAN_RAMIREZ_PASCAL__LINARES,SEBASTIAN RAMIREZ PASCAL,H,REGIÓN DEL MAULE,LINARES,C,TODAS Y TODOS POR CHILE,PARTIDO COMUNISTA E INDEPENDIENTES,PCCH,PARTIDO COMUNISTA DE CHILE,100,1,Sí,5,10,5659,15618,36.233833,No
NATALIA_LUCERO_TRIVINO__LINARES,NATALIA LUCERO TRIVIÑO,M,REGIÓN DEL MAULE,LINARES,C,TODAS Y TODOS POR CHILE,PARTIDO COMUNISTA E INDEPENDIENTES,PCCH,PARTIDO COMUNISTA DE CHILE,101,2,No,5,10,2268,15618,14.521706,No
CYNTIA_LECAROS_VILLARROEL__LINARES,CYNTIA LECAROS VILLARROEL,M,REGIÓN DEL MAULE,LINARES,C,TODAS Y TODOS POR CHILE,PARTIDO COMUNISTA E INDEPENDIENTES,PCCH,PARTIDO COMUNISTA DE CHILE,102,3,No,5,10,1846,15618,11.819695,No
MARIA_ISABEL_JORQUERA_CACERES__LINARES,MARIA ISABEL JORQUERA CACERES,M,REGIÓN DEL MAULE,LINARES,C,TODAS Y TODOS POR CHILE,PARTIDO COMUNISTA E INDEPENDIENTES,IND,INDEPENDIENTES,103,4,No,5,10,4471,15618,28.627225,No
JONATHAN_ALFARO_TORRES__LINARES,JONATHAN ALFARO TORRES,H,REGIÓN DEL MAULE,LINARES,C,TODAS Y TODOS POR CHILE,PARTIDO COMUNISTA E INDEPENDIENTES,IND,INDEPENDIENTES,104,5,No,5,10,1374,15618,8.797541,No
FILEMON_EDUARDO_FUENTES_HENRIQUEZ__LINARES,FILEMON EDUARDO FUENTES HENRIQUEZ,H,REGIÓN DEL MAULE,LINARES,F,PARTIDO SOCIAL CRISTIANO E INDEPENDIENTES,,IND,INDEPENDIENTES,105,1,Sí,2,10,3323,6253,53.142492,No
ANGIE_VILLA_CERDA__LINARES,ANGIE VILLA CERDA,M,REGIÓN DEL MAULE,LINARES,F,PARTIDO SOCIAL CRISTIANO E INDEPENDIENTES,,IND,INDEPENDIENTES,106,2,No,2,10,2930,6253,46.857508,No
CECILIA_PARHAM_MUCARQUER__LINARES,CECILIA PARHAM MUCARQUER,M,REGIÓN DEL MAULE,LINARES,I,CHILE VAMOS RENOVACION NACIONAL - INDEPENDIENTES,,RN,RENOVACION NACIONAL,107,1,Sí,5,10,12365,41881,29.524128,Sí
FRANCISCO_DURAN_RAMIREZ__LINARES,FRANCISCO DURAN RAMIREZ,H,REGIÓN DEL MAULE,LINARES,I,CHILE VAMOS RENOVACION NACIONAL - INDEPENDIENTES,,RN,RENOVACION NACIONAL,108,2,No,5,10,12503,41881,29.853633,Sí
JUAN_NAVARRO_ORMENO__LINARES,JUAN NAVARRO ORMEÑO,H,REGIÓN DEL MAULE,LINARES,I,CHILE VAMOS RENOVACION NACIONAL - INDEPENDIENTES,,RN,RENOVACION NACIONAL,109,3,No,5,10,9238,41881,22.057735,No
ALVARO_SEGUEL_VALDES__LINARES,ALVARO SEGUEL VALDES,H,REGIÓN DEL MAULE,LINARES,I,CHILE VAMOS RENOVACION NACIONAL - INDEPENDIENTES,,IND,INDEPENDIENTES,110,4,No,5,10,4804,41881,11.470595,No
ALBERTO_BRIONES_PEREZ__LINARES,ALBERTO BRIONES PEREZ,H,REGIÓN DEL MAULE,LINARES,I,CHILE VAMOS RENOVACION NACIONAL - INDEPENDIENTES,,IND,INDEPENDIENTES,111,5,No,5,10,2971,41881,7.093909,No
FRANCISCO_JAVIER_AZOCAR_ZUBICUETA__LINARES,FRANCISCO JAVIER AZOCAR ZUBICUETA,H,REGIÓN DEL MAULE,LINARES,N,LO MEJOR PARA CHILE,PS E INDEPENDIENTES,IND,INDEPENDIENTES,112,1,Sí,5,10,6206,25282,24.547109,No
ADELA_ROSA_DEL_CARMEN_ZUNIGA_IBANEZ__LINARES,ADELA ROSA DEL CARMEN ZUÑIGA IBAÑEZ,M,REGIÓN DEL MAULE,LINARES,N,LO MEJOR PARA CHILE,PS E INDEPENDIENTES,IND,INDEPENDIENTES,113,2,No,5,10,1439,25282,5.691797,No
RICARDO_ANTONIO_LIZAMA_SOTO__LINARES,RICARDO ANTONIO LIZAMA SOTO,H,REGIÓN DEL MAULE,LINARES,N,LO MEJOR PARA CHILE,PPD E INDEPENDIENTES,PPD,PARTIDO POR LA DEMOCRACIA,114,3,No,5,10,4309,25282,17.043747,No
CARLOS_ANDRES_GAJARDO_YANEZ__LINARES,CARLOS ANDRES GAJARDO YAÑEZ,H,REGIÓN DEL MAULE,LINARES,N,LO MEJOR PARA CHILE,PPD E INDEPENDIENTES,IND,INDEPENDIENTES,115,4,No,5,10,4256,25282,16.834111,No
PABLO_EDUARDO_GUTIERREZ_PAREJA__LINARES,PABLO EDUARDO GUTIERREZ PAREJA,H,REGIÓN DEL MAULE,LINARES,N,LO MEJOR PARA CHILE,PPD E INDEPENDIENTES,IND,INDEPENDIENTES,116,5,No,5,10,9072,25282,35.883237,Sí
CARLOS_BASCUNAN_TAPIA__LINARES,CARLOS BASCUÑAN TAPIA,H,REGIÓN DEL MAULE,LINARES,P,PARTIDO DE LA GENTE E INDEPENDIENTES,,PDG,PARTIDO DE LA GENTE,117,1,Sí,2,10,2436,5148,47.319347,No
DANIELA_OLGUIN_ANDRADE__LINARES,DANIELA OLGUIN ANDRADE,M,REGIÓN DEL MAULE,LINARES,P,PARTIDO DE LA GENTE E INDEPENDIENTES,,PDG,PARTIDO DE LA GENTE,118,2,No,2,10,2712,5148,52.680653,No
ALEJANDRO_ARAYA_VALDES__LINARES,ALEJANDRO ARAYA VALDES,H,REGIÓN DEL MAULE,LINARES,Q,POR UN CHILE MEJOR,,PDC,PARTIDO DEMOCRATA CRISTIANO,119,1,Sí,1,10,6192,6192,100.0,No
FLAVIO_ESTEBAN_BAZZI_PEZOA__LINARES,FLAVIO ESTEBAN BAZZI PEZOA,H,REGIÓN DEL MAULE,LINARES,R,CENTRO DEMOCRATICO,DEMOCRATAS E INDEPENDIENTES,IND,INDEPENDIENTES,120,1,Sí,1,10,6402,6402,100.0,No
KARINA_ANTONIETA_CARTAGENA_BASTIAS__LINARES,KARINA ANTONIETA CARTAGENA BASTIAS,M,REGIÓN DEL MAULE,LINARES,S,FRENTE AMPLIO,FRENTE AMPLIO E INDEPENDIENTES,FA,FRENTE AMPLIO,121,1,Sí,3,10,6761,15089,44.807476,No
IGNACIO_GABRIEL_SALAS_SANDOVAL__LINARES,IGNACIO GABRIEL SALAS SANDOVAL,H,REGIÓN DEL MAULE,LINARES,S,FRENTE AMPLIO,FRENTE AMPLIO E INDEPENDIENTES,FA,FRENTE AMPLIO,122,2,No,3,10,3717,15089,24.633839,No
MATIAS_ALONSO_MUNOZ_MEJIAS__LINARES,MATIAS ALONSO MUÑOZ MEJIAS,H,REGIÓN DEL MAULE,LINARES,S,FRENTE AMPLIO,FRENTE AMPLIO E INDEPENDIENTES,FA,FRENTE AMPLIO,123,3,No,3,10,4611,15089,30.558685,No
ALAMIRO_GARRIDO_CACERES__LINARES,ALAMIRO GARRIDO CACERES,H,REGIÓN DEL MAULE,LINARES,V,CHILE VAMOS UDI - INDEPENDIENTES,,UDI,UNION DEMOCRATA INDEPENDIENTE,124,1,Sí,4,10,9105,43264,21.045211,Sí
ALEJANDRA_HARRISON_SANDOVAL__LINARES,ALEJANDRA HARRISON SANDOVAL,M,REGIÓN DEL MAULE,LINARES,V,CHILE VAMOS UDI - INDEPENDIENTES,,UDI,UNION DEMOCRATA INDEPENDIENTE,125,2,No,4,10,6651,43264,15.373058,No
PATRICIA_LABRA_BESSERER__LINARES,PATRICIA LABRA BESSERER,M,REGIÓN DEL MAULE,LINARES,V,CHILE VAMOS UDI - INDEPENDIENTES,,IND,INDEPENDIENTES,126,3,No,4,10,10245,43264,23.680196,No
ISMAEL_FUENTES_CASTRO__LINARES,ISMAEL FUENTES CASTRO,H,REGIÓN DEL MAULE,LINARES,V,CHILE VAMOS UDI - INDEPENDIENTES,,IND,INDEPENDIENTES,127,4,No,4,10,17263,43264,39.901535,Sí
JUAN_CARLOS_VALENZUELA_SOTO__LINARES,JUAN CARLOS VALENZUELA SOTO,H,REGIÓN DEL MAULE,LINARES,Y,REPUBLICANOS E INDEPENDIENTES,,REPUBLICANO,PARTIDO REPUBLICANO DE CHILE,128,1,Sí,5,10,8304,19005,43.693765,No
ANA_LUISA_FUENTES_ROCO__LINARES,ANA LUISA FUENTES ROCO,M,REGIÓN DEL MAULE,LINARES,Y,REPUBLICANOS E INDEPENDIENTES,,REPUBLICANO,PARTIDO REPUBLICANO DE CHILE,129,2,No,5,10,2749,19005,14.464615,No
ANAIS_SORAYA_ORELLANA_RIQUELME__LINARES,ANAIS SORAYA ORELLANA RIQUELME,M,REGIÓN DEL MAULE,LINARES,Y,REPUBLICANOS E INDEPENDIENTES,,REPUBLICANO,PARTIDO REPUBLICANO DE CHILE,130,3,No,5,10,1434,19005,7.545383,No
JUAN_SEBASTIAN_MUNOZ_MUNOZ__LINARES,JUAN SEBASTIAN MUÑOZ MUÑOZ,H,REGIÓN DEL MAULE,LINARES,Y,REPUBLICANOS E INDEPENDIENTES,,REPUBLICANO,PARTIDO REPUBLICANO DE CHILE,131,4,No,5,10,1880,19005,9.892134,No
JUAN_PABLO_URRA_MUNOZ__LINARES,JUAN PABLO URRA MUÑOZ,H,REGIÓN DEL MAULE,LINARES,Y,REPUBLICANOS E INDEPENDIENTES,,REPUBLICANO,PARTIDO REPUBLICANO DE CHILE,132,5,No,5,10,4638,19005,24.404104,No
FELIPE_DURAN_MARTINEZ__TALCA,FELIPE DURAN MARTINEZ,H,REGIÓN DEL MAULE,TALCA,C,TODAS Y TODOS POR CHILE,ACCION HUMANISTA E INDEPENDIENTES,AH,PARTIDO ACCIÓN HUMANISTA,100,1,Sí,5,13,2771,16457,16.83782,No
LEONEL_VALDES_ROJAS__TALCA,LEONEL VALDES ROJAS,H,REGIÓN DEL MAULE,TALCA,C,TODAS Y TODOS POR CHILE,ACCION HUMANISTA E INDEPENDIENTES,IND,INDEPENDIENTES,101,2,No,5,13,1535,16457,9.327338,No
JUAN_SALVADOR_RODRIGUEZ_BRAHM__TALCA,JUAN SALVADOR RODRIGUEZ BRAHM,H,REGIÓN DEL MAULE,TALCA,C,TODAS Y TODOS POR CHILE,PARTIDO COMUNISTA E INDEPENDIENTES,PCCH,PARTIDO COMUNISTA DE CHILE,102,3,No,5,13,4884,16457,29.677341,No
CRISTOPHER_SALAS_SEPULVEDA__TALCA,CRISTOPHER SALAS SEPULVEDA,H,REGIÓN DEL MAULE,TALCA,C,TODAS Y TODOS POR CHILE,PARTIDO COMUNISTA E INDEPENDIENTES,PCCH,PARTIDO COMUNISTA DE CHILE,103,4,No,5,13,3070,16457,18.654676,No
AQUILES_ALEJANDRO_CARRASCO_NAVAS__TALCA,AQUILES ALEJANDRO CARRASCO NAVAS,H,REGIÓN DEL MAULE,TALCA,C,TODAS Y TODOS POR CHILE,PARTIDO COMUNISTA E INDEPENDIENTES,IND,INDEPENDIENTES,104,5,No,5,13,4197,16457,25.502826,No
BALDOBINO_CAMPOS_ROJAS__TALCA,BALDOBINO CAMPOS ROJAS,H,REGIÓN DEL MAULE,TALCA,F,PARTIDO SOCIAL CRISTIANO E INDEPENDIENTES,,PSC,PARTIDO SOCIAL CRISTIANO,105,1,Sí,6,13,1675,10445,16.036381,No
ROBERTO_MONSALVE_RAMIREZ__TALCA,ROBERTO MONSALVE RAMIREZ,H,REGIÓN DEL MAULE,TALCA,F,PARTIDO SOCIAL CRISTIANO E INDEPENDIENTES,,PSC,PARTIDO SOCIAL CRISTIANO,106,2,No,6,13,1361,10445,13.030158,No
CAMILA_ESTER_SOTO_RODRIGUEZ__TALCA,CAMILA ESTER SOTO RODRIGUEZ,M,REGIÓN DEL MAULE,TALCA,F,PARTIDO SOCIAL CRISTIANO E INDEPENDIENTES,,PSC,PARTIDO SOCIAL CRISTIANO,107,3,No,6,13,2766,10445,26.48157,No
JAVIER_ESTEBAN_ALVARADO_VALDES__TALCA,JAVIER ESTEBAN ALVARADO VALDES,H,REGIÓN DEL MAULE,TALCA,F,PARTIDO SOCIAL CRISTIANO E INDEPENDIENTES,,IND,INDEPENDIENTES,108,4,No,6,13,1173,10445,11.230254,No
IVONNE_MARIANELA_GOMEZ_MUNOZ__TALCA,IVONNE MARIANELA GOMEZ MUÑOZ,M,REGIÓN DEL MAULE,TALCA,F,PARTIDO SOCIAL CRISTIANO E INDEPENDIENTES,,IND,INDEPENDIENTES,109,5,No,6,13,2204,10445,21.101005,No
LUIS_FERNANDO_VILLALOBOS_URRUTIA__TALCA,LUIS FERNANDO VILLALOBOS URRUTIA,H,REGIÓN DEL MAULE,TALCA,F,PARTIDO SOCIAL CRISTIANO E INDEPENDIENTES,,IND,INDEPENDIENTES,110,6,No,6,13,1266,10445,12.120632,No
PAOLA_GUAJARDO_OYARCE__TALCA,PAOLA GUAJARDO OYARCE,M,REGIÓN DEL MAULE,TALCA,I,CHILE VAMOS RENOVACION NACIONAL - INDEPENDIENTES,,RN,RENOVACION NACIONAL,111,1,Sí,7,13,10834,39147,27.675173,Sí
GONZALO_MONTERO_VIVEROS__TALCA,GONZALO MONTERO VIVEROS,H,REGIÓN DEL MAULE,TALCA,I,CHILE VAMOS RENOVACION NACIONAL - INDEPENDIENTES,,RN,RENOVACION NACIONAL,112,2,No,7,13,12110,39147,30.934682,Sí
RAFAEL_MARIN_GONZALEZ__TALCA,RAFAEL MARIN GONZALEZ,H,REGIÓN DEL MAULE,TALCA,I,CHILE VAMOS RENOVACION NACIONAL - INDEPENDIENTES,,RN,RENOVACION NACIONAL,113,3,No,7,13,2859,39147,7.303242,No
MARCIA_YANEZ_MENDOZA__TALCA,MARCIA YAÑEZ MENDOZA,M,REGIÓN DEL MAULE,TALCA,I,CHILE VAMOS RENOVACION NACIONAL - INDEPENDIENTES,,RN,RENOVACION NACIONAL,114,4,No,7,13,5785,39147,14.777633,No
ANTONIETA_MORALES_HERRERA__TALCA,ANTONIETA MORALES HERRERA,M,REGIÓN DEL MAULE,TALCA,I,CHILE VAMOS RENOVACION NACIONAL - INDEPENDIENTES,,RN,RENOVACION NACIONAL,115,5,No,7,13,2334,39147,5.962143,No
FRANCISCO_GONZALEZ_RIVEROS__TALCA,FRANCISCO GONZALEZ RIVEROS,H,REGIÓN DEL MAULE,TALCA,I,CHILE VAMOS RENOVACION NACIONAL - INDEPENDIENTES,,RN,RENOVACION NACIONAL,116,6,No,7,13,1793,39147,4.580172,No
RODRIGO_ROJAS_VALDES__TALCA,RODRIGO ROJAS VALDES,H,REGIÓN DEL MAULE,TALCA,I,CHILE VAMOS RENOVACION NACIONAL - INDEPENDIENTES,,RN,RENOVACION NACIONAL,117,7,No,7,13,3432,39147,8.766955,No
SILVIO_JAVIER_DEL_RIO_JIMENEZ__TALCA,SILVIO JAVIER DEL RIO JIMENEZ,H,REGIÓN DEL MAULE,TALCA,L,TU REGION RADICAL,,PR,PARTIDO RADICAL DE CHILE,118,1,Sí,6,13,13442,23946,56.134636,Sí
DANIEL_FLORES_TORRES__TALCA,DANIEL FLORES TORRES,H,REGIÓN DEL MAULE,TALCA,L,TU REGION RADICAL,,PR,PARTIDO RADICAL DE CHILE,119,2,No,6,13,5139,23946,21.460787,No
ROSA_FUENZALIDA_TORRES__TALCA,ROSA FUENZALIDA TORRES,M,REGIÓN DEL MAULE,TALCA,L,TU REGION RADICAL,,PR,PARTIDO RADICAL DE CHILE,120,3,No,6,13,923,23946,3.854506,No
PATRICIO_RODRIGO_SCHMOLZ_LIZANA__TALCA,PATRICIO RODRIGO SCHMOLZ LIZANA,H,REGIÓN DEL MAULE,TALCA,L,TU REGION RADICAL,,PR,PARTIDO RADICAL DE CHILE,121,4,No,6,13,1095,23946,4.572789,No
JOSE_RODRIGUEZ_OLIVARES__TALCA,JOSE RODRIGUEZ OLIVARES,H,REGIÓN DEL MAULE,TALCA,L,TU REGION RADICAL,,IND,INDEPENDIENTES,122,5,No,6,13,1594,23946,6.656644,No
JUAN_JORQUERA_LARA__TALCA,JUAN JORQUERA LARA,H,REGIÓN DEL MAULE,TALCA,L,TU REGION RADICAL,,IND,INDEPENDIENTES,123,6,No,6,13,1753,23946,7.320638,No
CARLOS_ALBERTO_HENRIQUEZ_RAMIREZ__TALCA,CARLOS ALBERTO HENRIQUEZ RAMIREZ,H,REGIÓN DEL MAULE,TALCA,M,REGIONES VERDES LIBERALES,,FREVS,FEDERACION REGIONALISTA VERDE SOCIAL,124,1,Sí,1,13,4537,4537,100.0,No
FELIPE_ANDRES_SANDOVAL_VERGARA__TALCA,FELIPE ANDRES SANDOVAL VERGARA,H,REGIÓN DEL MAULE,TALCA,N,LO MEJOR PARA CHILE,PPD E INDEPENDIENTES,PPD,PARTIDO POR LA DEMOCRACIA,125,1,Sí,5,13,3170,18562,17.077901,No
CARLOS_ROBERTO_FUENZALIDA_ROJAS__TALCA,CARLOS ROBERTO FUENZALIDA ROJAS,H,REGIÓN DEL MAULE,TALCA,N,LO MEJOR PARA CHILE,PPD E INDEPENDIENTES,IND,INDEPENDIENTES,126,2,No,5,13,3607,18562,19.432173,No
SERGIO_PATRICIO_AGUILO_MELO__TALCA,SERGIO PATRICIO AGUILO MELO,H,REGIÓN DEL MAULE,TALCA,N,LO MEJOR PARA CHILE,PS E INDEPENDIENTES,PS,PARTIDO SOCIALISTA DE CHILE,127,3,No,5,13,7105,18562,38.277125,Sí
PAULINA_IVONNE_CAMPOS_ANDAUR__TALCA,PAULINA IVONNE CAMPOS ANDAUR,M,REGIÓN DEL MAULE,TALCA,N,LO MEJOR PARA CHILE,PS E INDEPENDIENTES,PS,PARTIDO SOCIALISTA DE CHILE,128,4,No,5,13,2480,18562,13.360629,No
HECTOR_CONTRERAS_MORALES__TALCA,HECTOR CONTRERAS MORALES,H,REGIÓN DEL MAULE,TALCA,N,LO MEJOR PARA CHILE,PS E INDEPENDIENTES,IND,INDEPENDIENTES,129,5,No,5,13,2200,18562,11.852171,No
PEDRO_ALVARADO_MORALES__TALCA,PEDRO ALVARADO MORALES,H,REGIÓN DEL MAULE,TALCA,P,PARTIDO DE LA GENTE E INDEPENDIENTES,,PDG,PARTIDO DE LA GENTE,130,1,Sí,6,13,4474,13161,33.994377,No
FERNANDO_ISIDRO_MARTEL_CACERES__TALCA,FERNANDO ISIDRO MARTEL CACERES,H,REGIÓN DEL MAULE,TALCA,P,PARTIDO DE LA GENTE E INDEPENDIENTES,,PDG,PARTIDO DE LA GENTE,131,2,No,6,13,1642,13161,12.476256,No
ROMINA_MALDONADO_VALDES__TALCA,ROMINA MALDONADO VALDES,M,REGIÓN DEL MAULE,TALCA,P,PARTIDO DE LA GENTE E INDEPENDIENTES,,IND,INDEPENDIENTES,132,3,No,6,13,2259,13161,17.164349,No
LORENA_BRAVO_BRAVO__TALCA,LORENA BRAVO BRAVO,M,REGIÓN DEL MAULE,TALCA,P,PARTIDO DE LA GENTE E INDEPENDIENTES,,IND,INDEPENDIENTES,133,4,No,6,13,2056,13161,15.621913,No
GUILLERMO_VALDES_CARMONA__TALCA,GUILLERMO VALDES CARMONA,H,REGIÓN DEL MAULE,TALCA,P,PARTIDO DE LA GENTE E INDEPENDIENTES,,IND,INDEPENDIENTES,134,5,No,6,13,1403,13161,10.660284,No
NATALIA_ISABEL_AHUMADA_MACHUCA__TALCA,NATALIA ISABEL AHUMADA MACHUCA,M,REGIÓN DEL MAULE,TALCA,P,PARTIDO DE LA GENTE E INDEPENDIENTES,,IND,INDEPENDIENTES,135,6,No,6,13,1327,13161,10.08282,No
PATRICIO_DOMINGUEZ_IBARRA__TALCA,PATRICIO DOMINGUEZ IBARRA,H,REGIÓN DEL MAULE,TALCA,Q,POR UN CHILE MEJOR,,PDC,PARTIDO DEMOCRATA CRISTIANO,136,1,Sí,6,13,8218,19120,42.981172,Sí
JORGE_ARTURO_RAMOS_ROCO__TALCA,JORGE ARTURO RAMOS ROCO,H,REGIÓN DEL MAULE,TALCA,Q,POR UN CHILE MEJOR,,PDC,PARTIDO DEMOCRATA CRISTIANO,137,2,No,6,13,2834,19120,14.822176,No
CARLOS_ROBERTO_PATRICIO_DIAZ_AVENDANO__TALCA,CARLOS ROBERTO PATRICIO DIAZ AVENDAÑO,H,REGIÓN DEL MAULE,TALCA,Q,POR UN CHILE MEJOR,,PDC,PARTIDO DEMOCRATA CRISTIANO,138,3,No,6,13,2470,19120,12.91841,No
DANIEL_REYES_ARAYA__TALCA,DANIEL REYES ARAYA,H,REGIÓN DEL MAULE,TALCA,Q,POR UN CHILE MEJOR,,PDC,PARTIDO DEMOCRATA CRISTIANO,139,4,No,6,13,2031,19120,10.622385,No
ERNESTO_BRAVO_SANTELICES__TALCA,ERNESTO BRAVO SANTELICES,H,REGIÓN DEL MAULE,TALCA,Q,POR UN CHILE MEJOR,,PDC,PARTIDO DEMOCRATA CRISTIANO,140,5,No,6,13,1099,19120,5.747908,No
BAIRON_ALEXIS_REYES_SEPULVEDA__TALCA,BAIRON ALEXIS REYES SEPULVEDA,H,REGIÓN DEL MAULE,TALCA,Q,POR UN CHILE MEJOR,,IND,INDEPENDIENTES,141,6,No,6,13,2468,19120,12.90795,No
ALEJANDRO_ESTEBAN_MARTINEZ_CHIRINO__TALCA,ALEJANDRO ESTEBAN MARTINEZ CHIRINO,H,REGIÓN DEL MAULE,TALCA,R,CENTRO DEMOCRATICO,AMARILLOS E INDEPENDIENTES,AMARILLOS,MOVIMIENTO AMARILLOS POR CHILE,142,1,Sí,7,13,2263,15852,14.275801,No
PATRICIO_MIGUEL_SAROVIC_URZUA__TALCA,PATRICIO MIGUEL SAROVIC URZUA,H,REGIÓN DEL MAULE,TALCA,R,CENTRO DEMOCRATICO,AMARILLOS E INDEPENDIENTES,IND,INDEPENDIENTES,143,2,No,7,13,1366,15852,8.617209,No
FRANCISCO_JAVIER_DIAZ_ROJAS__TALCA,FRANCISCO JAVIER DIAZ ROJAS,H,REGIÓN DEL MAULE,TALCA,R,CENTRO DEMOCRATICO,DEMOCRATAS E INDEPENDIENTES,DEMOCRATAS,PARTIDO DEMOCRATAS CHILE,144,3,No,7,13,3639,15852,22.956094,No
LEANDRO_ANTONIO_GONZALEZ_OPAZO__TALCA,LEANDRO ANTONIO GONZALEZ OPAZO,H,REGIÓN DEL MAULE,TALCA,R,CENTRO DEMOCRATICO,DEMOCRATAS E INDEPENDIENTES,DEMOCRATAS,PARTIDO DEMOCRATAS CHILE,145,4,No,7,13,1929,15852,12.168812,No
ROSA_ESTER_VALENZUELA_GAJARDO__TALCA,ROSA ESTER VALENZUELA GAJARDO,M,REGIÓN DEL MAULE,TALCA,R,CENTRO DEMOCRATICO,DEMOCRATAS E INDEPENDIENTES,IND,INDEPENDIENTES,146,5,No,7,13,2610,15852,16.464799,No
FANY_ANGELICA_YANEZ_MORAGA__TALCA,FANY ANGELICA YAÑEZ MORAGA,M,REGIÓN DEL MAULE,TALCA,R,CENTRO DEMOCRATICO,DEMOCRATAS E INDEPENDIENTES,IND,INDEPENDIENTES,147,6,No,7,13,2371,15852,14.957103,No
BRIAN_JHON_VILLALOBOS_RETAMAL__TALCA,BRIAN JHON VILLALOBOS RETAMAL,H,REGIÓN DEL MAULE,TALCA,R,CENTRO DEMOCRATICO,DEMOCRATAS E INDEPENDIENTES,IND,INDEPENDIENTES,148,7,No,7,13,1674,15852,10.560182,No
ROCIO_MARGARITA_MOYA_ROMERO__TALCA,ROCIO MARGARITA MOYA ROMERO,M,REGIÓN DEL MAULE,TALCA,S,FRENTE AMPLIO,FRENTE AMPLIO E INDEPENDIENTES,FA,FRENTE AMPLIO,149,1,Sí,4,13,6300,12206,51.61396,No
NICOLE_EDIBETH_ROMAN_SALAS__TALCA,NICOLE EDIBETH ROMAN SALAS,M,REGIÓN DEL MAULE,TALCA,S,FRENTE AMPLIO,FRENTE AMPLIO E INDEPENDIENTES,FA,FRENTE AMPLIO,150,2,No,4,13,1741,12206,14.263477,No
MARCELA_ANDREA_ASTORGA_VERDUGO__TALCA,MARCELA ANDREA ASTORGA VERDUGO,M,REGIÓN DEL MAULE,TALCA,S,FRENTE AMPLIO,FRENTE AMPLIO E INDEPENDIENTES,FA,FRENTE AMPLIO,151,3,No,4,13,1618,12206,13.255776,No
PABLO_JOSE_MIGUEL_HERNANDEZ_SEPULVEDA__TALCA,PABLO JOSE MIGUEL HERNANDEZ SEPULVEDA,H,REGIÓN DEL MAULE,TALCA,S,FRENTE AMPLIO,FRENTE AMPLIO E INDEPENDIENTES,FA,FRENTE AMPLIO,152,4,No,4,13,2547,12206,20.866787,No
RAPHAEL_ZUNIGA_MENDOZA__TALCA,RAPHAEL ZUÑIGA MENDOZA,H,REGIÓN DEL MAULE,TALCA,V,CHILE VAMOS UDI - INDEPENDIENTES,,UDI,UNION DEMOCRATA INDEPENDIENTE,153,1,Sí,7,13,5376,18411,29.199935,Sí
JUAN_ENRIQUE_LEIVA_MADARIAGA__TALCA,JUAN ENRIQUE LEIVA MADARIAGA,H,REGIÓN DEL MAULE,TALCA,V,CHILE VAMOS UDI - INDEPENDIENTES,,UDI,UNION DEMOCRATA INDEPENDIENTE,154,2,No,7,13,3514,18411,19.086416,No
ELENA_ROJAS_ALVARADO__TALCA,ELENA ROJAS ALVARADO,M,REGIÓN DEL MAULE,TALCA,V,CHILE VAMOS UDI - INDEPENDIENTES,,UDI,UNION DEMOCRATA INDEPENDIENTE,155,3,No,7,13,3656,18411,19.857694,No
RODRIGO_MANRIQUEZ_DIAZ__TALCA,RODRIGO MANRIQUEZ DIAZ,H,REGIÓN DEL MAULE,TALCA,V,CHILE VAMOS UDI - INDEPENDIENTES,,UDI,UNION DEMOCRATA INDEPENDIENTE,156,4,No,7,13,1557,18411,8.456901,No
ALBERTO_VARGAS_DIAZ__TALCA,ALBERTO VARGAS DIAZ,H,REGIÓN DEL MAULE,TALCA,V,CHILE VAMOS UDI - INDEPENDIENTES,,IND,INDEPENDIENTES,157,5,No,7,13,1124,18411,6.105046,No
ALBERTO_BRAVO_ESPINOSA__TALCA,ALBERTO BRAVO ESPINOSA,H,REGIÓN DEL MAULE,TALCA,V,CHILE VAMOS UDI - INDEPENDIENTES,,IND,INDEPENDIENTES,158,6,No,7,13,711,18411,3.861822,No
CARLOS_GONZALEZ_HERRERA__TALCA,CARLOS GONZALEZ HERRERA,H,REGIÓN DEL MAULE,TALCA,V,CHILE VAMOS UDI - INDEPENDIENTES,,IND,INDEPENDIENTES,159,7,No,7,13,2473,18411,13.432187,No
PABLO_OLIVARES_ORELLANA__TALCA,PABLO OLIVARES ORELLANA,H,REGIÓN DEL MAULE,TALCA,W,CHILE VAMOS EVOPOLI - INDEPENDIENTES,,EVOPOLI,EVOLUCION POLITICA,160,1,Sí,7,13,5715,16945,33.726763,No
PATRICIO_ANDRES_LINEROS_GONZALEZ__TALCA,PATRICIO ANDRES LINEROS GONZALEZ,H,REGIÓN DEL MAULE,TALCA,W,CHILE VAMOS EVOPOLI - INDEPENDIENTES,,EVOPOLI,EVOLUCION POLITICA,161,2,No,7,13,4375,16945,25.818826,No
JULIO_ANTONIO_CHERIF_PEREZ__TALCA,JULIO ANTONIO CHERIF PEREZ,H,REGIÓN DEL MAULE,TALCA,W,CHILE VAMOS EVOPOLI - INDEPENDIENTES,,EVOPOLI,EVOLUCION POLITICA,162,3,No,7,13,2718,16945,16.04013,No
YAZNA_MARIA_BARRERA_CESAREO__TALCA,YAZNA MARIA BARRERA CESAREO,M,REGIÓN DEL MAULE,TALCA,W,CHILE VAMOS EVOPOLI - INDEPENDIENTES,,EVOPOLI,EVOLUCION POLITICA,163,4,No,7,13,697,16945,4.113308,No
EDUARDO_ESTEBAN_RODRIGUEZ_AREVALO__TALCA,EDUARDO ESTEBAN RODRIGUEZ AREVALO,H,REGIÓN DEL MAULE,TALCA,W,CHILE VAMOS EVOPOLI - INDEPENDIENTES,,EVOPOLI,EVOLUCION POLITICA,164,5,No,7,13,765,16945,4.514606,No
HECTOR_JUAN_ESPINOSA_PEREIRA__TALCA,HECTOR JUAN ESPINOSA PEREIRA,H,REGIÓN DEL MAULE,TALCA,W,CHILE VAMOS EVOPOLI - INDEPENDIENTES,,IND,INDEPENDIENTES,165,6,No,7,13,918,16945,5.417527,No
CRISTIAN_ANDRES_PINO_LOYOLA__TALCA,CRISTIAN ANDRES PINO LOYOLA,H,REGIÓN DEL MAULE,TALCA,W,CHILE VAMOS EVOPOLI - INDEPENDIENTES,,IND,INDEPENDIENTES,166,7,No,7,13,1757,16945,10.36884,No
ROSANNA_GARCIA_CHEVECICH__TALCA,ROSANNA GARCIA CHEVECICH,M,REGIÓN DEL MAULE,TALCA,Y,REPUBLICANOS E INDEPENDIENTES,,REPUBLICANO,PARTIDO REPUBLICANO DE CHILE,167,1,Sí,7,13,8098,25304,32.002845,Sí
VALESKA_DAHIANA_FAJARDO_HENRIQUEZ__TALCA,VALESKA DAHIANA FAJARDO HENRIQUEZ,M,REGIÓN DEL MAULE,TALCA,Y,REPUBLICANOS E INDEPENDIENTES,,REPUBLICANO,PARTIDO REPUBLICANO DE CHILE,168,2,No,7,13,4232,25304,16.724629,No
DIEGO_ANTONIO_PINTO_RAMIREZ__TALCA,DIEGO ANTONIO PINTO RAMIREZ,H,REGIÓN DEL MAULE,TALCA,Y,REPUBLICANOS E INDEPENDIENTES,,REPUBLICANO,PARTIDO REPUBLICANO DE CHILE,169,3,No,7,13,4117,25304,16.270155,No
CLAUDIO_ENRIQUE_FLORES_SEPULVEDA__TALCA,CLAUDIO ENRIQUE FLORES SEPULVEDA,H,REGIÓN DEL MAULE,TALCA,Y,REPUBLICANOS E INDEPENDIENTES,,REPUBLICANO,PARTIDO REPUBLICANO DE CHILE,170,4,No,7,13,3803,25304,15.029244,No
JOSE_CRISTIAN_ROJAS_APABLAZA__TALCA,JOSE CRISTIAN ROJAS APABLAZA,H,REGIÓN DEL MAULE,TALCA,Y,REPUBLICANOS E INDEPENDIENTES,,REPUBLICANO,PARTIDO REPUBLICANO DE CHILE,171,5,No,7,13,2303,25304,9.101328,No
DALTON_BORIS_CASTRO_CASTRO__TALCA,DALTON BORIS CASTRO CASTRO,H,REGIÓN DEL MAULE,TALCA,Y,REPUBLICANOS E INDEPENDIENTES,,REPUBLICANO,PARTIDO REPUBLICANO DE CHILE,172,6,No,7,13,1072,25304,4.236484,No
VALENTIN_MATIAS_ABACA_GOMEZ__TALCA,VALENTIN MATIAS ABACA GOMEZ,H,REGIÓN DEL MAULE,TALCA,Y,REPUBLICANOS E INDEPENDIENTES,,REPUBLICANO,PARTIDO REPUBLICANO DE CHILE,173,7,No,7,13,1679,25304,6.635315,No
PATRICIA_ISIDORA_VERA_LILLO__DIGUILLIN,PATRICIA ISIDORA VERA LILLO,M,REGIÓN DE ÑUBLE,DIGUILLIN,C,TODAS Y TODOS POR CHILE,PARTIDO COMUNISTA E INDEPENDIENTES,PCCH,PARTIDO COMUNISTA DE CHILE,100,1,Sí,3,14,4295,7675,55.960912,No
CECILIA_DEL_PILAR_PALACIOS_LEIVA__DIGUILLIN,CECILIA DEL PILAR PALACIOS LEIVA,M,REGIÓN DE ÑUBLE,DIGUILLIN,C,TODAS Y TODOS POR CHILE,PARTIDO COMUNISTA E INDEPENDIENTES,PCCH,PARTIDO COMUNISTA DE CHILE,101,2,No,3,14,1616,7675,21.055375,No
SERGIO_MEZA_CARRASCO__DIGUILLIN,SERGIO MEZA CARRASCO,H,REGIÓN DE ÑUBLE,DIGUILLIN,C,TODAS Y TODOS POR CHILE,PARTIDO COMUNISTA E INDEPENDIENTES,IND,INDEPENDIENTES,102,3,No,3,14,1764,7675,22.983713,No
GERALDINE_ARAVENA_GODOY__DIGUILLIN,GERALDINE ARAVENA GODOY,M,REGIÓN DE ÑUBLE,DIGUILLIN,F,PARTIDO SOCIAL CRISTIANO E INDEPENDIENTES,,PSC,PARTIDO SOCIAL CRISTIANO,103,1,Sí,8,14,3019,12899,23.404915,Sí
HUGO_HIDALGO_BASTIAS__DIGUILLIN,HUGO HIDALGO BASTIAS,H,REGIÓN DE ÑUBLE,DIGUILLIN,F,PARTIDO SOCIAL CRISTIANO E INDEPENDIENTES,,PSC,PARTIDO SOCIAL CRISTIANO,104,2,No,8,14,1706,12899,13.225831,No
ELIZABETH_SILVA_MORALES__DIGUILLIN,ELIZABETH SILVA MORALES,M,REGIÓN DE ÑUBLE,DIGUILLIN,F,PARTIDO SOCIAL CRISTIANO E INDEPENDIENTES,,PSC,PARTIDO SOCIAL CRISTIANO,105,3,No,8,14,1287,12899,9.977518,No
VICTOR_BELTRAN_MUNOZ__DIGUILLIN,VICTOR BELTRAN MUÑOZ,H,REGIÓN DE ÑUBLE,DIGUILLIN,F,PARTIDO SOCIAL CRISTIANO E INDEPENDIENTES,,PSC,PARTIDO SOCIAL CRISTIANO,106,4,No,8,14,1284,12899,9.95426,No
LUIS_ENRIQUE_SEPULVEDA_CASTRO__DIGUILLIN,LUIS ENRIQUE SEPULVEDA CASTRO,H,REGIÓN DE ÑUBLE,DIGUILLIN,F,PARTIDO SOCIAL CRISTIANO E INDEPENDIENTES,,PSC,PARTIDO SOCIAL CRISTIANO,107,5,No,8,14,1084,12899,8.403752,No
IVAN_BARRIA_HASEN__DIGUILLIN,IVAN BARRIA HASEN,H,REGIÓN DE ÑUBLE,DIGUILLIN,F,PARTIDO SOCIAL CRISTIANO E INDEPENDIENTES,,PSC,PARTIDO SOCIAL CRISTIANO,108,6,No,8,14,574,12899,4.449957,No
ABDIAS_ISAI_CASTILLO_PACHECO__DIGUILLIN,ABDIAS ISAI CASTILLO PACHECO,H,REGIÓN DE ÑUBLE,DIGUILLIN,F,PARTIDO SOCIAL CRISTIANO E INDEPENDIENTES,,IND,INDEPENDIENTES,109,7,No,8,14,1105,12899,8.566556,No
ALEJANDRA_OSORIO_CORTES__DIGUILLIN,ALEJANDRA OSORIO CORTES,M,REGIÓN DE ÑUBLE,DIGUILLIN,F,PARTIDO SOCIAL CRISTIANO E INDEPENDIENTES,,IND,INDEPENDIENTES,110,8,No,8,14,2840,12899,22.017211,No
BARBARA_HENNIG_GODOY__DIGUILLIN,BARBARA HENNIG GODOY,M,REGIÓN DE ÑUBLE,DIGUILLIN,I,CHILE VAMOS RENOVACION NACIONAL - INDEPENDIENTES,,RN,RENOVACION NACIONAL,111,1,Sí,4,14,4936,15130,32.623926,Sí
LESLIE_ALFARO_ROMERO__DIGUILLIN,LESLIE ALFARO ROMERO,M,REGIÓN DE ÑUBLE,DIGUILLIN,I,CHILE VAMOS RENOVACION NACIONAL - INDEPENDIENTES,,RN,RENOVACION NACIONAL,112,2,No,4,14,1636,15130,10.812954,No
CARLOS_ACEVEDO_CIFUENTES__DIGUILLIN,CARLOS ACEVEDO CIFUENTES,H,REGIÓN DE ÑUBLE,DIGUILLIN,I,CHILE VAMOS RENOVACION NACIONAL - INDEPENDIENTES,,RN,RENOVACION NACIONAL,113,3,No,4,14,4187,15130,27.673496,No
MARGARITA_CRISOSTOMO_LAZO__DIGUILLIN,MARGARITA CRISOSTOMO LAZO,M,REGIÓN DE ÑUBLE,DIGUILLIN,I,CHILE VAMOS RENOVACION NACIONAL - INDEPENDIENTES,,IND,INDEPENDIENTES,114,4,No,4,14,4371,15130,28.889623,No
ANTONIO_ALEJANDRO_PRADO_BETANZO__DIGUILLIN,ANTONIO ALEJANDRO PRADO BETANZO,H,REGIÓN DE ÑUBLE,DIGUILLIN,L,TU REGION RADICAL,,PR,PARTIDO RADICAL DE CHILE,115,1,Sí,4,14,2775,9248,30.006488,No
CRISTIAN_ORTIZ_RUBIO__DIGUILLIN,CRISTIAN ORTIZ RUBIO,H,REGIÓN DE ÑUBLE,DIGUILLIN,L,TU REGION RADICAL,,PR,PARTIDO RADICAL DE CHILE,116,2,No,4,14,2635,9248,28.492647,No
ERNESTO_ALEXI_PONCE_MORA__DIGUILLIN,ERNESTO ALEXI PONCE MORA,H,REGIÓN DE ÑUBLE,DIGUILLIN,L,TU REGION RADICAL,,IND,INDEPENDIENTES,117,3,No,4,14,2728,9248,29.49827,No
CARLOS_ALEJANDRO_RODRIGUEZ_SAEZ__DIGUILLIN,CARLOS ALEJANDRO RODRIGUEZ SAEZ,H,REGIÓN DE ÑUBLE,DIGUILLIN,L,TU REGION RADICAL,,IND,INDEPENDIENTES,118,4,No,4,14,1110,9248,12.002595,No
FELIPE_LEAL_MEDINA__DIGUILLIN,FELIPE LEAL MEDINA,H,REGIÓN DE ÑUBLE,DIGUILLIN,M,REGIONES VERDES LIBERALES,,PL,PARTIDO LIBERAL DE CHILE,119,1,Sí,7,14,1655,6907,23.961199,No
JUAN_PABLO_AREVALO_YANEZ__DIGUILLIN,JUAN PABLO AREVALO YAÑEZ,H,REGIÓN DE ÑUBLE,DIGUILLIN,M,REGIONES VERDES LIBERALES,,PL,PARTIDO LIBERAL DE CHILE,120,2,No,7,14,1071,6907,15.506008,No
MANUEL_ARTURO_SAAVEDRA_YANEZ__DIGUILLIN,MANUEL ARTURO SAAVEDRA YAÑEZ,H,REGIÓN DE ÑUBLE,DIGUILLIN,M,REGIONES VERDES LIBERALES,,FREVS,FEDERACION REGIONALISTA VERDE SOCIAL,121,3,No,7,14,805,6907,11.654843,No
FANNY_ESTHER_ARAYA_BAHAMONDE__DIGUILLIN,FANNY ESTHER ARAYA BAHAMONDE,M,REGIÓN DE ÑUBLE,DIGUILLIN,M,REGIONES VERDES LIBERALES,,FREVS,FEDERACION REGIONALISTA VERDE SOCIAL,122,4,No,7,14,577,6907,8.353844,No
JULIO_ANDRES_BECERRA_ESPINOZA__DIGUILLIN,JULIO ANDRES BECERRA ESPINOZA,H,REGIÓN DE ÑUBLE,DIGUILLIN,M,REGIONES VERDES LIBERALES,,IND,INDEPENDIENTES,123,5,No,7,14,1199,6907,17.359201,No
HECTOR_ARTURO_UBILLA_GONZALEZ__DIGUILLIN,HECTOR ARTURO UBILLA GONZALEZ,H,REGIÓN DE ÑUBLE,DIGUILLIN,M,REGIONES VERDES LIBERALES,,IND,INDEPENDIENTES,124,6,No,7,14,603,6907,8.730274,No
FRANCO_IGNACIO_ORTIZ_MANRIQUEZ__DIGUILLIN,FRANCO IGNACIO ORTIZ MANRIQUEZ,H,REGIÓN DE ÑUBLE,DIGUILLIN,M,REGIONES VERDES LIBERALES,,IND,INDEPENDIENTES,125,7,No,7,14,997,6907,14.434632,No
DANIELA_GUZMAN_YEVENES__DIGUILLIN,DANIELA GUZMAN YEVENES,M,REGIÓN DE ÑUBLE,DIGUILLIN,N,LO MEJOR PARA CHILE,PS E INDEPENDIENTES,PS,PARTIDO SOCIALISTA DE CHILE,126,1,Sí,8,14,6187,26210,23.605494,Sí
JOSE_ANTONIO_SILVA_ESPINOZA__DIGUILLIN,JOSE ANTONIO SILVA ESPINOZA,H,REGIÓN DE ÑUBLE,DIGUILLIN,N,LO MEJOR PARA CHILE,PS E INDEPENDIENTES,PS,PARTIDO SOCIALISTA DE CHILE,127,2,No,8,14,3775,26210,14.4029,No
MARCELO_CIFUENTES_CIFUENTES__DIGUILLIN,MARCELO CIFUENTES CIFUENTES,H,REGIÓN DE ÑUBLE,DIGUILLIN,N,LO MEJOR PARA CHILE,PS E INDEPENDIENTES,PS,PARTIDO SOCIALISTA DE CHILE,128,3,No,8,14,4588,26210,17.504769,Sí
WALTER_ROA_ORELLANA__DIGUILLIN,WALTER ROA ORELLANA,H,REGIÓN DE ÑUBLE,DIGUILLIN,N,LO MEJOR PARA CHILE,PS E INDEPENDIENTES,IND,INDEPENDIENTES,129,4,No,8,14,3100,26210,11.827547,No
LORENA_ANDREA_VERA_ARRIAGADA__DIGUILLIN,LORENA ANDREA VERA ARRIAGADA,M,REGIÓN DE ÑUBLE,DIGUILLIN,N,LO MEJOR PARA CHILE,PPD E INDEPENDIENTES,PPD,PARTIDO POR LA DEMOCRACIA,130,5,No,8,14,4249,26210,16.21137,No
CAMILA_TORRES_UMANZOR__DIGUILLIN,CAMILA TORRES UMANZOR,M,REGIÓN DE ÑUBLE,DIGUILLIN,N,LO MEJOR PARA CHILE,PPD E INDEPENDIENTES,PPD,PARTIDO POR LA DEMOCRACIA,131,6,No,8,14,2599,26210,9.916063,No
VICTOR_HUGO_YEVENES_NAVARRETE__DIGUILLIN,VICTOR HUGO YEVENES NAVARRETE,H,REGIÓN DE ÑUBLE,DIGUILLIN,N,LO MEJOR PARA CHILE,PPD E INDEPENDIENTES,IND,INDEPENDIENTES,132,7,No,8,14,1199,26210,4.57459,No
DAVID_KELLER_FREEMAN__DIGUILLIN,DAVID KELLER FREEMAN,H,REGIÓN DE ÑUBLE,DIGUILLIN,N,LO MEJOR PARA CHILE,PPD E INDEPENDIENTES,IND,INDEPENDIENTES,133,8,No,8,14,513,26210,1.957268,No
MIGUEL_ANGEL_SEGUNDO_CHAVEZ_MENDOZA__DIGUILLIN,MIGUEL ANGEL SEGUNDO CHAVEZ MENDOZA,H,REGIÓN DE ÑUBLE,DIGUILLIN,P,PARTIDO DE LA GENTE E INDEPENDIENTES,,PDG,PARTIDO DE LA GENTE,134,1,Sí,5,14,2677,8505,31.475603,No
CLIFF_ROGERS_HENRIQUEZ_RETAMAL__DIGUILLIN,CLIFF ROGERS HENRIQUEZ RETAMAL,H,REGIÓN DE ÑUBLE,DIGUILLIN,P,PARTIDO DE LA GENTE E INDEPENDIENTES,,PDG,PARTIDO DE LA GENTE,135,2,No,5,14,1345,8505,15.814227,No
DANIEL_ENRIQUE_GODOY_LAGOS__DIGUILLIN,DANIEL ENRIQUE GODOY LAGOS,H,REGIÓN DE ÑUBLE,DIGUILLIN,P,PARTIDO DE LA GENTE E INDEPENDIENTES,,PDG,PARTIDO DE LA GENTE,136,3,No,5,14,1395,8505,16.402116,No
PABLO_ALEJANDRO_SAN_MARTIN_CANDIA__DIGUILLIN,PABLO ALEJANDRO SAN MARTIN CANDIA,H,REGIÓN DE ÑUBLE,DIGUILLIN,P,PARTIDO DE LA GENTE E INDEPENDIENTES,,PDG,PARTIDO DE LA GENTE,137,4,No,5,14,1071,8505,12.592593,No
MARIELA_DEL_TRANSITO_ESPINOZA_NAVARRETE__DIGUILLIN,MARIELA DEL TRANSITO ESPINOZA NAVARRETE,M,REGIÓN DE ÑUBLE,DIGUILLIN,P,PARTIDO DE LA GENTE E INDEPENDIENTES,,PDG,PARTIDO DE LA GENTE,138,5,No,5,14,2017,8505,23.715461,No
GUILLERMO_GINNO_ABURTO_CERNA__DIGUILLIN,GUILLERMO GINNO ABURTO CERNA,H,REGIÓN DE ÑUBLE,DIGUILLIN,Q,POR UN CHILE MEJOR,,PDC,PARTIDO DEMOCRATA CRISTIANO,139,1,Sí,3,14,3926,13461,29.165738,No
MARIO_ALEXIS_URRA_ZAMBRANO__DIGUILLIN,MARIO ALEXIS URRA ZAMBRANO,H,REGIÓN DE ÑUBLE,DIGUILLIN,Q,POR UN CHILE MEJOR,,IND,INDEPENDIENTES,140,2,No,3,14,7428,13461,55.181636,Sí
FREDY_ALEJANDRO_MARIN_ROMERO__DIGUILLIN,FREDY ALEJANDRO MARIN ROMERO,H,REGIÓN DE ÑUBLE,DIGUILLIN,Q,POR UN CHILE MEJOR,,IND,INDEPENDIENTES,141,3,No,3,14,2107,13461,15.652626,No
FRANCISCO_JOSE_LAMA_VERGARA__DIGUILLIN,FRANCISCO JOSE LAMA VERGARA,H,REGIÓN DE ÑUBLE,DIGUILLIN,R,CENTRO DEMOCRATICO,AMARILLOS E INDEPENDIENTES,AMARILLOS,MOVIMIENTO AMARILLOS POR CHILE,142,1,Sí,5,14,1954,11937,16.369272,No
JULIA_LETICIA_ZAPPETTINI_VASQUEZ__DIGUILLIN,JULIA LETICIA ZAPPETTINI VASQUEZ,M,REGIÓN DE ÑUBLE,DIGUILLIN,R,CENTRO DEMOCRATICO,AMARILLOS E INDEPENDIENTES,AMARILLOS,MOVIMIENTO AMARILLOS POR CHILE,143,2,No,5,14,1249,11937,10.463265,No
GIOVANNA_ANDREA_MONTES_MONTES__DIGUILLIN,GIOVANNA ANDREA MONTES MONTES,M,REGIÓN DE ÑUBLE,DIGUILLIN,R,CENTRO DEMOCRATICO,AMARILLOS E INDEPENDIENTES,IND,INDEPENDIENTES,144,3,No,5,14,1086,11937,9.097763,No
ALBERTO_ENRIQUE_JARPA_LEIVA__DIGUILLIN,ALBERTO ENRIQUE JARPA LEIVA,H,REGIÓN DE ÑUBLE,DIGUILLIN,R,CENTRO DEMOCRATICO,DEMOCRATAS E INDEPENDIENTES,DEMOCRATAS,PARTIDO DEMOCRATAS CHILE,145,4,No,5,14,2806,11937,23.506744,No
PABLO_ALEJANDRO_GONZALEZ_GONZALEZ__DIGUILLIN,PABLO ALEJANDRO GONZALEZ GONZALEZ,H,REGIÓN DE ÑUBLE,DIGUILLIN,R,CENTRO DEMOCRATICO,DEMOCRATAS E INDEPENDIENTES,IND,INDEPENDIENTES,146,5,No,5,14,4842,11937,40.562956,No
BEATRIZ_IGNACIA_MUNOZ_BAQUEDANO__DIGUILLIN,BEATRIZ IGNACIA MUÑOZ BAQUEDANO,M,REGIÓN DE ÑUBLE,DIGUILLIN,S,FRENTE AMPLIO,FRENTE AMPLIO E INDEPENDIENTES,FA,FRENTE AMPLIO,147,1,Sí,6,14,3899,10576,36.86649,No
SEBASTIAN_IGNACIO_FREDES_AVENDANO__DIGUILLIN,SEBASTIAN IGNACIO FREDES AVENDAÑO,H,REGIÓN DE ÑUBLE,DIGUILLIN,S,FRENTE AMPLIO,FRENTE AMPLIO E INDEPENDIENTES,FA,FRENTE AMPLIO,148,2,No,6,14,1410,10576,13.332073,No
NICOLE_VALESKA_SUAZO_BARRIGA__DIGUILLIN,NICOLE VALESKA SUAZO BARRIGA,M,REGIÓN DE ÑUBLE,DIGUILLIN,S,FRENTE AMPLIO,FRENTE AMPLIO E INDEPENDIENTES,FA,FRENTE AMPLIO,149,3,No,6,14,2343,10576,22.153933,No
REINALDO_ARTURO_CAMANO_BARRIA__DIGUILLIN,REINALDO ARTURO CAMAÑO BARRIA,H,REGIÓN DE ÑUBLE,DIGUILLIN,S,FRENTE AMPLIO,FRENTE AMPLIO E INDEPENDIENTES,FA,FRENTE AMPLIO,150,4,No,6,14,606,10576,5.729955,No
CARLA_RETAMAL_COFRE_COFRE__DIGUILLIN,CARLA RETAMAL-COFRE COFRE,M,REGIÓN DE ÑUBLE,DIGUILLIN,S,FRENTE AMPLIO,FRENTE AMPLIO E INDEPENDIENTES,FA,FRENTE AMPLIO,151,5,No,6,14,802,10576,7.583207,No
SEBASTIAN_ALEJANDRO_VASQUEZ_MISSENE__DIGUILLIN,SEBASTIAN ALEJANDRO VASQUEZ MISSENE,H,REGIÓN DE ÑUBLE,DIGUILLIN,S,FRENTE AMPLIO,FRENTE AMPLIO E INDEPENDIENTES,FA,FRENTE AMPLIO,152,6,No,6,14,1516,10576,14.334342,No
RODRIGO_SEBASTIAN_DINAMARCA_MUNOZ__DIGUILLIN,RODRIGO SEBASTIAN DINAMARCA MUÑOZ,H,REGIÓN DE ÑUBLE,DIGUILLIN,V,CHILE VAMOS UDI - INDEPENDIENTES,,UDI,UNION DEMOCRATA INDEPENDIENTE,153,1,Sí,5,14,5833,21940,26.586144,No
ALDO_GUSTAVO_SANDOVAL_GARRIDO__DIGUILLIN,ALDO GUSTAVO SANDOVAL GARRIDO,H,REGIÓN DE ÑUBLE,DIGUILLIN,V,CHILE VAMOS UDI - INDEPENDIENTES,,UDI,UNION DEMOCRATA INDEPENDIENTE,154,2,No,5,14,4959,21940,22.602552,No
JOHN_EXEQUIEL_POLANCO_ESPINOZA__DIGUILLIN,JOHN EXEQUIEL POLANCO ESPINOZA,H,REGIÓN DE ÑUBLE,DIGUILLIN,V,CHILE VAMOS UDI - INDEPENDIENTES,,UDI,UNION DEMOCRATA INDEPENDIENTE,155,3,No,5,14,3583,21940,16.330902,No
MAXIMILIANO_DINAMARCA_TORRES__DIGUILLIN,MAXIMILIANO DINAMARCA TORRES,H,REGIÓN DE ÑUBLE,DIGUILLIN,V,CHILE VAMOS UDI - INDEPENDIENTES,,UDI,UNION DEMOCRATA INDEPENDIENTE,156,4,No,5,14,1582,21940,7.210574,No
CARLOS_CHANDIA_BRAVO__DIGUILLIN,CARLOS CHANDIA BRAVO,H,REGIÓN DE ÑUBLE,DIGUILLIN,V,CHILE VAMOS UDI - INDEPENDIENTES,,UDI,UNION DEMOCRATA INDEPENDIENTE,157,5,No,5,14,5983,21940,27.269827,Sí
STALIN_ALEJANDRO_MELLADO_MUNOZ__DIGUILLIN,STALIN ALEJANDRO MELLADO MUÑOZ,H,REGIÓN DE ÑUBLE,DIGUILLIN,W,CHILE VAMOS EVOPOLI - INDEPENDIENTES,,EVOPOLI,EVOLUCION POLITICA,158,1,Sí,4,14,853,3642,23.421197,No
LUCAS_ANDRES_VIDAL_MAUREIRA__DIGUILLIN,LUCAS ANDRES VIDAL MAUREIRA,H,REGIÓN DE ÑUBLE,DIGUILLIN,W,CHILE VAMOS EVOPOLI - INDEPENDIENTES,,EVOPOLI,EVOLUCION POLITICA,159,2,No,4,14,570,3642,15.650741,No
JUAN_IGNACIO_LARRERE_GARCIA__DIGUILLIN,JUAN IGNACIO LARRERE GARCIA,H,REGIÓN DE ÑUBLE,DIGUILLIN,W,CHILE VAMOS EVOPOLI - INDEPENDIENTES,,EVOPOLI,EVOLUCION POLITICA,160,3,No,4,14,1792,3642,49.203734,No
RICARDO_JAVIER_JARA_JARA__DIGUILLIN,RICARDO JAVIER JARA JARA,H,REGIÓN DE ÑUBLE,DIGUILLIN,W,CHILE VAMOS EVOPOLI - INDEPENDIENTES,,EVOPOLI,EVOLUCION POLITICA,161,4,No,4,14,427,3642,11.724327,No
EDUARDO_SAVATTINI_NUNEZ__DIGUILLIN,EDUARDO SAVATTINI NUÑEZ,H,REGIÓN DE ÑUBLE,DIGUILLIN,X,"ECOLOGISTAS, ANIMALISTAS E INDEPENDIENTES",,IND,INDEPENDIENTES,162,1,Sí,1,14,9011,9011,100.0,No
MARIA_ELENA_ACUNA_OLIVERA__DIGUILLIN,MARIA ELENA ACUÑA OLIVERA,M,REGIÓN DE ÑUBLE,DIGUILLIN,Y,REPUBLICANOS E INDEPENDIENTES,,REPUBLICANO,PARTIDO REPUBLICANO DE CHILE,163,1,Sí,8,14,8663,26647,32.510226,Sí
CHRISTOPHER_CASANOVA_GONZALEZ__DIGUILLIN,CHRISTOPHER CASANOVA GONZALEZ,H,REGIÓN DE ÑUBLE,DIGUILLIN,Y,REPUBLICANOS E INDEPENDIENTES,,REPUBLICANO,PARTIDO REPUBLICANO DE CHILE,164,2,No,8,14,4144,26647,15.551469,Sí
SONIA_ALEJANDRA_CHAMBLAS_MORALES__DIGUILLIN,SONIA ALEJANDRA CHAMBLAS MORALES,M,REGIÓN DE ÑUBLE,DIGUILLIN,Y,REPUBLICANOS E INDEPENDIENTES,,REPUBLICANO,PARTIDO REPUBLICANO DE CHILE,165,3,No,8,14,2349,26647,8.815251,No
RAMON_EDUARDO_AUDALA_AREVALO__DIGUILLIN,RAMON EDUARDO AUDALA AREVALO,H,REGIÓN DE ÑUBLE,DIGUILLIN,Y,REPUBLICANOS E INDEPENDIENTES,,REPUBLICANO,PARTIDO REPUBLICANO DE CHILE,166,4,No,8,14,2442,26647,9.164259,No
OLGA_JULIETA_BRAVO_BRAVO__DIGUILLIN,OLGA JULIETA BRAVO BRAVO,M,REGIÓN DE ÑUBLE,DIGUILLIN,Y,REPUBLICANOS E INDEPENDIENTES,,REPUBLICANO,PARTIDO REPUBLICANO DE CHILE,167,5,No,8,14,1433,26647,5.377716,No
SERGIO_EDUARDO_MARTINEZ_FICA__DIGUILLIN,SERGIO EDUARDO MARTINEZ FICA,H,REGIÓN DE ÑUBLE,DIGUILLIN,Y,REPUBLICANOS E INDEPENDIENTES,,REPUBLICANO,PARTIDO REPUBLICANO DE CHILE,168,6,No,8,14,2237,26647,8.394941,No
OSCAR_JUAN_MERINO_MORALES__DIGUILLIN,OSCAR JUAN MERINO MORALES,H,REGIÓN DE ÑUBLE,DIGUILLIN,Y,REPUBLICANOS E INDEPENDIENTES,,REPUBLICANO,PARTIDO REPUBLICANO DE CHILE,169,7,No,8,14,1764,26647,6.619882,No
MAGDALENA_OYARCE_SEPULVEDA__DIGUILLIN,MAGDALENA OYARCE SEPULVEDA,M,REGIÓN DE ÑUBLE,DIGUILLIN,Y,REPUBLICANOS E INDEPENDIENTES,,REPUBLICANO,PARTIDO REPUBLICANO DE CHILE,170,8,No,8,14,3615,26647,13.566255,No
MARIA_JOSE_PEREZ_GARRIDO__ITATA,MARIA JOSE PEREZ GARRIDO,M,REGIÓN DE ÑUBLE,ITATA,F,PARTIDO SOCIAL CRISTIANO E INDEPENDIENTES,,PSC,PARTIDO SOCIAL CRISTIANO,100,1,Sí,4,11,580,1611,36.002483,No
CRISTOPHER_ARTURO_QUEZADA_BELLO__ITATA,CRISTOPHER ARTURO QUEZADA BELLO,H,REGIÓN DE ÑUBLE,ITATA,F,PARTIDO SOCIAL CRISTIANO E INDEPENDIENTES,,PSC,PARTIDO SOCIAL CRISTIANO,101,2,No,4,11,279,1611,17.318436,No
MARCELO_GALVEZ_MUNOZ__ITATA,MARCELO GALVEZ MUÑOZ,H,REGIÓN DE ÑUBLE,ITATA,F,PARTIDO SOCIAL CRISTIANO E INDEPENDIENTES,,IND,INDEPENDIENTES,102,3,No,4,11,283,1611,17.566729,No
LUIS_SEGUEL_ARRIAGADA__ITATA,LUIS SEGUEL ARRIAGADA,H,REGIÓN DE ÑUBLE,ITATA,F,PARTIDO SOCIAL CRISTIANO E INDEPENDIENTES,,IND,INDEPENDIENTES,103,4,No,4,11,469,1611,29.112353,No
DALIBOR_FRANULIC_MUNOZ__ITATA,DALIBOR FRANULIC MUÑOZ,H,REGIÓN DE ÑUBLE,ITATA,I,CHILE VAMOS RENOVACION NACIONAL - INDEPENDIENTES,,RN,RENOVACION NACIONAL,104,1,Sí,4,11,2914,5327,54.702459,Sí
GABRIEL_ARRIAGADA_MORAGA__ITATA,GABRIEL ARRIAGADA MORAGA,H,REGIÓN DE ÑUBLE,ITATA,I,CHILE VAMOS RENOVACION NACIONAL - INDEPENDIENTES,,RN,RENOVACION NACIONAL,105,2,No,4,11,401,5327,7.527689,No
SERGIO_INOSTROZA_ESPINOZA__ITATA,SERGIO INOSTROZA ESPINOZA,H,REGIÓN DE ÑUBLE,ITATA,I,CHILE VAMOS RENOVACION NACIONAL - INDEPENDIENTES,,RN,RENOVACION NACIONAL,106,3,No,4,11,1178,5327,22.11376,No
FERNANDO_VARGAS_SANDOVAL__ITATA,FERNANDO VARGAS SANDOVAL,H,REGIÓN DE ÑUBLE,ITATA,I,CHILE VAMOS RENOVACION NACIONAL - INDEPENDIENTES,,IND,INDEPENDIENTES,107,4,No,4,11,834,5327,15.656092,No
JUAN_EDUARDO_RIQUELME_VENEGAS__ITATA,JUAN EDUARDO RIQUELME VENEGAS,H,REGIÓN DE ÑUBLE,ITATA,L,TU REGION RADICAL,,PR,PARTIDO RADICAL DE CHILE,108,1,Sí,2,11,3761,8013,46.936229,No
WILSON_MARCELO_PONCE_HERNANDEZ__ITATA,WILSON MARCELO PONCE HERNANDEZ,H,REGIÓN DE ÑUBLE,ITATA,L,TU REGION RADICAL,,IND,INDEPENDIENTES,109,2,No,2,11,4252,8013,53.063771,Sí
JUAN_SALVADOR_RAMIREZ_NOVA__ITATA,JUAN SALVADOR RAMIREZ NOVA,H,REGIÓN DE ÑUBLE,ITATA,M,REGIONES VERDES LIBERALES,,FREVS,FEDERACION REGIONALISTA VERDE SOCIAL,110,1,Sí,3,11,3593,4098,87.676916,No
RODRIGO_ALFREDO_MUNOZ_TRONCOSO__ITATA,RODRIGO ALFREDO MUÑOZ TRONCOSO,H,REGIÓN DE ÑUBLE,ITATA,M,REGIONES VERDES LIBERALES,,FREVS,FEDERACION REGIONALISTA VERDE SOCIAL,111,2,No,3,11,219,4098,5.34407,No
MANUEL_DANILO_PINTO_QUEZADA__ITATA,MANUEL DANILO PINTO QUEZADA,H,REGIÓN DE ÑUBLE,ITATA,M,REGIONES VERDES LIBERALES,,IND,INDEPENDIENTES,112,3,No,3,11,286,4098,6.979014,No
BRIGIDA_ESCALONA_GONZALEZ__ITATA,BRIGIDA ESCALONA GONZALEZ,M,REGIÓN DE ÑUBLE,ITATA,N,LO MEJOR PARA CHILE,PS E INDEPENDIENTES,PS,PARTIDO SOCIALISTA DE CHILE,113,1,Sí,4,11,1226,3834,31.977047,No
YENNY_ARAVENA_IBARRA__ITATA,YENNY ARAVENA IBARRA,M,REGIÓN DE ÑUBLE,ITATA,N,LO MEJOR PARA CHILE,PS E INDEPENDIENTES,IND,INDEPENDIENTES,114,2,No,4,11,1688,3834,44.027126,No
CAROL_DAYANA_SAAVEDRA_SAAVEDRA__ITATA,CAROL DAYANA SAAVEDRA SAAVEDRA,M,REGIÓN DE ÑUBLE,ITATA,N,LO MEJOR PARA CHILE,PPD E INDEPENDIENTES,IND,INDEPENDIENTES,115,3,No,4,11,688,3834,17.944705,No
MARIA_DE_LAS_MERCEDES_AGUILERA_CERNA__ITATA,MARIA DE LAS MERCEDES AGUILERA CERNA,M,REGIÓN DE ÑUBLE,ITATA,N,LO MEJOR PARA CHILE,PPD E INDEPENDIENTES,IND,INDEPENDIENTES,116,4,No,4,11,232,3834,6.051122,No
VERONICA_CARMEN_LAGOS_OJEDA__ITATA,VERONICA CARMEN LAGOS OJEDA,M,REGIÓN DE ÑUBLE,ITATA,P,PARTIDO DE LA GENTE E INDEPENDIENTES,,PDG,PARTIDO DE LA GENTE,117,1,Sí,2,11,788,1124,70.106762,No
CHRISTIAN_ALBERTO_ASTUDILLO_MUNOZ__ITATA,CHRISTIAN ALBERTO ASTUDILLO MUÑOZ,H,REGIÓN DE ÑUBLE,ITATA,P,PARTIDO DE LA GENTE E INDEPENDIENTES,,PDG,PARTIDO DE LA GENTE,118,2,No,2,11,336,1124,29.893238,No
ITER_ALEJANDRO_STUARDO_MALVERDE__ITATA,ITER ALEJANDRO STUARDO MALVERDE,H,REGIÓN DE ÑUBLE,ITATA,Q,POR UN CHILE MEJOR,,IND,INDEPENDIENTES,119,1,Sí,4,11,5544,8711,63.643669,Sí
JUAN_ANTONIO_CID_FUENTES__ITATA,JUAN ANTONIO CID FUENTES,H,REGIÓN DE ÑUBLE,ITATA,Q,POR UN CHILE MEJOR,,IND,INDEPENDIENTES,120,2,No,4,11,1164,8711,13.362415,No
HECTOR_ROMUALDO_ROJAS_RAMIREZ__ITATA,HECTOR ROMUALDO ROJAS RAMIREZ,H,REGIÓN DE ÑUBLE,ITATA,Q,POR UN CHILE MEJOR,,IND,INDEPENDIENTES,121,3,No,4,11,1054,8711,12.099644,No
OSVALDO_ANTONIO_CARO_CARO__ITATA,OSVALDO ANTONIO CARO CARO,H,REGIÓN DE ÑUBLE,ITATA,Q,POR UN CHILE MEJOR,,IND,INDEPENDIENTES,122,4,No,4,11,949,8711,10.894272,No
MARIO_RODOLFO_QUEZADA_ACUNA__ITATA,MARIO RODOLFO QUEZADA ACUÑA,H,REGIÓN DE ÑUBLE,ITATA,R,CENTRO DEMOCRATICO,AMARILLOS E INDEPENDIENTES,AMARILLOS,MOVIMIENTO AMARILLOS POR CHILE,123,1,Sí,2,11,442,637,69.387755,No
CHERYL_LEFNO_CARRILLO__ITATA,CHERYL LEFNO CARRILLO,M,REGIÓN DE ÑUBLE,ITATA,R,CENTRO DEMOCRATICO,AMARILLOS E INDEPENDIENTES,AMARILLOS,MOVIMIENTO AMARILLOS POR CHILE,124,2,No,2,11,195,637,30.612245,No
CARLOS_HUMBERTO_GARRIDO_CARCAMO__ITATA,CARLOS HUMBERTO GARRIDO CARCAMO,H,REGIÓN DE ÑUBLE,ITATA,V,CHILE VAMOS UDI - INDEPENDIENTES,,UDI,UNION DEMOCRATA INDEPENDIENTE,125,1,Sí,2,11,2928,4826,60.671363,Sí
RAUL_ANDRADE_VERA__ITATA,RAUL ANDRADE VERA,H,REGIÓN DE ÑUBLE,ITATA,V,CHILE VAMOS UDI - INDEPENDIENTES,,IND,INDEPENDIENTES,126,2,No,2,11,1898,4826,39.328637,No
CAROLINA_ALEJANDRA_GOMEZ_CACERES__ITATA,CAROLINA ALEJANDRA GOMEZ CACERES,M,REGIÓN DE ÑUBLE,ITATA,W,CHILE VAMOS EVOPOLI - INDEPENDIENTES,,EVOPOLI,EVOLUCION POLITICA,127,1,Sí,1,11,1563,1563,100.0,No
PABLO_RAMIRO_GONZALEZ_FIGUEROA__ITATA,PABLO RAMIRO GONZALEZ FIGUEROA,H,REGIÓN DE ÑUBLE,ITATA,Y,REPUBLICANOS E INDEPENDIENTES,,REPUBLICANO,PARTIDO REPUBLICANO DE CHILE,128,1,Sí,3,11,1220,1897,64.312072,No
JOSE_LUIS_SAAVEDRA_GATICA__ITATA,JOSE LUIS SAAVEDRA GATICA,H,REGIÓN DE ÑUBLE,ITATA,Y,REPUBLICANOS E INDEPENDIENTES,,REPUBLICANO,PARTIDO REPUBLICANO DE CHILE,129,2,No,3,11,378,1897,19.926199,No
DASNA_DEL_PILAR_ROMERO_MUNIZAGA__ITATA,DASNA DEL PILAR ROMERO MUNIZAGA,M,REGIÓN DE ÑUBLE,ITATA,Y,REPUBLICANOS E INDEPENDIENTES,,REPUBLICANO,PARTIDO REPUBLICANO DE CHILE,130,3,No,3,11,299,1897,15.761729,No
ALEJANDRO_CESAR_ACUNA_PULGAR__PUNILLA,ALEJANDRO CESAR ACUÑA PULGAR,H,REGIÓN DE ÑUBLE,PUNILLA,C,TODAS Y TODOS POR CHILE,PARTIDO COMUNISTA E INDEPENDIENTES,PCCH,PARTIDO COMUNISTA DE CHILE,100,1,Sí,3,9,1825,3695,49.391069,No
GABRIELA_ELIANA_LAZCANO_CANDIA__PUNILLA,GABRIELA ELIANA LAZCANO CANDIA,M,REGIÓN DE ÑUBLE,PUNILLA,C,TODAS Y TODOS POR CHILE,PARTIDO COMUNISTA E INDEPENDIENTES,PCCH,PARTIDO COMUNISTA DE CHILE,101,2,No,3,9,1161,3695,31.420839,No
PEDRO_ANTONIO_FLORES_LAGOS__PUNILLA,PEDRO ANTONIO FLORES LAGOS,H,REGIÓN DE ÑUBLE,PUNILLA,C,TODAS Y TODOS POR CHILE,PARTIDO COMUNISTA E INDEPENDIENTES,PCCH,PARTIDO COMUNISTA DE CHILE,102,3,No,3,9,709,3695,19.188092,No
YENIFFER_FERRADA_CANTO__PUNILLA,YENIFFER FERRADA CANTO,M,REGIÓN DE ÑUBLE,PUNILLA,I,CHILE VAMOS RENOVACION NACIONAL - INDEPENDIENTES,,RN,RENOVACION NACIONAL,103,1,Sí,3,9,4751,15895,29.889902,No
SERGIO_RUIZ_AEDO__PUNILLA,SERGIO RUIZ AEDO,H,REGIÓN DE ÑUBLE,PUNILLA,I,CHILE VAMOS RENOVACION NACIONAL - INDEPENDIENTES,,IND,INDEPENDIENTES,104,2,No,3,9,5612,15895,35.3067,Sí
LAURA_POZO_MONAR__PUNILLA,LAURA POZO MONAR,M,REGIÓN DE ÑUBLE,PUNILLA,I,CHILE VAMOS RENOVACION NACIONAL - INDEPENDIENTES,,IND,INDEPENDIENTES,105,3,No,3,9,5532,15895,34.803397,No
JAIME_ANDRES_BUSTOS_MENDEZ__PUNILLA,JAIME ANDRES BUSTOS MENDEZ,H,REGIÓN DE ÑUBLE,PUNILLA,L,TU REGION RADICAL,,PR,PARTIDO RADICAL DE CHILE,106,1,Sí,3,9,2022,10423,19.399405,No
ARNOLDO_MANUEL_JIMENEZ_VENEGAS__PUNILLA,ARNOLDO MANUEL JIMENEZ VENEGAS,H,REGIÓN DE ÑUBLE,PUNILLA,L,TU REGION RADICAL,,IND,INDEPENDIENTES,107,2,No,3,9,7538,10423,72.320829,Sí
CRISTIAN_ORLANDO_VILLA_ROA__PUNILLA,CRISTIAN ORLANDO VILLA ROA,H,REGIÓN DE ÑUBLE,PUNILLA,L,TU REGION RADICAL,,IND,INDEPENDIENTES,108,3,No,3,9,863,10423,8.279766,No
JOSE_LEONIDAS_FERNANDEZ_MUNOZ__PUNILLA,JOSE LEONIDAS FERNANDEZ MUÑOZ,H,REGIÓN DE ÑUBLE,PUNILLA,M,REGIONES VERDES LIBERALES,,IND,INDEPENDIENTES,109,1,Sí,2,9,1511,3466,43.594922,No
LORENA_RAQUEL_SAN_MARTIN_NAVARRO__PUNILLA,LORENA RAQUEL SAN MARTIN NAVARRO,M,REGIÓN DE ÑUBLE,PUNILLA,M,REGIONES VERDES LIBERALES,,IND,INDEPENDIENTES,110,2,No,2,9,1955,3466,56.405078,No
ROSENDO_GUERRA_CISTERNA__PUNILLA,ROSENDO GUERRA CISTERNA,H,REGIÓN DE ÑUBLE,PUNILLA,N,LO MEJOR PARA CHILE,PS E INDEPENDIENTES,PS,PARTIDO SOCIALISTA DE CHILE,111,1,Sí,4,9,3624,9717,37.295462,No
PABLO_JIMENEZ_ACUNA__PUNILLA,PABLO JIMENEZ ACUÑA,H,REGIÓN DE ÑUBLE,PUNILLA,N,LO MEJOR PARA CHILE,PS E INDEPENDIENTES,PS,PARTIDO SOCIALISTA DE CHILE,112,2,No,4,9,3896,9717,40.094679,Sí
FERNANDO_CORREA_PEREZ__PUNILLA,FERNANDO CORREA PEREZ,H,REGIÓN DE ÑUBLE,PUNILLA,N,LO MEJOR PARA CHILE,PS E INDEPENDIENTES,PS,PARTIDO SOCIALISTA DE CHILE,113,3,No,4,9,674,9717,6.936297,No
NELSON_JULIAN_MIRANDA_GOMEZ__PUNILLA,NELSON JULIAN MIRANDA GOMEZ,H,REGIÓN DE ÑUBLE,PUNILLA,N,LO MEJOR PARA CHILE,PPD E INDEPENDIENTES,IND,INDEPENDIENTES,114,4,No,4,9,1523,9717,15.673562,No
RAFAEL_ZACARIAS_RAMIREZ_YANEZ__PUNILLA,RAFAEL ZACARIAS RAMIREZ YAÑEZ,H,REGIÓN DE ÑUBLE,PUNILLA,R,CENTRO DEMOCRATICO,DEMOCRATAS E INDEPENDIENTES,IND,INDEPENDIENTES,115,1,Sí,2,9,3553,4830,73.561077,No
MANUEL_ANTONIO_MERCADO_SOTO__PUNILLA,MANUEL ANTONIO MERCADO SOTO,H,REGIÓN DE ÑUBLE,PUNILLA,R,CENTRO DEMOCRATICO,AMARILLOS E INDEPENDIENTES,IND,INDEPENDIENTES,116,2,No,2,9,1277,4830,26.438923,No
LORENA_JARDUA_CAMPOS__PUNILLA,LORENA JARDUA CAMPOS,M,REGIÓN DE ÑUBLE,PUNILLA,V,CHILE VAMOS UDI - INDEPENDIENTES,,UDI,UNION DEMOCRATA INDEPENDIENTE,117,1,Sí,3,9,8827,13100,67.381679,Sí
PIA_CAMILA_SANDOVAL_MANOSALVA__PUNILLA,PIA CAMILA SANDOVAL MANOSALVA,M,REGIÓN DE ÑUBLE,PUNILLA,V,CHILE VAMOS UDI - INDEPENDIENTES,,UDI,UNION DEMOCRATA INDEPENDIENTE,118,2,No,3,9,2079,13100,15.870229,No
JACK_OVIDIO_BEHAR_SARAVIA__PUNILLA,JACK OVIDIO BEHAR SARAVIA,H,REGIÓN DE ÑUBLE,PUNILLA,V,CHILE VAMOS UDI - INDEPENDIENTES,,IND,INDEPENDIENTES,119,3,No,3,9,2194,13100,16.748092,No
CARLOS_NELSON_MORANDE_GONZALEZ__PUNILLA,CARLOS NELSON MORANDE GONZALEZ,H,REGIÓN DE ÑUBLE,PUNILLA,W,CHILE VAMOS EVOPOLI - INDEPENDIENTES,,EVOPOLI,EVOLUCION POLITICA,120,1,Sí,1,9,2586,2586,100.0,No
JUAN_LUIS_ENRIQUEZ_FUENTES__PUNILLA,JUAN LUIS ENRIQUEZ FUENTES,H,REGIÓN DE ÑUBLE,PUNILLA,Y,REPUBLICANOS E INDEPENDIENTES,,REPUBLICANO,PARTIDO REPUBLICANO DE CHILE,121,1,Sí,4,9,4764,9175,51.923706,No
LILIAN_DE_LAS_MERCEDES_DINAMARCA_MUNOZ__PUNILLA,LILIAN DE LAS MERCEDES DINAMARCA MUÑOZ,M,REGIÓN DE ÑUBLE,PUNILLA,Y,REPUBLICANOS E INDEPENDIENTES,,REPUBLICANO,PARTIDO REPUBLICANO DE CHILE,122,2,No,4,9,1862,9175,20.294278,No
ABRAHAM_MANUEL_GONZALEZ_OLAVE__PUNILLA,ABRAHAM MANUEL GONZALEZ OLAVE,H,REGIÓN DE ÑUBLE,PUNILLA,Y,REPUBLICANOS E INDEPENDIENTES,,REPUBLICANO,PARTIDO REPUBLICANO DE CHILE,123,3,No,4,9,977,9175,10.648501,No
JOSE_ANTONIO_VIDELA_PONCE__PUNILLA,JOSE ANTONIO VIDELA PONCE,H,REGIÓN DE ÑUBLE,PUNILLA,Y,REPUBLICANOS E INDEPENDIENTES,,REPUBLICANO,PARTIDO REPUBLICANO DE CHILE,124,4,No,4,9,1572,9175,17.133515,No
LEONIDAS_PENA_HENRIQUEZ__ARAUCO,LEONIDAS PEÑA HENRIQUEZ,H,REGIÓN DEL BIOBÍO,ARAUCO,C,TODAS Y TODOS POR CHILE,PARTIDO COMUNISTA E INDEPENDIENTES,PCCH,PARTIDO COMUNISTA DE CHILE,100,1,Sí,1,12,16657,16657,100.0,Sí
GABRIEL_GUERRERO_RIFO__ARAUCO,GABRIEL GUERRERO RIFO,H,REGIÓN DEL BIOBÍO,ARAUCO,F,PARTIDO SOCIAL CRISTIANO E INDEPENDIENTES,,PSC,PARTIDO SOCIAL CRISTIANO,101,1,Sí,4,12,2605,7439,35.018148,No
GERARDO_ANCALEO_LEPILLAN__ARAUCO,GERARDO ANCALEO LEPILLAN,H,REGIÓN DEL BIOBÍO,ARAUCO,F,PARTIDO SOCIAL CRISTIANO E INDEPENDIENTES,,IND,INDEPENDIENTES,102,2,No,4,12,1075,7439,14.450867,No
FABIOLA_ORELLANA_JEREZ__ARAUCO,FABIOLA ORELLANA JEREZ,M,REGIÓN DEL BIOBÍO,ARAUCO,F,PARTIDO SOCIAL CRISTIANO E INDEPENDIENTES,,IND,INDEPENDIENTES,103,3,No,4,12,1110,7439,14.92136,No
ANA_PAOLA_HORMAZABAL_NAVARRETE__ARAUCO,ANA PAOLA HORMAZABAL NAVARRETE,M,REGIÓN DEL BIOBÍO,ARAUCO,F,PARTIDO SOCIAL CRISTIANO E INDEPENDIENTES,,IND,INDEPENDIENTES,104,4,No,4,12,2649,7439,35.609625,No
CHRISTOPHER_GENGNAGEL_CARRASCO__ARAUCO,CHRISTOPHER GENGNAGEL CARRASCO,H,REGIÓN DEL BIOBÍO,ARAUCO,I,CHILE VAMOS RENOVACION NACIONAL - INDEPENDIENTES,,RN,RENOVACION NACIONAL,105,1,Sí,4,12,8143,14030,58.039914,Sí
JUAN_PABLO_MOLINA_LEPILLAN__ARAUCO,JUAN PABLO MOLINA LEPILLAN,H,REGIÓN DEL BIOBÍO,ARAUCO,I,CHILE VAMOS RENOVACION NACIONAL - INDEPENDIENTES,,RN,RENOVACION NACIONAL,106,2,No,4,12,2822,14030,20.114041,No
JUAN_PABLO_ARIAS_RUEDI__ARAUCO,JUAN PABLO ARIAS RUEDI,H,REGIÓN DEL BIOBÍO,ARAUCO,I,CHILE VAMOS RENOVACION NACIONAL - INDEPENDIENTES,,RN,RENOVACION NACIONAL,107,3,No,4,12,1092,14030,7.783321,No
CYNTIA_CRUZ_FIGUEROA__ARAUCO,CYNTIA CRUZ FIGUEROA,M,REGIÓN DEL BIOBÍO,ARAUCO,I,CHILE VAMOS RENOVACION NACIONAL - INDEPENDIENTES,,RN,RENOVACION NACIONAL,108,4,No,4,12,1973,14030,14.062723,No
CLAUDIO_JAVIER_PAMPALONI_ALTAMIRANO__ARAUCO,CLAUDIO JAVIER PAMPALONI ALTAMIRANO,H,REGIÓN DEL BIOBÍO,ARAUCO,L,TU REGION RADICAL,,IND,INDEPENDIENTES,109,1,Sí,1,12,3392,3392,100.0,No
MONICA_ELISABET_CARRILLO_JEREZ__ARAUCO,MONICA ELISABET CARRILLO JEREZ,M,REGIÓN DEL BIOBÍO,ARAUCO,M,REGIONES VERDES LIBERALES,,FREVS,FEDERACION REGIONALISTA VERDE SOCIAL,110,1,Sí,2,12,2444,3788,64.519535,No
LUIS_ESTEBAN_ISLAS_COFRE__ARAUCO,LUIS ESTEBAN ISLAS COFRE,H,REGIÓN DEL BIOBÍO,ARAUCO,M,REGIONES VERDES LIBERALES,,FREVS,FEDERACION REGIONALISTA VERDE SOCIAL,111,2,No,2,12,1344,3788,35.480465,No
HECTOR_HUGO_RAMIREZ_ALVEAL__ARAUCO,HECTOR HUGO RAMIREZ ALVEAL,H,REGIÓN DEL BIOBÍO,ARAUCO,N,LO MEJOR PARA CHILE,PS E INDEPENDIENTES,PS,PARTIDO SOCIALISTA DE CHILE,112,1,Sí,2,12,2976,6685,44.517577,No
GABRIEL_MACHEO_HORMAZABAL__ARAUCO,GABRIEL MACHEO HORMAZABAL,H,REGIÓN DEL BIOBÍO,ARAUCO,N,LO MEJOR PARA CHILE,PS E INDEPENDIENTES,IND,INDEPENDIENTES,113,2,No,2,12,3709,6685,55.482423,No
EDUARDO_ANTONIO_DOTE_BRAVO__ARAUCO,EDUARDO ANTONIO DOTE BRAVO,H,REGIÓN DEL BIOBÍO,ARAUCO,P,PARTIDO DE LA GENTE E INDEPENDIENTES,,PDG,PARTIDO DE LA GENTE,114,1,Sí,1,12,3521,3521,100.0,No
MANUEL_VIDAL_YEVILAO__ARAUCO,MANUEL VIDAL YEVILAO,H,REGIÓN DEL BIOBÍO,ARAUCO,Q,POR UN CHILE MEJOR,,PDC,PARTIDO DEMOCRATA CRISTIANO,115,1,Sí,1,12,4884,4884,100.0,No
BRENDA_VIGUERAS_MATAMALA__ARAUCO,BRENDA VIGUERAS MATAMALA,M,REGIÓN DEL BIOBÍO,ARAUCO,R,CENTRO DEMOCRATICO,DEMOCRATAS E INDEPENDIENTES,DEMOCRATAS,PARTIDO DEMOCRATAS CHILE,116,1,Sí,4,12,3407,6326,53.857098,No
MONICA_GAYOSO_SALGADO__ARAUCO,MONICA GAYOSO SALGADO,M,REGIÓN DEL BIOBÍO,ARAUCO,R,CENTRO DEMOCRATICO,DEMOCRATAS E INDEPENDIENTES,IND,INDEPENDIENTES,117,2,No,4,12,1301,6326,20.565918,No
PATRICIO_EDUARDO_MIRANDA_ORMENO__ARAUCO,PATRICIO EDUARDO MIRANDA ORMEÑO,H,REGIÓN DEL BIOBÍO,ARAUCO,R,CENTRO DEMOCRATICO,AMARILLOS E INDEPENDIENTES,IND,INDEPENDIENTES,118,3,No,4,12,606,6326,9.579513,No
CLAUDIA_ANDREA_GODOY_MONTERO__ARAUCO,CLAUDIA ANDREA GODOY MONTERO,M,REGIÓN DEL BIOBÍO,ARAUCO,R,CENTRO DEMOCRATICO,AMARILLOS E INDEPENDIENTES,IND,INDEPENDIENTES,119,4,No,4,12,1012,6326,15.997471,No
ALVARO_ALONSO_ALARCON_JEREZ__ARAUCO,ALVARO ALONSO ALARCON JEREZ,H,REGIÓN DEL BIOBÍO,ARAUCO,S,FRENTE AMPLIO,FRENTE AMPLIO E INDEPENDIENTES,IND,INDEPENDIENTES,120,1,Sí,2,12,3628,4910,73.89002,No
MANUEL_ZENON_DANILO_SOBARZO_GARCIA__ARAUCO,MANUEL ZENON DANILO SOBARZO GARCIA,H,REGIÓN DEL BIOBÍO,ARAUCO,S,FRENTE AMPLIO,FRENTE AMPLIO E INDEPENDIENTES,IND,INDEPENDIENTES,121,2,No,2,12,1282,4910,26.10998,No
CRISTIAN_GENGNAGEL_NAVARRO__ARAUCO,CRISTIAN GENGNAGEL NAVARRO,H,REGIÓN DEL BIOBÍO,ARAUCO,V,CHILE VAMOS UDI - INDEPENDIENTES,,UDI,UNION DEMOCRATA INDEPENDIENTE,122,1,Sí,4,12,6767,18816,35.964073,No
SILVANA_TORRES_CASTRO__ARAUCO,SILVANA TORRES CASTRO,M,REGIÓN DEL BIOBÍO,ARAUCO,V,CHILE VAMOS UDI - INDEPENDIENTES,,IND,INDEPENDIENTES,123,2,No,4,12,1500,18816,7.971939,No
PEDRO_MOLINA_MIRANDA__ARAUCO,PEDRO MOLINA MIRANDA,H,REGIÓN DEL BIOBÍO,ARAUCO,V,CHILE VAMOS UDI - INDEPENDIENTES,,IND,INDEPENDIENTES,124,3,No,4,12,952,18816,5.059524,No
CRISTIAN_MEDINA_CEA__ARAUCO,CRISTIAN MEDINA CEA,H,REGIÓN DEL BIOBÍO,ARAUCO,V,CHILE VAMOS UDI - INDEPENDIENTES,,IND,INDEPENDIENTES,125,4,No,4,12,9597,18816,51.004464,Sí
ANGELO_MAURICIO_MILLAMAN_LOPEZ__ARAUCO,ANGELO MAURICIO MILLAMAN LOPEZ,H,REGIÓN DEL BIOBÍO,ARAUCO,Y,REPUBLICANOS E INDEPENDIENTES,,REPUBLICANO,PARTIDO REPUBLICANO DE CHILE,126,1,Sí,4,12,5013,13293,37.711578,Sí
ERIC_FERNANDO_JAVIER_GONZALEZ_CARRASCO__ARAUCO,ERIC FERNANDO JAVIER GONZALEZ CARRASCO,H,REGIÓN DEL BIOBÍO,ARAUCO,Y,REPUBLICANOS E INDEPENDIENTES,,REPUBLICANO,PARTIDO REPUBLICANO DE CHILE,127,2,No,4,12,3572,13293,26.871286,No
FRANCISCO_ALEJANDRO_YANEZ_BENAVENTE__ARAUCO,FRANCISCO ALEJANDRO YAÑEZ BENAVENTE,H,REGIÓN DEL BIOBÍO,ARAUCO,Y,REPUBLICANOS E INDEPENDIENTES,,IND,INDEPENDIENTES,128,3,No,4,12,1868,13293,14.052509,No
MARIA_JOSE_GAYOSO_TOLOZA__ARAUCO,MARIA JOSE GAYOSO TOLOZA,M,REGIÓN DEL BIOBÍO,ARAUCO,Y,REPUBLICANOS E INDEPENDIENTES,,IND,INDEPENDIENTES,129,4,No,4,12,2840,13293,21.364628,No
VILMA_MELLADO_CALDERON__BIOBIO,VILMA MELLADO CALDERON,M,REGIÓN DEL BIOBÍO,BIOBIO,B,IZQUIERDA ECOLOGISTA POPULAR,,IGUALDAD,IGUALDAD,100,1,Sí,3,13,3182,7504,42.404051,No
KATHERINE_ANDREA_ALVAREZ_OLAVE__BIOBIO,KATHERINE ANDREA ALVAREZ OLAVE,M,REGIÓN DEL BIOBÍO,BIOBIO,B,IZQUIERDA ECOLOGISTA POPULAR,,IGUALDAD,IGUALDAD,101,2,No,3,13,1765,7504,23.520789,No
CATHERIN_HERNANDEZ_CARIAGA__BIOBIO,CATHERIN HERNANDEZ CARIAGA,M,REGIÓN DEL BIOBÍO,BIOBIO,B,IZQUIERDA ECOLOGISTA POPULAR,,IND,INDEPENDIENTES,102,3,No,3,13,2557,7504,34.07516,No
NATALIA_ANDREA_BEQUER_MENA__BIOBIO,NATALIA ANDREA BEQUER MENA,M,REGIÓN DEL BIOBÍO,BIOBIO,C,TODAS Y TODOS POR CHILE,PARTIDO COMUNISTA E INDEPENDIENTES,PCCH,PARTIDO COMUNISTA DE CHILE,103,1,Sí,1,13,6477,6477,100.0,No
IVANIA_PAOLA_ROJAS_CASTILLO__BIOBIO,IVANIA PAOLA ROJAS CASTILLO,M,REGIÓN DEL BIOBÍO,BIOBIO,F,PARTIDO SOCIAL CRISTIANO E INDEPENDIENTES,,PSC,PARTIDO SOCIAL CRISTIANO,104,1,Sí,5,13,5609,12277,45.687057,No
KEVIN_CARDENAS_SANDOVAL__BIOBIO,KEVIN CARDENAS SANDOVAL,H,REGIÓN DEL BIOBÍO,BIOBIO,F,PARTIDO SOCIAL CRISTIANO E INDEPENDIENTES,,PSC,PARTIDO SOCIAL CRISTIANO,105,2,No,5,13,1013,12277,8.251201,No
JOSE_CASTILLO_GAETE__BIOBIO,JOSE CASTILLO GAETE,H,REGIÓN DEL BIOBÍO,BIOBIO,F,PARTIDO SOCIAL CRISTIANO E INDEPENDIENTES,,PSC,PARTIDO SOCIAL CRISTIANO,106,3,No,5,13,1532,12277,12.478619,No
ALEXIS_TORRES_ISLA__BIOBIO,ALEXIS TORRES ISLA,H,REGIÓN DEL BIOBÍO,BIOBIO,F,PARTIDO SOCIAL CRISTIANO E INDEPENDIENTES,,PSC,PARTIDO SOCIAL CRISTIANO,107,4,No,5,13,1292,12277,10.523744,No
MIGUEL_DURAN_GONZALEZ__BIOBIO,MIGUEL DURAN GONZALEZ,H,REGIÓN DEL BIOBÍO,BIOBIO,F,PARTIDO SOCIAL CRISTIANO E INDEPENDIENTES,,IND,INDEPENDIENTES,108,5,No,5,13,2831,12277,23.059379,No
IGNACIO_FICA_ESPINOZA__BIOBIO,IGNACIO FICA ESPINOZA,H,REGIÓN DEL BIOBÍO,BIOBIO,I,CHILE VAMOS RENOVACION NACIONAL - INDEPENDIENTES,,RN,RENOVACION NACIONAL,109,1,Sí,6,13,15633,32808,47.649963,Sí
EDGARD_SANDOVAL_JARA__BIOBIO,EDGARD SANDOVAL JARA,H,REGIÓN DEL BIOBÍO,BIOBIO,I,CHILE VAMOS RENOVACION NACIONAL - INDEPENDIENTES,,RN,RENOVACION NACIONAL,110,2,No,6,13,6166,32808,18.794197,No
JUAN_MIGUEL_BENAVENTE_NAVARRETE__BIOBIO,JUAN MIGUEL BENAVENTE NAVARRETE,H,REGIÓN DEL BIOBÍO,BIOBIO,I,CHILE VAMOS RENOVACION NACIONAL - INDEPENDIENTES,,RN,RENOVACION NACIONAL,111,3,No,6,13,1473,32808,4.489759,No
PAMELA_ANDREA_RAMOS_RIQUELME__BIOBIO,PAMELA ANDREA RAMOS RIQUELME,M,REGIÓN DEL BIOBÍO,BIOBIO,I,CHILE VAMOS RENOVACION NACIONAL - INDEPENDIENTES,,RN,RENOVACION NACIONAL,112,4,No,6,13,3531,32808,10.762619,No
GASTON_VILLAGRAN_AVARIA__BIOBIO,GASTON VILLAGRAN AVARIA,H,REGIÓN DEL BIOBÍO,BIOBIO,I,CHILE VAMOS RENOVACION NACIONAL - INDEPENDIENTES,,IND,INDEPENDIENTES,113,5,No,6,13,4642,32808,14.148988,No
PABLO_NICOLAS_SOUPER_ABURTO__BIOBIO,PABLO NICOLAS SOUPER ABURTO,H,REGIÓN DEL BIOBÍO,BIOBIO,I,CHILE VAMOS RENOVACION NACIONAL - INDEPENDIENTES,,IND,INDEPENDIENTES,114,6,No,6,13,1363,32808,4.154475,No
DIEGO_ARNOLDO_LEAL_SEPULVEDA__BIOBIO,DIEGO ARNOLDO LEAL SEPULVEDA,H,REGIÓN DEL BIOBÍO,BIOBIO,L,TU REGION RADICAL,,PR,PARTIDO RADICAL DE CHILE,115,1,Sí,6,13,2663,19253,13.831611,No
DAPHNE_NAYARET_PRISCILA_HERNANDEZ_RIVAS__BIOBIO,DAPHNE NAYARET PRISCILA HERNANDEZ RIVAS,M,REGIÓN DEL BIOBÍO,BIOBIO,L,TU REGION RADICAL,,PR,PARTIDO RADICAL DE CHILE,116,2,No,6,13,1344,19253,6.98073,No
JUAN_ESTEBAN_ORTEGA_RODRIGUEZ__BIOBIO,JUAN ESTEBAN ORTEGA RODRIGUEZ,H,REGIÓN DEL BIOBÍO,BIOBIO,L,TU REGION RADICAL,,PR,PARTIDO RADICAL DE CHILE,117,3,No,6,13,1102,19253,5.723783,No
JUAN_CARLOS_MEDINA_MARTINEZ__BIOBIO,JUAN CARLOS MEDINA MARTINEZ,H,REGIÓN DEL BIOBÍO,BIOBIO,L,TU REGION RADICAL,,IND,INDEPENDIENTES,118,4,No,6,13,7271,19253,37.765543,Sí
HECTOR_FELIPE_RUBILAR_PEREZ__BIOBIO,HECTOR FELIPE RUBILAR PEREZ,H,REGIÓN DEL BIOBÍO,BIOBIO,L,TU REGION RADICAL,,IND,INDEPENDIENTES,119,5,No,6,13,5228,19253,27.15421,No
KARINA_EMILIA_CABRERA_VALDEBENITO__BIOBIO,KARINA EMILIA CABRERA VALDEBENITO,M,REGIÓN DEL BIOBÍO,BIOBIO,L,TU REGION RADICAL,,IND,INDEPENDIENTES,120,6,No,6,13,1645,19253,8.544123,No
JAVIER_FUCHSLOCHER_BAEZA__BIOBIO,JAVIER FUCHSLOCHER BAEZA,H,REGIÓN DEL BIOBÍO,BIOBIO,N,LO MEJOR PARA CHILE,PS E INDEPENDIENTES,PS,PARTIDO SOCIALISTA DE CHILE,121,1,Sí,5,13,5555,24060,23.088113,No
ANGELICA_GODOY_SALGADO__BIOBIO,ANGELICA GODOY SALGADO,M,REGIÓN DEL BIOBÍO,BIOBIO,N,LO MEJOR PARA CHILE,PS E INDEPENDIENTES,PS,PARTIDO SOCIALISTA DE CHILE,122,2,No,5,13,2420,24060,10.058188,No
ROBERTS_CORDOVA_BUSTOS__BIOBIO,ROBERTS CORDOVA BUSTOS,H,REGIÓN DEL BIOBÍO,BIOBIO,N,LO MEJOR PARA CHILE,PS E INDEPENDIENTES,IND,INDEPENDIENTES,123,3,No,5,13,8928,24060,37.107232,Sí
LUIS_EUGENIO_MEDEL_FIGUEROA__BIOBIO,LUIS EUGENIO MEDEL FIGUEROA,H,REGIÓN DEL BIOBÍO,BIOBIO,N,LO MEJOR PARA CHILE,PPD E INDEPENDIENTES,PPD,PARTIDO POR LA DEMOCRACIA,124,4,No,5,13,5082,24060,21.122195,No
JAIME_ENRIQUE_FIGUEROA_VALDEBENITO__BIOBIO,JAIME ENRIQUE FIGUEROA VALDEBENITO,H,REGIÓN DEL BIOBÍO,BIOBIO,N,LO MEJOR PARA CHILE,PPD E INDEPENDIENTES,IND,INDEPENDIENTES,125,5,No,5,13,2075,24060,8.624273,No
LILIAN_ALEJANDRA_BETANCURT_DELGADO__BIOBIO,LILIAN ALEJANDRA BETANCURT DELGADO,M,REGIÓN DEL BIOBÍO,BIOBIO,P,PARTIDO DE LA GENTE E INDEPENDIENTES,,PDG,PARTIDO DE LA GENTE,126,1,Sí,1,13,9783,9783,100.0,No
JUAN_CARLOS_ANDRES_VILLANUEVA_CABAS__BIOBIO,JUAN CARLOS ANDRES VILLANUEVA CABAS,H,REGIÓN DEL BIOBÍO,BIOBIO,Q,POR UN CHILE MEJOR,,PDC,PARTIDO DEMOCRATA CRISTIANO,127,1,Sí,6,13,9133,27660,33.0188,Sí
FRANCISCO_JAVIER_FLORES_LEON__BIOBIO,FRANCISCO JAVIER FLORES LEON,H,REGIÓN DEL BIOBÍO,BIOBIO,Q,POR UN CHILE MEJOR,,PDC,PARTIDO DEMOCRATA CRISTIANO,128,2,No,6,13,4930,27660,17.823572,No
MARCO_ANDRES_FIGUEROA_CUEVAS__BIOBIO,MARCO ANDRES FIGUEROA CUEVAS,H,REGIÓN DEL BIOBÍO,BIOBIO,Q,POR UN CHILE MEJOR,,PDC,PARTIDO DEMOCRATA CRISTIANO,129,3,No,6,13,2217,27660,8.015184,No
JORGE_EDUARDO_ARANEDA_NAVARRO__BIOBIO,JORGE EDUARDO ARANEDA NAVARRO,H,REGIÓN DEL BIOBÍO,BIOBIO,Q,POR UN CHILE MEJOR,,PDC,PARTIDO DEMOCRATA CRISTIANO,130,4,No,6,13,1959,27660,7.08243,No
WALDEMAR_ANTONIO_AGUILERA_LAVIN__BIOBIO,WALDEMAR ANTONIO AGUILERA LAVIN,H,REGIÓN DEL BIOBÍO,BIOBIO,Q,POR UN CHILE MEJOR,,PDC,PARTIDO DEMOCRATA CRISTIANO,131,5,No,6,13,2178,27660,7.874187,No
ITALO_GALLEGOS_PULIDO__BIOBIO,ITALO GALLEGOS PULIDO,H,REGIÓN DEL BIOBÍO,BIOBIO,Q,POR UN CHILE MEJOR,,IND,INDEPENDIENTES,132,6,No,6,13,7243,27660,26.185828,No
CRISTIAN_CONCHA_ZAPATA__BIOBIO,CRISTIAN CONCHA ZAPATA,H,REGIÓN DEL BIOBÍO,BIOBIO,R,CENTRO DEMOCRATICO,DEMOCRATAS E INDEPENDIENTES,DEMOCRATAS,PARTIDO DEMOCRATAS CHILE,133,1,Sí,5,13,4440,14000,31.714286,No
MAURICIO_RODRIGO_RIOS_LAVADO__BIOBIO,MAURICIO RODRIGO RIOS LAVADO,H,REGIÓN DEL BIOBÍO,BIOBIO,R,CENTRO DEMOCRATICO,DEMOCRATAS E INDEPENDIENTES,DEMOCRATAS,PARTIDO DEMOCRATAS CHILE,134,2,No,5,13,2696,14000,19.257143,No
CLAUDIO_ANDRES_MATUS_SAAVEDRA__BIOBIO,CLAUDIO ANDRES MATUS SAAVEDRA,H,REGIÓN DEL BIOBÍO,BIOBIO,R,CENTRO DEMOCRATICO,DEMOCRATAS E INDEPENDIENTES,IND,INDEPENDIENTES,135,3,No,5,13,2408,14000,17.2,No
DANIELA_MICHAEL_PENA__BIOBIO,DANIELA MICHAEL PEÑA,M,REGIÓN DEL BIOBÍO,BIOBIO,R,CENTRO DEMOCRATICO,DEMOCRATAS E INDEPENDIENTES,IND,INDEPENDIENTES,136,4,No,5,13,2053,14000,14.664286,No
JAVIER_AMADO_ORDENES_RODRIGUEZ__BIOBIO,JAVIER AMADO ORDENES RODRIGUEZ,H,REGIÓN DEL BIOBÍO,BIOBIO,R,CENTRO DEMOCRATICO,AMARILLOS E INDEPENDIENTES,IND,INDEPENDIENTES,137,5,No,5,13,2403,14000,17.164286,No
ALEJANDRA_ANDREA_MUNOZ_BRAVO__BIOBIO,ALEJANDRA ANDREA MUÑOZ BRAVO,M,REGIÓN DEL BIOBÍO,BIOBIO,S,FRENTE AMPLIO,FRENTE AMPLIO E INDEPENDIENTES,FA,FRENTE AMPLIO,138,1,Sí,4,13,4099,11488,35.68071,No
GERMAN_ANTONIO_SEPULVEDA_MELLADO__BIOBIO,GERMAN ANTONIO SEPULVEDA MELLADO,H,REGIÓN DEL BIOBÍO,BIOBIO,S,FRENTE AMPLIO,FRENTE AMPLIO E INDEPENDIENTES,FA,FRENTE AMPLIO,139,2,No,4,13,1591,11488,13.849234,No
ANDREA_NICOLE_ACUNA_MUNOZ__BIOBIO,ANDREA NICOLE ACUÑA MUÑOZ,M,REGIÓN DEL BIOBÍO,BIOBIO,S,FRENTE AMPLIO,FRENTE AMPLIO E INDEPENDIENTES,FA,FRENTE AMPLIO,140,3,No,4,13,1756,11488,15.285515,No
OSCAR_DYLAN_ANDRADE_CRUZ__BIOBIO,OSCAR DYLAN ANDRADE CRUZ,H,REGIÓN DEL BIOBÍO,BIOBIO,S,FRENTE AMPLIO,FRENTE AMPLIO E INDEPENDIENTES,IND,INDEPENDIENTES,141,4,No,4,13,4042,11488,35.18454,No
ENRIQUE_KRAUSE_LOBOS__BIOBIO,ENRIQUE KRAUSE LOBOS,H,REGIÓN DEL BIOBÍO,BIOBIO,V,CHILE VAMOS UDI - INDEPENDIENTES,,UDI,UNION DEMOCRATA INDEPENDIENTE,142,1,Sí,6,13,15758,26028,60.542493,Sí
MIGUEL_PEZOA_REYES__BIOBIO,MIGUEL PEZOA REYES,H,REGIÓN DEL BIOBÍO,BIOBIO,V,CHILE VAMOS UDI - INDEPENDIENTES,,UDI,UNION DEMOCRATA INDEPENDIENTE,143,2,No,6,13,2421,26028,9.301521,No
PAMELA_ESCOBAR_QUEZADA__BIOBIO,PAMELA ESCOBAR QUEZADA,M,REGIÓN DEL BIOBÍO,BIOBIO,V,CHILE VAMOS UDI - INDEPENDIENTES,,UDI,UNION DEMOCRATA INDEPENDIENTE,144,3,No,6,13,2026,26028,7.783925,No
CLAUDIO_MERINO_BARRIENTOS__BIOBIO,CLAUDIO MERINO BARRIENTOS,H,REGIÓN DEL BIOBÍO,BIOBIO,V,CHILE VAMOS UDI - INDEPENDIENTES,,UDI,UNION DEMOCRATA INDEPENDIENTE,145,4,No,6,13,963,26028,3.699862,No
YESSICA_FLORES_CEA__BIOBIO,YESSICA FLORES CEA,M,REGIÓN DEL BIOBÍO,BIOBIO,V,CHILE VAMOS UDI - INDEPENDIENTES,,IND,INDEPENDIENTES,146,5,No,6,13,1338,26028,5.140618,No
PEDRO_SANHUEZA_CACERES__BIOBIO,PEDRO SANHUEZA CACERES,H,REGIÓN DEL BIOBÍO,BIOBIO,V,CHILE VAMOS UDI - INDEPENDIENTES,,IND,INDEPENDIENTES,147,6,No,6,13,3522,26028,13.531581,No
SEBASTIAN_ALEJANDRO_ABUTER_GANGAS__BIOBIO,SEBASTIAN ALEJANDRO ABUTER GANGAS,H,REGIÓN DEL BIOBÍO,BIOBIO,W,CHILE VAMOS EVOPOLI - INDEPENDIENTES,,IND,INDEPENDIENTES,148,1,Sí,3,13,3821,6362,60.05973,No
GRISELLE_MACARENA_ARENAS_BELTRAN__BIOBIO,GRISELLE MACARENA ARENAS BELTRAN,M,REGIÓN DEL BIOBÍO,BIOBIO,W,CHILE VAMOS EVOPOLI - INDEPENDIENTES,,IND,INDEPENDIENTES,149,2,No,3,13,965,6362,15.168186,No
SUSANA_IVONNE_ABURTO_ARAVENA__BIOBIO,SUSANA IVONNE ABURTO ARAVENA,M,REGIÓN DEL BIOBÍO,BIOBIO,W,CHILE VAMOS EVOPOLI - INDEPENDIENTES,,IND,INDEPENDIENTES,150,3,No,3,13,1576,6362,24.772084,No
MARIA_ELENA_NUNEZ_RAMIREZ__BIOBIO,MARIA ELENA NUÑEZ RAMIREZ,M,REGIÓN DEL BIOBÍO,BIOBIO,Y,REPUBLICANOS E INDEPENDIENTES,,REPUBLICANO,PARTIDO REPUBLICANO DE CHILE,151,1,Sí,4,13,12190,34736,35.093275,Sí
JUDITH_ALEJANDRA_GIACOMOZZI_FERNANDEZ__BIOBIO,JUDITH ALEJANDRA GIACOMOZZI FERNANDEZ,M,REGIÓN DEL BIOBÍO,BIOBIO,Y,REPUBLICANOS E INDEPENDIENTES,,REPUBLICANO,PARTIDO REPUBLICANO DE CHILE,152,2,No,4,13,10492,34736,30.204975,No
CARLOS_FRANCISCO_ORDENES_GATICA__BIOBIO,CARLOS FRANCISCO ORDENES GATICA,H,REGIÓN DEL BIOBÍO,BIOBIO,Y,REPUBLICANOS E INDEPENDIENTES,,REPUBLICANO,PARTIDO REPUBLICANO DE CHILE,153,3,No,4,13,6585,34736,18.957278,No
JUAN_PAULO_MIRANDA_TRONCOSO__BIOBIO,JUAN PAULO MIRANDA TRONCOSO,H,REGIÓN DEL BIOBÍO,BIOBIO,Y,REPUBLICANOS E INDEPENDIENTES,,REPUBLICANO,PARTIDO REPUBLICANO DE CHILE,154,4,No,4,13,5469,34736,15.744473,No
CAMILA_ARRIAGADA_GONZALEZ__CONCEPCION_I,CAMILA ARRIAGADA GONZALEZ,M,REGIÓN DEL BIOBÍO,CONCEPCION I,B,IZQUIERDA ECOLOGISTA POPULAR,,IGUALDAD,IGUALDAD,100,1,Sí,6,14,6673,12597,52.97293,No
CRISTIAN_HERRERA_FERNANDEZ__CONCEPCION_I,CRISTIAN HERRERA FERNANDEZ,H,REGIÓN DEL BIOBÍO,CONCEPCION I,B,IZQUIERDA ECOLOGISTA POPULAR,,IGUALDAD,IGUALDAD,101,2,No,6,14,2541,12597,20.171469,No
AIDA_CONEJEROS_CONEJEROS__CONCEPCION_I,AIDA CONEJEROS CONEJEROS,M,REGIÓN DEL BIOBÍO,CONCEPCION I,B,IZQUIERDA ECOLOGISTA POPULAR,,IGUALDAD,IGUALDAD,102,3,No,6,14,985,12597,7.819322,No
AUKAN_NELSON_MUNOZ__CONCEPCION_I,AUKAN NELSON MUÑOZ,H,REGIÓN DEL BIOBÍO,CONCEPCION I,B,IZQUIERDA ECOLOGISTA POPULAR,,IGUALDAD,IGUALDAD,103,4,No,6,14,795,12597,6.311026,No
ANGELO_JARA_CARVAJAL__CONCEPCION_I,ANGELO JARA CARVAJAL,H,REGIÓN DEL BIOBÍO,CONCEPCION I,B,IZQUIERDA ECOLOGISTA POPULAR,,IGUALDAD,IGUALDAD,104,5,No,6,14,746,12597,5.922045,No
ALEX_PALACIOS_JARA__CONCEPCION_I,ALEX PALACIOS JARA,H,REGIÓN DEL BIOBÍO,CONCEPCION I,B,IZQUIERDA ECOLOGISTA POPULAR,,IGUALDAD,IGUALDAD,105,6,No,6,14,857,12597,6.803207,No
CRISTIAN_BERNARDO_SILVA_BERMEDO__CONCEPCION_I,CRISTIAN BERNARDO SILVA BERMEDO,H,REGIÓN DEL BIOBÍO,CONCEPCION I,C,TODAS Y TODOS POR CHILE,PARTIDO COMUNISTA E INDEPENDIENTES,PCCH,PARTIDO COMUNISTA DE CHILE,106,1,Sí,3,14,2484,7864,31.586979,No
MIKEL_GOTZON_CAPETILLO_CARDENAS__CONCEPCION_I,MIKEL GOTZON CAPETILLO CARDENAS,H,REGIÓN DEL BIOBÍO,CONCEPCION I,C,TODAS Y TODOS POR CHILE,PARTIDO COMUNISTA E INDEPENDIENTES,PCCH,PARTIDO COMUNISTA DE CHILE,107,2,No,3,14,1953,7864,24.83469,No
EVELYN_LILIAN_CABRERA_MIRANDA__CONCEPCION_I,EVELYN LILIAN CABRERA MIRANDA,M,REGIÓN DEL BIOBÍO,CONCEPCION I,C,TODAS Y TODOS POR CHILE,PARTIDO COMUNISTA E INDEPENDIENTES,PCCH,PARTIDO COMUNISTA DE CHILE,108,3,No,3,14,3427,7864,43.578332,No
PEDRO_SEGUEL_MONSALVE__CONCEPCION_I,PEDRO SEGUEL MONSALVE,H,REGIÓN DEL BIOBÍO,CONCEPCION I,F,PARTIDO SOCIAL CRISTIANO E INDEPENDIENTES,,PSC,PARTIDO SOCIAL CRISTIANO,109,1,Sí,6,14,7677,19962,38.45807,Sí
MIREYA_MUNOZ_VILLA__CONCEPCION_I,MIREYA MUÑOZ VILLA,M,REGIÓN DEL BIOBÍO,CONCEPCION I,F,PARTIDO SOCIAL CRISTIANO E INDEPENDIENTES,,PSC,PARTIDO SOCIAL CRISTIANO,110,2,No,6,14,3347,19962,16.766857,No
ANA_BASTIAS_REYES__CONCEPCION_I,ANA BASTIAS REYES,M,REGIÓN DEL BIOBÍO,CONCEPCION I,F,PARTIDO SOCIAL CRISTIANO E INDEPENDIENTES,,PSC,PARTIDO SOCIAL CRISTIANO,111,3,No,6,14,2367,19962,11.857529,No
ANGELA_SAEZ_TORRES__CONCEPCION_I,ANGELA SAEZ TORRES,M,REGIÓN DEL BIOBÍO,CONCEPCION I,F,PARTIDO SOCIAL CRISTIANO E INDEPENDIENTES,,PSC,PARTIDO SOCIAL CRISTIANO,112,4,No,6,14,1796,19962,8.997094,No
ANTONIO_URRUTIA_CARO__CONCEPCION_I,ANTONIO URRUTIA CARO,H,REGIÓN DEL BIOBÍO,CONCEPCION I,F,PARTIDO SOCIAL CRISTIANO E INDEPENDIENTES,,PSC,PARTIDO SOCIAL CRISTIANO,113,5,No,6,14,1175,19962,5.886184,No
REINALDO_GONZALEZ_MARIANGEL__CONCEPCION_I,REINALDO GONZALEZ MARIANGEL,H,REGIÓN DEL BIOBÍO,CONCEPCION I,F,PARTIDO SOCIAL CRISTIANO E INDEPENDIENTES,,IND,INDEPENDIENTES,114,6,No,6,14,3600,19962,18.034265,No
PATRICIO_LARA_CHANDIA__CONCEPCION_I,PATRICIO LARA CHANDIA,H,REGIÓN DEL BIOBÍO,CONCEPCION I,I,CHILE VAMOS RENOVACION NACIONAL - INDEPENDIENTES,,RN,RENOVACION NACIONAL,115,1,Sí,3,14,5161,10735,48.076386,No
MACARENA_ARIAS_NEIRA__CONCEPCION_I,MACARENA ARIAS NEIRA,M,REGIÓN DEL BIOBÍO,CONCEPCION I,I,CHILE VAMOS RENOVACION NACIONAL - INDEPENDIENTES,,RN,RENOVACION NACIONAL,116,2,No,3,14,2379,10735,22.161155,No
PAOLA_ERICES_VERGARA__CONCEPCION_I,PAOLA ERICES VERGARA,M,REGIÓN DEL BIOBÍO,CONCEPCION I,I,CHILE VAMOS RENOVACION NACIONAL - INDEPENDIENTES,,RN,RENOVACION NACIONAL,117,3,No,3,14,3195,10735,29.762459,No
MARCELO_ENRIQUE_RIVERA_ARANCIBIA__CONCEPCION_I,MARCELO ENRIQUE RIVERA ARANCIBIA,H,REGIÓN DEL BIOBÍO,CONCEPCION I,L,TU REGION RADICAL,,IND,INDEPENDIENTES,118,1,Sí,6,14,15159,19947,75.99639,Sí
GRACIELA_VIVIANA_NAVARRO_PASTOR__CONCEPCION_I,GRACIELA VIVIANA NAVARRO PASTOR,M,REGIÓN DEL BIOBÍO,CONCEPCION I,L,TU REGION RADICAL,,IND,INDEPENDIENTES,119,2,No,6,14,1299,19947,6.512257,No
LUIS_ENRIQUE_CHAMORRO_URIBE__CONCEPCION_I,LUIS ENRIQUE CHAMORRO URIBE,H,REGIÓN DEL BIOBÍO,CONCEPCION I,L,TU REGION RADICAL,,IND,INDEPENDIENTES,120,3,No,6,14,936,19947,4.692435,No
DIANA_EDITH_GONZALEZ_CATALAN__CONCEPCION_I,DIANA EDITH GONZALEZ CATALAN,M,REGIÓN DEL BIOBÍO,CONCEPCION I,L,TU REGION RADICAL,,IND,INDEPENDIENTES,121,4,No,6,14,1075,19947,5.389282,No
LUIS_HERNAN_DIAZ_VILLAVICENCIO__CONCEPCION_I,LUIS HERNAN DIAZ VILLAVICENCIO,H,REGIÓN DEL BIOBÍO,CONCEPCION I,L,TU REGION RADICAL,,IND,INDEPENDIENTES,122,5,No,6,14,496,19947,2.486589,No
DAVID_LANDAUR_SANCHEZ__CONCEPCION_I,DAVID LANDAUR SANCHEZ,H,REGIÓN DEL BIOBÍO,CONCEPCION I,L,TU REGION RADICAL,,IND,INDEPENDIENTES,123,6,No,6,14,982,19947,4.923046,No
MARISOL_ANDREA_ENRIQUEZ_VILLALOBOS__CONCEPCION_I,MARISOL ANDREA ENRIQUEZ VILLALOBOS,M,REGIÓN DEL BIOBÍO,CONCEPCION I,M,REGIONES VERDES LIBERALES,,FREVS,FEDERACION REGIONALISTA VERDE SOCIAL,124,1,Sí,6,14,2674,8832,30.276268,No
GUSTAVO_FELIPE_SOTOMAYOR_OLATE__CONCEPCION_I,GUSTAVO FELIPE SOTOMAYOR OLATE,H,REGIÓN DEL BIOBÍO,CONCEPCION I,M,REGIONES VERDES LIBERALES,,IND,INDEPENDIENTES,125,2,No,6,14,2029,8832,22.973279,No
JUAN_CARLOS_VENEGAS_VILLA__CONCEPCION_I,JUAN CARLOS VENEGAS VILLA,H,REGIÓN DEL BIOBÍO,CONCEPCION I,M,REGIONES VERDES LIBERALES,,IND,INDEPENDIENTES,126,3,No,6,14,1340,8832,15.172101,No
EDGARDO_MAURICIO_VEGA_REYES__CONCEPCION_I,EDGARDO MAURICIO VEGA REYES,H,REGIÓN DEL BIOBÍO,CONCEPCION I,M,REGIONES VERDES LIBERALES,,IND,INDEPENDIENTES,127,4,No,6,14,777,8832,8.797554,No
JORDAN_ARIEL_INZUNZA_PUENTES__CONCEPCION_I,JORDAN ARIEL INZUNZA PUENTES,H,REGIÓN DEL BIOBÍO,CONCEPCION I,M,REGIONES VERDES LIBERALES,,IND,INDEPENDIENTES,128,5,No,6,14,852,8832,9.646739,No
JOSE_ALEJANDRO_LOPEZ_CARTES__CONCEPCION_I,JOSE ALEJANDRO LOPEZ CARTES,H,REGIÓN DEL BIOBÍO,CONCEPCION I,M,REGIONES VERDES LIBERALES,,IND,INDEPENDIENTES,129,6,No,6,14,1160,8832,13.134058,No
LUIS_ARMANDO_ONATE_MOSCOSO__CONCEPCION_I,LUIS ARMANDO OÑATE MOSCOSO,H,REGIÓN DEL BIOBÍO,CONCEPCION I,N,LO MEJOR PARA CHILE,PPD E INDEPENDIENTES,PPD,PARTIDO POR LA DEMOCRACIA,130,1,Sí,6,14,3056,16679,18.322441,No
DARWIN_RODRIGO_ACUNA_BECERRA__CONCEPCION_I,DARWIN RODRIGO ACUÑA BECERRA,H,REGIÓN DEL BIOBÍO,CONCEPCION I,N,LO MEJOR PARA CHILE,PPD E INDEPENDIENTES,IND,INDEPENDIENTES,131,2,No,6,14,1146,16679,6.870916,No
PAOLA_ANDREA_VIRGINIA_ZUNIGA_MUNOZ__CONCEPCION_I,PAOLA ANDREA VIRGINIA ZUÑIGA MUÑOZ,M,REGIÓN DEL BIOBÍO,CONCEPCION I,N,LO MEJOR PARA CHILE,PPD E INDEPENDIENTES,IND,INDEPENDIENTES,132,3,No,6,14,1657,16679,9.934648,No
MONICA_ANGELINA_ARRAU_GAMONAL__CONCEPCION_I,MONICA ANGELINA ARRAU GAMONAL,M,REGIÓN DEL BIOBÍO,CONCEPCION I,N,LO MEJOR PARA CHILE,PS E INDEPENDIENTES,PS,PARTIDO SOCIALISTA DE CHILE,133,4,No,6,14,2298,16679,13.777804,No
ESTEBAN_LLANOS_REYES__CONCEPCION_I,ESTEBAN LLANOS REYES,H,REGIÓN DEL BIOBÍO,CONCEPCION I,N,LO MEJOR PARA CHILE,PS E INDEPENDIENTES,PS,PARTIDO SOCIALISTA DE CHILE,134,5,No,6,14,2849,16679,17.08136,No
JAIME_PENAILILLO_GARRIDO__CONCEPCION_I,JAIME PEÑAILILLO GARRIDO,H,REGIÓN DEL BIOBÍO,CONCEPCION I,N,LO MEJOR PARA CHILE,PS E INDEPENDIENTES,IND,INDEPENDIENTES,135,6,No,6,14,5673,16679,34.012831,Sí
ADRIANA_DELGADO_CAREAGA__CONCEPCION_I,ADRIANA DELGADO CAREAGA,M,REGIÓN DEL BIOBÍO,CONCEPCION I,P,PARTIDO DE LA GENTE E INDEPENDIENTES,,PDG,PARTIDO DE LA GENTE,136,1,Sí,3,14,4696,9975,47.077694,No
VERONICA_DEL_PILAR_NUNEZ_BARRA__CONCEPCION_I,VERONICA DEL PILAR NUÑEZ BARRA,M,REGIÓN DEL BIOBÍO,CONCEPCION I,P,PARTIDO DE LA GENTE E INDEPENDIENTES,,PDG,PARTIDO DE LA GENTE,137,2,No,3,14,2934,9975,29.413534,No
MARIELLA_ANDREA_GONZALEZ_HIDALGO__CONCEPCION_I,MARIELLA ANDREA GONZALEZ HIDALGO,M,REGIÓN DEL BIOBÍO,CONCEPCION I,P,PARTIDO DE LA GENTE E INDEPENDIENTES,,PDG,PARTIDO DE LA GENTE,138,3,No,3,14,2345,9975,23.508772,No
MARCELO_EDUARDO_YEVENES_SOTO__CONCEPCION_I,MARCELO EDUARDO YEVENES SOTO,H,REGIÓN DEL BIOBÍO,CONCEPCION I,Q,POR UN CHILE MEJOR,,PDC,PARTIDO DEMOCRATA CRISTIANO,139,1,Sí,6,14,3874,13133,29.498211,No
CRISTIAN_SAN_MARTIN_CARRASCO__CONCEPCION_I,CRISTIAN SAN MARTIN CARRASCO,H,REGIÓN DEL BIOBÍO,CONCEPCION I,Q,POR UN CHILE MEJOR,,PDC,PARTIDO DEMOCRATA CRISTIANO,140,2,No,6,14,2068,13133,15.746593,No
EDUARDO_FROILAN_ACUNA_MOLINA__CONCEPCION_I,EDUARDO FROILAN ACUÑA MOLINA,H,REGIÓN DEL BIOBÍO,CONCEPCION I,Q,POR UN CHILE MEJOR,,PDC,PARTIDO DEMOCRATA CRISTIANO,141,3,No,6,14,1474,13133,11.223635,No
RAUL_ANGEL_RAMIREZ_VERGARA__CONCEPCION_I,RAUL ANGEL RAMIREZ VERGARA,H,REGIÓN DEL BIOBÍO,CONCEPCION I,Q,POR UN CHILE MEJOR,,PDC,PARTIDO DEMOCRATA CRISTIANO,142,4,No,6,14,862,13133,6.563618,No
CAMILA_LORETO_MARDONES_SANTANA__CONCEPCION_I,CAMILA LORETO MARDONES SANTANA,M,REGIÓN DEL BIOBÍO,CONCEPCION I,Q,POR UN CHILE MEJOR,,IND,INDEPENDIENTES,143,5,No,6,14,2197,13133,16.728851,No
MIGUEL_ANGEL_RIVAS_ORTIZ__CONCEPCION_I,MIGUEL ANGEL RIVAS ORTIZ,H,REGIÓN DEL BIOBÍO,CONCEPCION I,Q,POR UN CHILE MEJOR,,IND,INDEPENDIENTES,144,6,No,6,14,2658,13133,20.239092,No
JUAN_GUILLERMO_CRUZ_RIVERA__CONCEPCION_I,JUAN GUILLERMO CRUZ RIVERA,H,REGIÓN DEL BIOBÍO,CONCEPCION I,R,CENTRO DEMOCRATICO,DEMOCRATAS E INDEPENDIENTES,DEMOCRATAS,PARTIDO DEMOCRATAS CHILE,145,1,Sí,5,14,4324,10897,39.680646,No
MANUEL_ANTONIO_SANTIBANEZ_NAVARRETE__CONCEPCION_I,MANUEL ANTONIO SANTIBAÑEZ NAVARRETE,H,REGIÓN DEL BIOBÍO,CONCEPCION I,R,CENTRO DEMOCRATICO,DEMOCRATAS E INDEPENDIENTES,IND,INDEPENDIENTES,146,2,No,5,14,1523,10897,13.976324,No
MABEL_TORO_CUEVAS__CONCEPCION_I,MABEL TORO CUEVAS,M,REGIÓN DEL BIOBÍO,CONCEPCION I,R,CENTRO DEMOCRATICO,DEMOCRATAS E INDEPENDIENTES,IND,INDEPENDIENTES,147,3,No,5,14,1895,10897,17.390107,No
PEDRO_DAVID_CARVAJAL_SANHUEZA__CONCEPCION_I,PEDRO DAVID CARVAJAL SANHUEZA,H,REGIÓN DEL BIOBÍO,CONCEPCION I,R,CENTRO DEMOCRATICO,AMARILLOS E INDEPENDIENTES,IND,INDEPENDIENTES,148,4,No,5,14,1691,10897,15.518032,No
ERNESTO_ANDRES_TORRES_MACHUCA__CONCEPCION_I,ERNESTO ANDRES TORRES MACHUCA,H,REGIÓN DEL BIOBÍO,CONCEPCION I,R,CENTRO DEMOCRATICO,AMARILLOS E INDEPENDIENTES,IND,INDEPENDIENTES,149,5,No,5,14,1464,10897,13.43489,No
CAROLINA_ANDREA_OPAZO_URQUIZA__CONCEPCION_I,CAROLINA ANDREA OPAZO URQUIZA,M,REGIÓN DEL BIOBÍO,CONCEPCION I,S,FRENTE AMPLIO,FRENTE AMPLIO E INDEPENDIENTES,FA,FRENTE AMPLIO,150,1,Sí,4,14,3807,8139,46.774788,No
CLAUDIO_ANTONIO_JARA_JONES__CONCEPCION_I,CLAUDIO ANTONIO JARA JONES,H,REGIÓN DEL BIOBÍO,CONCEPCION I,S,FRENTE AMPLIO,FRENTE AMPLIO E INDEPENDIENTES,IND,INDEPENDIENTES,151,2,No,4,14,1951,8139,23.971004,No
HERNAN_ORLANDO_PINO_SEGUEL__CONCEPCION_I,HERNAN ORLANDO PINO SEGUEL,H,REGIÓN DEL BIOBÍO,CONCEPCION I,S,FRENTE AMPLIO,FRENTE AMPLIO E INDEPENDIENTES,IND,INDEPENDIENTES,152,3,No,4,14,1835,8139,22.545767,No
TATIANA_PARDO_VENEGAS__CONCEPCION_I,TATIANA PARDO VENEGAS,M,REGIÓN DEL BIOBÍO,CONCEPCION I,S,FRENTE AMPLIO,FRENTE AMPLIO E INDEPENDIENTES,IND,INDEPENDIENTES,153,4,No,4,14,546,8139,6.708441,No
LARRY_SANDOVAL_LARA__CONCEPCION_I,LARRY SANDOVAL LARA,H,REGIÓN DEL BIOBÍO,CONCEPCION I,V,CHILE VAMOS UDI - INDEPENDIENTES,,UDI,UNION DEMOCRATA INDEPENDIENTE,154,1,Sí,5,14,8777,21533,40.760693,Sí
MANFRED_LAVIN_MIRANDA__CONCEPCION_I,MANFRED LAVIN MIRANDA,H,REGIÓN DEL BIOBÍO,CONCEPCION I,V,CHILE VAMOS UDI - INDEPENDIENTES,,UDI,UNION DEMOCRATA INDEPENDIENTE,155,2,No,5,14,1364,21533,6.334463,No
GABRIEL_TORRES_HERMOSILLA__CONCEPCION_I,GABRIEL TORRES HERMOSILLA,H,REGIÓN DEL BIOBÍO,CONCEPCION I,V,CHILE VAMOS UDI - INDEPENDIENTES,,IND,INDEPENDIENTES,156,3,No,5,14,6549,21533,30.413783,No
GRACE_FARIAS_RIQUELME__CONCEPCION_I,GRACE FARIAS RIQUELME,M,REGIÓN DEL BIOBÍO,CONCEPCION I,V,CHILE VAMOS UDI - INDEPENDIENTES,,IND,INDEPENDIENTES,157,4,No,5,14,3712,21533,17.238657,No
OCTAVIO_PARRA_CUADRA__CONCEPCION_I,OCTAVIO PARRA CUADRA,H,REGIÓN DEL BIOBÍO,CONCEPCION I,V,CHILE VAMOS UDI - INDEPENDIENTES,,IND,INDEPENDIENTES,158,5,No,5,14,1131,21533,5.252403,No
CARLOS_ANTONIO_INOSTROZA_RUIZ__CONCEPCION_I,CARLOS ANTONIO INOSTROZA RUIZ,H,REGIÓN DEL BIOBÍO,CONCEPCION I,W,CHILE VAMOS EVOPOLI - INDEPENDIENTES,,EVOPOLI,EVOLUCION POLITICA,159,1,Sí,1,14,2870,2870,100.0,No
LUIS_ALBERTO_SANTIBANEZ_BASTIDAS__CONCEPCION_I,LUIS ALBERTO SANTIBAÑEZ BASTIDAS,H,REGIÓN DEL BIOBÍO,CONCEPCION I,Y,REPUBLICANOS E INDEPENDIENTES,,REPUBLICANO,PARTIDO REPUBLICANO DE CHILE,160,1,Sí,5,14,14840,28710,51.689307,Sí
CHRISTIAN_LUIS_ARELLANO_VERA__CONCEPCION_I,CHRISTIAN LUIS ARELLANO VERA,H,REGIÓN DEL BIOBÍO,CONCEPCION I,Y,REPUBLICANOS E INDEPENDIENTES,,REPUBLICANO,PARTIDO REPUBLICANO DE CHILE,161,2,No,5,14,3783,28710,13.176594,No
ENZO_CRISTOBAL_PARRA_MOSCOSO__CONCEPCION_I,ENZO CRISTOBAL PARRA MOSCOSO,H,REGIÓN DEL BIOBÍO,CONCEPCION I,Y,REPUBLICANOS E INDEPENDIENTES,,REPUBLICANO,PARTIDO REPUBLICANO DE CHILE,162,3,No,5,14,3767,28710,13.120864,Sí
CLAUDIO_IVAN_PARDO_SANTOS__CONCEPCION_I,CLAUDIO IVAN PARDO SANTOS,H,REGIÓN DEL BIOBÍO,CONCEPCION I,Y,REPUBLICANOS E INDEPENDIENTES,,REPUBLICANO,PARTIDO REPUBLICANO DE CHILE,163,4,No,5,14,2575,28710,8.969,No
CRISTIAN_EUGENIO_ANDRADE_SALGADO__CONCEPCION_I,CRISTIAN EUGENIO ANDRADE SALGADO,H,REGIÓN DEL BIOBÍO,CONCEPCION I,Y,REPUBLICANOS E INDEPENDIENTES,,IND,INDEPENDIENTES,164,5,No,5,14,3745,28710,13.044235,No
FRANCO_QUIDEL_MORA__CONCEPCION_II,FRANCO QUIDEL MORA,H,REGIÓN DEL BIOBÍO,CONCEPCION II,B,IZQUIERDA ECOLOGISTA POPULAR,,IGUALDAD,IGUALDAD,100,1,Sí,6,14,3186,12726,25.035361,No
CATHERINE_GONZALEZ_LOPEZ__CONCEPCION_II,CATHERINE GONZALEZ LOPEZ,M,REGIÓN DEL BIOBÍO,CONCEPCION II,B,IZQUIERDA ECOLOGISTA POPULAR,,IGUALDAD,IGUALDAD,101,2,No,6,14,2267,12726,17.813924,No
JOSE_CORONADO_RODRIGUEZ__CONCEPCION_II,JOSE CORONADO RODRIGUEZ,H,REGIÓN DEL BIOBÍO,CONCEPCION II,B,IZQUIERDA ECOLOGISTA POPULAR,,IGUALDAD,IGUALDAD,102,3,No,6,14,801,12726,6.294201,No
FELIPE_MIGUIELES_PINILLA__CONCEPCION_II,FELIPE MIGUIELES PINILLA,H,REGIÓN DEL BIOBÍO,CONCEPCION II,B,IZQUIERDA ECOLOGISTA POPULAR,,IGUALDAD,IGUALDAD,103,4,No,6,14,821,12726,6.451359,No
XIMENA_MUNOZ_VALLEJOS__CONCEPCION_II,XIMENA MUÑOZ VALLEJOS,M,REGIÓN DEL BIOBÍO,CONCEPCION II,B,IZQUIERDA ECOLOGISTA POPULAR,,IGUALDAD,IGUALDAD,104,5,No,6,14,2827,12726,22.214364,No
FELIPE_DEMIAN_ARANCIBIA_LABRANA__CONCEPCION_II,FELIPE DEMIAN ARANCIBIA LABRAÑA,H,REGIÓN DEL BIOBÍO,CONCEPCION II,B,IZQUIERDA ECOLOGISTA POPULAR,,IND,INDEPENDIENTES,105,6,No,6,14,2824,12726,22.190791,No
ALEX_PATRICIO_ITURRA_JARA__CONCEPCION_II,ALEX PATRICIO ITURRA JARA,H,REGIÓN DEL BIOBÍO,CONCEPCION II,C,TODAS Y TODOS POR CHILE,PARTIDO COMUNISTA E INDEPENDIENTES,PCCH,PARTIDO COMUNISTA DE CHILE,106,1,Sí,5,14,2495,8879,28.100011,No
HECTOR_EDUARDO_GRANDON_LAGUNAS__CONCEPCION_II,HECTOR EDUARDO GRANDON LAGUNAS,H,REGIÓN DEL BIOBÍO,CONCEPCION II,C,TODAS Y TODOS POR CHILE,PARTIDO COMUNISTA E INDEPENDIENTES,PCCH,PARTIDO COMUNISTA DE CHILE,107,2,No,5,14,1737,8879,19.563014,No
FABIANA_MILLARAY_TAPIA_TELLO__CONCEPCION_II,FABIANA MILLARAY TAPIA TELLO,M,REGIÓN DEL BIOBÍO,CONCEPCION II,C,TODAS Y TODOS POR CHILE,PARTIDO COMUNISTA E INDEPENDIENTES,PCCH,PARTIDO COMUNISTA DE CHILE,108,3,No,5,14,2514,8879,28.313999,No
ESTEBAN_MARIO_AREVALO_DIAZ__CONCEPCION_II,ESTEBAN MARIO AREVALO DIAZ,H,REGIÓN DEL BIOBÍO,CONCEPCION II,C,TODAS Y TODOS POR CHILE,PARTIDO COMUNISTA E INDEPENDIENTES,PCCH,PARTIDO COMUNISTA DE CHILE,109,4,No,5,14,850,8879,9.57315,No
MICHAEL_EDUARDO_ROCHA_FERNANDEZ__CONCEPCION_II,MICHAEL EDUARDO ROCHA FERNANDEZ,H,REGIÓN DEL BIOBÍO,CONCEPCION II,C,TODAS Y TODOS POR CHILE,PARTIDO COMUNISTA E INDEPENDIENTES,IND,INDEPENDIENTES,110,5,No,5,14,1283,8879,14.449825,No
YANINA_CONTRERAS_ALVAREZ__CONCEPCION_II,YANINA CONTRERAS ALVAREZ,M,REGIÓN DEL BIOBÍO,CONCEPCION II,F,PARTIDO SOCIAL CRISTIANO E INDEPENDIENTES,,PSC,PARTIDO SOCIAL CRISTIANO,111,1,Sí,6,14,12727,21876,58.177912,Sí
JACQUELINE_BURGOS_RIOS__CONCEPCION_II,JACQUELINE BURGOS RIOS,M,REGIÓN DEL BIOBÍO,CONCEPCION II,F,PARTIDO SOCIAL CRISTIANO E INDEPENDIENTES,,PSC,PARTIDO SOCIAL CRISTIANO,112,2,No,6,14,2466,21876,11.272628,No
CESAR_VILUGRON_TRONCOSO__CONCEPCION_II,CESAR VILUGRON TRONCOSO,H,REGIÓN DEL BIOBÍO,CONCEPCION II,F,PARTIDO SOCIAL CRISTIANO E INDEPENDIENTES,,PSC,PARTIDO SOCIAL CRISTIANO,113,3,No,6,14,2489,21876,11.377766,No
SINTIA_LEYTON_AEDO__CONCEPCION_II,SINTIA LEYTON AEDO,M,REGIÓN DEL BIOBÍO,CONCEPCION II,F,PARTIDO SOCIAL CRISTIANO E INDEPENDIENTES,,PSC,PARTIDO SOCIAL CRISTIANO,114,4,No,6,14,1434,21876,6.555129,No
AMADO_GODOY_DIAZ__CONCEPCION_II,AMADO GODOY DIAZ,H,REGIÓN DEL BIOBÍO,CONCEPCION II,F,PARTIDO SOCIAL CRISTIANO E INDEPENDIENTES,,IND,INDEPENDIENTES,115,5,No,6,14,1170,21876,5.348327,No
MARCELA_MARIANGEL_CASTILLO__CONCEPCION_II,MARCELA MARIANGEL CASTILLO,M,REGIÓN DEL BIOBÍO,CONCEPCION II,F,PARTIDO SOCIAL CRISTIANO E INDEPENDIENTES,,IND,INDEPENDIENTES,116,6,No,6,14,1590,21876,7.268239,No
MONICA_TRONCOSO_SALINAS__CONCEPCION_II,MONICA TRONCOSO SALINAS,M,REGIÓN DEL BIOBÍO,CONCEPCION II,I,CHILE VAMOS RENOVACION NACIONAL - INDEPENDIENTES,,RN,RENOVACION NACIONAL,117,1,Sí,5,14,3422,11665,29.335619,No
PATRICIO_LYNCH_GAETE__CONCEPCION_II,PATRICIO LYNCH GAETE,H,REGIÓN DEL BIOBÍO,CONCEPCION II,I,CHILE VAMOS RENOVACION NACIONAL - INDEPENDIENTES,,RN,RENOVACION NACIONAL,118,2,No,5,14,4595,11665,39.391342,No
PIA_ZEPEDA_NOVOA__CONCEPCION_II,PIA ZEPEDA NOVOA,M,REGIÓN DEL BIOBÍO,CONCEPCION II,I,CHILE VAMOS RENOVACION NACIONAL - INDEPENDIENTES,,IND,INDEPENDIENTES,119,3,No,5,14,1626,11665,13.939134,No
OCTAVIO_SPIERCCOLLI_HENRIQUEZ__CONCEPCION_II,OCTAVIO SPIERCCOLLI HENRIQUEZ,H,REGIÓN DEL BIOBÍO,CONCEPCION II,I,CHILE VAMOS RENOVACION NACIONAL - INDEPENDIENTES,,IND,INDEPENDIENTES,120,4,No,5,14,592,11665,5.075011,No
BLAS_PEREIRA_VIDAL__CONCEPCION_II,BLAS PEREIRA VIDAL,H,REGIÓN DEL BIOBÍO,CONCEPCION II,I,CHILE VAMOS RENOVACION NACIONAL - INDEPENDIENTES,,IND,INDEPENDIENTES,121,5,No,5,14,1430,11665,12.258894,No
MATIAS_TORRES_YANEZ__CONCEPCION_II,MATIAS TORRES YAÑEZ,H,REGIÓN DEL BIOBÍO,CONCEPCION II,L,TU REGION RADICAL,,PR,PARTIDO RADICAL DE CHILE,122,1,Sí,1,14,2338,2338,100.0,No
MIREYA_ALEJANDRA_AGUERO_FLORES__CONCEPCION_II,MIREYA ALEJANDRA AGUERO FLORES,M,REGIÓN DEL BIOBÍO,CONCEPCION II,M,REGIONES VERDES LIBERALES,,FREVS,FEDERACION REGIONALISTA VERDE SOCIAL,123,1,Sí,5,14,1930,7092,27.213762,No
RODRIGO_ANSELMO_REINOSO_CENDOYA__CONCEPCION_II,RODRIGO ANSELMO REINOSO CENDOYA,H,REGIÓN DEL BIOBÍO,CONCEPCION II,M,REGIONES VERDES LIBERALES,,FREVS,FEDERACION REGIONALISTA VERDE SOCIAL,124,2,No,5,14,811,7092,11.43542,No
JUAN_PABLO_PEZO_DALMAZO__CONCEPCION_II,JUAN PABLO PEZO DALMAZO,H,REGIÓN DEL BIOBÍO,CONCEPCION II,M,REGIONES VERDES LIBERALES,,IND,INDEPENDIENTES,125,3,No,5,14,1826,7092,25.747321,No
JAVIERA_KONSTANZA_ESPINOZA_CAMPOS__CONCEPCION_II,JAVIERA KONSTANZA ESPINOZA CAMPOS,M,REGIÓN DEL BIOBÍO,CONCEPCION II,M,REGIONES VERDES LIBERALES,,IND,INDEPENDIENTES,126,4,No,5,14,1721,7092,24.266779,No
ADRIANA_INES_BESARES_JARA__CONCEPCION_II,ADRIANA INES BESARES JARA,M,REGIÓN DEL BIOBÍO,CONCEPCION II,M,REGIONES VERDES LIBERALES,,IND,INDEPENDIENTES,127,5,No,5,14,804,7092,11.336717,No
PERLA_ARAYA_CASTILLO__CONCEPCION_II,PERLA ARAYA CASTILLO,M,REGIÓN DEL BIOBÍO,CONCEPCION II,N,LO MEJOR PARA CHILE,PS E INDEPENDIENTES,PS,PARTIDO SOCIALISTA DE CHILE,128,1,Sí,3,14,4144,7582,54.655764,No
CARMEN_GLORIA_HENRIQUEZ_MORENO__CONCEPCION_II,CARMEN GLORIA HENRIQUEZ MORENO,M,REGIÓN DEL BIOBÍO,CONCEPCION II,N,LO MEJOR PARA CHILE,PS E INDEPENDIENTES,PS,PARTIDO SOCIALISTA DE CHILE,129,2,No,3,14,2091,7582,27.578475,No
MARIO_RODRIGUEZ_ALARCON__CONCEPCION_II,MARIO RODRIGUEZ ALARCON,H,REGIÓN DEL BIOBÍO,CONCEPCION II,N,LO MEJOR PARA CHILE,PS E INDEPENDIENTES,PS,PARTIDO SOCIALISTA DE CHILE,130,3,No,3,14,1347,7582,17.765761,No
HUGO_ANTONIO_SOTO_BECERRA__CONCEPCION_II,HUGO ANTONIO SOTO BECERRA,H,REGIÓN DEL BIOBÍO,CONCEPCION II,P,PARTIDO DE LA GENTE E INDEPENDIENTES,,PDG,PARTIDO DE LA GENTE,131,1,Sí,6,14,2565,10065,25.484352,No
VICTOR_HUGO_FLORES_CARTES__CONCEPCION_II,VICTOR HUGO FLORES CARTES,H,REGIÓN DEL BIOBÍO,CONCEPCION II,P,PARTIDO DE LA GENTE E INDEPENDIENTES,,PDG,PARTIDO DE LA GENTE,132,2,No,6,14,1441,10065,14.31694,No
DEMETRIO_MIGUEL_OLATE_BRAVO__CONCEPCION_II,DEMETRIO MIGUEL OLATE BRAVO,H,REGIÓN DEL BIOBÍO,CONCEPCION II,P,PARTIDO DE LA GENTE E INDEPENDIENTES,,PDG,PARTIDO DE LA GENTE,133,3,No,6,14,1076,10065,10.690512,No
JOSEFA_SOFIA_BONILLA_MORENO__CONCEPCION_II,JOSEFA SOFIA BONILLA MORENO,M,REGIÓN DEL BIOBÍO,CONCEPCION II,P,PARTIDO DE LA GENTE E INDEPENDIENTES,,PDG,PARTIDO DE LA GENTE,134,4,No,6,14,2998,10065,29.786388,No
JORGE_IVES_SEGUEL_SANHUEZA__CONCEPCION_II,JORGE IVES SEGUEL SANHUEZA,H,REGIÓN DEL BIOBÍO,CONCEPCION II,P,PARTIDO DE LA GENTE E INDEPENDIENTES,,PDG,PARTIDO DE LA GENTE,135,5,No,6,14,710,10065,7.054148,No
JULIETTE_CRISTINA_VILLALOBOS_CARES__CONCEPCION_II,JULIETTE CRISTINA VILLALOBOS CARES,M,REGIÓN DEL BIOBÍO,CONCEPCION II,P,PARTIDO DE LA GENTE E INDEPENDIENTES,,PDG,PARTIDO DE LA GENTE,136,6,No,6,14,1275,10065,12.66766,No
JESSICA_IRIS_PEREIRA_REYES__CONCEPCION_II,JESSICA IRIS PEREIRA REYES,M,REGIÓN DEL BIOBÍO,CONCEPCION II,Q,POR UN CHILE MEJOR,,PDC,PARTIDO DEMOCRATA CRISTIANO,137,1,Sí,6,14,4229,16237,26.045452,No
PEDRO_VENEGAS_CASTRO__CONCEPCION_II,PEDRO VENEGAS CASTRO,H,REGIÓN DEL BIOBÍO,CONCEPCION II,Q,POR UN CHILE MEJOR,,PDC,PARTIDO DEMOCRATA CRISTIANO,138,2,No,6,14,4262,16237,26.248691,Sí
JOSE_LUIS_GUARDERAS_MARIN__CONCEPCION_II,JOSE LUIS GUARDERAS MARIN,H,REGIÓN DEL BIOBÍO,CONCEPCION II,Q,POR UN CHILE MEJOR,,PDC,PARTIDO DEMOCRATA CRISTIANO,139,3,No,6,14,3491,16237,21.500277,No
MIGUEL_ANGEL_RAMIREZ_GOMEZ__CONCEPCION_II,MIGUEL ANGEL RAMIREZ GOMEZ,H,REGIÓN DEL BIOBÍO,CONCEPCION II,Q,POR UN CHILE MEJOR,,PDC,PARTIDO DEMOCRATA CRISTIANO,140,4,No,6,14,1240,16237,7.636879,No
ALDRIN_YURI_AGUAYO_SANCHEZ__CONCEPCION_II,ALDRIN YURI AGUAYO SANCHEZ,H,REGIÓN DEL BIOBÍO,CONCEPCION II,Q,POR UN CHILE MEJOR,,PDC,PARTIDO DEMOCRATA CRISTIANO,141,5,No,6,14,1280,16237,7.88323,No
JORGE_ANTONIO_FIGUEROA_SAEZ__CONCEPCION_II,JORGE ANTONIO FIGUEROA SAEZ,H,REGIÓN DEL BIOBÍO,CONCEPCION II,Q,POR UN CHILE MEJOR,,PDC,PARTIDO DEMOCRATA CRISTIANO,142,6,No,6,14,1735,16237,10.685471,No
ALAN_RUBEN_BASTIAS_URRUTIA__CONCEPCION_II,ALAN RUBEN BASTIAS URRUTIA,H,REGIÓN DEL BIOBÍO,CONCEPCION II,R,CENTRO DEMOCRATICO,DEMOCRATAS E INDEPENDIENTES,DEMOCRATAS,PARTIDO DEMOCRATAS CHILE,143,1,Sí,6,14,6834,15988,42.744558,Sí
JUAN_EDUARDO_QUILODRAN_ROJAS__CONCEPCION_II,JUAN EDUARDO QUILODRAN ROJAS,H,REGIÓN DEL BIOBÍO,CONCEPCION II,R,CENTRO DEMOCRATICO,DEMOCRATAS E INDEPENDIENTES,IND,INDEPENDIENTES,144,2,No,6,14,5229,15988,32.705779,No
BENJAMIN_MENDEL_BELMAR__CONCEPCION_II,BENJAMIN MENDEL BELMAR,H,REGIÓN DEL BIOBÍO,CONCEPCION II,R,CENTRO DEMOCRATICO,DEMOCRATAS E INDEPENDIENTES,IND,INDEPENDIENTES,145,3,No,6,14,1040,15988,6.504879,No
GUILLERMO_RUZ_MONCADO__CONCEPCION_II,GUILLERMO RUZ MONCADO,H,REGIÓN DEL BIOBÍO,CONCEPCION II,R,CENTRO DEMOCRATICO,DEMOCRATAS E INDEPENDIENTES,IND,INDEPENDIENTES,146,4,No,6,14,531,15988,3.321241,No
CARLOS_EDUARDO_MARTINEZ_HERNANDEZ__CONCEPCION_II,CARLOS EDUARDO MARTINEZ HERNANDEZ,H,REGIÓN DEL BIOBÍO,CONCEPCION II,R,CENTRO DEMOCRATICO,AMARILLOS E INDEPENDIENTES,IND,INDEPENDIENTES,147,5,No,6,14,1437,15988,8.987991,No
NELSON_FAUSTINO_CABA_ARRIAGADA__CONCEPCION_II,NELSON FAUSTINO CABA ARRIAGADA,H,REGIÓN DEL BIOBÍO,CONCEPCION II,R,CENTRO DEMOCRATICO,AMARILLOS E INDEPENDIENTES,IND,INDEPENDIENTES,148,6,No,6,14,917,15988,5.735552,No
PEDRO_EULOGIO_CISTERNA_OSORIO__CONCEPCION_II,PEDRO EULOGIO CISTERNA OSORIO,H,REGIÓN DEL BIOBÍO,CONCEPCION II,S,FRENTE AMPLIO,FRENTE AMPLIO E INDEPENDIENTES,FA,FRENTE AMPLIO,149,1,Sí,5,14,3602,11924,30.207984,No
MARIA_JOSE_RUBIO_OYARZUN__CONCEPCION_II,MARIA JOSE RUBIO OYARZUN,M,REGIÓN DEL BIOBÍO,CONCEPCION II,S,FRENTE AMPLIO,FRENTE AMPLIO E INDEPENDIENTES,FA,FRENTE AMPLIO,150,2,No,5,14,3055,11924,25.620597,No
CAMILA_NISLETH_JARPA_FERNANDEZ__CONCEPCION_II,CAMILA NISLETH JARPA FERNANDEZ,M,REGIÓN DEL BIOBÍO,CONCEPCION II,S,FRENTE AMPLIO,FRENTE AMPLIO E INDEPENDIENTES,FA,FRENTE AMPLIO,151,3,No,5,14,2739,11924,22.97048,No
FABIAN_ANDRES_VEGA_GONZALEZ__CONCEPCION_II,FABIAN ANDRES VEGA GONZALEZ,H,REGIÓN DEL BIOBÍO,CONCEPCION II,S,FRENTE AMPLIO,FRENTE AMPLIO E INDEPENDIENTES,FA,FRENTE AMPLIO,152,4,No,5,14,1578,11924,13.233814,No
KEREN_INGERBORN_OLGUIN_FUENTES__CONCEPCION_II,KEREN INGERBORN OLGUIN FUENTES,M,REGIÓN DEL BIOBÍO,CONCEPCION II,S,FRENTE AMPLIO,FRENTE AMPLIO E INDEPENDIENTES,IND,INDEPENDIENTES,153,5,No,5,14,950,11924,7.967125,No
PATRICIO_KUHN_ARTIGUES__CONCEPCION_II,PATRICIO KUHN ARTIGUES,H,REGIÓN DEL BIOBÍO,CONCEPCION II,V,CHILE VAMOS UDI - INDEPENDIENTES,,UDI,UNION DEMOCRATA INDEPENDIENTE,154,1,Sí,5,14,8063,14738,54.708916,Sí
FERNANDO_GONZALEZ_SANCHEZ__CONCEPCION_II,FERNANDO GONZALEZ SANCHEZ,H,REGIÓN DEL BIOBÍO,CONCEPCION II,V,CHILE VAMOS UDI - INDEPENDIENTES,,UDI,UNION DEMOCRATA INDEPENDIENTE,155,2,No,5,14,2343,14738,15.897679,No
PIA_CORDES_LAMAS__CONCEPCION_II,PIA CORDES LAMAS,M,REGIÓN DEL BIOBÍO,CONCEPCION II,V,CHILE VAMOS UDI - INDEPENDIENTES,,UDI,UNION DEMOCRATA INDEPENDIENTE,156,3,No,5,14,1260,14738,8.549328,No
PABLO_MONCADA_ZUNIGA__CONCEPCION_II,PABLO MONCADA ZUÑIGA,H,REGIÓN DEL BIOBÍO,CONCEPCION II,V,CHILE VAMOS UDI - INDEPENDIENTES,,IND,INDEPENDIENTES,157,4,No,5,14,1398,14738,9.485683,No
CLAUDIA_MUNOZ_RAMOS__CONCEPCION_II,CLAUDIA MUÑOZ RAMOS,M,REGIÓN DEL BIOBÍO,CONCEPCION II,V,CHILE VAMOS UDI - INDEPENDIENTES,,IND,INDEPENDIENTES,158,5,No,5,14,1674,14738,11.358393,No
CAMILA_VALENTINA_MORA_VILCHES__CONCEPCION_II,CAMILA VALENTINA MORA VILCHES,M,REGIÓN DEL BIOBÍO,CONCEPCION II,W,CHILE VAMOS EVOPOLI - INDEPENDIENTES,,EVOPOLI,EVOLUCION POLITICA,159,1,Sí,2,14,2859,3691,77.458683,No
MANUEL_EDUARDO_YANEZ_PIZARRO__CONCEPCION_II,MANUEL EDUARDO YAÑEZ PIZARRO,H,REGIÓN DEL BIOBÍO,CONCEPCION II,W,CHILE VAMOS EVOPOLI - INDEPENDIENTES,,EVOPOLI,EVOLUCION POLITICA,160,2,No,2,14,832,3691,22.541317,No
CLAUDIO_ENRIQUE_LAPOSTOL_VARGAS__CONCEPCION_II,CLAUDIO ENRIQUE LAPOSTOL VARGAS,H,REGIÓN DEL BIOBÍO,CONCEPCION II,Y,REPUBLICANOS E INDEPENDIENTES,,REPUBLICANO,PARTIDO REPUBLICANO DE CHILE,161,1,Sí,5,14,16020,30467,52.581482,Sí
ELISEO_ANDRES_SAN_MARTIN_SOTO__CONCEPCION_II,ELISEO ANDRES SAN MARTIN SOTO,H,REGIÓN DEL BIOBÍO,CONCEPCION II,Y,REPUBLICANOS E INDEPENDIENTES,,REPUBLICANO,PARTIDO REPUBLICANO DE CHILE,162,2,No,5,14,3972,30467,13.037056,No
YASNA_LORENA_JARAMILLO_RIQUELME__CONCEPCION_II,YASNA LORENA JARAMILLO RIQUELME,M,REGIÓN DEL BIOBÍO,CONCEPCION II,Y,REPUBLICANOS E INDEPENDIENTES,,REPUBLICANO,PARTIDO REPUBLICANO DE CHILE,163,3,No,5,14,6158,30467,20.212033,Sí
JUAN_EDUARDO_JESUS_RIVAS_ANDRADE__CONCEPCION_II,JUAN EDUARDO JESUS RIVAS ANDRADE,H,REGIÓN DEL BIOBÍO,CONCEPCION II,Y,REPUBLICANOS E INDEPENDIENTES,,REPUBLICANO,PARTIDO REPUBLICANO DE CHILE,164,4,No,5,14,1932,30467,6.341287,No
CRISTIAN_MAURICIO_HENRIQUEZ_SILVA__CONCEPCION_II,CRISTIAN MAURICIO HENRIQUEZ SILVA,H,REGIÓN DEL BIOBÍO,CONCEPCION II,Y,REPUBLICANOS E INDEPENDIENTES,,REPUBLICANO,PARTIDO REPUBLICANO DE CHILE,165,5,No,5,14,2385,30467,7.828142,No
TAMARA_ANGELICA_CONCHA_CABRERA__CONCEPCION_III,TAMARA ANGELICA CONCHA CABRERA,M,REGIÓN DEL BIOBÍO,CONCEPCION III,C,TODAS Y TODOS POR CHILE,PARTIDO COMUNISTA E INDEPENDIENTES,PCCH,PARTIDO COMUNISTA DE CHILE,100,1,Sí,4,13,8987,14521,61.889677,Sí
FREDDY_ESTEBAN_CABRERA_CAMPOS__CONCEPCION_III,FREDDY ESTEBAN CABRERA CAMPOS,H,REGIÓN DEL BIOBÍO,CONCEPCION III,C,TODAS Y TODOS POR CHILE,PARTIDO COMUNISTA E INDEPENDIENTES,PCCH,PARTIDO COMUNISTA DE CHILE,101,2,No,4,13,1349,14521,9.289994,No
FLAVIA_JUDITH_ROZAS_CAMPOS__CONCEPCION_III,FLAVIA JUDITH ROZAS CAMPOS,M,REGIÓN DEL BIOBÍO,CONCEPCION III,C,TODAS Y TODOS POR CHILE,PARTIDO COMUNISTA E INDEPENDIENTES,PCCH,PARTIDO COMUNISTA DE CHILE,102,3,No,4,13,1202,14521,8.277667,No
VICTOR_EDUARDO_CANTEROS_TORRES__CONCEPCION_III,VICTOR EDUARDO CANTEROS TORRES,H,REGIÓN DEL BIOBÍO,CONCEPCION III,C,TODAS Y TODOS POR CHILE,PARTIDO COMUNISTA E INDEPENDIENTES,IND,INDEPENDIENTES,103,4,No,4,13,2983,14521,20.542662,No
ANDRES_ARROYO_MUNOZ__CONCEPCION_III,ANDRES ARROYO MUÑOZ,H,REGIÓN DEL BIOBÍO,CONCEPCION III,F,PARTIDO SOCIAL CRISTIANO E INDEPENDIENTES,,PSC,PARTIDO SOCIAL CRISTIANO,104,1,Sí,6,13,3702,15887,23.302071,Sí
YOHANNA_VERGARA_GAJARDO__CONCEPCION_III,YOHANNA VERGARA GAJARDO,M,REGIÓN DEL BIOBÍO,CONCEPCION III,F,PARTIDO SOCIAL CRISTIANO E INDEPENDIENTES,,PSC,PARTIDO SOCIAL CRISTIANO,105,2,No,6,13,3674,15887,23.125826,No
DANIEL_PADILLA_SOTO_AGUILAR__CONCEPCION_III,DANIEL PADILLA SOTO-AGUILAR,H,REGIÓN DEL BIOBÍO,CONCEPCION III,F,PARTIDO SOCIAL CRISTIANO E INDEPENDIENTES,,PSC,PARTIDO SOCIAL CRISTIANO,106,3,No,6,13,1980,15887,12.46302,No
ROSTBELL_ARROS_BIZAMA__CONCEPCION_III,ROSTBELL ARROS BIZAMA,H,REGIÓN DEL BIOBÍO,CONCEPCION III,F,PARTIDO SOCIAL CRISTIANO E INDEPENDIENTES,,PSC,PARTIDO SOCIAL CRISTIANO,107,4,No,6,13,2244,15887,14.124756,No
VIVIANA_ALONZO_RAMOS__CONCEPCION_III,VIVIANA ALONZO RAMOS,M,REGIÓN DEL BIOBÍO,CONCEPCION III,F,PARTIDO SOCIAL CRISTIANO E INDEPENDIENTES,,IND,INDEPENDIENTES,108,5,No,6,13,2088,15887,13.142821,No
ELVIS_REYES_OPAZO__CONCEPCION_III,ELVIS REYES OPAZO,H,REGIÓN DEL BIOBÍO,CONCEPCION III,F,PARTIDO SOCIAL CRISTIANO E INDEPENDIENTES,,IND,INDEPENDIENTES,109,6,No,6,13,2199,15887,13.841506,No
ANSELMO_PENA_RODRIGUEZ__CONCEPCION_III,ANSELMO PEÑA RODRIGUEZ,H,REGIÓN DEL BIOBÍO,CONCEPCION III,I,CHILE VAMOS RENOVACION NACIONAL - INDEPENDIENTES,,RN,RENOVACION NACIONAL,110,1,Sí,6,13,11260,20464,55.023456,Sí
RUBEN_MARTINEZ_STENGER__CONCEPCION_III,RUBEN MARTINEZ STENGER,H,REGIÓN DEL BIOBÍO,CONCEPCION III,I,CHILE VAMOS RENOVACION NACIONAL - INDEPENDIENTES,,RN,RENOVACION NACIONAL,111,2,No,6,13,1742,20464,8.51251,No
OSCAR_HENRIQUEZ_ARRIAGADA__CONCEPCION_III,OSCAR HENRIQUEZ ARRIAGADA,H,REGIÓN DEL BIOBÍO,CONCEPCION III,I,CHILE VAMOS RENOVACION NACIONAL - INDEPENDIENTES,,RN,RENOVACION NACIONAL,112,3,No,6,13,1194,20464,5.834636,No
ANTONIO_MORA_AROS__CONCEPCION_III,ANTONIO MORA AROS,H,REGIÓN DEL BIOBÍO,CONCEPCION III,I,CHILE VAMOS RENOVACION NACIONAL - INDEPENDIENTES,,RN,RENOVACION NACIONAL,113,4,No,6,13,1253,20464,6.122948,No
CRISTIAN_VENEGAS_CARRILLO__CONCEPCION_III,CRISTIAN VENEGAS CARRILLO,H,REGIÓN DEL BIOBÍO,CONCEPCION III,I,CHILE VAMOS RENOVACION NACIONAL - INDEPENDIENTES,,IND,INDEPENDIENTES,114,5,No,6,13,2570,20464,12.55864,No
SEBASTIAN_MATAMALA_COFRE__CONCEPCION_III,SEBASTIAN MATAMALA COFRE,H,REGIÓN DEL BIOBÍO,CONCEPCION III,I,CHILE VAMOS RENOVACION NACIONAL - INDEPENDIENTES,,IND,INDEPENDIENTES,115,6,No,6,13,2445,20464,11.947811,No
MACARENA_ANDREA_INOSTROZA_TORRES__CONCEPCION_III,MACARENA ANDREA INOSTROZA TORRES,M,REGIÓN DEL BIOBÍO,CONCEPCION III,L,TU REGION RADICAL,,PR,PARTIDO RADICAL DE CHILE,116,1,Sí,2,13,1471,3120,47.147436,No
AURELIA_DEL_CARMEN_ORMENO_CARVALLO__CONCEPCION_III,AURELIA DEL CARMEN ORMEÑO CARVALLO,M,REGIÓN DEL BIOBÍO,CONCEPCION III,L,TU REGION RADICAL,,PR,PARTIDO RADICAL DE CHILE,117,2,No,2,13,1649,3120,52.852564,No
JAVIERA_ANDREA_VARGAS_MUNOZ__CONCEPCION_III,JAVIERA ANDREA VARGAS MUÑOZ,M,REGIÓN DEL BIOBÍO,CONCEPCION III,M,REGIONES VERDES LIBERALES,,FREVS,FEDERACION REGIONALISTA VERDE SOCIAL,118,1,Sí,4,13,4301,8953,48.039763,No
HERNAN_MAURICIO_CORTES_BERNAL__CONCEPCION_III,HERNAN MAURICIO CORTES BERNAL,H,REGIÓN DEL BIOBÍO,CONCEPCION III,M,REGIONES VERDES LIBERALES,,FREVS,FEDERACION REGIONALISTA VERDE SOCIAL,119,2,No,4,13,1238,8953,13.827767,No
PIERO_ENRIQUE_BLAS_MUNOZ__CONCEPCION_III,PIERO ENRIQUE BLAS MUÑOZ,H,REGIÓN DEL BIOBÍO,CONCEPCION III,M,REGIONES VERDES LIBERALES,,IND,INDEPENDIENTES,120,3,No,4,13,2195,8953,24.516922,No
SERGIO_NEIL_MELLA_RIOS__CONCEPCION_III,SERGIO NEIL MELLA RIOS,H,REGIÓN DEL BIOBÍO,CONCEPCION III,M,REGIONES VERDES LIBERALES,,IND,INDEPENDIENTES,121,4,No,4,13,1219,8953,13.615548,No
HECTOR_FERNANDEZ_SALAMANCA__CONCEPCION_III,HECTOR FERNANDEZ SALAMANCA,H,REGIÓN DEL BIOBÍO,CONCEPCION III,N,LO MEJOR PARA CHILE,PS E INDEPENDIENTES,PS,PARTIDO SOCIALISTA DE CHILE,122,1,Sí,6,13,2965,19767,14.999747,No
CAROLINA_CEBALLOS_REYES__CONCEPCION_III,CAROLINA CEBALLOS REYES,M,REGIÓN DEL BIOBÍO,CONCEPCION III,N,LO MEJOR PARA CHILE,PS E INDEPENDIENTES,PS,PARTIDO SOCIALISTA DE CHILE,123,2,No,6,13,3296,19767,16.674255,No
DANIEL_SAEZ_YANTEN__CONCEPCION_III,DANIEL SAEZ YANTEN,H,REGIÓN DEL BIOBÍO,CONCEPCION III,N,LO MEJOR PARA CHILE,PS E INDEPENDIENTES,PS,PARTIDO SOCIALISTA DE CHILE,124,3,No,6,13,1670,19767,8.448424,No
FRANCISCO_JAVIER_REYES_AGUAYO__CONCEPCION_III,FRANCISCO JAVIER REYES AGUAYO,H,REGIÓN DEL BIOBÍO,CONCEPCION III,N,LO MEJOR PARA CHILE,PPD E INDEPENDIENTES,PPD,PARTIDO POR LA DEMOCRACIA,125,4,No,6,13,8710,19767,44.063338,Sí
PAOLA_ANDREA_LOPEZ_FARIAS__CONCEPCION_III,PAOLA ANDREA LOPEZ FARIAS,M,REGIÓN DEL BIOBÍO,CONCEPCION III,N,LO MEJOR PARA CHILE,PPD E INDEPENDIENTES,PPD,PARTIDO POR LA DEMOCRACIA,126,5,No,6,13,1118,19767,5.655891,No
ANGELA_NOEMI_GARRETON_RAMIREZ__CONCEPCION_III,ANGELA NOEMI GARRETON RAMIREZ,M,REGIÓN DEL BIOBÍO,CONCEPCION III,N,LO MEJOR PARA CHILE,PPD E INDEPENDIENTES,IND,INDEPENDIENTES,127,6,No,6,13,2008,19767,10.158345,No
MARCELA_ANDREA_GONZALEZ_ZARATE__CONCEPCION_III,MARCELA ANDREA GONZALEZ ZARATE,M,REGIÓN DEL BIOBÍO,CONCEPCION III,P,PARTIDO DE LA GENTE E INDEPENDIENTES,,PDG,PARTIDO DE LA GENTE,128,1,Sí,1,13,9916,9916,100.0,No
VICTOR_MANUEL_CONCHA_ALIAGA__CONCEPCION_III,VICTOR MANUEL CONCHA ALIAGA,H,REGIÓN DEL BIOBÍO,CONCEPCION III,Q,POR UN CHILE MEJOR,,PDC,PARTIDO DEMOCRATA CRISTIANO,129,1,Sí,3,13,4838,11072,43.695809,No
PABLO_ESTEBAN_UBILLA_SANTIBANEZ__CONCEPCION_III,PABLO ESTEBAN UBILLA SANTIBAÑEZ,H,REGIÓN DEL BIOBÍO,CONCEPCION III,Q,POR UN CHILE MEJOR,,PDC,PARTIDO DEMOCRATA CRISTIANO,130,2,No,3,13,2827,11072,25.532876,No
SERGIO_EDUARDO_FUENTES_SANHUEZA__CONCEPCION_III,SERGIO EDUARDO FUENTES SANHUEZA,H,REGIÓN DEL BIOBÍO,CONCEPCION III,Q,POR UN CHILE MEJOR,,PDC,PARTIDO DEMOCRATA CRISTIANO,131,3,No,3,13,3407,11072,30.771315,No
NICOLAS_GUTIERREZ_HERRERA__CONCEPCION_III,NICOLAS GUTIERREZ HERRERA,H,REGIÓN DEL BIOBÍO,CONCEPCION III,R,CENTRO DEMOCRATICO,DEMOCRATAS E INDEPENDIENTES,DEMOCRATAS,PARTIDO DEMOCRATAS CHILE,132,1,Sí,6,13,4033,13527,29.814445,No
JOSE_LUIS_BIZAMA_MUNOZ__CONCEPCION_III,JOSE LUIS BIZAMA MUÑOZ,H,REGIÓN DEL BIOBÍO,CONCEPCION III,R,CENTRO DEMOCRATICO,DEMOCRATAS E INDEPENDIENTES,DEMOCRATAS,PARTIDO DEMOCRATAS CHILE,133,2,No,6,13,2336,13527,17.269165,No
ANGELICA_SAN_CRISTOBAL_SILVA__CONCEPCION_III,ANGELICA SAN CRISTOBAL SILVA,M,REGIÓN DEL BIOBÍO,CONCEPCION III,R,CENTRO DEMOCRATICO,DEMOCRATAS E INDEPENDIENTES,IND,INDEPENDIENTES,134,3,No,6,13,1945,13527,14.37865,No
JAIME_JARA_ARANEDA__CONCEPCION_III,JAIME JARA ARANEDA,H,REGIÓN DEL BIOBÍO,CONCEPCION III,R,CENTRO DEMOCRATICO,DEMOCRATAS E INDEPENDIENTES,IND,INDEPENDIENTES,135,4,No,6,13,1948,13527,14.400828,No
ROBERTO_ANDRES_FRANCESCONI_RIQUELME__CONCEPCION_III,ROBERTO ANDRES FRANCESCONI RIQUELME,H,REGIÓN DEL BIOBÍO,CONCEPCION III,R,CENTRO DEMOCRATICO,DEMOCRATAS E INDEPENDIENTES,IND,INDEPENDIENTES,136,5,No,6,13,1567,13527,11.584239,No
MYRIAM_ELIZABETH_TORRES_CORREA__CONCEPCION_III,MYRIAM ELIZABETH TORRES CORREA,M,REGIÓN DEL BIOBÍO,CONCEPCION III,R,CENTRO DEMOCRATICO,AMARILLOS E INDEPENDIENTES,IND,INDEPENDIENTES,137,6,No,6,13,1698,13527,12.552672,No
GONZALO_OSORIO_RIOSECO__CONCEPCION_III,GONZALO OSORIO RIOSECO,H,REGIÓN DEL BIOBÍO,CONCEPCION III,S,FRENTE AMPLIO,FRENTE AMPLIO E INDEPENDIENTES,FA,FRENTE AMPLIO,138,1,Sí,5,13,11648,18578,62.697815,Sí
DOMINGO_AVELINO_RAMOS_AVELLO__CONCEPCION_III,DOMINGO AVELINO RAMOS AVELLO,H,REGIÓN DEL BIOBÍO,CONCEPCION III,S,FRENTE AMPLIO,FRENTE AMPLIO E INDEPENDIENTES,FA,FRENTE AMPLIO,139,2,No,5,13,855,18578,4.602218,No
HELMITA_MARIA_ADRIANA_CASTILLO_MORENO__CONCEPCION_III,HELMITA MARIA ADRIANA CASTILLO MORENO,M,REGIÓN DEL BIOBÍO,CONCEPCION III,S,FRENTE AMPLIO,FRENTE AMPLIO E INDEPENDIENTES,FA,FRENTE AMPLIO,140,3,No,5,13,1890,18578,10.173323,No
JUAN_FERNANDO_ULLOA_ORTIZ__CONCEPCION_III,JUAN FERNANDO ULLOA ORTIZ,H,REGIÓN DEL BIOBÍO,CONCEPCION III,S,FRENTE AMPLIO,FRENTE AMPLIO E INDEPENDIENTES,FA,FRENTE AMPLIO,141,4,No,5,13,1271,18578,6.841425,No
ATRIX_ARACELY_BADILLA_HERNANDEZ__CONCEPCION_III,ATRIX ARACELY BADILLA HERNANDEZ,M,REGIÓN DEL BIOBÍO,CONCEPCION III,S,FRENTE AMPLIO,FRENTE AMPLIO E INDEPENDIENTES,IND,INDEPENDIENTES,142,5,No,5,13,2914,18578,15.685219,No
LUCY_AMENABAR_SEPULVEDA__CONCEPCION_III,LUCY AMENABAR SEPULVEDA,M,REGIÓN DEL BIOBÍO,CONCEPCION III,V,CHILE VAMOS UDI - INDEPENDIENTES,,UDI,UNION DEMOCRATA INDEPENDIENTE,143,1,Sí,4,13,2397,6449,37.168553,No
MARCELO_SEPULVEDA_PAREDES__CONCEPCION_III,MARCELO SEPULVEDA PAREDES,H,REGIÓN DEL BIOBÍO,CONCEPCION III,V,CHILE VAMOS UDI - INDEPENDIENTES,,UDI,UNION DEMOCRATA INDEPENDIENTE,144,2,No,4,13,1516,6449,23.507521,No
ARNOLD_SCHIRMER_PRIETO__CONCEPCION_III,ARNOLD SCHIRMER PRIETO,H,REGIÓN DEL BIOBÍO,CONCEPCION III,V,CHILE VAMOS UDI - INDEPENDIENTES,,UDI,UNION DEMOCRATA INDEPENDIENTE,145,3,No,4,13,1144,6449,17.739184,No
PAMELA_GALLARDO_CONTRERAS__CONCEPCION_III,PAMELA GALLARDO CONTRERAS,M,REGIÓN DEL BIOBÍO,CONCEPCION III,V,CHILE VAMOS UDI - INDEPENDIENTES,,IND,INDEPENDIENTES,146,4,No,4,13,1392,6449,21.584742,No
ANDREA_CAROLINA_SOUPER_MUNIZ__CONCEPCION_III,ANDREA CAROLINA SOUPER MUÑIZ,M,REGIÓN DEL BIOBÍO,CONCEPCION III,W,CHILE VAMOS EVOPOLI - INDEPENDIENTES,,EVOPOLI,EVOLUCION POLITICA,147,1,Sí,4,13,2803,8014,34.976291,No
RODRIGO_FELIPE_MORA_GONZALEZ__CONCEPCION_III,RODRIGO FELIPE MORA GONZALEZ,H,REGIÓN DEL BIOBÍO,CONCEPCION III,W,CHILE VAMOS EVOPOLI - INDEPENDIENTES,,EVOPOLI,EVOLUCION POLITICA,148,2,No,4,13,2732,8014,34.090342,No
CARLA_JAZMINA_CEBALLOS_SANTIBANEZ__CONCEPCION_III,CARLA JAZMINA CEBALLOS SANTIBAÑEZ,M,REGIÓN DEL BIOBÍO,CONCEPCION III,W,CHILE VAMOS EVOPOLI - INDEPENDIENTES,,IND,INDEPENDIENTES,149,3,No,4,13,1617,8014,20.17719,No
PAULINA_LORENA_NOVA_VEGA__CONCEPCION_III,PAULINA LORENA NOVA VEGA,M,REGIÓN DEL BIOBÍO,CONCEPCION III,W,CHILE VAMOS EVOPOLI - INDEPENDIENTES,,IND,INDEPENDIENTES,150,4,No,4,13,862,8014,10.756177,No
AMERICO_MONDACA_DAZA__CONCEPCION_III,AMERICO MONDACA DAZA,H,REGIÓN DEL BIOBÍO,CONCEPCION III,Y,REPUBLICANOS E INDEPENDIENTES,,REPUBLICANO,PARTIDO REPUBLICANO DE CHILE,151,1,Sí,3,13,10259,27024,37.962552,Sí
PEDRO_ALEYDE_VENEGAS_GUERRA__CONCEPCION_III,PEDRO ALEYDE VENEGAS GUERRA,H,REGIÓN DEL BIOBÍO,CONCEPCION III,Y,REPUBLICANOS E INDEPENDIENTES,,REPUBLICANO,PARTIDO REPUBLICANO DE CHILE,152,2,No,3,13,9209,27024,34.077117,No
LUIS_ANDRES_CHAMORRO_BARRIENTOS__CONCEPCION_III,LUIS ANDRES CHAMORRO BARRIENTOS,H,REGIÓN DEL BIOBÍO,CONCEPCION III,Y,REPUBLICANOS E INDEPENDIENTES,,REPUBLICANO,PARTIDO REPUBLICANO DE CHILE,153,3,No,3,13,7556,27024,27.960332,No
SERGIO_ERNESTO_EHIJOS_MARDONES__CAUTIN_I,SERGIO ERNESTO EHIJOS MARDONES,H,REGIÓN DE LA ARAUCANÍA,CAUTIN I,C,TODAS Y TODOS POR CHILE,PARTIDO COMUNISTA E INDEPENDIENTES,PCCH,PARTIDO COMUNISTA DE CHILE,100,1,Sí,3,14,3053,7127,42.837098,No
MARIA_JOSEFA_GUZMAN_GUZMAN__CAUTIN_I,MARIA JOSEFA GUZMAN GUZMAN,M,REGIÓN DE LA ARAUCANÍA,CAUTIN I,C,TODAS Y TODOS POR CHILE,PARTIDO COMUNISTA E INDEPENDIENTES,PCCH,PARTIDO COMUNISTA DE CHILE,101,2,No,3,14,2572,7127,36.088116,No
CARLOS_EDUARDO_ALVARADO_JULIAN__CAUTIN_I,CARLOS EDUARDO ALVARADO JULIAN,H,REGIÓN DE LA ARAUCANÍA,CAUTIN I,C,TODAS Y TODOS POR CHILE,PARTIDO COMUNISTA E INDEPENDIENTES,IND,INDEPENDIENTES,102,3,No,3,14,1502,7127,21.074786,No
ESTRELLA_CONSTANZA_MEZA_LAVANDERO__CAUTIN_I,ESTRELLA CONSTANZA MEZA LAVANDERO,M,REGIÓN DE LA ARAUCANÍA,CAUTIN I,F,PARTIDO SOCIAL CRISTIANO E INDEPENDIENTES,,PSC,PARTIDO SOCIAL CRISTIANO,103,1,Sí,7,14,3830,11372,33.679212,No
CARLOS_HUMBERTO_CARRERA_VALENZUELA__CAUTIN_I,CARLOS HUMBERTO CARRERA VALENZUELA,H,REGIÓN DE LA ARAUCANÍA,CAUTIN I,F,PARTIDO SOCIAL CRISTIANO E INDEPENDIENTES,,PSC,PARTIDO SOCIAL CRISTIANO,104,2,No,7,14,1580,11372,13.893774,No
RODRIGO_ALVAREZ_OTERO__CAUTIN_I,RODRIGO ALVAREZ OTERO,H,REGIÓN DE LA ARAUCANÍA,CAUTIN I,F,PARTIDO SOCIAL CRISTIANO E INDEPENDIENTES,,PSC,PARTIDO SOCIAL CRISTIANO,105,3,No,7,14,1032,11372,9.074921,No
LORENA_ANDREA_ARIAS_RIOS__CAUTIN_I,LORENA ANDREA ARIAS RIOS,M,REGIÓN DE LA ARAUCANÍA,CAUTIN I,F,PARTIDO SOCIAL CRISTIANO E INDEPENDIENTES,,PSC,PARTIDO SOCIAL CRISTIANO,106,4,No,7,14,1366,11372,12.011959,No
JUAN_EDUARDO_VERGARA_TAPIA__CAUTIN_I,JUAN EDUARDO VERGARA TAPIA,H,REGIÓN DE LA ARAUCANÍA,CAUTIN I,F,PARTIDO SOCIAL CRISTIANO E INDEPENDIENTES,,PSC,PARTIDO SOCIAL CRISTIANO,107,5,No,7,14,1393,11372,12.249384,No
CECIA_NERY_CARRASCO_RIVERA__CAUTIN_I,CECIA NERY CARRASCO RIVERA,M,REGIÓN DE LA ARAUCANÍA,CAUTIN I,F,PARTIDO SOCIAL CRISTIANO E INDEPENDIENTES,,IND,INDEPENDIENTES,108,6,No,7,14,915,11372,8.046078,No
SILVANA_VALERIA_PICHUNMAN_GONZALEZ__CAUTIN_I,SILVANA VALERIA PICHUNMAN GONZALEZ,M,REGIÓN DE LA ARAUCANÍA,CAUTIN I,F,PARTIDO SOCIAL CRISTIANO E INDEPENDIENTES,,IND,INDEPENDIENTES,109,7,No,7,14,1256,11372,11.044671,No
SARA_SUAZO_SUAZO__CAUTIN_I,SARA SUAZO SUAZO,M,REGIÓN DE LA ARAUCANÍA,CAUTIN I,I,CHILE VAMOS RENOVACION NACIONAL - INDEPENDIENTES,,RN,RENOVACION NACIONAL,110,1,Sí,7,14,7448,30707,24.255056,Sí
HANS_VAN_DER_MOLEN_MORA__CAUTIN_I,HANS VAN DER MOLEN MORA,H,REGIÓN DE LA ARAUCANÍA,CAUTIN I,I,CHILE VAMOS RENOVACION NACIONAL - INDEPENDIENTES,,RN,RENOVACION NACIONAL,111,2,No,7,14,6775,30707,22.063373,Sí
ALEX_HENRIQUEZ_ARANEDA__CAUTIN_I,ALEX HENRIQUEZ ARANEDA,H,REGIÓN DE LA ARAUCANÍA,CAUTIN I,I,CHILE VAMOS RENOVACION NACIONAL - INDEPENDIENTES,,IND,INDEPENDIENTES,112,3,No,7,14,3631,30707,11.824665,No
LEONEL_NUALART_CASTRO__CAUTIN_I,LEONEL NUALART CASTRO,H,REGIÓN DE LA ARAUCANÍA,CAUTIN I,I,CHILE VAMOS RENOVACION NACIONAL - INDEPENDIENTES,,IND,INDEPENDIENTES,113,4,No,7,14,2662,30707,8.669033,No
PABLO_ARTIGAS_VERGARA__CAUTIN_I,PABLO ARTIGAS VERGARA,H,REGIÓN DE LA ARAUCANÍA,CAUTIN I,I,CHILE VAMOS RENOVACION NACIONAL - INDEPENDIENTES,,IND,INDEPENDIENTES,114,5,No,7,14,3098,30707,10.088905,No
JAIME_SALINAS_MANSILLA__CAUTIN_I,JAIME SALINAS MANSILLA,H,REGIÓN DE LA ARAUCANÍA,CAUTIN I,I,CHILE VAMOS RENOVACION NACIONAL - INDEPENDIENTES,,IND,INDEPENDIENTES,115,6,No,7,14,4165,30707,13.563683,No
SERGIO_CASTILLO_CARDENAS__CAUTIN_I,SERGIO CASTILLO CARDENAS,H,REGIÓN DE LA ARAUCANÍA,CAUTIN I,I,CHILE VAMOS RENOVACION NACIONAL - INDEPENDIENTES,,IND,INDEPENDIENTES,116,7,No,7,14,2928,30707,9.535285,No
HECTOR_QUEUPUMIL_MINCHIQUEO__CAUTIN_I,HECTOR QUEUPUMIL MINCHIQUEO,H,REGIÓN DE LA ARAUCANÍA,CAUTIN I,L,TU REGION RADICAL,,IND,INDEPENDIENTES,117,1,Sí,1,14,4659,4659,100.0,No
PATRICIO_ARIEL_CORNEJO_GONZALEZ__CAUTIN_I,PATRICIO ARIEL CORNEJO GONZALEZ,H,REGIÓN DE LA ARAUCANÍA,CAUTIN I,M,REGIONES VERDES LIBERALES,,FREVS,FEDERACION REGIONALISTA VERDE SOCIAL,118,1,Sí,7,14,1177,11417,10.309188,No
DANIEL_ABRAHAM_HIDALGO_VELOSO__CAUTIN_I,DANIEL ABRAHAM HIDALGO VELOSO,H,REGIÓN DE LA ARAUCANÍA,CAUTIN I,M,REGIONES VERDES LIBERALES,,FREVS,FEDERACION REGIONALISTA VERDE SOCIAL,119,2,No,7,14,497,11417,4.353158,No
PATRICIO_ANDRES_LIRA_NAVARRETE__CAUTIN_I,PATRICIO ANDRES LIRA NAVARRETE,H,REGIÓN DE LA ARAUCANÍA,CAUTIN I,M,REGIONES VERDES LIBERALES,,IND,INDEPENDIENTES,120,3,No,7,14,3878,11417,33.966891,No
JESSICA_ALEJANDRA_MENDEZ_CANAVES__CAUTIN_I,JESSICA ALEJANDRA MENDEZ CANAVES,M,REGIÓN DE LA ARAUCANÍA,CAUTIN I,M,REGIONES VERDES LIBERALES,,IND,INDEPENDIENTES,121,4,No,7,14,1059,11417,9.275642,No
FELIPE_GONZALEZ_VALDES__CAUTIN_I,FELIPE GONZALEZ VALDES,H,REGIÓN DE LA ARAUCANÍA,CAUTIN I,M,REGIONES VERDES LIBERALES,,IND,INDEPENDIENTES,122,5,No,7,14,2226,11417,19.497241,No
RODRIGO_MARINGER_SANCHEZ__CAUTIN_I,RODRIGO MARINGER SANCHEZ,H,REGIÓN DE LA ARAUCANÍA,CAUTIN I,M,REGIONES VERDES LIBERALES,,IND,INDEPENDIENTES,123,6,No,7,14,730,11417,6.393974,No
ANDRES_ARCOS_SOTO__CAUTIN_I,ANDRES ARCOS SOTO,H,REGIÓN DE LA ARAUCANÍA,CAUTIN I,M,REGIONES VERDES LIBERALES,,IND,INDEPENDIENTES,124,7,No,7,14,1850,11417,16.203906,No
ANA_MARIA_SOTO_CEA__CAUTIN_I,ANA MARIA SOTO CEA,M,REGIÓN DE LA ARAUCANÍA,CAUTIN I,N,LO MEJOR PARA CHILE,PPD E INDEPENDIENTES,PPD,PARTIDO POR LA DEMOCRACIA,125,1,Sí,7,14,8429,19280,43.71888,Sí
JULIO_CESAR_SUAZO_PALMA__CAUTIN_I,JULIO CESAR SUAZO PALMA,H,REGIÓN DE LA ARAUCANÍA,CAUTIN I,N,LO MEJOR PARA CHILE,PPD E INDEPENDIENTES,PPD,PARTIDO POR LA DEMOCRACIA,126,2,No,7,14,1108,19280,5.746888,No
MARCOS_ALEJANDRO_TORRES_PATINO__CAUTIN_I,MARCOS ALEJANDRO TORRES PATIÑO,H,REGIÓN DE LA ARAUCANÍA,CAUTIN I,N,LO MEJOR PARA CHILE,PPD E INDEPENDIENTES,IND,INDEPENDIENTES,127,3,No,7,14,983,19280,5.098548,No
MIGUEL_ANGEL_PROVOSTE_MONTIEL__CAUTIN_I,MIGUEL ANGEL PROVOSTE MONTIEL,H,REGIÓN DE LA ARAUCANÍA,CAUTIN I,N,LO MEJOR PARA CHILE,PPD E INDEPENDIENTES,IND,INDEPENDIENTES,128,4,No,7,14,1094,19280,5.674274,No
MICHELLE_LISSETH_CORREA_SEPULVEDA__CAUTIN_I,MICHELLE LISSETH CORREA SEPULVEDA,M,REGIÓN DE LA ARAUCANÍA,CAUTIN I,N,LO MEJOR PARA CHILE,PS E INDEPENDIENTES,PS,PARTIDO SOCIALISTA DE CHILE,129,5,No,7,14,3225,19280,16.727178,No
RICHARD_MAURICIO_QUINTANA_VALDEBENITO__CAUTIN_I,RICHARD MAURICIO QUINTANA VALDEBENITO,H,REGIÓN DE LA ARAUCANÍA,CAUTIN I,N,LO MEJOR PARA CHILE,PS E INDEPENDIENTES,PS,PARTIDO SOCIALISTA DE CHILE,130,6,No,7,14,3446,19280,17.873444,No
JORGE_CESAR_ROMERO_FUENTES__CAUTIN_I,JORGE CESAR ROMERO FUENTES,H,REGIÓN DE LA ARAUCANÍA,CAUTIN I,N,LO MEJOR PARA CHILE,PS E INDEPENDIENTES,PS,PARTIDO SOCIALISTA DE CHILE,131,7,No,7,14,995,19280,5.160788,No
FLOR_ROSSANY_CONTRERAS_VIVALLO__CAUTIN_I,FLOR ROSSANY CONTRERAS VIVALLO,M,REGIÓN DE LA ARAUCANÍA,CAUTIN I,P,PARTIDO DE LA GENTE E INDEPENDIENTES,,PDG,PARTIDO DE LA GENTE,132,1,Sí,3,14,2179,5274,41.315889,No
MARISEL_PEDREROS_VENEGAS__CAUTIN_I,MARISEL PEDREROS VENEGAS,M,REGIÓN DE LA ARAUCANÍA,CAUTIN I,P,PARTIDO DE LA GENTE E INDEPENDIENTES,,PDG,PARTIDO DE LA GENTE,133,2,No,3,14,1403,5274,26.602199,No
ALVARO_JOSE_BURGOS_NECULMAN__CAUTIN_I,ALVARO JOSE BURGOS NECULMAN,H,REGIÓN DE LA ARAUCANÍA,CAUTIN I,P,PARTIDO DE LA GENTE E INDEPENDIENTES,,PDG,PARTIDO DE LA GENTE,134,3,No,3,14,1692,5274,32.081911,No
ROBERTO_RICARDO_PAREDES_SANDOVAL__CAUTIN_I,ROBERTO RICARDO PAREDES SANDOVAL,H,REGIÓN DE LA ARAUCANÍA,CAUTIN I,Q,POR UN CHILE MEJOR,,PDC,PARTIDO DEMOCRATA CRISTIANO,135,1,Sí,7,14,3436,12526,27.430944,Sí
MIRIAM_PAOLA_VALDES_ZUNIGA__CAUTIN_I,MIRIAM PAOLA VALDES ZUÑIGA,M,REGIÓN DE LA ARAUCANÍA,CAUTIN I,Q,POR UN CHILE MEJOR,,PDC,PARTIDO DEMOCRATA CRISTIANO,136,2,No,7,14,1484,12526,11.847357,No
CRISTOBAL_CAMPOS_AGUILERA__CAUTIN_I,CRISTOBAL CAMPOS AGUILERA,H,REGIÓN DE LA ARAUCANÍA,CAUTIN I,Q,POR UN CHILE MEJOR,,PDC,PARTIDO DEMOCRATA CRISTIANO,137,3,No,7,14,1694,12526,13.52387,No
ALEJANDRO_BELTRAN_ULLOA__CAUTIN_I,ALEJANDRO BELTRAN ULLOA,H,REGIÓN DE LA ARAUCANÍA,CAUTIN I,Q,POR UN CHILE MEJOR,,PDC,PARTIDO DEMOCRATA CRISTIANO,138,4,No,7,14,1133,12526,9.045186,No
ERICA_DEL_PILAR_LOPEZ_SOTO__CAUTIN_I,ERICA DEL PILAR LOPEZ SOTO,M,REGIÓN DE LA ARAUCANÍA,CAUTIN I,Q,POR UN CHILE MEJOR,,IND,INDEPENDIENTES,139,5,No,7,14,3108,12526,24.81239,No
LUIS_IVAN_MARTINEZ_PEZO__CAUTIN_I,LUIS IVAN MARTINEZ PEZO,H,REGIÓN DE LA ARAUCANÍA,CAUTIN I,Q,POR UN CHILE MEJOR,,IND,INDEPENDIENTES,140,6,No,7,14,775,12526,6.187131,No
FELIPE_ALONSO_OCHARAN_TORRE__CAUTIN_I,FELIPE ALONSO OCHARAN TORRE,H,REGIÓN DE LA ARAUCANÍA,CAUTIN I,Q,POR UN CHILE MEJOR,,IND,INDEPENDIENTES,141,7,No,7,14,896,12526,7.153122,No
LEONARDO_ASTETE_MELIVILU__CAUTIN_I,LEONARDO ASTETE MELIVILU,H,REGIÓN DE LA ARAUCANÍA,CAUTIN I,R,CENTRO DEMOCRATICO,DEMOCRATAS E INDEPENDIENTES,DEMOCRATAS,PARTIDO DEMOCRATAS CHILE,142,1,Sí,5,14,3684,10857,33.932025,No
PABLO_ANDRES_RIFFO_GALLEGOS__CAUTIN_I,PABLO ANDRES RIFFO GALLEGOS,H,REGIÓN DE LA ARAUCANÍA,CAUTIN I,R,CENTRO DEMOCRATICO,DEMOCRATAS E INDEPENDIENTES,DEMOCRATAS,PARTIDO DEMOCRATAS CHILE,143,2,No,5,14,1355,10857,12.480427,No
MIGUEL_ANGEL_CORTES_IBARRA__CAUTIN_I,MIGUEL ANGEL CORTES IBARRA,H,REGIÓN DE LA ARAUCANÍA,CAUTIN I,R,CENTRO DEMOCRATICO,AMARILLOS E INDEPENDIENTES,AMARILLOS,MOVIMIENTO AMARILLOS POR CHILE,144,3,No,5,14,3565,10857,32.835958,No
LUIS_ALBERTO_OJEDA_CONTRERAS__CAUTIN_I,LUIS ALBERTO OJEDA CONTRERAS,H,REGIÓN DE LA ARAUCANÍA,CAUTIN I,R,CENTRO DEMOCRATICO,AMARILLOS E INDEPENDIENTES,AMARILLOS,MOVIMIENTO AMARILLOS POR CHILE,145,4,No,5,14,1149,10857,10.583034,No
JOSE_OMAR_LARA_LARA__CAUTIN_I,JOSE OMAR LARA LARA,H,REGIÓN DE LA ARAUCANÍA,CAUTIN I,R,CENTRO DEMOCRATICO,AMARILLOS E INDEPENDIENTES,IND,INDEPENDIENTES,146,5,No,5,14,1104,10857,10.168555,No
PATRICIA_ANDREA_PAILLAO_MILLAN__CAUTIN_I,PATRICIA ANDREA PAILLAO MILLAN,M,REGIÓN DE LA ARAUCANÍA,CAUTIN I,S,FRENTE AMPLIO,FRENTE AMPLIO E INDEPENDIENTES,FA,FRENTE AMPLIO,147,1,Sí,7,14,4152,13236,31.368994,Sí
REYNIER_EDUARDO_CAMPOS_JIMENEZ__CAUTIN_I,REYNIER EDUARDO CAMPOS JIMENEZ,H,REGIÓN DE LA ARAUCANÍA,CAUTIN I,S,FRENTE AMPLIO,FRENTE AMPLIO E INDEPENDIENTES,FA,FRENTE AMPLIO,148,2,No,7,14,2598,13236,19.628286,No
MARIANELA_DEL_PILAR_JARAMILLO_MORA__CAUTIN_I,MARIANELA DEL PILAR JARAMILLO MORA,M,REGIÓN DE LA ARAUCANÍA,CAUTIN I,S,FRENTE AMPLIO,FRENTE AMPLIO E INDEPENDIENTES,FA,FRENTE AMPLIO,149,3,No,7,14,1107,13236,8.363554,No
CARLOS_IGNACIO_LEONARDO_VACCARO_VEGA__CAUTIN_I,CARLOS IGNACIO LEONARDO VACCARO VEGA,H,REGIÓN DE LA ARAUCANÍA,CAUTIN I,S,FRENTE AMPLIO,FRENTE AMPLIO E INDEPENDIENTES,FA,FRENTE AMPLIO,150,4,No,7,14,564,13236,4.261106,No
DIEGO_IGNACIO_ITURRA_NEIRA__CAUTIN_I,DIEGO IGNACIO ITURRA NEIRA,H,REGIÓN DE LA ARAUCANÍA,CAUTIN I,S,FRENTE AMPLIO,FRENTE AMPLIO E INDEPENDIENTES,FA,FRENTE AMPLIO,151,5,No,7,14,1631,13236,12.322454,No
SUSANA_AIDA_DIAZ_FIGUEROA__CAUTIN_I,SUSANA AIDA DIAZ FIGUEROA,M,REGIÓN DE LA ARAUCANÍA,CAUTIN I,S,FRENTE AMPLIO,FRENTE AMPLIO E INDEPENDIENTES,IND,INDEPENDIENTES,152,6,No,7,14,1406,13236,10.622545,No
AGUSTIN_MAXIMILIANO_MARTINEZ_ANTIVIL__CAUTIN_I,AGUSTIN MAXIMILIANO MARTINEZ ANTIVIL,H,REGIÓN DE LA ARAUCANÍA,CAUTIN I,S,FRENTE AMPLIO,FRENTE AMPLIO E INDEPENDIENTES,IND,INDEPENDIENTES,153,7,No,7,14,1778,13236,13.433061,No
CESAR_MORENO_BURGOS__CAUTIN_I,CESAR MORENO BURGOS,H,REGIÓN DE LA ARAUCANÍA,CAUTIN I,V,CHILE VAMOS UDI - INDEPENDIENTES,,UDI,UNION DEMOCRATA INDEPENDIENTE,154,1,Sí,7,14,3223,11089,29.064839,No
RAUL_ESCARATE_PETERS__CAUTIN_I,RAUL ESCARATE PETERS,H,REGIÓN DE LA ARAUCANÍA,CAUTIN I,V,CHILE VAMOS UDI - INDEPENDIENTES,,UDI,UNION DEMOCRATA INDEPENDIENTE,155,2,No,7,14,1387,11089,12.507891,No
YURISAN_CASTRO_GONZALEZ__CAUTIN_I,YURISAN CASTRO GONZALEZ,M,REGIÓN DE LA ARAUCANÍA,CAUTIN I,V,CHILE VAMOS UDI - INDEPENDIENTES,,IND,INDEPENDIENTES,156,3,No,7,14,1740,11089,15.691226,No
PAOLA_GARCES_VIVANCO__CAUTIN_I,PAOLA GARCES VIVANCO,M,REGIÓN DE LA ARAUCANÍA,CAUTIN I,V,CHILE VAMOS UDI - INDEPENDIENTES,,IND,INDEPENDIENTES,157,4,No,7,14,1388,11089,12.516909,No
EDWIN_CRUZ_RUIZ__CAUTIN_I,EDWIN CRUZ RUIZ,H,REGIÓN DE LA ARAUCANÍA,CAUTIN I,V,CHILE VAMOS UDI - INDEPENDIENTES,,IND,INDEPENDIENTES,158,5,No,7,14,1491,11089,13.445757,No
MARCO_ANTONIO_FAJRE_DIAZ__CAUTIN_I,MARCO ANTONIO FAJRE DIAZ,H,REGIÓN DE LA ARAUCANÍA,CAUTIN I,V,CHILE VAMOS UDI - INDEPENDIENTES,,IND,INDEPENDIENTES,159,6,No,7,14,865,11089,7.800523,No
MATTIAS_MELLA_PADILLA__CAUTIN_I,MATTIAS MELLA PADILLA,H,REGIÓN DE LA ARAUCANÍA,CAUTIN I,V,CHILE VAMOS UDI - INDEPENDIENTES,,IND,INDEPENDIENTES,160,7,No,7,14,995,11089,8.972856,No
IGNACIO_ANDRES_MALIG_MEZA__CAUTIN_I,IGNACIO ANDRES MALIG MEZA,H,REGIÓN DE LA ARAUCANÍA,CAUTIN I,W,CHILE VAMOS EVOPOLI - INDEPENDIENTES,,EVOPOLI,EVOLUCION POLITICA,161,1,Sí,3,14,2444,3930,62.188295,No
RICARDO_OMAR_PIZARRO_JIMENEZ__CAUTIN_I,RICARDO OMAR PIZARRO JIMENEZ,H,REGIÓN DE LA ARAUCANÍA,CAUTIN I,W,CHILE VAMOS EVOPOLI - INDEPENDIENTES,,IND,INDEPENDIENTES,162,2,No,3,14,914,3930,23.256997,No
JOSE_ANDRES_JARA_MARTINEZ__CAUTIN_I,JOSE ANDRES JARA MARTINEZ,H,REGIÓN DE LA ARAUCANÍA,CAUTIN I,W,CHILE VAMOS EVOPOLI - INDEPENDIENTES,,IND,INDEPENDIENTES,163,3,No,3,14,572,3930,14.554707,No
VICTOR_OSVALDO_YANEZ_ARANCIBIA__CAUTIN_I,VICTOR OSVALDO YAÑEZ ARANCIBIA,H,REGIÓN DE LA ARAUCANÍA,CAUTIN I,Y,REPUBLICANOS E INDEPENDIENTES,,REPUBLICANO,PARTIDO REPUBLICANO DE CHILE,164,1,Sí,6,14,7162,20931,34.21719,Sí
JAIME_LISTER_MILLAR_CISTERNAS__CAUTIN_I,JAIME LISTER MILLAR CISTERNAS,H,REGIÓN DE LA ARAUCANÍA,CAUTIN I,Y,REPUBLICANOS E INDEPENDIENTES,,REPUBLICANO,PARTIDO REPUBLICANO DE CHILE,165,2,No,6,14,3924,20931,18.747313,No
VICTOR_PATRICIO_MELINAO_CANALES__CAUTIN_I,VICTOR PATRICIO MELINAO CANALES,H,REGIÓN DE LA ARAUCANÍA,CAUTIN I,Y,REPUBLICANOS E INDEPENDIENTES,,REPUBLICANO,PARTIDO REPUBLICANO DE CHILE,166,3,No,6,14,1976,20931,9.440543,No
VILMA_ROXANA_CASTILLO_ALVARADO__CAUTIN_I,VILMA ROXANA CASTILLO ALVARADO,M,REGIÓN DE LA ARAUCANÍA,CAUTIN I,Y,REPUBLICANOS E INDEPENDIENTES,,REPUBLICANO,PARTIDO REPUBLICANO DE CHILE,167,4,No,6,14,3181,20931,15.197554,No
ALEJANDRO_ANDRES_GOMEZ_MORAGA__CAUTIN_I,ALEJANDRO ANDRES GOMEZ MORAGA,H,REGIÓN DE LA ARAUCANÍA,CAUTIN I,Y,REPUBLICANOS E INDEPENDIENTES,,REPUBLICANO,PARTIDO REPUBLICANO DE CHILE,168,5,No,6,14,1453,20931,6.941857,No
ALEJANDRO_DANILO_HERNANDEZ_AEDO__CAUTIN_I,ALEJANDRO DANILO HERNANDEZ AEDO,H,REGIÓN DE LA ARAUCANÍA,CAUTIN I,Y,REPUBLICANOS E INDEPENDIENTES,,REPUBLICANO,PARTIDO REPUBLICANO DE CHILE,169,6,No,6,14,3235,20931,15.455544,No
MIGUEL_ANGEL_CONTRERAS_MALDONADO__CAUTIN_I,MIGUEL ANGEL CONTRERAS MALDONADO,H,REGIÓN DE LA ARAUCANÍA,CAUTIN I,,CANDIDATURA INDEPENDIENTE,,IND,INDEPENDIENTES,170,1,Sí,1,14,34218,34218,100.0,Sí
TAMARA_LEONOR_BRICENO_CASTRO__CAUTIN_II,TAMARA LEONOR BRICEÑO CASTRO,M,REGIÓN DE LA ARAUCANÍA,CAUTIN II,C,TODAS Y TODOS POR CHILE,PARTIDO COMUNISTA E INDEPENDIENTES,PCCH,PARTIDO COMUNISTA DE CHILE,100,1,Sí,1,13,8862,8862,100.0,No
SEFORA_ANTONIA_SEPULVEDA_SANHUEZA__CAUTIN_II,SEFORA ANTONIA SEPULVEDA SANHUEZA,M,REGIÓN DE LA ARAUCANÍA,CAUTIN II,F,PARTIDO SOCIAL CRISTIANO E INDEPENDIENTES,,IND,INDEPENDIENTES,101,1,Sí,2,13,3236,6572,49.239197,No
PABLO_ABELARDO_CADENA_MATUS__CAUTIN_II,PABLO ABELARDO CADENA MATUS,H,REGIÓN DE LA ARAUCANÍA,CAUTIN II,F,PARTIDO SOCIAL CRISTIANO E INDEPENDIENTES,,IND,INDEPENDIENTES,102,2,No,2,13,3336,6572,50.760803,No
EDUARDO_HERNANDEZ_SCHMIDT__CAUTIN_II,EDUARDO HERNANDEZ SCHMIDT,H,REGIÓN DE LA ARAUCANÍA,CAUTIN II,I,CHILE VAMOS RENOVACION NACIONAL - INDEPENDIENTES,,RN,RENOVACION NACIONAL,103,1,Sí,8,13,16855,49378,34.134635,Sí
GILDA_MENDOZA_VASQUEZ__CAUTIN_II,GILDA MENDOZA VASQUEZ,M,REGIÓN DE LA ARAUCANÍA,CAUTIN II,I,CHILE VAMOS RENOVACION NACIONAL - INDEPENDIENTES,,RN,RENOVACION NACIONAL,104,2,No,8,13,8309,49378,16.827332,Sí
NAYADETH_MUNOZ_URRUTIA__CAUTIN_II,NAYADETH MUÑOZ URRUTIA,M,REGIÓN DE LA ARAUCANÍA,CAUTIN II,I,CHILE VAMOS RENOVACION NACIONAL - INDEPENDIENTES,,RN,RENOVACION NACIONAL,105,3,No,8,13,2240,49378,4.536433,No
FABIOLA_LEAL_LINCOPIL__CAUTIN_II,FABIOLA LEAL LINCOPIL,M,REGIÓN DE LA ARAUCANÍA,CAUTIN II,I,CHILE VAMOS RENOVACION NACIONAL - INDEPENDIENTES,,RN,RENOVACION NACIONAL,106,4,No,8,13,3005,49378,6.085706,No
JOAQUIN_ROVETTO_GRANDON__CAUTIN_II,JOAQUIN ROVETTO GRANDON,H,REGIÓN DE LA ARAUCANÍA,CAUTIN II,I,CHILE VAMOS RENOVACION NACIONAL - INDEPENDIENTES,,IND,INDEPENDIENTES,107,5,No,8,13,10045,49378,20.343068,No
FERNANDO_GARRIDO_MERA__CAUTIN_II,FERNANDO GARRIDO MERA,H,REGIÓN DE LA ARAUCANÍA,CAUTIN II,I,CHILE VAMOS RENOVACION NACIONAL - INDEPENDIENTES,,IND,INDEPENDIENTES,108,6,No,8,13,2546,49378,5.156142,No
JULIO_FIGUEROA_SILVA__CAUTIN_II,JULIO FIGUEROA SILVA,H,REGIÓN DE LA ARAUCANÍA,CAUTIN II,I,CHILE VAMOS RENOVACION NACIONAL - INDEPENDIENTES,,IND,INDEPENDIENTES,109,7,No,8,13,1934,49378,3.916724,No
ANDRES_MATTA_CUMINAO__CAUTIN_II,ANDRES MATTA CUMINAO,H,REGIÓN DE LA ARAUCANÍA,CAUTIN II,I,CHILE VAMOS RENOVACION NACIONAL - INDEPENDIENTES,,IND,INDEPENDIENTES,110,8,No,8,13,4444,49378,8.999959,No
PAULINA_BEATRIZ_NESBET_REUS__CAUTIN_II,PAULINA BEATRIZ NESBET REUS,M,REGIÓN DE LA ARAUCANÍA,CAUTIN II,L,TU REGION RADICAL,,PR,PARTIDO RADICAL DE CHILE,111,1,Sí,2,13,6161,8902,69.209166,No
DANIEL_HUMBERTO_QUILODRAN_BASCUR__CAUTIN_II,DANIEL HUMBERTO QUILODRAN BASCUR,H,REGIÓN DE LA ARAUCANÍA,CAUTIN II,L,TU REGION RADICAL,,PR,PARTIDO RADICAL DE CHILE,112,2,No,2,13,2741,8902,30.790834,No
LUIS_ERNESTO_HUERAMAN_RIVAS__CAUTIN_II,LUIS ERNESTO HUERAMAN RIVAS,H,REGIÓN DE LA ARAUCANÍA,CAUTIN II,M,REGIONES VERDES LIBERALES,,FREVS,FEDERACION REGIONALISTA VERDE SOCIAL,113,1,Sí,5,13,3824,9159,41.751283,No
PATRICIA_JULIETA_CARDENAS_PAREDES__CAUTIN_II,PATRICIA JULIETA CARDENAS PAREDES,M,REGIÓN DE LA ARAUCANÍA,CAUTIN II,M,REGIONES VERDES LIBERALES,,FREVS,FEDERACION REGIONALISTA VERDE SOCIAL,114,2,No,5,13,931,9159,10.164865,No
JOSE_SANTIAGO_ARAYA_REICHE__CAUTIN_II,JOSE SANTIAGO ARAYA REICHE,H,REGIÓN DE LA ARAUCANÍA,CAUTIN II,M,REGIONES VERDES LIBERALES,,FREVS,FEDERACION REGIONALISTA VERDE SOCIAL,115,3,No,5,13,551,9159,6.015941,No
GEMITA_DEL_PILAR_ALVAREZ_SEPULVEDA__CAUTIN_II,GEMITA DEL PILAR ALVAREZ SEPULVEDA,M,REGIÓN DE LA ARAUCANÍA,CAUTIN II,M,REGIONES VERDES LIBERALES,,FREVS,FEDERACION REGIONALISTA VERDE SOCIAL,116,4,No,5,13,1559,9159,17.021509,No
PATRICIO_ALEJANDRO_SAGREDO_CURIO__CAUTIN_II,PATRICIO ALEJANDRO SAGREDO CURIO,H,REGIÓN DE LA ARAUCANÍA,CAUTIN II,M,REGIONES VERDES LIBERALES,,IND,INDEPENDIENTES,117,5,No,5,13,2294,9159,25.046402,No
MARIO_ALCALDE_NAVARRO__CAUTIN_II,MARIO ALCALDE NAVARRO,H,REGIÓN DE LA ARAUCANÍA,CAUTIN II,N,LO MEJOR PARA CHILE,PPD E INDEPENDIENTES,IND,INDEPENDIENTES,118,1,Sí,6,13,3223,17978,17.927467,No
MAURICIO_EDUARDO_DEVAUD_MORALES__CAUTIN_II,MAURICIO EDUARDO DEVAUD MORALES,H,REGIÓN DE LA ARAUCANÍA,CAUTIN II,N,LO MEJOR PARA CHILE,PPD E INDEPENDIENTES,IND,INDEPENDIENTES,119,2,No,6,13,5703,17978,31.722105,Sí
CARLOS_ALEXIS_CASTILLO_TORRES__CAUTIN_II,CARLOS ALEXIS CASTILLO TORRES,H,REGIÓN DE LA ARAUCANÍA,CAUTIN II,N,LO MEJOR PARA CHILE,PPD E INDEPENDIENTES,IND,INDEPENDIENTES,120,3,No,6,13,2086,17978,11.60307,No
DANIEL_ALFREDO_NECULPAN_LINCUANTE__CAUTIN_II,DANIEL ALFREDO NECULPAN LINCUANTE,H,REGIÓN DE LA ARAUCANÍA,CAUTIN II,N,LO MEJOR PARA CHILE,PS E INDEPENDIENTES,PS,PARTIDO SOCIALISTA DE CHILE,121,4,No,6,13,3527,17978,19.618423,No
LUIS_EMILIO_CASTILLO_SANDOVAL__CAUTIN_II,LUIS EMILIO CASTILLO SANDOVAL,H,REGIÓN DE LA ARAUCANÍA,CAUTIN II,N,LO MEJOR PARA CHILE,PS E INDEPENDIENTES,PS,PARTIDO SOCIALISTA DE CHILE,122,5,No,6,13,1318,17978,7.331183,No
REMIGIO_SANTIAGO_HUENOLAF_HUIRCALAF__CAUTIN_II,REMIGIO SANTIAGO HUENOLAF HUIRCALAF,H,REGIÓN DE LA ARAUCANÍA,CAUTIN II,N,LO MEJOR PARA CHILE,PS E INDEPENDIENTES,PS,PARTIDO SOCIALISTA DE CHILE,123,6,No,6,13,2121,17978,11.797753,No
ORLANDO_CHRISTIAN_MACHEFERT_INOSTROZA__CAUTIN_II,ORLANDO CHRISTIAN MACHEFERT INOSTROZA,H,REGIÓN DE LA ARAUCANÍA,CAUTIN II,P,PARTIDO DE LA GENTE E INDEPENDIENTES,,PDG,PARTIDO DE LA GENTE,124,1,Sí,4,13,3864,10973,35.213706,No
CONSTANZA_ANAIS_CARVACHO_ESCALONA__CAUTIN_II,CONSTANZA ANAIS CARVACHO ESCALONA,M,REGIÓN DE LA ARAUCANÍA,CAUTIN II,P,PARTIDO DE LA GENTE E INDEPENDIENTES,,PDG,PARTIDO DE LA GENTE,125,2,No,4,13,3271,10973,29.809532,No
MARCELO_BERMEDO_LILLO__CAUTIN_II,MARCELO BERMEDO LILLO,H,REGIÓN DE LA ARAUCANÍA,CAUTIN II,P,PARTIDO DE LA GENTE E INDEPENDIENTES,,PDG,PARTIDO DE LA GENTE,126,3,No,4,13,2016,10973,18.372369,No
JORGE_ENRIQUE_RAMIREZ_MOLINA__CAUTIN_II,JORGE ENRIQUE RAMIREZ MOLINA,H,REGIÓN DE LA ARAUCANÍA,CAUTIN II,P,PARTIDO DE LA GENTE E INDEPENDIENTES,,PDG,PARTIDO DE LA GENTE,127,4,No,4,13,1822,10973,16.604393,No
CARLOS_ALEXIS_VALLEJOS_VALLEJOS__CAUTIN_II,CARLOS ALEXIS VALLEJOS VALLEJOS,H,REGIÓN DE LA ARAUCANÍA,CAUTIN II,Q,POR UN CHILE MEJOR,,PDC,PARTIDO DEMOCRATA CRISTIANO,128,1,Sí,3,13,8124,16765,48.458097,No
MARCELO_ANDRES_POVEDA_LAVADO__CAUTIN_II,MARCELO ANDRES POVEDA LAVADO,H,REGIÓN DE LA ARAUCANÍA,CAUTIN II,Q,POR UN CHILE MEJOR,,IND,INDEPENDIENTES,129,2,No,3,13,6261,16765,37.345661,No
JOHANE_JESUS_OYARZUN_OYARZUN__CAUTIN_II,JOHANE JESUS OYARZUN OYARZUN,H,REGIÓN DE LA ARAUCANÍA,CAUTIN II,Q,POR UN CHILE MEJOR,,IND,INDEPENDIENTES,130,3,No,3,13,2380,16765,14.196242,No
CRISTIAN_ALEXIS_HERRERA_GONZALEZ__CAUTIN_II,CRISTIAN ALEXIS HERRERA GONZALEZ,H,REGIÓN DE LA ARAUCANÍA,CAUTIN II,R,CENTRO DEMOCRATICO,DEMOCRATAS E INDEPENDIENTES,DEMOCRATAS,PARTIDO DEMOCRATAS CHILE,131,1,Sí,5,13,6902,18819,36.6757,Sí
JOSE_GREGORIO_VEGA_BELLO__CAUTIN_II,JOSE GREGORIO VEGA BELLO,H,REGIÓN DE LA ARAUCANÍA,CAUTIN II,R,CENTRO DEMOCRATICO,DEMOCRATAS E INDEPENDIENTES,IND,INDEPENDIENTES,132,2,No,5,13,4635,18819,24.629364,No
PEDRO_PABLO_COLIPE_CASTILLO__CAUTIN_II,PEDRO PABLO COLIPE CASTILLO,H,REGIÓN DE LA ARAUCANÍA,CAUTIN II,R,CENTRO DEMOCRATICO,DEMOCRATAS E INDEPENDIENTES,IND,INDEPENDIENTES,133,3,No,5,13,1312,18819,6.971678,No
MANUEL_ALEJANDRO_RIVERA_LOPEZ__CAUTIN_II,MANUEL ALEJANDRO RIVERA LOPEZ,H,REGIÓN DE LA ARAUCANÍA,CAUTIN II,R,CENTRO DEMOCRATICO,DEMOCRATAS E INDEPENDIENTES,IND,INDEPENDIENTES,134,4,No,5,13,1141,18819,6.063021,No
MANUEL_ARAVENA_SAAVEDRA__CAUTIN_II,MANUEL ARAVENA SAAVEDRA,H,REGIÓN DE LA ARAUCANÍA,CAUTIN II,R,CENTRO DEMOCRATICO,DEMOCRATAS E INDEPENDIENTES,IND,INDEPENDIENTES,135,5,No,5,13,4829,18819,25.660237,No
SAUL_ALFREDO_SEPULVEDA_SEPULVEDA__CAUTIN_II,SAUL ALFREDO SEPULVEDA SEPULVEDA,H,REGIÓN DE LA ARAUCANÍA,CAUTIN II,S,FRENTE AMPLIO,FRENTE AMPLIO E INDEPENDIENTES,FA,FRENTE AMPLIO,136,1,Sí,4,13,4260,17445,24.419604,No
NELSON_GABRIEL_FIERRO_PINO__CAUTIN_II,NELSON GABRIEL FIERRO PINO,H,REGIÓN DE LA ARAUCANÍA,CAUTIN II,S,FRENTE AMPLIO,FRENTE AMPLIO E INDEPENDIENTES,FA,FRENTE AMPLIO,137,2,No,4,13,1991,17445,11.413012,No
JULIO_NELSON_MARILEO_CALFUQUEO__CAUTIN_II,JULIO NELSON MARILEO CALFUQUEO,H,REGIÓN DE LA ARAUCANÍA,CAUTIN II,S,FRENTE AMPLIO,FRENTE AMPLIO E INDEPENDIENTES,IND,INDEPENDIENTES,138,3,No,4,13,7731,17445,44.316423,Sí
CESAR_ANTONIO_GUARDA_INALAF__CAUTIN_II,CESAR ANTONIO GUARDA INALAF,H,REGIÓN DE LA ARAUCANÍA,CAUTIN II,S,FRENTE AMPLIO,FRENTE AMPLIO E INDEPENDIENTES,IND,INDEPENDIENTES,139,4,No,4,13,3463,17445,19.85096,No
RODRIGO_PACHECO_AGUILERA__CAUTIN_II,RODRIGO PACHECO AGUILERA,H,REGIÓN DE LA ARAUCANÍA,CAUTIN II,V,CHILE VAMOS UDI - INDEPENDIENTES,,UDI,UNION DEMOCRATA INDEPENDIENTE,140,1,Sí,5,13,22376,42512,52.63455,Sí
JOSE_LIZAMA_DIAZ__CAUTIN_II,JOSE LIZAMA DIAZ,H,REGIÓN DE LA ARAUCANÍA,CAUTIN II,V,CHILE VAMOS UDI - INDEPENDIENTES,,UDI,UNION DEMOCRATA INDEPENDIENTE,141,2,No,5,13,7347,42512,17.282179,Sí
CRISTOBAL_BRAVO_VALENZUELA__CAUTIN_II,CRISTOBAL BRAVO VALENZUELA,H,REGIÓN DE LA ARAUCANÍA,CAUTIN II,V,CHILE VAMOS UDI - INDEPENDIENTES,,IND,INDEPENDIENTES,142,3,No,5,13,9456,42512,22.243131,No
EDON_VELASQUEZ_CATALAN__CAUTIN_II,EDON VELASQUEZ CATALAN,H,REGIÓN DE LA ARAUCANÍA,CAUTIN II,V,CHILE VAMOS UDI - INDEPENDIENTES,,IND,INDEPENDIENTES,143,4,No,5,13,1952,42512,4.591645,No
MARIANELA_QUININAO_COLICOY__CAUTIN_II,MARIANELA QUIÑINAO COLICOY,M,REGIÓN DE LA ARAUCANÍA,CAUTIN II,V,CHILE VAMOS UDI - INDEPENDIENTES,,IND,INDEPENDIENTES,144,5,No,5,13,1381,42512,3.248495,No
RENE_FERNANDO_FERNANDEZ_HUERTA__CAUTIN_II,RENE FERNANDO FERNANDEZ HUERTA,H,REGIÓN DE LA ARAUCANÍA,CAUTIN II,W,CHILE VAMOS EVOPOLI - INDEPENDIENTES,,EVOPOLI,EVOLUCION POLITICA,145,1,Sí,4,13,3177,8778,36.192755,No
YOSELYN_BENAVENTE_CASTILLO__CAUTIN_II,YOSELYN BENAVENTE CASTILLO,M,REGIÓN DE LA ARAUCANÍA,CAUTIN II,W,CHILE VAMOS EVOPOLI - INDEPENDIENTES,,EVOPOLI,EVOLUCION POLITICA,146,2,No,4,13,1717,8778,19.560264,No
ANTONIO_HUIRILEF_BARRA__CAUTIN_II,ANTONIO HUIRILEF BARRA,H,REGIÓN DE LA ARAUCANÍA,CAUTIN II,W,CHILE VAMOS EVOPOLI - INDEPENDIENTES,,IND,INDEPENDIENTES,147,3,No,4,13,2531,8778,28.833447,No
KATHERINE_MARION_FUENTEALBA_HUENCHUMAN__CAUTIN_II,KATHERINE MARION FUENTEALBA HUENCHUMAN,M,REGIÓN DE LA ARAUCANÍA,CAUTIN II,W,CHILE VAMOS EVOPOLI - INDEPENDIENTES,,IND,INDEPENDIENTES,148,4,No,4,13,1353,8778,15.413534,No
MARISOL_WICKEL_NAVARRETE__CAUTIN_II,MARISOL WICKEL NAVARRETE,M,REGIÓN DE LA ARAUCANÍA,CAUTIN II,Y,REPUBLICANOS E INDEPENDIENTES,,REPUBLICANO,PARTIDO REPUBLICANO DE CHILE,149,1,Sí,7,13,13396,25787,51.948656,Sí
STEFANI_DEL_PILAR_ALARCON_HERRERA__CAUTIN_II,STEFANI DEL PILAR ALARCON HERRERA,M,REGIÓN DE LA ARAUCANÍA,CAUTIN II,Y,REPUBLICANOS E INDEPENDIENTES,,REPUBLICANO,PARTIDO REPUBLICANO DE CHILE,150,2,No,7,13,2836,25787,10.99779,No
FEDERICO_FIGUEROA_LIZAMA__CAUTIN_II,FEDERICO FIGUEROA LIZAMA,H,REGIÓN DE LA ARAUCANÍA,CAUTIN II,Y,REPUBLICANOS E INDEPENDIENTES,,REPUBLICANO,PARTIDO REPUBLICANO DE CHILE,151,3,No,7,13,3706,25787,14.371583,No
GUIDO_ALEXIS_CALDERON_PENA__CAUTIN_II,GUIDO ALEXIS CALDERON PEÑA,H,REGIÓN DE LA ARAUCANÍA,CAUTIN II,Y,REPUBLICANOS E INDEPENDIENTES,,REPUBLICANO,PARTIDO REPUBLICANO DE CHILE,152,4,No,7,13,2159,25787,8.372436,No
PATRICIO_ANDRES_DUCOMMUN_JIMENEZ__CAUTIN_II,PATRICIO ANDRES DUCOMMUN JIMENEZ,H,REGIÓN DE LA ARAUCANÍA,CAUTIN II,Y,REPUBLICANOS E INDEPENDIENTES,,REPUBLICANO,PARTIDO REPUBLICANO DE CHILE,153,5,No,7,13,1716,25787,6.654516,No
ALBERT_AQUILES_SANCHEZ_CARRASCO__CAUTIN_II,ALBERT AQUILES SANCHEZ CARRASCO,H,REGIÓN DE LA ARAUCANÍA,CAUTIN II,Y,REPUBLICANOS E INDEPENDIENTES,,REPUBLICANO,PARTIDO REPUBLICANO DE CHILE,154,6,No,7,13,792,25787,3.071315,No
IGNACIO_YERSON_VERDUGO_MUNOZ__CAUTIN_II,IGNACIO YERSON VERDUGO MUÑOZ,H,REGIÓN DE LA ARAUCANÍA,CAUTIN II,Y,REPUBLICANOS E INDEPENDIENTES,,REPUBLICANO,PARTIDO REPUBLICANO DE CHILE,155,7,No,7,13,1182,25787,4.583705,No
ROBERTO_CARLOS_QUINTANA_BURGOS__MALLECO,ROBERTO CARLOS QUINTANA BURGOS,H,REGIÓN DE LA ARAUCANÍA,MALLECO,F,PARTIDO SOCIAL CRISTIANO E INDEPENDIENTES,,IND,INDEPENDIENTES,100,1,Sí,3,10,3084,8072,38.206145,No
RAYEN_CAMILA_ANCATEN_PALOMINOS__MALLECO,RAYEN CAMILA ANCATEN PALOMINOS,M,REGIÓN DE LA ARAUCANÍA,MALLECO,F,PARTIDO SOCIAL CRISTIANO E INDEPENDIENTES,,IND,INDEPENDIENTES,101,2,No,3,10,1649,8072,20.428642,No
CLAUDIO_ISLA_HENRIQUEZ__MALLECO,CLAUDIO ISLA HENRIQUEZ,H,REGIÓN DE LA ARAUCANÍA,MALLECO,F,PARTIDO SOCIAL CRISTIANO E INDEPENDIENTES,,IND,INDEPENDIENTES,102,3,No,3,10,3339,8072,41.365213,No
MARITA_GUTIERREZ_SAAVEDRA__MALLECO,MARITA GUTIERREZ SAAVEDRA,M,REGIÓN DE LA ARAUCANÍA,MALLECO,I,CHILE VAMOS RENOVACION NACIONAL - INDEPENDIENTES,,RN,RENOVACION NACIONAL,103,1,Sí,5,10,7711,18514,41.649562,Sí
JUAN_CANUPAN_CARILAO__MALLECO,JUAN CAÑUPAN CARILAO,H,REGIÓN DE LA ARAUCANÍA,MALLECO,I,CHILE VAMOS RENOVACION NACIONAL - INDEPENDIENTES,,RN,RENOVACION NACIONAL,104,2,No,5,10,2218,18514,11.980123,No
ALBERTO_FRANCOIS_ROSAS__MALLECO,ALBERTO FRANCOIS ROSAS,H,REGIÓN DE LA ARAUCANÍA,MALLECO,I,CHILE VAMOS RENOVACION NACIONAL - INDEPENDIENTES,,RN,RENOVACION NACIONAL,105,3,No,5,10,2213,18514,11.953117,No
HUGO_BAYO_ESCALONA__MALLECO,HUGO BAYO ESCALONA,H,REGIÓN DE LA ARAUCANÍA,MALLECO,I,CHILE VAMOS RENOVACION NACIONAL - INDEPENDIENTES,,IND,INDEPENDIENTES,106,4,No,5,10,3140,18514,16.960138,No
MARIA_CRISTINA_LAVIN_BASSALETTI__MALLECO,MARIA CRISTINA LAVIN BASSALETTI,M,REGIÓN DE LA ARAUCANÍA,MALLECO,I,CHILE VAMOS RENOVACION NACIONAL - INDEPENDIENTES,,IND,INDEPENDIENTES,107,5,No,5,10,3232,18514,17.45706,No
ZAUDIEL_ALBERTO_MORA_SALAZAR__MALLECO,ZAUDIEL ALBERTO MORA SALAZAR,H,REGIÓN DE LA ARAUCANÍA,MALLECO,L,TU REGION RADICAL,,PR,PARTIDO RADICAL DE CHILE,108,1,Sí,1,10,2576,2576,100.0,No
ESSIO_EDGARDO_GUIDOTTI_VALLEJOS__MALLECO,ESSIO EDGARDO GUIDOTTI VALLEJOS,H,REGIÓN DE LA ARAUCANÍA,MALLECO,N,LO MEJOR PARA CHILE,PPD E INDEPENDIENTES,PPD,PARTIDO POR LA DEMOCRACIA,109,1,Sí,4,10,6245,18707,33.383226,Sí
ALEJANDRA_CECILIA_MALIAN_COLLIO__MALLECO,ALEJANDRA CECILIA MALIAN COLLIO,M,REGIÓN DE LA ARAUCANÍA,MALLECO,N,LO MEJOR PARA CHILE,PPD E INDEPENDIENTES,PPD,PARTIDO POR LA DEMOCRACIA,110,2,No,4,10,3511,18707,18.768375,No
SANDRA_SUSANA_MIERES_PAREDES__MALLECO,SANDRA SUSANA MIERES PAREDES,M,REGIÓN DE LA ARAUCANÍA,MALLECO,N,LO MEJOR PARA CHILE,PPD E INDEPENDIENTES,IND,INDEPENDIENTES,111,3,No,4,10,3247,18707,17.357139,No
LEOPOLDO_RODOLFO_ROSALES_NEIRA__MALLECO,LEOPOLDO RODOLFO ROSALES NEIRA,H,REGIÓN DE LA ARAUCANÍA,MALLECO,N,LO MEJOR PARA CHILE,PS E INDEPENDIENTES,PS,PARTIDO SOCIALISTA DE CHILE,112,4,No,4,10,5704,18707,30.49126,No
MONICA_RODRIGUEZ_RODRIGUEZ__MALLECO,MONICA RODRIGUEZ RODRIGUEZ,M,REGIÓN DE LA ARAUCANÍA,MALLECO,Q,POR UN CHILE MEJOR,,PDC,PARTIDO DEMOCRATA CRISTIANO,113,1,Sí,5,10,12008,19310,62.185396,Sí
SERGIO_ENRIQUE_ESPINOZA_GAVILAN__MALLECO,SERGIO ENRIQUE ESPINOZA GAVILAN,H,REGIÓN DE LA ARAUCANÍA,MALLECO,Q,POR UN CHILE MEJOR,,PDC,PARTIDO DEMOCRATA CRISTIANO,114,2,No,5,10,1609,19310,8.33247,No
KIRIA_GLADYS_ANTILEO_MELLA__MALLECO,KIRIA GLADYS ANTILEO MELLA,M,REGIÓN DE LA ARAUCANÍA,MALLECO,Q,POR UN CHILE MEJOR,,PDC,PARTIDO DEMOCRATA CRISTIANO,115,3,No,5,10,943,19310,4.88348,No
IVAN_RODRIGO_ROMAN_MANDUJANO__MALLECO,IVAN RODRIGO ROMAN MANDUJANO,H,REGIÓN DE LA ARAUCANÍA,MALLECO,Q,POR UN CHILE MEJOR,,IND,INDEPENDIENTES,116,4,No,5,10,1803,19310,9.337131,No
GISSELA_JAZMIN_FIGUEROA_ERICES__MALLECO,GISSELA JAZMIN FIGUEROA ERICES,M,REGIÓN DE LA ARAUCANÍA,MALLECO,Q,POR UN CHILE MEJOR,,IND,INDEPENDIENTES,117,5,No,5,10,2947,19310,15.261523,No
MARLENNE_ANDREA_ARANEDA_CARRASCO__MALLECO,MARLENNE ANDREA ARANEDA CARRASCO,M,REGIÓN DE LA ARAUCANÍA,MALLECO,R,CENTRO DEMOCRATICO,DEMOCRATAS E INDEPENDIENTES,DEMOCRATAS,PARTIDO DEMOCRATAS CHILE,118,1,Sí,1,10,2367,2367,100.0,No
MARIA_JOSEFA_BELEN_ALCAMAN_CURIN__MALLECO,MARIA JOSEFA BELEN ALCAMAN CURIN,M,REGIÓN DE LA ARAUCANÍA,MALLECO,S,FRENTE AMPLIO,FRENTE AMPLIO E INDEPENDIENTES,FA,FRENTE AMPLIO,119,1,Sí,5,10,3980,7329,54.304816,No
EDWIN_DANTE_FIGUEROA_LAGOS__MALLECO,EDWIN DANTE FIGUEROA LAGOS,H,REGIÓN DE LA ARAUCANÍA,MALLECO,S,FRENTE AMPLIO,FRENTE AMPLIO E INDEPENDIENTES,FA,FRENTE AMPLIO,120,2,No,5,10,653,7329,8.90981,No
PATRICIO_BERTRAND_ABDALA_SEPULVEDA__MALLECO,PATRICIO BERTRAND ABDALA SEPULVEDA,H,REGIÓN DE LA ARAUCANÍA,MALLECO,S,FRENTE AMPLIO,FRENTE AMPLIO E INDEPENDIENTES,FA,FRENTE AMPLIO,121,3,No,5,10,529,7329,7.217901,No
ROXANA_PAOLA_MAUREIRA_CACERES__MALLECO,ROXANA PAOLA MAUREIRA CACERES,M,REGIÓN DE LA ARAUCANÍA,MALLECO,S,FRENTE AMPLIO,FRENTE AMPLIO E INDEPENDIENTES,IND,INDEPENDIENTES,122,4,No,5,10,973,7329,13.276027,No
FABIAN_ULISES_HUENTENAO_SILVA__MALLECO,FABIAN ULISES HUENTENAO SILVA,H,REGIÓN DE LA ARAUCANÍA,MALLECO,S,FRENTE AMPLIO,FRENTE AMPLIO E INDEPENDIENTES,IND,INDEPENDIENTES,123,5,No,5,10,1194,7329,16.291445,No
JOSE_EDUARDO_GARCIA_GODOY__MALLECO,JOSE EDUARDO GARCIA GODOY,H,REGIÓN DE LA ARAUCANÍA,MALLECO,V,CHILE VAMOS UDI - INDEPENDIENTES,,UDI,UNION DEMOCRATA INDEPENDIENTE,124,1,Sí,5,10,3497,9841,35.535007,No
JORGE_ESPINOZA_NUALART__MALLECO,JORGE ESPINOZA NUALART,H,REGIÓN DE LA ARAUCANÍA,MALLECO,V,CHILE VAMOS UDI - INDEPENDIENTES,,UDI,UNION DEMOCRATA INDEPENDIENTE,125,2,No,5,10,1492,9841,15.161061,No
CRISTIAN_GARCES_GARCES__MALLECO,CRISTIAN GARCES GARCES,H,REGIÓN DE LA ARAUCANÍA,MALLECO,V,CHILE VAMOS UDI - INDEPENDIENTES,,IND,INDEPENDIENTES,126,3,No,5,10,1746,9841,17.742099,No
GISSELA_FUENTES_GALAZ__MALLECO,GISSELA FUENTES GALAZ,M,REGIÓN DE LA ARAUCANÍA,MALLECO,V,CHILE VAMOS UDI - INDEPENDIENTES,,IND,INDEPENDIENTES,127,4,No,5,10,1750,9841,17.782746,No
ALEJANDRA_GARDULSKI_PINTO__MALLECO,ALEJANDRA GARDULSKI PINTO,M,REGIÓN DE LA ARAUCANÍA,MALLECO,V,CHILE VAMOS UDI - INDEPENDIENTES,,IND,INDEPENDIENTES,128,5,No,5,10,1356,9841,13.779087,No
FRANCISCO_JAVIER_VENEGAS_PEZO__MALLECO,FRANCISCO JAVIER VENEGAS PEZO,H,REGIÓN DE LA ARAUCANÍA,MALLECO,W,CHILE VAMOS EVOPOLI - INDEPENDIENTES,,EVOPOLI,EVOLUCION POLITICA,129,1,Sí,5,10,4413,20896,21.118874,No
HUGO_ROLANDO_MONSALVES_CASTILLO__MALLECO,HUGO ROLANDO MONSALVES CASTILLO,H,REGIÓN DE LA ARAUCANÍA,MALLECO,W,CHILE VAMOS EVOPOLI - INDEPENDIENTES,,IND,INDEPENDIENTES,130,2,No,5,10,8253,20896,39.495597,Sí
ROLANDO_FLORES_FERNANDEZ__MALLECO,ROLANDO FLORES FERNANDEZ,H,REGIÓN DE LA ARAUCANÍA,MALLECO,W,CHILE VAMOS EVOPOLI - INDEPENDIENTES,,IND,INDEPENDIENTES,131,3,No,5,10,5808,20896,27.794793,No
NELSON_JUAN_PABLO_PROUST_SAAVEDRA__MALLECO,NELSON JUAN PABLO PROUST SAAVEDRA,H,REGIÓN DE LA ARAUCANÍA,MALLECO,W,CHILE VAMOS EVOPOLI - INDEPENDIENTES,,IND,INDEPENDIENTES,132,4,No,5,10,1133,20896,5.42209,No
ALEJANDRA_MONSO_GUERRATY__MALLECO,ALEJANDRA MONSO GUERRATY,M,REGIÓN DE LA ARAUCANÍA,MALLECO,W,CHILE VAMOS EVOPOLI - INDEPENDIENTES,,IND,INDEPENDIENTES,133,5,No,5,10,1289,20896,6.168645,No
NICOLAS_ALBERTO_DONZE_CABEZAS__MALLECO,NICOLAS ALBERTO DONZE CABEZAS,H,REGIÓN DE LA ARAUCANÍA,MALLECO,Y,REPUBLICANOS E INDEPENDIENTES,,REPUBLICANO,PARTIDO REPUBLICANO DE CHILE,134,1,Sí,5,10,6823,16490,41.376592,Sí
PATRICIA_MEYNET_ROBLES__MALLECO,PATRICIA MEYNET ROBLES,M,REGIÓN DE LA ARAUCANÍA,MALLECO,Y,REPUBLICANOS E INDEPENDIENTES,,IND,INDEPENDIENTES,135,2,No,5,10,3126,16490,18.956944,No
YASNA_MARIBEL_NAVARRETE_GUTIERREZ__MALLECO,YASNA MARIBEL NAVARRETE GUTIERREZ,M,REGIÓN DE LA ARAUCANÍA,MALLECO,Y,REPUBLICANOS E INDEPENDIENTES,,IND,INDEPENDIENTES,136,3,No,5,10,4387,16490,26.604002,No
ALEJANDRO_RODOLFO_REYES_DIAZ__MALLECO,ALEJANDRO RODOLFO REYES DIAZ,H,REGIÓN DE LA ARAUCANÍA,MALLECO,Y,REPUBLICANOS E INDEPENDIENTES,,IND,INDEPENDIENTES,137,4,No,5,10,1057,16490,6.409945,No
RICARDO_ANTONIO_SEPULVEDA_CABRERA__MALLECO,RICARDO ANTONIO SEPULVEDA CABRERA,H,REGIÓN DE LA ARAUCANÍA,MALLECO,Y,REPUBLICANOS E INDEPENDIENTES,,IND,INDEPENDIENTES,138,5,No,5,10,1097,16490,6.652517,No
SOLEDAD_CUESTA_VALLEJOS__RANCO,SOLEDAD CUESTA VALLEJOS,M,REGIÓN DE LOS RÍOS,RANCO,I,CHILE VAMOS RENOVACION NACIONAL - INDEPENDIENTES,,IND,INDEPENDIENTES,100,1,Sí,4,5,3946,7885,50.044388,No
CINDY_CATHERINE_DELGADO_REYES__RANCO,CINDY CATHERINE DELGADO REYES,M,REGIÓN DE LOS RÍOS,RANCO,I,CHILE VAMOS RENOVACION NACIONAL - INDEPENDIENTES,,IND,INDEPENDIENTES,101,2,No,4,5,996,7885,12.631579,No
VICTOR_DELGADO_SOLIS__RANCO,VICTOR DELGADO SOLIS,H,REGIÓN DE LOS RÍOS,RANCO,I,CHILE VAMOS RENOVACION NACIONAL - INDEPENDIENTES,,IND,INDEPENDIENTES,102,3,No,4,5,2327,7885,29.511731,No
CARLOS_ULLOA_HEINSOHN__RANCO,CARLOS ULLOA HEINSOHN,H,REGIÓN DE LOS RÍOS,RANCO,I,CHILE VAMOS RENOVACION NACIONAL - INDEPENDIENTES,,IND,INDEPENDIENTES,103,4,No,4,5,616,7885,7.812302,No
CATALINA_HOTT_SOLIS__RANCO,CATALINA HOTT SOLIS,M,REGIÓN DE LOS RÍOS,RANCO,N,LO MEJOR PARA CHILE,PPD E INDEPENDIENTES,PPD,PARTIDO POR LA DEMOCRACIA,104,1,Sí,5,5,10751,26932,39.919055,Sí
SARITA_EVELYNE_JARAMILLO_ARISMENDI__RANCO,SARITA EVELYNE JARAMILLO ARISMENDI,M,REGIÓN DE LOS RÍOS,RANCO,N,LO MEJOR PARA CHILE,PPD E INDEPENDIENTES,PPD,PARTIDO POR LA DEMOCRACIA,105,2,No,5,5,5598,26932,20.785682,Sí
SEBASTIAN_ANDRES_GOMEZ_PEREZ__RANCO,SEBASTIAN ANDRES GOMEZ PEREZ,H,REGIÓN DE LOS RÍOS,RANCO,N,LO MEJOR PARA CHILE,PPD E INDEPENDIENTES,PPD,PARTIDO POR LA DEMOCRACIA,106,3,No,5,5,4724,26932,17.540472,Sí
DIEGO_FLORES_VERA__RANCO,DIEGO FLORES VERA,H,REGIÓN DE LOS RÍOS,RANCO,N,LO MEJOR PARA CHILE,PS E INDEPENDIENTES,PS,PARTIDO SOCIALISTA DE CHILE,107,4,No,5,5,3360,26932,12.475865,No
YENIFER_ADRIANA_QUILEMPAN_COLIHUINCA__RANCO,YENIFER ADRIANA QUILEMPAN COLIHUINCA,M,REGIÓN DE LOS RÍOS,RANCO,N,LO MEJOR PARA CHILE,PS E INDEPENDIENTES,IND,INDEPENDIENTES,108,5,No,5,5,2499,26932,9.278925,No
MARIO_ANDRES_CUMIAN_PORTALES__RANCO,MARIO ANDRES CUMIAN PORTALES,H,REGIÓN DE LOS RÍOS,RANCO,Q,POR UN CHILE MEJOR,,PDC,PARTIDO DEMOCRATA CRISTIANO,109,1,Sí,4,5,3879,6182,62.746684,No
FREDY_LEONEL_DIAZ_ULLOA__RANCO,FREDY LEONEL DIAZ ULLOA,H,REGIÓN DE LOS RÍOS,RANCO,Q,POR UN CHILE MEJOR,,PDC,PARTIDO DEMOCRATA CRISTIANO,110,2,No,4,5,945,6182,15.286315,No
VICTOR_HUGO_HIDALGO_BRUNO__RANCO,VICTOR HUGO HIDALGO BRUNO,H,REGIÓN DE LOS RÍOS,RANCO,Q,POR UN CHILE MEJOR,,PDC,PARTIDO DEMOCRATA CRISTIANO,111,3,No,4,5,656,6182,10.611453,No
CRISTIAN_FERNANDO_CUADRA_AGUILAR__RANCO,CRISTIAN FERNANDO CUADRA AGUILAR,H,REGIÓN DE LOS RÍOS,RANCO,Q,POR UN CHILE MEJOR,,PDC,PARTIDO DEMOCRATA CRISTIANO,112,4,No,4,5,702,6182,11.355548,No
MARISOL_BAHAMONDEZ_MILLAR__RANCO,MARISOL BAHAMONDEZ MILLAR,M,REGIÓN DE LOS RÍOS,RANCO,V,CHILE VAMOS UDI - INDEPENDIENTES,,UDI,UNION DEMOCRATA INDEPENDIENTE,113,1,Sí,5,5,4179,12104,34.525777,Sí
VICTOR_MANUEL_VERA_CALFUEQUE__RANCO,VICTOR MANUEL VERA CALFUEQUE,H,REGIÓN DE LOS RÍOS,RANCO,V,CHILE VAMOS UDI - INDEPENDIENTES,,UDI,UNION DEMOCRATA INDEPENDIENTE,114,2,No,5,5,1721,12104,14.21844,No
SVEN_VON_MUHLENBROCK_SCHLATTER__RANCO,SVEN VON MUHLENBROCK SCHLATTER,H,REGIÓN DE LOS RÍOS,RANCO,V,CHILE VAMOS UDI - INDEPENDIENTES,,IND,INDEPENDIENTES,115,3,No,5,5,1338,12104,11.054197,No
ALEJANDRO_SABALA_RISCO__RANCO,ALEJANDRO SABALA RISCO,H,REGIÓN DE LOS RÍOS,RANCO,V,CHILE VAMOS UDI - INDEPENDIENTES,,IND,INDEPENDIENTES,116,4,No,5,5,941,12104,7.774289,No
CARLOS_DUHALDE_SALINAS__RANCO,CARLOS DUHALDE SALINAS,H,REGIÓN DE LOS RÍOS,RANCO,V,CHILE VAMOS UDI - INDEPENDIENTES,,IND,INDEPENDIENTES,117,5,No,5,5,3925,12104,32.427297,No
ANE_LOBETH_CONTRERAS_ALVAREZ__RANCO,ANE LOBETH CONTRERAS ALVAREZ,M,REGIÓN DE LOS RÍOS,RANCO,Y,REPUBLICANOS E INDEPENDIENTES,,REPUBLICANO,PARTIDO REPUBLICANO DE CHILE,118,1,Sí,5,5,3404,10097,33.712984,Sí
PAULINA_TAMARA_HERNANDEZ_VALDERRAMA__RANCO,PAULINA TAMARA HERNANDEZ VALDERRAMA,M,REGIÓN DE LOS RÍOS,RANCO,Y,REPUBLICANOS E INDEPENDIENTES,,REPUBLICANO,PARTIDO REPUBLICANO DE CHILE,119,2,No,5,5,2350,10097,23.27424,No
JUAN_MANUEL_LIZAMA_MUNOZ__RANCO,JUAN MANUEL LIZAMA MUÑOZ,H,REGIÓN DE LOS RÍOS,RANCO,Y,REPUBLICANOS E INDEPENDIENTES,,REPUBLICANO,PARTIDO REPUBLICANO DE CHILE,120,3,No,5,5,1482,10097,14.677627,No
GENESIS_BETZABETH_GARRIDO_RUIZ__RANCO,GENESIS BETZABETH GARRIDO RUIZ,M,REGIÓN DE LOS RÍOS,RANCO,Y,REPUBLICANOS E INDEPENDIENTES,,REPUBLICANO,PARTIDO REPUBLICANO DE CHILE,121,4,No,5,5,726,10097,7.190255,No
JULIO_ISMAEL_AVILA_MANCILLA__RANCO,JULIO ISMAEL AVILA MANCILLA,H,REGIÓN DE LOS RÍOS,RANCO,Y,REPUBLICANOS E INDEPENDIENTES,,IND,INDEPENDIENTES,122,5,No,5,5,2135,10097,21.144895,No
CARLOS_FELIPE_GALINDO_VIVANCO__VALDIVIA,CARLOS FELIPE GALINDO VIVANCO,H,REGIÓN DE LOS RÍOS,VALDIVIA,C,TODAS Y TODOS POR CHILE,PARTIDO COMUNISTA E INDEPENDIENTES,PCCH,PARTIDO COMUNISTA DE CHILE,100,1,Sí,5,11,4317,9555,45.180534,No
LILITH_VICTORIA_ATENEA_TRUJILLO_ESPINOZA__VALDIVIA,LILITH VICTORIA ATENEA TRUJILLO ESPINOZA,M,REGIÓN DE LOS RÍOS,VALDIVIA,C,TODAS Y TODOS POR CHILE,PARTIDO COMUNISTA E INDEPENDIENTES,IND,INDEPENDIENTES,101,2,No,5,11,2283,9555,23.89325,No
CATHERINNE_PAMELA_MARINKOVIC_VASQUEZ__VALDIVIA,CATHERINNE PAMELA MARINKOVIC VASQUEZ,M,REGIÓN DE LOS RÍOS,VALDIVIA,C,TODAS Y TODOS POR CHILE,PARTIDO COMUNISTA E INDEPENDIENTES,IND,INDEPENDIENTES,102,3,No,5,11,1001,9555,10.47619,No
JORGE_ADOLFO_SERON_TAPIA__VALDIVIA,JORGE ADOLFO SERON TAPIA,H,REGIÓN DE LOS RÍOS,VALDIVIA,C,TODAS Y TODOS POR CHILE,PARTIDO COMUNISTA E INDEPENDIENTES,IND,INDEPENDIENTES,103,4,No,5,11,689,9555,7.210884,No
MARIBEL_DEL_PILAR_MORENO_PANGUI__VALDIVIA,MARIBEL DEL PILAR MORENO PANGUI,M,REGIÓN DE LOS RÍOS,VALDIVIA,C,TODAS Y TODOS POR CHILE,PARTIDO COMUNISTA E INDEPENDIENTES,IND,INDEPENDIENTES,104,5,No,5,11,1265,9555,13.239142,No
FELIPE_RIVERA_ALVAREZ__VALDIVIA,FELIPE RIVERA ALVAREZ,H,REGIÓN DE LOS RÍOS,VALDIVIA,I,CHILE VAMOS RENOVACION NACIONAL - INDEPENDIENTES,,RN,RENOVACION NACIONAL,105,1,Sí,9,11,3688,34221,10.777008,No
ARIEL_MUNOZ_MORALES__VALDIVIA,ARIEL MUÑOZ MORALES,H,REGIÓN DE LOS RÍOS,VALDIVIA,I,CHILE VAMOS RENOVACION NACIONAL - INDEPENDIENTES,,RN,RENOVACION NACIONAL,106,2,No,9,11,7991,34221,23.351159,Sí
KARINA_SILVA_FERNANDEZ__VALDIVIA,KARINA SILVA FERNANDEZ,M,REGIÓN DE LOS RÍOS,VALDIVIA,I,CHILE VAMOS RENOVACION NACIONAL - INDEPENDIENTES,,RN,RENOVACION NACIONAL,107,3,No,9,11,3205,34221,9.365594,No
MARIO_SCHMEISSER_MUNOZ__VALDIVIA,MARIO SCHMEISSER MUÑOZ,H,REGIÓN DE LOS RÍOS,VALDIVIA,I,CHILE VAMOS RENOVACION NACIONAL - INDEPENDIENTES,,RN,RENOVACION NACIONAL,108,4,No,9,11,4553,34221,13.304696,Sí
YOHANA_SILVA_QUEZADA__VALDIVIA,YOHANA SILVA QUEZADA,M,REGIÓN DE LOS RÍOS,VALDIVIA,I,CHILE VAMOS RENOVACION NACIONAL - INDEPENDIENTES,,IND,INDEPENDIENTES,109,5,No,9,11,1189,34221,3.474475,No
CARLOS_RODRIGUEZ_RODRIGUEZ__VALDIVIA,CARLOS RODRIGUEZ RODRIGUEZ,H,REGIÓN DE LOS RÍOS,VALDIVIA,I,CHILE VAMOS RENOVACION NACIONAL - INDEPENDIENTES,,IND,INDEPENDIENTES,110,6,No,9,11,1659,34221,4.8479,No
BEATRIZ_KUNSTMANN_BARBA__VALDIVIA,BEATRIZ KUNSTMANN BARBA,M,REGIÓN DE LOS RÍOS,VALDIVIA,I,CHILE VAMOS RENOVACION NACIONAL - INDEPENDIENTES,,IND,INDEPENDIENTES,111,7,No,9,11,5826,34221,17.024634,No
GUILLERMO_MITRE_FLORES__VALDIVIA,GUILLERMO MITRE FLORES,H,REGIÓN DE LOS RÍOS,VALDIVIA,I,CHILE VAMOS RENOVACION NACIONAL - INDEPENDIENTES,,IND,INDEPENDIENTES,112,8,No,9,11,3127,34221,9.137664,No
CLAUDIO_BARRIA_ALVAREZ__VALDIVIA,CLAUDIO BARRIA ALVAREZ,H,REGIÓN DE LOS RÍOS,VALDIVIA,I,CHILE VAMOS RENOVACION NACIONAL - INDEPENDIENTES,,IND,INDEPENDIENTES,113,9,No,9,11,2983,34221,8.71687,No
SEBASTIAN_EDUARDO_DAVILA_HERNANDEZ__VALDIVIA,SEBASTIAN EDUARDO DAVILA HERNANDEZ,H,REGIÓN DE LOS RÍOS,VALDIVIA,L,TU REGION RADICAL,,PR,PARTIDO RADICAL DE CHILE,114,1,Sí,4,11,1294,4187,30.905183,No
CAROLINA_SUSANA_CARRASCO_BELTRAN__VALDIVIA,CAROLINA SUSANA CARRASCO BELTRAN,M,REGIÓN DE LOS RÍOS,VALDIVIA,L,TU REGION RADICAL,,IND,INDEPENDIENTES,115,2,No,4,11,1058,4187,25.268689,No
MARTA_ELISA_VASQUEZ_BREVIS__VALDIVIA,MARTA ELISA VASQUEZ BREVIS,M,REGIÓN DE LOS RÍOS,VALDIVIA,L,TU REGION RADICAL,,IND,INDEPENDIENTES,116,3,No,4,11,486,4187,11.607356,No
ELMO_RODOLFO_HUENUN_HUEITRA__VALDIVIA,ELMO RODOLFO HUENUN HUEITRA,H,REGIÓN DE LOS RÍOS,VALDIVIA,L,TU REGION RADICAL,,IND,INDEPENDIENTES,117,4,No,4,11,1349,4187,32.218772,No
MARIO_RICHARD_MONTECINOS_AROS__VALDIVIA,MARIO RICHARD MONTECINOS AROS,H,REGIÓN DE LOS RÍOS,VALDIVIA,M,REGIONES VERDES LIBERALES,,FREVS,FEDERACION REGIONALISTA VERDE SOCIAL,118,1,Sí,1,11,2741,2741,100.0,No
ITALO_MARTINEZ_CARVALLO__VALDIVIA,ITALO MARTINEZ CARVALLO,H,REGIÓN DE LOS RÍOS,VALDIVIA,N,LO MEJOR PARA CHILE,PS E INDEPENDIENTES,PS,PARTIDO SOCIALISTA DE CHILE,119,1,Sí,9,11,8753,28951,30.233843,Sí
NANCY_HERMINDA_SILVA_GUERRERO__VALDIVIA,NANCY HERMINDA SILVA GUERRERO,M,REGIÓN DE LOS RÍOS,VALDIVIA,N,LO MEJOR PARA CHILE,PS E INDEPENDIENTES,PS,PARTIDO SOCIALISTA DE CHILE,120,2,No,9,11,2310,28951,7.978999,No
FELIPE_ARMANDO_LOPEZ_PALMA__VALDIVIA,FELIPE ARMANDO LOPEZ PALMA,H,REGIÓN DE LOS RÍOS,VALDIVIA,N,LO MEJOR PARA CHILE,PS E INDEPENDIENTES,PS,PARTIDO SOCIALISTA DE CHILE,121,3,No,9,11,6436,28951,22.230666,Sí
LUIS_EDUARDO_AGUILAR_AGUILAR__VALDIVIA,LUIS EDUARDO AGUILAR AGUILAR,H,REGIÓN DE LOS RÍOS,VALDIVIA,N,LO MEJOR PARA CHILE,PS E INDEPENDIENTES,PS,PARTIDO SOCIALISTA DE CHILE,122,4,No,9,11,1204,28951,4.158751,No
PEDRO_ROBERTO_PACHECO_SAEZ__VALDIVIA,PEDRO ROBERTO PACHECO SAEZ,H,REGIÓN DE LOS RÍOS,VALDIVIA,N,LO MEJOR PARA CHILE,PS E INDEPENDIENTES,PS,PARTIDO SOCIALISTA DE CHILE,123,5,No,9,11,1354,28951,4.676868,No
PATRICIO_ALEJANDRO_FUENTES_PAREDES__VALDIVIA,PATRICIO ALEJANDRO FUENTES PAREDES,H,REGIÓN DE LOS RÍOS,VALDIVIA,N,LO MEJOR PARA CHILE,PPD E INDEPENDIENTES,PPD,PARTIDO POR LA DEMOCRACIA,124,6,No,9,11,3492,28951,12.06176,No
MARCOS_RUBEN_CORTEZ_MUNOZ__VALDIVIA,MARCOS RUBEN CORTEZ MUÑOZ,H,REGIÓN DE LOS RÍOS,VALDIVIA,N,LO MEJOR PARA CHILE,PPD E INDEPENDIENTES,PPD,PARTIDO POR LA DEMOCRACIA,125,7,No,9,11,3510,28951,12.123934,No
JUAN_GABRIEL_HUANQUIL_HUANQUIL__VALDIVIA,JUAN GABRIEL HUANQUIL HUANQUIL,H,REGIÓN DE LOS RÍOS,VALDIVIA,N,LO MEJOR PARA CHILE,PPD E INDEPENDIENTES,PPD,PARTIDO POR LA DEMOCRACIA,126,8,No,9,11,1246,28951,4.303824,No
CAMILO_ANDRES_VASQUEZ_HERRERA__VALDIVIA,CAMILO ANDRES VASQUEZ HERRERA,H,REGIÓN DE LOS RÍOS,VALDIVIA,N,LO MEJOR PARA CHILE,PPD E INDEPENDIENTES,IND,INDEPENDIENTES,127,9,No,9,11,646,28951,2.231356,No
EMMA_PATRICIA_CIFUENTES_BARRIENTOS__VALDIVIA,EMMA PATRICIA CIFUENTES BARRIENTOS,M,REGIÓN DE LOS RÍOS,VALDIVIA,P,PARTIDO DE LA GENTE E INDEPENDIENTES,,PDG,PARTIDO DE LA GENTE,128,1,Sí,3,11,2868,5565,51.536388,No
FRANCISCO_ISIDORO_HENRIQUEZ_MUNOZ__VALDIVIA,FRANCISCO ISIDORO HENRIQUEZ MUÑOZ,H,REGIÓN DE LOS RÍOS,VALDIVIA,P,PARTIDO DE LA GENTE E INDEPENDIENTES,,PDG,PARTIDO DE LA GENTE,129,2,No,3,11,1476,5565,26.522911,No
GERARDO_EFRAIN_LARA_MARTINEZ__VALDIVIA,GERARDO EFRAIN LARA MARTINEZ,H,REGIÓN DE LOS RÍOS,VALDIVIA,P,PARTIDO DE LA GENTE E INDEPENDIENTES,,PDG,PARTIDO DE LA GENTE,130,3,No,3,11,1221,5565,21.940701,No
HECTOR_MANUEL_PACHECO_RIVERA__VALDIVIA,HECTOR MANUEL PACHECO RIVERA,H,REGIÓN DE LOS RÍOS,VALDIVIA,Q,POR UN CHILE MEJOR,,PDC,PARTIDO DEMOCRATA CRISTIANO,131,1,Sí,7,11,3923,15355,25.548681,Sí
ANDRES_FERNANDO_BARRIGA_QUEZADA__VALDIVIA,ANDRES FERNANDO BARRIGA QUEZADA,H,REGIÓN DE LOS RÍOS,VALDIVIA,Q,POR UN CHILE MEJOR,,PDC,PARTIDO DEMOCRATA CRISTIANO,132,2,No,7,11,944,15355,6.147835,No
TERESA_GRACIELA_RIVERA_CARRASCO__VALDIVIA,TERESA GRACIELA RIVERA CARRASCO,M,REGIÓN DE LOS RÍOS,VALDIVIA,Q,POR UN CHILE MEJOR,,PDC,PARTIDO DEMOCRATA CRISTIANO,133,3,No,7,11,1752,15355,11.409964,No
JACINTO_SEGUNDO_TEJEDA_MUNOZ__VALDIVIA,JACINTO SEGUNDO TEJEDA MUÑOZ,H,REGIÓN DE LOS RÍOS,VALDIVIA,Q,POR UN CHILE MEJOR,,PDC,PARTIDO DEMOCRATA CRISTIANO,134,4,No,7,11,872,15355,5.678932,No
EDUARDO_ALBERTO_VASQUEZ_HUIRIMAN__VALDIVIA,EDUARDO ALBERTO VASQUEZ HUIRIMAN,H,REGIÓN DE LOS RÍOS,VALDIVIA,Q,POR UN CHILE MEJOR,,PDC,PARTIDO DEMOCRATA CRISTIANO,135,5,No,7,11,1006,15355,6.551612,No
MARCO_ANTONIO_IDE_MAYORGA__VALDIVIA,MARCO ANTONIO IDE MAYORGA,H,REGIÓN DE LOS RÍOS,VALDIVIA,Q,POR UN CHILE MEJOR,,IND,INDEPENDIENTES,136,6,No,7,11,2159,15355,14.060567,No
ERWIN_CONRADO_PACHECO_AYALA__VALDIVIA,ERWIN CONRADO PACHECO AYALA,H,REGIÓN DE LOS RÍOS,VALDIVIA,Q,POR UN CHILE MEJOR,,IND,INDEPENDIENTES,137,7,No,7,11,4699,15355,30.60241,No
CAMILA_JOSEFA_DARIM_MATTAR_HAZBUN__VALDIVIA,CAMILA JOSEFA DARIM MATTAR HAZBUN,M,REGIÓN DE LOS RÍOS,VALDIVIA,S,FRENTE AMPLIO,FRENTE AMPLIO E INDEPENDIENTES,FA,FRENTE AMPLIO,138,1,Sí,7,11,5266,17127,30.746774,Sí
VALERIA_AMANDA_OCHOA_HINRICHSEN__VALDIVIA,VALERIA AMANDA OCHOA HINRICHSEN,M,REGIÓN DE LOS RÍOS,VALDIVIA,S,FRENTE AMPLIO,FRENTE AMPLIO E INDEPENDIENTES,FA,FRENTE AMPLIO,139,2,No,7,11,2665,17127,15.560227,No
HECTOR_ALEJANDRO_RAMIREZ_BARRERA__VALDIVIA,HECTOR ALEJANDRO RAMIREZ BARRERA,H,REGIÓN DE LOS RÍOS,VALDIVIA,S,FRENTE AMPLIO,FRENTE AMPLIO E INDEPENDIENTES,FA,FRENTE AMPLIO,140,3,No,7,11,3196,17127,18.660594,No
PAULA_CAROLINA_OBANDO_SOTO__VALDIVIA,PAULA CAROLINA OBANDO SOTO,M,REGIÓN DE LOS RÍOS,VALDIVIA,S,FRENTE AMPLIO,FRENTE AMPLIO E INDEPENDIENTES,FA,FRENTE AMPLIO,141,4,No,7,11,1245,17127,7.269224,No
GONZALO_ERNESTO_GUTIERREZ_SILVA__VALDIVIA,GONZALO ERNESTO GUTIERREZ SILVA,H,REGIÓN DE LOS RÍOS,VALDIVIA,S,FRENTE AMPLIO,FRENTE AMPLIO E INDEPENDIENTES,FA,FRENTE AMPLIO,142,5,No,7,11,981,17127,5.727798,No
LILIAN_DEL_CARMEN_PINO_ILABEL__VALDIVIA,LILIAN DEL CARMEN PINO ILABEL,M,REGIÓN DE LOS RÍOS,VALDIVIA,S,FRENTE AMPLIO,FRENTE AMPLIO E INDEPENDIENTES,IND,INDEPENDIENTES,143,6,No,7,11,1467,17127,8.565423,No
JULIO_EDUARDO_CORREA_VERA__VALDIVIA,JULIO EDUARDO CORREA VERA,H,REGIÓN DE LOS RÍOS,VALDIVIA,S,FRENTE AMPLIO,FRENTE AMPLIO E INDEPENDIENTES,IND,INDEPENDIENTES,144,7,No,7,11,2307,17127,13.46996,No
SERGIO_ALBORNOZ_ASENJO__VALDIVIA,SERGIO ALBORNOZ ASENJO,H,REGIÓN DE LOS RÍOS,VALDIVIA,V,CHILE VAMOS UDI - INDEPENDIENTES,,UDI,UNION DEMOCRATA INDEPENDIENTE,145,1,Sí,5,11,2900,13182,21.999697,No
FRANCISCO_JAVIER_LARA_ROLOFF__VALDIVIA,FRANCISCO JAVIER LARA ROLOFF,H,REGIÓN DE LOS RÍOS,VALDIVIA,V,CHILE VAMOS UDI - INDEPENDIENTES,,IND,INDEPENDIENTES,146,2,No,5,11,2342,13182,17.766651,No
JUAN_CARLOS_FARIAS_SILVA__VALDIVIA,JUAN CARLOS FARIAS SILVA,H,REGIÓN DE LOS RÍOS,VALDIVIA,V,CHILE VAMOS UDI - INDEPENDIENTES,,IND,INDEPENDIENTES,147,3,No,5,11,6421,13182,48.710363,Sí
MARCELO_VARGAS_MARTINEZ__VALDIVIA,MARCELO VARGAS MARTINEZ,H,REGIÓN DE LOS RÍOS,VALDIVIA,V,CHILE VAMOS UDI - INDEPENDIENTES,,IND,INDEPENDIENTES,148,4,No,5,11,406,13182,3.079958,No
VIVIANA_MANQUE_MOSQUEIRA__VALDIVIA,VIVIANA MANQUE MOSQUEIRA,M,REGIÓN DE LOS RÍOS,VALDIVIA,V,CHILE VAMOS UDI - INDEPENDIENTES,,IND,INDEPENDIENTES,149,5,No,5,11,1113,13182,8.443332,No
JUAN_MANUEL_TALADRIZ_EGUILUZ__VALDIVIA,JUAN MANUEL TALADRIZ EGUILUZ,H,REGIÓN DE LOS RÍOS,VALDIVIA,W,CHILE VAMOS EVOPOLI - INDEPENDIENTES,,EVOPOLI,EVOLUCION POLITICA,150,1,Sí,7,11,4706,13026,36.127745,Sí
CAROLINA_VALESKA_FABRES_ULLOA__VALDIVIA,CAROLINA VALESKA FABRES ULLOA,M,REGIÓN DE LOS RÍOS,VALDIVIA,W,CHILE VAMOS EVOPOLI - INDEPENDIENTES,,EVOPOLI,EVOLUCION POLITICA,151,2,No,7,11,580,13026,4.452633,No
CRISTIAN_RAUL_DURAN_EGLE__VALDIVIA,CRISTIAN RAUL DURAN EGLE,H,REGIÓN DE LOS RÍOS,VALDIVIA,W,CHILE VAMOS EVOPOLI - INDEPENDIENTES,,EVOPOLI,EVOLUCION POLITICA,152,3,No,7,11,429,13026,3.293413,No
XIMENA_SOLEDAD_CASTILLO_BECERRA__VALDIVIA,XIMENA SOLEDAD CASTILLO BECERRA,M,REGIÓN DE LOS RÍOS,VALDIVIA,W,CHILE VAMOS EVOPOLI - INDEPENDIENTES,,IND,INDEPENDIENTES,153,4,No,7,11,1174,13026,9.012744,No
LORENA_LEON_HUILIPAN__VALDIVIA,LORENA LEON HUILIPAN,M,REGIÓN DE LOS RÍOS,VALDIVIA,W,CHILE VAMOS EVOPOLI - INDEPENDIENTES,,IND,INDEPENDIENTES,154,5,No,7,11,925,13026,7.101182,No
SERGIO_ALEJANDRO_DURAN_ARAYA__VALDIVIA,SERGIO ALEJANDRO DURAN ARAYA,H,REGIÓN DE LOS RÍOS,VALDIVIA,W,CHILE VAMOS EVOPOLI - INDEPENDIENTES,,IND,INDEPENDIENTES,155,6,No,7,11,365,13026,2.802088,No
ROLANDO_HERNAN_PENA_RIQUELME__VALDIVIA,ROLANDO HERNAN PEÑA RIQUELME,H,REGIÓN DE LOS RÍOS,VALDIVIA,W,CHILE VAMOS EVOPOLI - INDEPENDIENTES,,IND,INDEPENDIENTES,156,7,No,7,11,4847,13026,37.210195,No
SERGIO_IVAN_VALENZUELA_IRIGOYEN__VALDIVIA,SERGIO IVAN VALENZUELA IRIGOYEN,H,REGIÓN DE LOS RÍOS,VALDIVIA,Y,REPUBLICANOS E INDEPENDIENTES,,REPUBLICANO,PARTIDO REPUBLICANO DE CHILE,157,1,Sí,6,11,9790,24027,40.745828,Sí
YASNA_DANIKSA_RODRIGUEZ_VILLA__VALDIVIA,YASNA DANIKSA RODRIGUEZ VILLA,M,REGIÓN DE LOS RÍOS,VALDIVIA,Y,REPUBLICANOS E INDEPENDIENTES,,REPUBLICANO,PARTIDO REPUBLICANO DE CHILE,158,2,No,6,11,4938,24027,20.551879,No
JUAN_MARCELO_RAMIREZ_MATUS__VALDIVIA,JUAN MARCELO RAMIREZ MATUS,H,REGIÓN DE LOS RÍOS,VALDIVIA,Y,REPUBLICANOS E INDEPENDIENTES,,REPUBLICANO,PARTIDO REPUBLICANO DE CHILE,159,3,No,6,11,2781,24027,11.574479,No
RICARDO_ARIEL_VARAS_HERRERA__VALDIVIA,RICARDO ARIEL VARAS HERRERA,H,REGIÓN DE LOS RÍOS,VALDIVIA,Y,REPUBLICANOS E INDEPENDIENTES,,REPUBLICANO,PARTIDO REPUBLICANO DE CHILE,160,4,No,6,11,1510,24027,6.284596,No
NORA_BERTA_URTUBIA_REZZIO__VALDIVIA,NORA BERTA URTUBIA REZZIO,M,REGIÓN DE LOS RÍOS,VALDIVIA,Y,REPUBLICANOS E INDEPENDIENTES,,REPUBLICANO,PARTIDO REPUBLICANO DE CHILE,161,5,No,6,11,1588,24027,6.609231,No
LUIS_EDUARDO_TRONCOSO_VALLEJOS__VALDIVIA,LUIS EDUARDO TRONCOSO VALLEJOS,H,REGIÓN DE LOS RÍOS,VALDIVIA,Y,REPUBLICANOS E INDEPENDIENTES,,IND,INDEPENDIENTES,162,6,No,6,11,3420,24027,14.233987,No
ANA_VERA_ARANCIBIA__CHILOE,ANA VERA ARANCIBIA,M,REGIÓN DE LOS LAGOS,CHILOE,C,TODAS Y TODOS POR CHILE,PARTIDO COMUNISTA E INDEPENDIENTES,PCCH,PARTIDO COMUNISTA DE CHILE,100,1,Sí,4,9,2451,5577,43.948359,No
FABIAN_ALEJANDRO_BARRIA_VIVAR__CHILOE,FABIAN ALEJANDRO BARRIA VIVAR,H,REGIÓN DE LOS LAGOS,CHILOE,C,TODAS Y TODOS POR CHILE,PARTIDO COMUNISTA E INDEPENDIENTES,PCCH,PARTIDO COMUNISTA DE CHILE,101,2,No,4,9,891,5577,15.976331,No
CATALDO_DEL_TRANSITO_MARTINEZ_PARDO__CHILOE,CATALDO DEL TRANSITO MARTINEZ PARDO,H,REGIÓN DE LOS LAGOS,CHILOE,C,TODAS Y TODOS POR CHILE,PARTIDO COMUNISTA E INDEPENDIENTES,PCCH,PARTIDO COMUNISTA DE CHILE,102,3,No,4,9,847,5577,15.187377,No
CAROLINA_NINOSKA_MORAGA_SANCHEZ__CHILOE,CAROLINA NINOSKA MORAGA SANCHEZ,M,REGIÓN DE LOS LAGOS,CHILOE,C,TODAS Y TODOS POR CHILE,PARTIDO COMUNISTA E INDEPENDIENTES,IND,INDEPENDIENTES,103,4,No,4,9,1388,5577,24.887933,No
CLAUDIO_FAUNDEZ_QUINTULLANCA__CHILOE,CLAUDIO FAUNDEZ QUINTULLANCA,H,REGIÓN DE LOS LAGOS,CHILOE,F,PARTIDO SOCIAL CRISTIANO E INDEPENDIENTES,,PSC,PARTIDO SOCIAL CRISTIANO,104,1,Sí,1,9,3150,3150,100.0,No
FRANCISCO_CARCAMO_HERNANDEZ__CHILOE,FRANCISCO CARCAMO HERNANDEZ,H,REGIÓN DE LOS LAGOS,CHILOE,I,CHILE VAMOS RENOVACION NACIONAL - INDEPENDIENTES,,RN,RENOVACION NACIONAL,105,1,Sí,4,9,11564,18120,63.818985,Sí
JULIO_SANZANA_CARDENAS__CHILOE,JULIO SANZANA CARDENAS,H,REGIÓN DE LOS LAGOS,CHILOE,I,CHILE VAMOS RENOVACION NACIONAL - INDEPENDIENTES,,RN,RENOVACION NACIONAL,106,2,No,4,9,3580,18120,19.757174,No
JUANA_CARDENAS_VEGA__CHILOE,JUANA CARDENAS VEGA,M,REGIÓN DE LOS LAGOS,CHILOE,I,CHILE VAMOS RENOVACION NACIONAL - INDEPENDIENTES,,RN,RENOVACION NACIONAL,107,3,No,4,9,1168,18120,6.445916,No
CLAUDIA_UNICAHUIN_QUINAN__CHILOE,CLAUDIA UNICAHUIN QUINAN,M,REGIÓN DE LOS LAGOS,CHILOE,I,CHILE VAMOS RENOVACION NACIONAL - INDEPENDIENTES,,RN,RENOVACION NACIONAL,108,4,No,4,9,1808,18120,9.977925,No
NELSON_DELGADO_BARRIA__CHILOE,NELSON DELGADO BARRIA,H,REGIÓN DE LOS LAGOS,CHILOE,M,REGIONES VERDES LIBERALES,,IND,INDEPENDIENTES,109,1,Sí,1,9,6946,6946,100.0,No
DANIELA_MENDEZ_CARDENAS__CHILOE,DANIELA MENDEZ CARDENAS,M,REGIÓN DE LOS LAGOS,CHILOE,N,LO MEJOR PARA CHILE,PS E INDEPENDIENTES,PS,PARTIDO SOCIALISTA DE CHILE,110,1,Sí,4,9,2680,12807,20.926056,No
JAVIER_CABELLO_STOM__CHILOE,JAVIER CABELLO STOM,H,REGIÓN DE LOS LAGOS,CHILOE,N,LO MEJOR PARA CHILE,PS E INDEPENDIENTES,IND,INDEPENDIENTES,111,2,No,4,9,6515,12807,50.870618,Sí
MIRNA_ORABIA_HERNANDEZ_BARRIA__CHILOE,MIRNA ORABIA HERNANDEZ BARRIA,M,REGIÓN DE LOS LAGOS,CHILOE,N,LO MEJOR PARA CHILE,PPD E INDEPENDIENTES,PPD,PARTIDO POR LA DEMOCRACIA,112,3,No,4,9,2611,12807,20.387288,No
PEDRO_HERNAN_EUGENIO_LARRERE_CASTRO__CHILOE,PEDRO HERNAN EUGENIO LARRERE CASTRO,H,REGIÓN DE LOS LAGOS,CHILOE,N,LO MEJOR PARA CHILE,PPD E INDEPENDIENTES,PPD,PARTIDO POR LA DEMOCRACIA,113,4,No,4,9,1001,12807,7.816038,No
NELSON_HUGO_AGUILA_SERPA__CHILOE,NELSON HUGO AGUILA SERPA,H,REGIÓN DE LOS LAGOS,CHILOE,Q,POR UN CHILE MEJOR,,PDC,PARTIDO DEMOCRATA CRISTIANO,114,1,Sí,3,9,11717,16749,69.956415,Sí
ELCIRA_ANGELICA_LEHMAN_CORTEZ__CHILOE,ELCIRA ANGELICA LEHMAN CORTEZ,M,REGIÓN DE LOS LAGOS,CHILOE,Q,POR UN CHILE MEJOR,,PDC,PARTIDO DEMOCRATA CRISTIANO,115,2,No,3,9,598,16749,3.570362,No
JOSE_DANIEL_CURUMILLA_GALLARDO__CHILOE,JOSE DANIEL CURUMILLA GALLARDO,H,REGIÓN DE LOS LAGOS,CHILOE,Q,POR UN CHILE MEJOR,,PDC,PARTIDO DEMOCRATA CRISTIANO,116,3,No,3,9,4434,16749,26.473222,No
FRANCISCA_MARIANELA_VARAS_ROJAS__CHILOE,FRANCISCA MARIANELA VARAS ROJAS,M,REGIÓN DE LOS LAGOS,CHILOE,S,FRENTE AMPLIO,FRENTE AMPLIO E INDEPENDIENTES,FA,FRENTE AMPLIO,117,1,Sí,3,9,2561,5951,43.034784,No
GABRIEL_ALFONSO_PENA_PENA__CHILOE,GABRIEL ALFONSO PEÑA PEÑA,H,REGIÓN DE LOS LAGOS,CHILOE,S,FRENTE AMPLIO,FRENTE AMPLIO E INDEPENDIENTES,FA,FRENTE AMPLIO,118,2,No,3,9,1111,5951,18.669131,No
ROSA_OJEDA_OJEDA__CHILOE,ROSA OJEDA OJEDA,M,REGIÓN DE LOS LAGOS,CHILOE,S,FRENTE AMPLIO,FRENTE AMPLIO E INDEPENDIENTES,FA,FRENTE AMPLIO,119,3,No,3,9,2279,5951,38.296085,No
MARIA_JEANNETTE_SANTANA_MARQUEZ__CHILOE,MARIA JEANNETTE SANTANA MARQUEZ,M,REGIÓN DE LOS LAGOS,CHILOE,V,CHILE VAMOS UDI - INDEPENDIENTES,,IND,INDEPENDIENTES,120,1,Sí,4,9,5250,16909,31.048554,No
JULIO_VARGAS_BRAVO__CHILOE,JULIO VARGAS BRAVO,H,REGIÓN DE LOS LAGOS,CHILOE,V,CHILE VAMOS UDI - INDEPENDIENTES,,IND,INDEPENDIENTES,121,2,No,4,9,2105,16909,12.448992,No
MARIO_SAN_MARTIN_ESPINOZA__CHILOE,MARIO SAN MARTIN ESPINOZA,H,REGIÓN DE LOS LAGOS,CHILOE,V,CHILE VAMOS UDI - INDEPENDIENTES,,IND,INDEPENDIENTES,122,3,No,4,9,642,16909,3.796795,No
FREDDY_GALLARDO_PACHECO__CHILOE,FREDDY GALLARDO PACHECO,H,REGIÓN DE LOS LAGOS,CHILOE,V,CHILE VAMOS UDI - INDEPENDIENTES,,IND,INDEPENDIENTES,123,4,No,4,9,8912,16909,52.70566,Sí
ALEX_ANTONIO_RITTER_FERNANDEZ__CHILOE,ALEX ANTONIO RITTER FERNANDEZ,H,REGIÓN DE LOS LAGOS,CHILOE,Y,REPUBLICANOS E INDEPENDIENTES,,REPUBLICANO,PARTIDO REPUBLICANO DE CHILE,124,1,Sí,4,9,7512,11295,66.507304,No
PEDRO_ENRIQUE_PERANCHIGUAY_NEUM__CHILOE,PEDRO ENRIQUE PERANCHIGUAY NEUM,H,REGIÓN DE LOS LAGOS,CHILOE,Y,REPUBLICANOS E INDEPENDIENTES,,REPUBLICANO,PARTIDO REPUBLICANO DE CHILE,125,2,No,4,9,1679,11295,14.864985,No
MARIO_ENRIQUE_GONZALEZ_RODRIGUEZ__CHILOE,MARIO ENRIQUE GONZALEZ RODRIGUEZ,H,REGIÓN DE LOS LAGOS,CHILOE,Y,REPUBLICANOS E INDEPENDIENTES,,REPUBLICANO,PARTIDO REPUBLICANO DE CHILE,126,3,No,4,9,996,11295,8.818061,No
OSCAR_DAMIAN_FERNANDEZ_FERNANDEZ__CHILOE,OSCAR DAMIAN FERNANDEZ FERNANDEZ,H,REGIÓN DE LOS LAGOS,CHILOE,Y,REPUBLICANOS E INDEPENDIENTES,,REPUBLICANO,PARTIDO REPUBLICANO DE CHILE,127,4,No,4,9,1108,11295,9.80965,No
ALEXIS_SALVADOR_OSSES_MOYANO__LLANQUIHUE,ALEXIS SALVADOR OSSES MOYANO,H,REGIÓN DE LOS LAGOS,LLANQUIHUE,C,TODAS Y TODOS POR CHILE,PARTIDO COMUNISTA E INDEPENDIENTES,PCCH,PARTIDO COMUNISTA DE CHILE,100,1,Sí,2,11,5179,7922,65.374905,No
DANTE_VLADIMIR_RIOS_ESCOBAR__LLANQUIHUE,DANTE VLADIMIR RIOS ESCOBAR,H,REGIÓN DE LOS LAGOS,LLANQUIHUE,C,TODAS Y TODOS POR CHILE,PARTIDO COMUNISTA E INDEPENDIENTES,PCCH,PARTIDO COMUNISTA DE CHILE,101,2,No,2,11,2743,7922,34.625095,No
TITO_GOMEZ_MARQUEZ__LLANQUIHUE,TITO GOMEZ MARQUEZ,H,REGIÓN DE LOS LAGOS,LLANQUIHUE,I,CHILE VAMOS RENOVACION NACIONAL - INDEPENDIENTES,,RN,RENOVACION NACIONAL,102,1,Sí,6,11,11050,43417,25.45086,Sí
CESAR_NEGRON_BARRIA__LLANQUIHUE,CESAR NEGRON BARRIA,H,REGIÓN DE LOS LAGOS,LLANQUIHUE,I,CHILE VAMOS RENOVACION NACIONAL - INDEPENDIENTES,,RN,RENOVACION NACIONAL,103,2,No,6,11,12961,43417,29.852362,Sí
MARIBEL_VARAS_LONCUANTE__LLANQUIHUE,MARIBEL VARAS LONCUANTE,M,REGIÓN DE LOS LAGOS,LLANQUIHUE,I,CHILE VAMOS RENOVACION NACIONAL - INDEPENDIENTES,,RN,RENOVACION NACIONAL,104,3,No,6,11,7468,43417,17.200636,No
LUIS_AMERICO_TOLEDO_MORA__LLANQUIHUE,LUIS AMERICO TOLEDO MORA,H,REGIÓN DE LOS LAGOS,LLANQUIHUE,I,CHILE VAMOS RENOVACION NACIONAL - INDEPENDIENTES,,RN,RENOVACION NACIONAL,105,4,No,6,11,4576,43417,10.53965,No
JOSE_EULOGIO_ABURTO_ANCAPAN__LLANQUIHUE,JOSE EULOGIO ABURTO ANCAPAN,H,REGIÓN DE LOS LAGOS,LLANQUIHUE,I,CHILE VAMOS RENOVACION NACIONAL - INDEPENDIENTES,,RN,RENOVACION NACIONAL,106,5,No,6,11,3023,43417,6.96271,No
JORGE_GUEVARA_STEPHENS__LLANQUIHUE,JORGE GUEVARA STEPHENS,H,REGIÓN DE LOS LAGOS,LLANQUIHUE,I,CHILE VAMOS RENOVACION NACIONAL - INDEPENDIENTES,,IND,INDEPENDIENTES,107,6,No,6,11,4339,43417,9.993781,No
CLAUDIO_ANTONIO_CID_JARA__LLANQUIHUE,CLAUDIO ANTONIO CID JARA,H,REGIÓN DE LOS LAGOS,LLANQUIHUE,M,REGIONES VERDES LIBERALES,,FREVS,FEDERACION REGIONALISTA VERDE SOCIAL,108,1,Sí,5,11,2657,14062,18.894894,No
JAIME_ROBERTO_FONTBONA_TORRES__LLANQUIHUE,JAIME ROBERTO FONTBONA TORRES,H,REGIÓN DE LOS LAGOS,LLANQUIHUE,M,REGIONES VERDES LIBERALES,,PL,PARTIDO LIBERAL DE CHILE,109,2,No,5,11,1999,14062,14.215617,No
OSCAR_ANDRES_AGUILERA_ESPARZA__LLANQUIHUE,OSCAR ANDRES AGUILERA ESPARZA,H,REGIÓN DE LOS LAGOS,LLANQUIHUE,M,REGIONES VERDES LIBERALES,,PL,PARTIDO LIBERAL DE CHILE,110,3,No,5,11,1416,14062,10.069691,No
JESSICA_BEATRIZ_DROPPELMANN_ROSAS__LLANQUIHUE,JESSICA BEATRIZ DROPPELMANN ROSAS,M,REGIÓN DE LOS LAGOS,LLANQUIHUE,M,REGIONES VERDES LIBERALES,,IND,INDEPENDIENTES,111,4,No,5,11,3456,14062,24.576874,No
TANIA_MARIBEL_BERMUDEZ_OYARZO__LLANQUIHUE,TANIA MARIBEL BERMUDEZ OYARZO,M,REGIÓN DE LOS LAGOS,LLANQUIHUE,M,REGIONES VERDES LIBERALES,,IND,INDEPENDIENTES,112,5,No,5,11,4534,14062,32.242924,No
PEDRO_OSVALDO_ABURTO_MANCILLA__LLANQUIHUE,PEDRO OSVALDO ABURTO MANCILLA,H,REGIÓN DE LOS LAGOS,LLANQUIHUE,N,LO MEJOR PARA CHILE,PS E INDEPENDIENTES,PS,PARTIDO SOCIALISTA DE CHILE,113,1,Sí,7,11,4811,23377,20.580057,No
GIOVANNI_RIFFO_FICA__LLANQUIHUE,GIOVANNI RIFFO FICA,H,REGIÓN DE LOS LAGOS,LLANQUIHUE,N,LO MEJOR PARA CHILE,PS E INDEPENDIENTES,PS,PARTIDO SOCIALISTA DE CHILE,114,2,No,7,11,2509,23377,10.732772,No
CARLOS_HERNANDEZ_CARDENAS__LLANQUIHUE,CARLOS HERNANDEZ CARDENAS,H,REGIÓN DE LOS LAGOS,LLANQUIHUE,N,LO MEJOR PARA CHILE,PS E INDEPENDIENTES,PS,PARTIDO SOCIALISTA DE CHILE,115,3,No,7,11,2292,23377,9.804509,No
LUIS_BECERRA_VARGAS__LLANQUIHUE,LUIS BECERRA VARGAS,H,REGIÓN DE LOS LAGOS,LLANQUIHUE,N,LO MEJOR PARA CHILE,PS E INDEPENDIENTES,IND,INDEPENDIENTES,116,4,No,7,11,7599,23377,32.50631,Sí
ENRIQUE_ERNESTO_CARDENAS_INOSTROZA__LLANQUIHUE,ENRIQUE ERNESTO CARDENAS INOSTROZA,H,REGIÓN DE LOS LAGOS,LLANQUIHUE,N,LO MEJOR PARA CHILE,PPD E INDEPENDIENTES,PPD,PARTIDO POR LA DEMOCRACIA,117,5,No,7,11,1594,23377,6.818668,No
KARLA_ANDREA_ALVAREZ_VILLALOBOS__LLANQUIHUE,KARLA ANDREA ALVAREZ VILLALOBOS,M,REGIÓN DE LOS LAGOS,LLANQUIHUE,N,LO MEJOR PARA CHILE,PPD E INDEPENDIENTES,PPD,PARTIDO POR LA DEMOCRACIA,118,6,No,7,11,3573,23377,15.284254,No
JORGE_ALBERTO_GOMEZ_ARANEDA__LLANQUIHUE,JORGE ALBERTO GOMEZ ARANEDA,H,REGIÓN DE LOS LAGOS,LLANQUIHUE,N,LO MEJOR PARA CHILE,PPD E INDEPENDIENTES,PPD,PARTIDO POR LA DEMOCRACIA,119,7,No,7,11,999,23377,4.273431,No
FRANCISCO_JAVIER_MARCOS_RUIZ__LLANQUIHUE,FRANCISCO JAVIER MARCOS RUIZ,H,REGIÓN DE LOS LAGOS,LLANQUIHUE,P,PARTIDO DE LA GENTE E INDEPENDIENTES,,PDG,PARTIDO DE LA GENTE,120,1,Sí,7,11,3139,12343,25.431419,No
CAROLINA_SILVANA_FIGUEROA_OLAVE__LLANQUIHUE,CAROLINA SILVANA FIGUEROA OLAVE,M,REGIÓN DE LOS LAGOS,LLANQUIHUE,P,PARTIDO DE LA GENTE E INDEPENDIENTES,,PDG,PARTIDO DE LA GENTE,121,2,No,7,11,3004,12343,24.337681,No
CRISTIAN_PATRICIO_FRIAS_QUINTUL__LLANQUIHUE,CRISTIAN PATRICIO FRIAS QUINTUL,H,REGIÓN DE LOS LAGOS,LLANQUIHUE,P,PARTIDO DE LA GENTE E INDEPENDIENTES,,PDG,PARTIDO DE LA GENTE,122,3,No,7,11,1460,12343,11.828567,No
CRISTIAN_MAURICIO_VARGAS_YANEZ__LLANQUIHUE,CRISTIAN MAURICIO VARGAS YAÑEZ,H,REGIÓN DE LOS LAGOS,LLANQUIHUE,P,PARTIDO DE LA GENTE E INDEPENDIENTES,,PDG,PARTIDO DE LA GENTE,123,4,No,7,11,1344,12343,10.888763,No
PEDRO_GUILLERMO_SILVA_AGUILA__LLANQUIHUE,PEDRO GUILLERMO SILVA AGUILA,H,REGIÓN DE LOS LAGOS,LLANQUIHUE,P,PARTIDO DE LA GENTE E INDEPENDIENTES,,PDG,PARTIDO DE LA GENTE,124,5,No,7,11,617,12343,4.998785,No
RICHARD_JESUS_CRUCES_OJEDA__LLANQUIHUE,RICHARD JESUS CRUCES OJEDA,H,REGIÓN DE LOS LAGOS,LLANQUIHUE,P,PARTIDO DE LA GENTE E INDEPENDIENTES,,IND,INDEPENDIENTES,125,6,No,7,11,1813,12343,14.688487,No
RICHARD_ISAAK_ESPINOZA_PERALTA__LLANQUIHUE,RICHARD ISAAK ESPINOZA PERALTA,H,REGIÓN DE LOS LAGOS,LLANQUIHUE,P,PARTIDO DE LA GENTE E INDEPENDIENTES,,IND,INDEPENDIENTES,126,7,No,7,11,966,12343,7.826298,No
JORDI_VALENZUELA_MUNOZ__LLANQUIHUE,JORDI VALENZUELA MUÑOZ,H,REGIÓN DE LOS LAGOS,LLANQUIHUE,Q,POR UN CHILE MEJOR,,PDC,PARTIDO DEMOCRATA CRISTIANO,127,1,Sí,4,11,4425,14641,30.223345,No
PATRICIA_DEL_CARMEN_GALLARDO_BREUEL__LLANQUIHUE,PATRICIA DEL CARMEN GALLARDO BREUEL,M,REGIÓN DE LOS LAGOS,LLANQUIHUE,Q,POR UN CHILE MEJOR,,PDC,PARTIDO DEMOCRATA CRISTIANO,128,2,No,4,11,4650,14641,31.760126,Sí
PATRICIO_RENE_MANCILLA_VELASQUEZ__LLANQUIHUE,PATRICIO RENE MANCILLA VELASQUEZ,H,REGIÓN DE LOS LAGOS,LLANQUIHUE,Q,POR UN CHILE MEJOR,,PDC,PARTIDO DEMOCRATA CRISTIANO,129,3,No,4,11,2559,14641,17.478314,No
JULIO_CARCAMO_GOMEZ__LLANQUIHUE,JULIO CARCAMO GOMEZ,H,REGIÓN DE LOS LAGOS,LLANQUIHUE,Q,POR UN CHILE MEJOR,,PDC,PARTIDO DEMOCRATA CRISTIANO,130,4,No,4,11,3007,14641,20.538215,No
JORGE_BRUNO_KEIM_GUTIERREZ__LLANQUIHUE,JORGE BRUNO KEIM GUTIERREZ,H,REGIÓN DE LOS LAGOS,LLANQUIHUE,R,CENTRO DEMOCRATICO,AMARILLOS E INDEPENDIENTES,AMARILLOS,MOVIMIENTO AMARILLOS POR CHILE,131,1,Sí,2,11,4202,6087,69.032364,No
ENRIQUE_ANTONIO_PEREZ_RAMIREZ__LLANQUIHUE,ENRIQUE ANTONIO PEREZ RAMIREZ,H,REGIÓN DE LOS LAGOS,LLANQUIHUE,R,CENTRO DEMOCRATICO,AMARILLOS E INDEPENDIENTES,AMARILLOS,MOVIMIENTO AMARILLOS POR CHILE,132,2,No,2,11,1885,6087,30.967636,No
MARION_SUSANA_FERNANDEZ_LONCON__LLANQUIHUE,MARION SUSANA FERNANDEZ LONCON,M,REGIÓN DE LOS LAGOS,LLANQUIHUE,S,FRENTE AMPLIO,FRENTE AMPLIO E INDEPENDIENTES,FA,FRENTE AMPLIO,133,1,Sí,6,11,7206,21282,33.8596,Sí
ANA_GONZALEZ_CARO__LLANQUIHUE,ANA GONZALEZ CARO,M,REGIÓN DE LOS LAGOS,LLANQUIHUE,S,FRENTE AMPLIO,FRENTE AMPLIO E INDEPENDIENTES,FA,FRENTE AMPLIO,134,2,No,6,11,2824,21282,13.26943,No
VIVIANA_ARIETH_SAEZ_RUIZ__LLANQUIHUE,VIVIANA ARIETH SAEZ RUIZ,M,REGIÓN DE LOS LAGOS,LLANQUIHUE,S,FRENTE AMPLIO,FRENTE AMPLIO E INDEPENDIENTES,FA,FRENTE AMPLIO,135,3,No,6,11,2217,21282,10.417254,No
GABRIEL_ORLANDO_PEREZ_GONZALEZ__LLANQUIHUE,GABRIEL ORLANDO PEREZ GONZALEZ,H,REGIÓN DE LOS LAGOS,LLANQUIHUE,S,FRENTE AMPLIO,FRENTE AMPLIO E INDEPENDIENTES,FA,FRENTE AMPLIO,136,4,No,6,11,1984,21282,9.322432,No
MARIO_ADRIAN_MEDINA_TOLEDO__LLANQUIHUE,MARIO ADRIAN MEDINA TOLEDO,H,REGIÓN DE LOS LAGOS,LLANQUIHUE,S,FRENTE AMPLIO,FRENTE AMPLIO E INDEPENDIENTES,IND,INDEPENDIENTES,137,5,No,6,11,3037,21282,14.270275,No
VERONICA_PAOLA_ASTUDILLO_GONZALEZ__LLANQUIHUE,VERONICA PAOLA ASTUDILLO GONZALEZ,M,REGIÓN DE LOS LAGOS,LLANQUIHUE,S,FRENTE AMPLIO,FRENTE AMPLIO E INDEPENDIENTES,IND,INDEPENDIENTES,138,6,No,6,11,4014,21282,18.861009,No
MONICA_NAVARRO_BUSTAMANTE__LLANQUIHUE,MONICA NAVARRO BUSTAMANTE,M,REGIÓN DE LOS LAGOS,LLANQUIHUE,V,CHILE VAMOS UDI - INDEPENDIENTES,,UDI,UNION DEMOCRATA INDEPENDIENTE,139,1,Sí,8,11,5357,24981,21.444298,No
CARLOS_VIDAL_ALVARADO__LLANQUIHUE,CARLOS VIDAL ALVARADO,H,REGIÓN DE LOS LAGOS,LLANQUIHUE,V,CHILE VAMOS UDI - INDEPENDIENTES,,UDI,UNION DEMOCRATA INDEPENDIENTE,140,2,No,8,11,1182,24981,4.731596,No
RODRIGO_ARISMENDI_VALENZUELA__LLANQUIHUE,RODRIGO ARISMENDI VALENZUELA,H,REGIÓN DE LOS LAGOS,LLANQUIHUE,V,CHILE VAMOS UDI - INDEPENDIENTES,,IND,INDEPENDIENTES,141,3,No,8,11,10641,24981,42.596373,Sí
SERGIO_ZAMBRANO_URIBE__LLANQUIHUE,SERGIO ZAMBRANO URIBE,H,REGIÓN DE LOS LAGOS,LLANQUIHUE,V,CHILE VAMOS UDI - INDEPENDIENTES,,IND,INDEPENDIENTES,142,4,No,8,11,818,24981,3.274489,No
ANA_GUICHATUREO_ALMONACID__LLANQUIHUE,ANA GUICHATUREO ALMONACID,M,REGIÓN DE LOS LAGOS,LLANQUIHUE,V,CHILE VAMOS UDI - INDEPENDIENTES,,IND,INDEPENDIENTES,143,5,No,8,11,963,24981,3.85493,No
VERONICA_GARCES_BARRERA__LLANQUIHUE,VERONICA GARCES BARRERA,M,REGIÓN DE LOS LAGOS,LLANQUIHUE,V,CHILE VAMOS UDI - INDEPENDIENTES,,IND,INDEPENDIENTES,144,6,No,8,11,2566,24981,10.271807,No
EDUARDO_SALAZAR_RETAMALES__LLANQUIHUE,EDUARDO SALAZAR RETAMALES,H,REGIÓN DE LOS LAGOS,LLANQUIHUE,V,CHILE VAMOS UDI - INDEPENDIENTES,,IND,INDEPENDIENTES,145,7,No,8,11,1354,24981,5.420119,No
FERNANDO_GUNCKEL_BORQUEZ__LLANQUIHUE,FERNANDO GUNCKEL BORQUEZ,H,REGIÓN DE LOS LAGOS,LLANQUIHUE,V,CHILE VAMOS UDI - INDEPENDIENTES,,IND,INDEPENDIENTES,146,8,No,8,11,2100,24981,8.406389,No
MANUEL_RODRIGO_VERGARA_TRINCADO__LLANQUIHUE,MANUEL RODRIGO VERGARA TRINCADO,H,REGIÓN DE LOS LAGOS,LLANQUIHUE,W,CHILE VAMOS EVOPOLI - INDEPENDIENTES,,EVOPOLI,EVOLUCION POLITICA,147,1,Sí,4,11,1785,7374,24.206672,No
MARIA_PIA_BRAVO_RUIZ__LLANQUIHUE,MARIA PIA BRAVO RUIZ,M,REGIÓN DE LOS LAGOS,LLANQUIHUE,W,CHILE VAMOS EVOPOLI - INDEPENDIENTES,,EVOPOLI,EVOLUCION POLITICA,148,2,No,4,11,1232,7374,16.70735,No
CAMILA_ANDREA_JORDAN_LAPOSTOL__LLANQUIHUE,CAMILA ANDREA JORDAN LAPOSTOL,M,REGIÓN DE LOS LAGOS,LLANQUIHUE,W,CHILE VAMOS EVOPOLI - INDEPENDIENTES,,IND,INDEPENDIENTES,149,3,No,4,11,3795,7374,51.464605,No
EDUARDO_ANDRES_CASANUEVA_BASCUNAN__LLANQUIHUE,EDUARDO ANDRES CASANUEVA BASCUÑAN,H,REGIÓN DE LOS LAGOS,LLANQUIHUE,W,CHILE VAMOS EVOPOLI - INDEPENDIENTES,,IND,INDEPENDIENTES,150,4,No,4,11,562,7374,7.621372,No
LUIS_ALBERTO_HERNANDEZ_SOTO__LLANQUIHUE,LUIS ALBERTO HERNANDEZ SOTO,H,REGIÓN DE LOS LAGOS,LLANQUIHUE,Y,REPUBLICANOS E INDEPENDIENTES,,REPUBLICANO,PARTIDO REPUBLICANO DE CHILE,151,1,Sí,5,11,13247,40998,32.311332,Sí
JUAN_RICARDO_HOLLSTEIN_TURK__LLANQUIHUE,JUAN RICARDO HOLLSTEIN TURK,H,REGIÓN DE LOS LAGOS,LLANQUIHUE,Y,REPUBLICANOS E INDEPENDIENTES,,REPUBLICANO,PARTIDO REPUBLICANO DE CHILE,152,2,No,5,11,10959,40998,26.730572,No
LUIS_ALEJANDRO_NOVOA_ROJAS__LLANQUIHUE,LUIS ALEJANDRO NOVOA ROJAS,H,REGIÓN DE LOS LAGOS,LLANQUIHUE,Y,REPUBLICANOS E INDEPENDIENTES,,REPUBLICANO,PARTIDO REPUBLICANO DE CHILE,153,3,No,5,11,3408,40998,8.312601,No
YASNA_NICOLE_VASQUEZ_VIDAL__LLANQUIHUE,YASNA NICOLE VASQUEZ VIDAL,M,REGIÓN DE LOS LAGOS,LLANQUIHUE,Y,REPUBLICANOS E INDEPENDIENTES,,REPUBLICANO,PARTIDO REPUBLICANO DE CHILE,154,4,No,5,11,11037,40998,26.920825,Sí
LUIS_ALFREDO_PARIS_UNQUEN__LLANQUIHUE,LUIS ALFREDO PARIS UNQUEN,H,REGIÓN DE LOS LAGOS,LLANQUIHUE,Y,REPUBLICANOS E INDEPENDIENTES,,REPUBLICANO,PARTIDO REPUBLICANO DE CHILE,155,5,No,5,11,2347,40998,5.724669,No
PAMELA_ANDREA_MATURANA_MENESES__OSORNO,PAMELA ANDREA MATURANA MENESES,M,REGIÓN DE LOS LAGOS,OSORNO,C,TODAS Y TODOS POR CHILE,PARTIDO COMUNISTA E INDEPENDIENTES,PCCH,PARTIDO COMUNISTA DE CHILE,100,1,Sí,1,10,5359,5359,100.0,No
MARTA_ESCHMANN_POBLETE__OSORNO,MARTA ESCHMANN POBLETE,M,REGIÓN DE LOS LAGOS,OSORNO,F,PARTIDO SOCIAL CRISTIANO E INDEPENDIENTES,,PSC,PARTIDO SOCIAL CRISTIANO,101,1,Sí,3,10,3237,7967,40.630099,No
CLAUDIO_KUNZ_AICHELE__OSORNO,CLAUDIO KUNZ AICHELE,H,REGIÓN DE LOS LAGOS,OSORNO,F,PARTIDO SOCIAL CRISTIANO E INDEPENDIENTES,,PSC,PARTIDO SOCIAL CRISTIANO,102,2,No,3,10,1862,7967,23.371407,No
ROSA_MARLENE_OJEDA_OJEDA__OSORNO,ROSA MARLENE OJEDA OJEDA,M,REGIÓN DE LOS LAGOS,OSORNO,F,PARTIDO SOCIAL CRISTIANO E INDEPENDIENTES,,IND,INDEPENDIENTES,103,3,No,3,10,2868,7967,35.998494,No
ALEXIS_CASANOVA_CARDENAS__OSORNO,ALEXIS CASANOVA CARDENAS,H,REGIÓN DE LOS LAGOS,OSORNO,I,CHILE VAMOS RENOVACION NACIONAL - INDEPENDIENTES,,RN,RENOVACION NACIONAL,104,1,Sí,3,10,10882,20083,54.185132,Sí
ALEX_MEEDER_THIERS__OSORNO,ALEX MEEDER THIERS,H,REGIÓN DE LOS LAGOS,OSORNO,I,CHILE VAMOS RENOVACION NACIONAL - INDEPENDIENTES,,RN,RENOVACION NACIONAL,105,2,No,3,10,4901,20083,24.403725,No
DANIELA_FUENTEALBA_DELGADO__OSORNO,DANIELA FUENTEALBA DELGADO,M,REGIÓN DE LOS LAGOS,OSORNO,I,CHILE VAMOS RENOVACION NACIONAL - INDEPENDIENTES,,IND,INDEPENDIENTES,106,3,No,3,10,4300,20083,21.411144,No
CRISTOBAL_GABRIEL_VIDAL_VILCHES__OSORNO,CRISTOBAL GABRIEL VIDAL VILCHES,H,REGIÓN DE LOS LAGOS,OSORNO,M,REGIONES VERDES LIBERALES,,IND,INDEPENDIENTES,107,1,Sí,3,10,2318,10300,22.504854,No
OSVALDO_IVAN_HERNANDEZ_KRAUSE__OSORNO,OSVALDO IVAN HERNANDEZ KRAUSE,H,REGIÓN DE LOS LAGOS,OSORNO,M,REGIONES VERDES LIBERALES,,IND,INDEPENDIENTES,108,2,No,3,10,4874,10300,47.320388,No
MARCIA_PAMELA_PENA_SCHENCKE__OSORNO,MARCIA PAMELA PEÑA SCHENCKE,M,REGIÓN DE LOS LAGOS,OSORNO,M,REGIONES VERDES LIBERALES,,IND,INDEPENDIENTES,109,3,No,3,10,3108,10300,30.174757,No
FRANCISCO_REYES_CASTRO__OSORNO,FRANCISCO REYES CASTRO,H,REGIÓN DE LOS LAGOS,OSORNO,N,LO MEJOR PARA CHILE,PS E INDEPENDIENTES,PS,PARTIDO SOCIALISTA DE CHILE,110,1,Sí,2,10,10428,16809,62.038194,Sí
MARIO_VARGAS_VIDAL__OSORNO,MARIO VARGAS VIDAL,H,REGIÓN DE LOS LAGOS,OSORNO,N,LO MEJOR PARA CHILE,PS E INDEPENDIENTES,PS,PARTIDO SOCIALISTA DE CHILE,111,2,No,2,10,6381,16809,37.961806,No
FRANCISCO_JAVIER_PAREDES_MORAGA__OSORNO,FRANCISCO JAVIER PAREDES MORAGA,H,REGIÓN DE LOS LAGOS,OSORNO,P,PARTIDO DE LA GENTE E INDEPENDIENTES,,PDG,PARTIDO DE LA GENTE,112,1,Sí,6,10,3565,8151,43.736965,No
YANINA_ANDREA_HERRERA_OYARZO__OSORNO,YANINA ANDREA HERRERA OYARZO,M,REGIÓN DE LOS LAGOS,OSORNO,P,PARTIDO DE LA GENTE E INDEPENDIENTES,,PDG,PARTIDO DE LA GENTE,113,2,No,6,10,1044,8151,12.808244,No
ANGELICA_MARIA_HENRIQUEZ_FERNANDEZ__OSORNO,ANGELICA MARIA HENRIQUEZ FERNANDEZ,M,REGIÓN DE LOS LAGOS,OSORNO,P,PARTIDO DE LA GENTE E INDEPENDIENTES,,PDG,PARTIDO DE LA GENTE,114,3,No,6,10,1129,8151,13.851061,No
EMILIO_FABIAN_CRUZ_ZAMORA__OSORNO,EMILIO FABIAN CRUZ ZAMORA,H,REGIÓN DE LOS LAGOS,OSORNO,P,PARTIDO DE LA GENTE E INDEPENDIENTES,,PDG,PARTIDO DE LA GENTE,115,4,No,6,10,320,8151,3.925899,No
NICOLAS_IGNACIO_SIERRA_GONZALEZ__OSORNO,NICOLAS IGNACIO SIERRA GONZALEZ,H,REGIÓN DE LOS LAGOS,OSORNO,P,PARTIDO DE LA GENTE E INDEPENDIENTES,,PDG,PARTIDO DE LA GENTE,116,5,No,6,10,378,8151,4.637468,No
ALICIA_ISABEL_ROSAS_JARPA__OSORNO,ALICIA ISABEL ROSAS JARPA,M,REGIÓN DE LOS LAGOS,OSORNO,P,PARTIDO DE LA GENTE E INDEPENDIENTES,,IND,INDEPENDIENTES,117,6,No,6,10,1715,8151,21.040363,No
BERNARDO_RENE_BARRIA_ANGULO__OSORNO,BERNARDO RENE BARRIA ANGULO,H,REGIÓN DE LOS LAGOS,OSORNO,Q,POR UN CHILE MEJOR,,PDC,PARTIDO DEMOCRATA CRISTIANO,118,1,Sí,3,10,8317,13128,63.353138,Sí
LORENA_ANGELICA_CARRILLO_AGUILAR__OSORNO,LORENA ANGELICA CARRILLO AGUILAR,M,REGIÓN DE LOS LAGOS,OSORNO,Q,POR UN CHILE MEJOR,,PDC,PARTIDO DEMOCRATA CRISTIANO,119,2,No,3,10,3480,13128,26.508227,No
DIEGO_LEONARDO_MOLL_ROSAS__OSORNO,DIEGO LEONARDO MOLL ROSAS,H,REGIÓN DE LOS LAGOS,OSORNO,Q,POR UN CHILE MEJOR,,PDC,PARTIDO DEMOCRATA CRISTIANO,120,3,No,3,10,1331,13128,10.138635,No
JAIME_IGNACIO_FIGUEROA_LEVIGUAN__OSORNO,JAIME IGNACIO FIGUEROA LEVIGUAN,H,REGIÓN DE LOS LAGOS,OSORNO,S,FRENTE AMPLIO,FRENTE AMPLIO E INDEPENDIENTES,FA,FRENTE AMPLIO,121,1,Sí,4,10,5055,11265,44.873502,No
ARACELLY_FERNANDA_CHACON_GARCIA__OSORNO,ARACELLY FERNANDA CHACON GARCIA,M,REGIÓN DE LOS LAGOS,OSORNO,S,FRENTE AMPLIO,FRENTE AMPLIO E INDEPENDIENTES,FA,FRENTE AMPLIO,122,2,No,4,10,2081,11265,18.473147,No
CESAR_ANTONIO_TEJEDA_GOMEZ__OSORNO,CESAR ANTONIO TEJEDA GOMEZ,H,REGIÓN DE LOS LAGOS,OSORNO,S,FRENTE AMPLIO,FRENTE AMPLIO E INDEPENDIENTES,FA,FRENTE AMPLIO,123,3,No,4,10,1589,11265,14.105637,No
CAROLINA_CELESTE_CARDENAS_ILLAPAN__OSORNO,CAROLINA CELESTE CARDENAS ILLAPAN,M,REGIÓN DE LOS LAGOS,OSORNO,S,FRENTE AMPLIO,FRENTE AMPLIO E INDEPENDIENTES,IND,INDEPENDIENTES,124,4,No,4,10,2540,11265,22.547714,No
ANDREA_ITURRIAGA_HEWSTONE__OSORNO,ANDREA ITURRIAGA HEWSTONE,M,REGIÓN DE LOS LAGOS,OSORNO,V,CHILE VAMOS UDI - INDEPENDIENTES,,UDI,UNION DEMOCRATA INDEPENDIENTE,125,1,Sí,5,10,6772,21136,32.040121,No
GERARDO_MANZANARES_GARRIDO__OSORNO,GERARDO MANZANARES GARRIDO,H,REGIÓN DE LOS LAGOS,OSORNO,V,CHILE VAMOS UDI - INDEPENDIENTES,,UDI,UNION DEMOCRATA INDEPENDIENTE,126,2,No,5,10,2113,21136,9.997161,No
CARLOS_SCHWALM_URZUA__OSORNO,CARLOS SCHWALM URZUA,H,REGIÓN DE LOS LAGOS,OSORNO,V,CHILE VAMOS UDI - INDEPENDIENTES,,IND,INDEPENDIENTES,127,3,No,5,10,9323,21136,44.109576,Sí
ALEX_GUZMAN_AHENGO__OSORNO,ALEX GUZMAN AHENGO,H,REGIÓN DE LOS LAGOS,OSORNO,V,CHILE VAMOS UDI - INDEPENDIENTES,,IND,INDEPENDIENTES,128,4,No,5,10,1937,21136,9.164459,No
PABLO_SIDES_ROJAS__OSORNO,PABLO SIDES ROJAS,H,REGIÓN DE LOS LAGOS,OSORNO,V,CHILE VAMOS UDI - INDEPENDIENTES,,IND,INDEPENDIENTES,129,5,No,5,10,991,21136,4.688683,No
AUGUSTO_MATIAS_EGUILUZ_LOYOLA__OSORNO,AUGUSTO MATIAS EGUILUZ LOYOLA,H,REGIÓN DE LOS LAGOS,OSORNO,Y,REPUBLICANOS E INDEPENDIENTES,,REPUBLICANO,PARTIDO REPUBLICANO DE CHILE,130,1,Sí,4,10,9643,24409,39.50592,Sí
EDUARDO_ANDRES_PARADA_SILVA__OSORNO,EDUARDO ANDRES PARADA SILVA,H,REGIÓN DE LOS LAGOS,OSORNO,Y,REPUBLICANOS E INDEPENDIENTES,,REPUBLICANO,PARTIDO REPUBLICANO DE CHILE,131,2,No,4,10,4685,24409,19.19374,Sí
RAMON_ISIDORO_ALARCON_MAUREIRA__OSORNO,RAMON ISIDORO ALARCON MAUREIRA,H,REGIÓN DE LOS LAGOS,OSORNO,Y,REPUBLICANOS E INDEPENDIENTES,,REPUBLICANO,PARTIDO REPUBLICANO DE CHILE,132,3,No,4,10,2713,24409,11.114753,No
RODRIGO_ANDRES_DIAZ_GONZALEZ__OSORNO,RODRIGO ANDRES DIAZ GONZALEZ,H,REGIÓN DE LOS LAGOS,OSORNO,Y,REPUBLICANOS E INDEPENDIENTES,,IND,INDEPENDIENTES,133,4,No,4,10,7368,24409,30.185587,No
FELIX_VARGAS_COTIART__PALENA,FELIX VARGAS COTIART,H,REGIÓN DE LOS LAGOS,PALENA,I,CHILE VAMOS RENOVACION NACIONAL - INDEPENDIENTES,,RN,RENOVACION NACIONAL,100,1,Sí,2,6,1913,2759,69.336716,Sí
CELSO_CASTRO_VILLARROEL__PALENA,CELSO CASTRO VILLARROEL,H,REGIÓN DE LOS LAGOS,PALENA,I,CHILE VAMOS RENOVACION NACIONAL - INDEPENDIENTES,,IND,INDEPENDIENTES,101,2,No,2,6,846,2759,30.663284,No
TAMARA_CASANOVA_RAMOS__PALENA,TAMARA CASANOVA RAMOS,M,REGIÓN DE LOS LAGOS,PALENA,N,LO MEJOR PARA CHILE,PS E INDEPENDIENTES,PS,PARTIDO SOCIALISTA DE CHILE,102,1,Sí,1,6,2655,2655,100.0,No
LUIS_ARNOLDO_ARRIAGADA_ANTILLANCA__PALENA,LUIS ARNOLDO ARRIAGADA ANTILLANCA,H,REGIÓN DE LOS LAGOS,PALENA,R,CENTRO DEMOCRATICO,AMARILLOS E INDEPENDIENTES,IND,INDEPENDIENTES,103,1,Sí,1,6,321,321,100.0,No
CATALINA_BERNARDITA_SAAVEDRA_GOMEZ__PALENA,CATALINA BERNARDITA SAAVEDRA GOMEZ,M,REGIÓN DE LOS LAGOS,PALENA,S,FRENTE AMPLIO,FRENTE AMPLIO E INDEPENDIENTES,FA,FRENTE AMPLIO,104,1,Sí,2,6,1882,3144,59.860051,Sí
NICOLAS_ANDRES_ARIAS_TORRES__PALENA,NICOLAS ANDRES ARIAS TORRES,H,REGIÓN DE LOS LAGOS,PALENA,S,FRENTE AMPLIO,FRENTE AMPLIO E INDEPENDIENTES,IND,INDEPENDIENTES,105,2,No,2,6,1262,3144,40.139949,No
LUIS_SANHUEZA_ALVARADO__PALENA,LUIS SANHUEZA ALVARADO,H,REGIÓN DE LOS LAGOS,PALENA,V,CHILE VAMOS UDI - INDEPENDIENTES,,UDI,UNION DEMOCRATA INDEPENDIENTE,106,1,Sí,2,6,1190,2049,58.077111,No
FRANCISCO_DIAZ_ALMONACID__PALENA,FRANCISCO DIAZ ALMONACID,H,REGIÓN DE LOS LAGOS,PALENA,V,CHILE VAMOS UDI - INDEPENDIENTES,,UDI,UNION DEMOCRATA INDEPENDIENTE,107,2,No,2,6,859,2049,41.922889,No
ELMO_ALMONACID_MOLINA__PALENA,ELMO ALMONACID MOLINA,H,REGIÓN DE LOS LAGOS,PALENA,W,CHILE VAMOS EVOPOLI - INDEPENDIENTES,,IND,INDEPENDIENTES,108,1,Sí,2,6,767,1386,55.339105,No
FELICIANO_ROSALES_CARRILLO__PALENA,FELICIANO ROSALES CARRILLO,H,REGIÓN DE LOS LAGOS,PALENA,W,CHILE VAMOS EVOPOLI - INDEPENDIENTES,,IND,INDEPENDIENTES,109,2,No,2,6,619,1386,44.660895,No
FERNANDO_ANDRES_MIRANDA_MONSALVE__AISEN,FERNANDO ANDRES MIRANDA MONSALVE,H,REGIÓN DE AYSÉN DEL GENERAL CARLOS IBÁÑEZ DEL CAMPO,AISEN,C,TODAS Y TODOS POR CHILE,PARTIDO COMUNISTA E INDEPENDIENTES,PCCH,PARTIDO COMUNISTA DE CHILE,100,1,Sí,2,8,362,920,39.347826,No
SEBASTIAN_AGUSTO_VEGA_PIZARRO__AISEN,SEBASTIAN AGUSTO VEGA PIZARRO,H,REGIÓN DE AYSÉN DEL GENERAL CARLOS IBÁÑEZ DEL CAMPO,AISEN,C,TODAS Y TODOS POR CHILE,PARTIDO COMUNISTA E INDEPENDIENTES,IND,INDEPENDIENTES,101,2,No,2,8,558,920,60.652174,No
PAOLA_RODRIGUEZ_CUEVAS__AISEN,PAOLA RODRIGUEZ CUEVAS,M,REGIÓN DE AYSÉN DEL GENERAL CARLOS IBÁÑEZ DEL CAMPO,AISEN,I,CHILE VAMOS RENOVACION NACIONAL - INDEPENDIENTES,,RN,RENOVACION NACIONAL,102,1,Sí,4,8,911,3338,27.291791,No
XIMENA_NOVOA_PEREZ__AISEN,XIMENA NOVOA PEREZ,M,REGIÓN DE AYSÉN DEL GENERAL CARLOS IBÁÑEZ DEL CAMPO,AISEN,I,CHILE VAMOS RENOVACION NACIONAL - INDEPENDIENTES,,RN,RENOVACION NACIONAL,103,2,No,4,8,1578,3338,47.273817,Sí
JORGE_SEPULVEDA_HAUGEN__AISEN,JORGE SEPULVEDA HAUGEN,H,REGIÓN DE AYSÉN DEL GENERAL CARLOS IBÁÑEZ DEL CAMPO,AISEN,I,CHILE VAMOS RENOVACION NACIONAL - INDEPENDIENTES,,IND,INDEPENDIENTES,104,3,No,4,8,356,3338,10.665069,No
ANITA_BELLO_ABURTO__AISEN,ANITA BELLO ABURTO,M,REGIÓN DE AYSÉN DEL GENERAL CARLOS IBÁÑEZ DEL CAMPO,AISEN,I,CHILE VAMOS RENOVACION NACIONAL - INDEPENDIENTES,,IND,INDEPENDIENTES,105,4,No,4,8,493,3338,14.769323,No
PABLO_ENRIQUE_COLIBORO_PANICHINE__AISEN,PABLO ENRIQUE COLIBORO PANICHINE,H,REGIÓN DE AYSÉN DEL GENERAL CARLOS IBÁÑEZ DEL CAMPO,AISEN,L,TU REGION RADICAL,,PR,PARTIDO RADICAL DE CHILE,106,1,Sí,2,8,342,715,47.832168,No
ROMANET_SEGUEL_ROJAS_MANQUEZ__AISEN,ROMANET SEGUEL-ROJAS MANQUEZ,M,REGIÓN DE AYSÉN DEL GENERAL CARLOS IBÁÑEZ DEL CAMPO,AISEN,L,TU REGION RADICAL,,IND,INDEPENDIENTES,107,2,No,2,8,373,715,52.167832,No
JULIO_ESTEBAN_ROSSEL_GONZALEZ__AISEN,JULIO ESTEBAN ROSSEL GONZALEZ,H,REGIÓN DE AYSÉN DEL GENERAL CARLOS IBÁÑEZ DEL CAMPO,AISEN,N,LO MEJOR PARA CHILE,PS E INDEPENDIENTES,PS,PARTIDO SOCIALISTA DE CHILE,108,1,Sí,4,8,989,3081,32.099968,Sí
JUAN_SERVA_OVALLE__AISEN,JUAN SERVA OVALLE,H,REGIÓN DE AYSÉN DEL GENERAL CARLOS IBÁÑEZ DEL CAMPO,AISEN,N,LO MEJOR PARA CHILE,PS E INDEPENDIENTES,IND,INDEPENDIENTES,109,2,No,4,8,667,3081,21.648815,No
MARCO_ANDRES_CONUECAR_VILLEGAS__AISEN,MARCO ANDRES COÑUECAR VILLEGAS,H,REGIÓN DE AYSÉN DEL GENERAL CARLOS IBÁÑEZ DEL CAMPO,AISEN,N,LO MEJOR PARA CHILE,PPD E INDEPENDIENTES,PPD,PARTIDO POR LA DEMOCRACIA,110,3,No,4,8,1065,3081,34.566699,No
JORGE_PATRICIO_PEREZ_ARRIAZA__AISEN,JORGE PATRICIO PEREZ ARRIAZA,H,REGIÓN DE AYSÉN DEL GENERAL CARLOS IBÁÑEZ DEL CAMPO,AISEN,N,LO MEJOR PARA CHILE,PPD E INDEPENDIENTES,IND,INDEPENDIENTES,111,4,No,4,8,360,3081,11.684518,No
ROSA_LORENA_GONZALEZ_BORQUEZ__AISEN,ROSA LORENA GONZALEZ BORQUEZ,M,REGIÓN DE AYSÉN DEL GENERAL CARLOS IBÁÑEZ DEL CAMPO,AISEN,Q,POR UN CHILE MEJOR,,PDC,PARTIDO DEMOCRATA CRISTIANO,112,1,Sí,3,8,1076,3096,34.754522,Sí
MANUEL_SEGUNDO_CURINAO_REBOLLEDO__AISEN,MANUEL SEGUNDO CURINAO REBOLLEDO,H,REGIÓN DE AYSÉN DEL GENERAL CARLOS IBÁÑEZ DEL CAMPO,AISEN,Q,POR UN CHILE MEJOR,,PDC,PARTIDO DEMOCRATA CRISTIANO,113,2,No,3,8,887,3096,28.649871,No
ERICA_ERCILIA_SANCHEZ_ROSAS__AISEN,ERICA ERCILIA SANCHEZ ROSAS,M,REGIÓN DE AYSÉN DEL GENERAL CARLOS IBÁÑEZ DEL CAMPO,AISEN,Q,POR UN CHILE MEJOR,,IND,INDEPENDIENTES,114,3,No,3,8,1133,3096,36.595607,No
ELIGIO_MONTECINOS_ARAYA__AISEN,ELIGIO MONTECINOS ARAYA,H,REGIÓN DE AYSÉN DEL GENERAL CARLOS IBÁÑEZ DEL CAMPO,AISEN,V,CHILE VAMOS UDI - INDEPENDIENTES,,UDI,UNION DEMOCRATA INDEPENDIENTE,115,1,Sí,4,8,1753,2998,58.472315,Sí
MARIA_LORETA_VILLEGAS_ALMONACID__AISEN,MARIA LORETA VILLEGAS ALMONACID,M,REGIÓN DE AYSÉN DEL GENERAL CARLOS IBÁÑEZ DEL CAMPO,AISEN,V,CHILE VAMOS UDI - INDEPENDIENTES,,IND,INDEPENDIENTES,116,2,No,4,8,753,2998,25.116744,No
HUGO_PARDO_VALLEJOS__AISEN,HUGO PARDO VALLEJOS,H,REGIÓN DE AYSÉN DEL GENERAL CARLOS IBÁÑEZ DEL CAMPO,AISEN,V,CHILE VAMOS UDI - INDEPENDIENTES,,IND,INDEPENDIENTES,117,3,No,4,8,325,2998,10.84056,No
EDUARDO_GALLARDO_GUEIQUEN__AISEN,EDUARDO GALLARDO GUEIQUEN,H,REGIÓN DE AYSÉN DEL GENERAL CARLOS IBÁÑEZ DEL CAMPO,AISEN,V,CHILE VAMOS UDI - INDEPENDIENTES,,IND,INDEPENDIENTES,118,4,No,4,8,167,2998,5.57038,No
MARCO_GILLIBRAND_MARIN__AISEN,MARCO GILLIBRAND MARIN,H,REGIÓN DE AYSÉN DEL GENERAL CARLOS IBÁÑEZ DEL CAMPO,AISEN,W,CHILE VAMOS EVOPOLI - INDEPENDIENTES,,EVOPOLI,EVOLUCION POLITICA,119,1,Sí,3,8,2558,2854,89.628591,No
JOSE_FRANCISCO_GONZALEZ_BANDA__AISEN,JOSE FRANCISCO GONZALEZ BANDA,H,REGIÓN DE AYSÉN DEL GENERAL CARLOS IBÁÑEZ DEL CAMPO,AISEN,W,CHILE VAMOS EVOPOLI - INDEPENDIENTES,,EVOPOLI,EVOLUCION POLITICA,120,2,No,3,8,162,2854,5.676244,No
CLAUDIO_GUSTAVO_QUINAN_GUEICHA__AISEN,CLAUDIO GUSTAVO QUINAN GUEICHA,H,REGIÓN DE AYSÉN DEL GENERAL CARLOS IBÁÑEZ DEL CAMPO,AISEN,W,CHILE VAMOS EVOPOLI - INDEPENDIENTES,,EVOPOLI,EVOLUCION POLITICA,121,3,No,3,8,134,2854,4.695165,No
JOSE_ERNESTO_MACHUCA_TORRES__AISEN,JOSE ERNESTO MACHUCA TORRES,H,REGIÓN DE AYSÉN DEL GENERAL CARLOS IBÁÑEZ DEL CAMPO,AISEN,Y,REPUBLICANOS E INDEPENDIENTES,,REPUBLICANO,PARTIDO REPUBLICANO DE CHILE,122,1,Sí,1,8,971,971,100.0,No
ANA_MARIA_MORA_ARANEDA__CAPITAN_PRAT,ANA MARIA MORA ARANEDA,M,REGIÓN DE AYSÉN DEL GENERAL CARLOS IBÁÑEZ DEL CAMPO,CAPITAN PRAT,I,CHILE VAMOS RENOVACION NACIONAL - INDEPENDIENTES,,RN,RENOVACION NACIONAL,100,1,Sí,2,4,513,803,63.88543,Sí
CARLOS_CAMPOS_SAIGG__CAPITAN_PRAT,CARLOS CAMPOS SAIGG,H,REGIÓN DE AYSÉN DEL GENERAL CARLOS IBÁÑEZ DEL CAMPO,CAPITAN PRAT,I,CHILE VAMOS RENOVACION NACIONAL - INDEPENDIENTES,,RN,RENOVACION NACIONAL,101,2,No,2,4,290,803,36.11457,No
NELIDA_ANDREA_MUNOZ_VARGAS__CAPITAN_PRAT,NELIDA ANDREA MUÑOZ VARGAS,M,REGIÓN DE AYSÉN DEL GENERAL CARLOS IBÁÑEZ DEL CAMPO,CAPITAN PRAT,N,LO MEJOR PARA CHILE,PS E INDEPENDIENTES,IND,INDEPENDIENTES,102,1,Sí,1,4,672,672,100.0,No
CRISTIAN_FICA_BELLO__CAPITAN_PRAT,CRISTIAN FICA BELLO,H,REGIÓN DE AYSÉN DEL GENERAL CARLOS IBÁÑEZ DEL CAMPO,CAPITAN PRAT,Q,POR UN CHILE MEJOR,,PDC,PARTIDO DEMOCRATA CRISTIANO,103,1,Sí,2,4,296,499,59.318637,No
XIMENA_MARDONES_TORRES__CAPITAN_PRAT,XIMENA MARDONES TORRES,M,REGIÓN DE AYSÉN DEL GENERAL CARLOS IBÁÑEZ DEL CAMPO,CAPITAN PRAT,Q,POR UN CHILE MEJOR,,PDC,PARTIDO DEMOCRATA CRISTIANO,104,2,No,2,4,203,499,40.681363,No
VICTOR_ESCOBAR_MARDONES__CAPITAN_PRAT,VICTOR ESCOBAR MARDONES,H,REGIÓN DE AYSÉN DEL GENERAL CARLOS IBÁÑEZ DEL CAMPO,CAPITAN PRAT,V,CHILE VAMOS UDI - INDEPENDIENTES,,UDI,UNION DEMOCRATA INDEPENDIENTE,105,1,Sí,2,4,538,1287,41.802642,No
RODRIGO_RIVERA_TEJEDA__CAPITAN_PRAT,RODRIGO RIVERA TEJEDA,H,REGIÓN DE AYSÉN DEL GENERAL CARLOS IBÁÑEZ DEL CAMPO,CAPITAN PRAT,V,CHILE VAMOS UDI - INDEPENDIENTES,,IND,INDEPENDIENTES,106,2,No,2,4,749,1287,58.197358,Sí
HAYLEY_JULIE_DURAN_BOCAZ__COYHAIQUE,HAYLEY JULIE DURAN BOCAZ,M,REGIÓN DE AYSÉN DEL GENERAL CARLOS IBÁÑEZ DEL CAMPO,COYHAIQUE,C,TODAS Y TODOS POR CHILE,PARTIDO COMUNISTA E INDEPENDIENTES,PCCH,PARTIDO COMUNISTA DE CHILE,100,1,Sí,6,7,508,3315,15.324284,No
BENJAMIN_INFANTE_RODRIGUEZ_PENA__COYHAIQUE,BENJAMIN INFANTE RODRIGUEZ-PEÑA,H,REGIÓN DE AYSÉN DEL GENERAL CARLOS IBÁÑEZ DEL CAMPO,COYHAIQUE,C,TODAS Y TODOS POR CHILE,PARTIDO COMUNISTA E INDEPENDIENTES,PCCH,PARTIDO COMUNISTA DE CHILE,101,2,No,6,7,1150,3315,34.690799,Sí
GISELA_HAYDEE_GONZALEZ_GARCES__COYHAIQUE,GISELA HAYDEE GONZALEZ GARCES,M,REGIÓN DE AYSÉN DEL GENERAL CARLOS IBÁÑEZ DEL CAMPO,COYHAIQUE,C,TODAS Y TODOS POR CHILE,PARTIDO COMUNISTA E INDEPENDIENTES,PCCH,PARTIDO COMUNISTA DE CHILE,102,3,No,6,7,358,3315,10.799397,No
MARIA_FERNANDA_SOTO_COLI__COYHAIQUE,MARIA FERNANDA SOTO COLI,M,REGIÓN DE AYSÉN DEL GENERAL CARLOS IBÁÑEZ DEL CAMPO,COYHAIQUE,C,TODAS Y TODOS POR CHILE,PARTIDO COMUNISTA E INDEPENDIENTES,IND,INDEPENDIENTES,103,4,No,6,7,448,3315,13.514329,No
ARMANDO_PATRICIO_GACITUA_CIFUENTES__COYHAIQUE,ARMANDO PATRICIO GACITUA CIFUENTES,H,REGIÓN DE AYSÉN DEL GENERAL CARLOS IBÁÑEZ DEL CAMPO,COYHAIQUE,C,TODAS Y TODOS POR CHILE,PARTIDO COMUNISTA E INDEPENDIENTES,IND,INDEPENDIENTES,104,5,No,6,7,550,3315,16.591252,No
MATIAS_ALEJANDRO_ALVAREZ_LEMUS__COYHAIQUE,MATIAS ALEJANDRO ALVAREZ LEMUS,H,REGIÓN DE AYSÉN DEL GENERAL CARLOS IBÁÑEZ DEL CAMPO,COYHAIQUE,C,TODAS Y TODOS POR CHILE,PARTIDO COMUNISTA E INDEPENDIENTES,IND,INDEPENDIENTES,105,6,No,6,7,301,3315,9.07994,No
BARBARA_ORTUZAR_CANDIA__COYHAIQUE,BARBARA ORTUZAR CANDIA,M,REGIÓN DE AYSÉN DEL GENERAL CARLOS IBÁÑEZ DEL CAMPO,COYHAIQUE,I,CHILE VAMOS RENOVACION NACIONAL - INDEPENDIENTES,,RN,RENOVACION NACIONAL,106,1,Sí,6,7,726,4550,15.956044,No
PABLO_GUGLIELMI_ASENJO__COYHAIQUE,PABLO GUGLIELMI ASENJO,H,REGIÓN DE AYSÉN DEL GENERAL CARLOS IBÁÑEZ DEL CAMPO,COYHAIQUE,I,CHILE VAMOS RENOVACION NACIONAL - INDEPENDIENTES,,RN,RENOVACION NACIONAL,107,2,No,6,7,1853,4550,40.725275,Sí
ADRIAN_GARNICA_SAEZ__COYHAIQUE,ADRIAN GARNICA SAEZ,H,REGIÓN DE AYSÉN DEL GENERAL CARLOS IBÁÑEZ DEL CAMPO,COYHAIQUE,I,CHILE VAMOS RENOVACION NACIONAL - INDEPENDIENTES,,RN,RENOVACION NACIONAL,108,3,No,6,7,320,4550,7.032967,No
REYNALDO_FIGUEROA_ROJAS__COYHAIQUE,REYNALDO FIGUEROA ROJAS,H,REGIÓN DE AYSÉN DEL GENERAL CARLOS IBÁÑEZ DEL CAMPO,COYHAIQUE,I,CHILE VAMOS RENOVACION NACIONAL - INDEPENDIENTES,,IND,INDEPENDIENTES,109,4,No,6,7,342,4550,7.516484,No
JAIME_LOPEZ_QUINTANA__COYHAIQUE,JAIME LOPEZ QUINTANA,H,REGIÓN DE AYSÉN DEL GENERAL CARLOS IBÁÑEZ DEL CAMPO,COYHAIQUE,I,CHILE VAMOS RENOVACION NACIONAL - INDEPENDIENTES,,IND,INDEPENDIENTES,110,5,No,6,7,382,4550,8.395604,No
RAIMUNDO_CRISTI_SAAVEDRA__COYHAIQUE,RAIMUNDO CRISTI SAAVEDRA,H,REGIÓN DE AYSÉN DEL GENERAL CARLOS IBÁÑEZ DEL CAMPO,COYHAIQUE,I,CHILE VAMOS RENOVACION NACIONAL - INDEPENDIENTES,,IND,INDEPENDIENTES,111,6,No,6,7,927,4550,20.373626,No
GUSTAVO_VILLARROEL_PINILLA__COYHAIQUE,GUSTAVO VILLARROEL PINILLA,H,REGIÓN DE AYSÉN DEL GENERAL CARLOS IBÁÑEZ DEL CAMPO,COYHAIQUE,L,TU REGION RADICAL,,PR,PARTIDO RADICAL DE CHILE,112,1,Sí,4,7,1239,3939,31.454684,Sí
YARELA_MARINA_CADIN_PERALTA__COYHAIQUE,YARELA MARINA CADIN PERALTA,M,REGIÓN DE AYSÉN DEL GENERAL CARLOS IBÁÑEZ DEL CAMPO,COYHAIQUE,L,TU REGION RADICAL,,PR,PARTIDO RADICAL DE CHILE,113,2,No,4,7,455,3939,11.551155,No
RODOLFO_LEONARDO_ELGUETA_BAHAMONDE__COYHAIQUE,RODOLFO LEONARDO ELGUETA BAHAMONDE,H,REGIÓN DE AYSÉN DEL GENERAL CARLOS IBÁÑEZ DEL CAMPO,COYHAIQUE,L,TU REGION RADICAL,,PR,PARTIDO RADICAL DE CHILE,114,3,No,4,7,455,3939,11.551155,No
PAULA_ANTONIA_ACUNA_OJEDA__COYHAIQUE,PAULA ANTONIA ACUÑA OJEDA,M,REGIÓN DE AYSÉN DEL GENERAL CARLOS IBÁÑEZ DEL CAMPO,COYHAIQUE,L,TU REGION RADICAL,,IND,INDEPENDIENTES,115,4,No,4,7,1790,3939,45.443006,No
MARISOL_DEL_CARMEN_MARTINEZ_SANCHEZ__COYHAIQUE,MARISOL DEL CARMEN MARTINEZ SANCHEZ,M,REGIÓN DE AYSÉN DEL GENERAL CARLOS IBÁÑEZ DEL CAMPO,COYHAIQUE,N,LO MEJOR PARA CHILE,PS E INDEPENDIENTES,PS,PARTIDO SOCIALISTA DE CHILE,116,1,Sí,5,7,1511,5238,28.846888,Sí
LUIS_GUERRERO_COCIO__COYHAIQUE,LUIS GUERRERO COCIO,H,REGIÓN DE AYSÉN DEL GENERAL CARLOS IBÁÑEZ DEL CAMPO,COYHAIQUE,N,LO MEJOR PARA CHILE,PS E INDEPENDIENTES,PS,PARTIDO SOCIALISTA DE CHILE,117,2,No,5,7,802,5238,15.311187,No
ANDRES_ALBERTO_VIDAL_CAYUN__COYHAIQUE,ANDRES ALBERTO VIDAL CAYUN,H,REGIÓN DE AYSÉN DEL GENERAL CARLOS IBÁÑEZ DEL CAMPO,COYHAIQUE,N,LO MEJOR PARA CHILE,PS E INDEPENDIENTES,PS,PARTIDO SOCIALISTA DE CHILE,118,3,No,5,7,607,5238,11.588393,No
CARLOS_ANDRES_MANSILLA_BORQUEZ__COYHAIQUE,CARLOS ANDRES MANSILLA BORQUEZ,H,REGIÓN DE AYSÉN DEL GENERAL CARLOS IBÁÑEZ DEL CAMPO,COYHAIQUE,N,LO MEJOR PARA CHILE,PPD E INDEPENDIENTES,IND,INDEPENDIENTES,119,4,No,5,7,2018,5238,38.526155,No
MANUEL_ALEJANDRO_IDUARTE_COFRE__COYHAIQUE,MANUEL ALEJANDRO IDUARTE COFRE,H,REGIÓN DE AYSÉN DEL GENERAL CARLOS IBÁÑEZ DEL CAMPO,COYHAIQUE,N,LO MEJOR PARA CHILE,PPD E INDEPENDIENTES,IND,INDEPENDIENTES,120,5,No,5,7,300,5238,5.727377,No
ROCCO_ANTONIO_MARTINIELLO_AVILA__COYHAIQUE,ROCCO ANTONIO MARTINIELLO AVILA,H,REGIÓN DE AYSÉN DEL GENERAL CARLOS IBÁÑEZ DEL CAMPO,COYHAIQUE,Q,POR UN CHILE MEJOR,,PDC,PARTIDO DEMOCRATA CRISTIANO,121,1,Sí,4,7,2321,4983,46.578366,Sí
DAMNETTE_VALESKA_CAPPONI_TORRES__COYHAIQUE,DAMNETTE VALESKA CAPPONI TORRES,M,REGIÓN DE AYSÉN DEL GENERAL CARLOS IBÁÑEZ DEL CAMPO,COYHAIQUE,Q,POR UN CHILE MEJOR,,PDC,PARTIDO DEMOCRATA CRISTIANO,122,2,No,4,7,220,4983,4.415011,No
FELIPE_IGNACIO_KLEIN_VIDAL__COYHAIQUE,FELIPE IGNACIO KLEIN VIDAL,H,REGIÓN DE AYSÉN DEL GENERAL CARLOS IBÁÑEZ DEL CAMPO,COYHAIQUE,Q,POR UN CHILE MEJOR,,PDC,PARTIDO DEMOCRATA CRISTIANO,123,3,No,4,7,2006,4983,40.256873,No
ROSITA_ANGELICA_MANSILLA_COBI__COYHAIQUE,ROSITA ANGELICA MANSILLA COBI,M,REGIÓN DE AYSÉN DEL GENERAL CARLOS IBÁÑEZ DEL CAMPO,COYHAIQUE,Q,POR UN CHILE MEJOR,,PDC,PARTIDO DEMOCRATA CRISTIANO,124,4,No,4,7,436,4983,8.749749,No
OMAR_MUNOZ_SIERRA__COYHAIQUE,OMAR MUÑOZ SIERRA,H,REGIÓN DE AYSÉN DEL GENERAL CARLOS IBÁÑEZ DEL CAMPO,COYHAIQUE,V,CHILE VAMOS UDI - INDEPENDIENTES,,UDI,UNION DEMOCRATA INDEPENDIENTE,125,1,Sí,5,7,2604,5706,45.636172,Sí
ANDREA_PONCE_OLIVARES__COYHAIQUE,ANDREA PONCE OLIVARES,M,REGIÓN DE AYSÉN DEL GENERAL CARLOS IBÁÑEZ DEL CAMPO,COYHAIQUE,V,CHILE VAMOS UDI - INDEPENDIENTES,,UDI,UNION DEMOCRATA INDEPENDIENTE,126,2,No,5,7,1542,5706,27.024185,No
LILIAN_INOSTROZA_PARRA__COYHAIQUE,LILIAN INOSTROZA PARRA,M,REGIÓN DE AYSÉN DEL GENERAL CARLOS IBÁÑEZ DEL CAMPO,COYHAIQUE,V,CHILE VAMOS UDI - INDEPENDIENTES,,UDI,UNION DEMOCRATA INDEPENDIENTE,127,3,No,5,7,630,5706,11.041009,No
PATRICIO_EVA_TAPIA__COYHAIQUE,PATRICIO EVA TAPIA,H,REGIÓN DE AYSÉN DEL GENERAL CARLOS IBÁÑEZ DEL CAMPO,COYHAIQUE,V,CHILE VAMOS UDI - INDEPENDIENTES,,IND,INDEPENDIENTES,128,4,No,5,7,226,5706,3.960743,No
EDUARDO_VERA_WANDERSLEBEN__COYHAIQUE,EDUARDO VERA WANDERSLEBEN,H,REGIÓN DE AYSÉN DEL GENERAL CARLOS IBÁÑEZ DEL CAMPO,COYHAIQUE,V,CHILE VAMOS UDI - INDEPENDIENTES,,IND,INDEPENDIENTES,129,5,No,5,7,704,5706,12.33789,No
RAUL_EDUARDO_OSORIO_MONCADA__COYHAIQUE,RAUL EDUARDO OSORIO MONCADA,H,REGIÓN DE AYSÉN DEL GENERAL CARLOS IBÁÑEZ DEL CAMPO,COYHAIQUE,Y,REPUBLICANOS E INDEPENDIENTES,,REPUBLICANO,PARTIDO REPUBLICANO DE CHILE,130,1,Sí,6,7,884,3263,27.091633,No
FERNANDO_SAN_CRISTOBAL_BRAHM__COYHAIQUE,FERNANDO SAN CRISTOBAL BRAHM,H,REGIÓN DE AYSÉN DEL GENERAL CARLOS IBÁÑEZ DEL CAMPO,COYHAIQUE,Y,REPUBLICANOS E INDEPENDIENTES,,REPUBLICANO,PARTIDO REPUBLICANO DE CHILE,131,2,No,6,7,1019,3263,31.22893,No
FRANCISCO_JAVIER_CUEVAS_TORRES__COYHAIQUE,FRANCISCO JAVIER CUEVAS TORRES,H,REGIÓN DE AYSÉN DEL GENERAL CARLOS IBÁÑEZ DEL CAMPO,COYHAIQUE,Y,REPUBLICANOS E INDEPENDIENTES,,REPUBLICANO,PARTIDO REPUBLICANO DE CHILE,132,3,No,6,7,562,3263,17.223414,No
MIGUEL_EDUARDO_MANSILLA_MANSILLA__COYHAIQUE,MIGUEL EDUARDO MANSILLA MANSILLA,H,REGIÓN DE AYSÉN DEL GENERAL CARLOS IBÁÑEZ DEL CAMPO,COYHAIQUE,Y,REPUBLICANOS E INDEPENDIENTES,,REPUBLICANO,PARTIDO REPUBLICANO DE CHILE,133,4,No,6,7,467,3263,14.311983,No
MANUEL_JESUS_ENCINA_TAPIA__COYHAIQUE,MANUEL JESUS ENCINA TAPIA,H,REGIÓN DE AYSÉN DEL GENERAL CARLOS IBÁÑEZ DEL CAMPO,COYHAIQUE,Y,REPUBLICANOS E INDEPENDIENTES,,REPUBLICANO,PARTIDO REPUBLICANO DE CHILE,134,5,No,6,7,148,3263,4.535703,No
YARIC_FERNANDO_MORA_CUEVAS__COYHAIQUE,YARIC FERNANDO MORA CUEVAS,H,REGIÓN DE AYSÉN DEL GENERAL CARLOS IBÁÑEZ DEL CAMPO,COYHAIQUE,Y,REPUBLICANOS E INDEPENDIENTES,,REPUBLICANO,PARTIDO REPUBLICANO DE CHILE,135,6,No,6,7,183,3263,5.608336,No
YORDY_CEA_ESPANA__GENERAL_CARRERA,YORDY CEA ESPAÑA,H,REGIÓN DE AYSÉN DEL GENERAL CARLOS IBÁÑEZ DEL CAMPO,GENERAL CARRERA,I,CHILE VAMOS RENOVACION NACIONAL - INDEPENDIENTES,,RN,RENOVACION NACIONAL,100,1,Sí,2,5,740,950,77.894737,No
ARIEL_VILLOUTA_VASQUEZ__GENERAL_CARRERA,ARIEL VILLOUTA VASQUEZ,H,REGIÓN DE AYSÉN DEL GENERAL CARLOS IBÁÑEZ DEL CAMPO,GENERAL CARRERA,I,CHILE VAMOS RENOVACION NACIONAL - INDEPENDIENTES,,IND,INDEPENDIENTES,101,2,No,2,5,210,950,22.105263,No
WASHINGTON_ALEJANDRO_MEDINA_MARTINEZ__GENERAL_CARRERA,WASHINGTON ALEJANDRO MEDINA MARTINEZ,H,REGIÓN DE AYSÉN DEL GENERAL CARLOS IBÁÑEZ DEL CAMPO,GENERAL CARRERA,L,TU REGION RADICAL,,IND,INDEPENDIENTES,102,1,Sí,2,5,1071,1155,92.727273,No
INGRID_TAMARA_DAPHNER_ARCOS_PINILLA__GENERAL_CARRERA,INGRID TAMARA DAPHNER ARCOS PINILLA,M,REGIÓN DE AYSÉN DEL GENERAL CARLOS IBÁÑEZ DEL CAMPO,GENERAL CARRERA,L,TU REGION RADICAL,,IND,INDEPENDIENTES,103,2,No,2,5,84,1155,7.272727,No
ANGELICA_VICTORIA_VALENZUELA_SALDIVIA__GENERAL_CARRERA,ANGELICA VICTORIA VALENZUELA SALDIVIA,M,REGIÓN DE AYSÉN DEL GENERAL CARLOS IBÁÑEZ DEL CAMPO,GENERAL CARRERA,N,LO MEJOR PARA CHILE,PPD E INDEPENDIENTES,IND,INDEPENDIENTES,104,1,Sí,2,5,273,658,41.489362,No
LORENA_ELISA_SOZA_HERNANDEZ__GENERAL_CARRERA,LORENA ELISA SOZA HERNANDEZ,M,REGIÓN DE AYSÉN DEL GENERAL CARLOS IBÁÑEZ DEL CAMPO,GENERAL CARRERA,N,LO MEJOR PARA CHILE,PS E INDEPENDIENTES,PS,PARTIDO SOCIALISTA DE CHILE,105,2,No,2,5,385,658,58.510638,No
PAULINA_HERNANDEZ_SANCHEZ__GENERAL_CARRERA,PAULINA HERNANDEZ SANCHEZ,M,REGIÓN DE AYSÉN DEL GENERAL CARLOS IBÁÑEZ DEL CAMPO,GENERAL CARRERA,Q,POR UN CHILE MEJOR,,PDC,PARTIDO DEMOCRATA CRISTIANO,106,1,Sí,2,5,1237,1340,92.313433,Sí
HECTOR_JAVIER_SAEZ_VEGA__GENERAL_CARRERA,HECTOR JAVIER SAEZ VEGA,H,REGIÓN DE AYSÉN DEL GENERAL CARLOS IBÁÑEZ DEL CAMPO,GENERAL CARRERA,Q,POR UN CHILE MEJOR,,IND,INDEPENDIENTES,107,2,No,2,5,103,1340,7.686567,No
ARCADIO_SOTO_SERON__GENERAL_CARRERA,ARCADIO SOTO SERON,H,REGIÓN DE AYSÉN DEL GENERAL CARLOS IBÁÑEZ DEL CAMPO,GENERAL CARRERA,V,CHILE VAMOS UDI - INDEPENDIENTES,,UDI,UNION DEMOCRATA INDEPENDIENTE,108,1,Sí,2,5,734,1251,58.673062,Sí
CARLOS_QUINTUL_CEA__GENERAL_CARRERA,CARLOS QUINTUL CEA,H,REGIÓN DE AYSÉN DEL GENERAL CARLOS IBÁÑEZ DEL CAMPO,GENERAL CARRERA,V,CHILE VAMOS UDI - INDEPENDIENTES,,UDI,UNION DEMOCRATA INDEPENDIENTE,109,2,No,2,5,517,1251,41.326938,No
JOSE_PAREDES_SOTO__ANTARTICA_CHILENA,JOSE PAREDES SOTO,H,REGIÓN DE MAGALLANES Y DE LA ANTÁRTICA CHILENA,ANTARTICA CHILENA,I,CHILE VAMOS RENOVACION NACIONAL - INDEPENDIENTES,,RN,RENOVACION NACIONAL,100,1,Sí,2,5,234,328,71.341463,Sí
ANGELA_BARRIA_BARRIENTOS__ANTARTICA_CHILENA,ANGELA BARRIA BARRIENTOS,M,REGIÓN DE MAGALLANES Y DE LA ANTÁRTICA CHILENA,ANTARTICA CHILENA,I,CHILE VAMOS RENOVACION NACIONAL - INDEPENDIENTES,,RN,RENOVACION NACIONAL,101,2,No,2,5,94,328,28.658537,No
MANUEL_ULLOA_MANCILLA__ANTARTICA_CHILENA,MANUEL ULLOA MANCILLA,H,REGIÓN DE MAGALLANES Y DE LA ANTÁRTICA CHILENA,ANTARTICA CHILENA,N,LO MEJOR PARA CHILE,PS E INDEPENDIENTES,PS,PARTIDO SOCIALISTA DE CHILE,102,1,Sí,1,5,143,143,100.0,No
HUGO_PEREZ_SANTANA__ANTARTICA_CHILENA,HUGO PEREZ SANTANA,H,REGIÓN DE MAGALLANES Y DE LA ANTÁRTICA CHILENA,ANTARTICA CHILENA,Q,POR UN CHILE MEJOR,,PDC,PARTIDO DEMOCRATA CRISTIANO,103,1,Sí,2,5,242,390,62.051282,Sí
JOSE_GUSTAVO_CASTRO_OBREQUE__ANTARTICA_CHILENA,JOSE GUSTAVO CASTRO OBREQUE,H,REGIÓN DE MAGALLANES Y DE LA ANTÁRTICA CHILENA,ANTARTICA CHILENA,Q,POR UN CHILE MEJOR,,IND,INDEPENDIENTES,104,2,No,2,5,148,390,37.948718,No
MATIAS_PATRICIO_ULLOA_ARAUS__ANTARTICA_CHILENA,MATIAS PATRICIO ULLOA ARAUS,H,REGIÓN DE MAGALLANES Y DE LA ANTÁRTICA CHILENA,ANTARTICA CHILENA,S,FRENTE AMPLIO,FRENTE AMPLIO E INDEPENDIENTES,IND,INDEPENDIENTES,105,1,Sí,2,5,65,106,61.320755,No
CLAUDIA_FABIOLA_SEGURA_LUENGO__ANTARTICA_CHILENA,CLAUDIA FABIOLA SEGURA LUENGO,M,REGIÓN DE MAGALLANES Y DE LA ANTÁRTICA CHILENA,ANTARTICA CHILENA,S,FRENTE AMPLIO,FRENTE AMPLIO E INDEPENDIENTES,IND,INDEPENDIENTES,106,2,No,2,5,41,106,38.679245,No
VICTOR_HERNAN_ARAVENA_GUTIERREZ__ANTARTICA_CHILENA,VICTOR HERNAN ARAVENA GUTIERREZ,H,REGIÓN DE MAGALLANES Y DE LA ANTÁRTICA CHILENA,ANTARTICA CHILENA,Y,REPUBLICANOS E INDEPENDIENTES,,REPUBLICANO,PARTIDO REPUBLICANO DE CHILE,107,1,Sí,2,5,157,244,64.344262,No
LUIS_MARCELO_GARRIDO_PINO__ANTARTICA_CHILENA,LUIS MARCELO GARRIDO PINO,H,REGIÓN DE MAGALLANES Y DE LA ANTÁRTICA CHILENA,ANTARTICA CHILENA,Y,REPUBLICANOS E INDEPENDIENTES,,REPUBLICANO,PARTIDO REPUBLICANO DE CHILE,108,2,No,2,5,87,244,35.655738,No
TERESA_BORQUEZ_AGUILA__MAGALLANES,TERESA BORQUEZ AGUILA,M,REGIÓN DE MAGALLANES Y DE LA ANTÁRTICA CHILENA,MAGALLANES,C,TODAS Y TODOS POR CHILE,PARTIDO COMUNISTA E INDEPENDIENTES,PCCH,PARTIDO COMUNISTA DE CHILE,100,1,Sí,3,10,1379,3329,41.423851,No
MIRTHA_SANCHEZ_ZUMAETA__MAGALLANES,MIRTHA SANCHEZ ZUMAETA,M,REGIÓN DE MAGALLANES Y DE LA ANTÁRTICA CHILENA,MAGALLANES,C,TODAS Y TODOS POR CHILE,PARTIDO COMUNISTA E INDEPENDIENTES,PCCH,PARTIDO COMUNISTA DE CHILE,101,2,No,3,10,483,3329,14.508862,No
FRANCISCO_ALARCON_NAVARRO__MAGALLANES,FRANCISCO ALARCON NAVARRO,H,REGIÓN DE MAGALLANES Y DE LA ANTÁRTICA CHILENA,MAGALLANES,C,TODAS Y TODOS POR CHILE,PARTIDO COMUNISTA E INDEPENDIENTES,PCCH,PARTIDO COMUNISTA DE CHILE,102,3,No,3,10,1467,3329,44.067287,No
ANGEL_ROA_ALEGRIA__MAGALLANES,ANGEL ROA ALEGRIA,H,REGIÓN DE MAGALLANES Y DE LA ANTÁRTICA CHILENA,MAGALLANES,F,PARTIDO SOCIAL CRISTIANO E INDEPENDIENTES,,PSC,PARTIDO SOCIAL CRISTIANO,103,1,Sí,5,10,1054,3829,27.526769,No
JOSSELIN_NICOL_FERREIRA_PAREDES__MAGALLANES,JOSSELIN NICOL FERREIRA PAREDES,M,REGIÓN DE MAGALLANES Y DE LA ANTÁRTICA CHILENA,MAGALLANES,F,PARTIDO SOCIAL CRISTIANO E INDEPENDIENTES,,PSC,PARTIDO SOCIAL CRISTIANO,104,2,No,5,10,1080,3829,28.205798,No
JAIME_COSME_ORMENO__MAGALLANES,JAIME COSME ORMEÑO,H,REGIÓN DE MAGALLANES Y DE LA ANTÁRTICA CHILENA,MAGALLANES,F,PARTIDO SOCIAL CRISTIANO E INDEPENDIENTES,,IND,INDEPENDIENTES,105,3,No,5,10,816,3829,21.311047,No
MARCO_AURELIO_ORTIZ_MARTINEZ__MAGALLANES,MARCO AURELIO ORTIZ MARTINEZ,H,REGIÓN DE MAGALLANES Y DE LA ANTÁRTICA CHILENA,MAGALLANES,F,PARTIDO SOCIAL CRISTIANO E INDEPENDIENTES,,IND,INDEPENDIENTES,106,4,No,5,10,322,3829,8.409506,No
MARIO_ESQUIVEL_LIZONDO__MAGALLANES,MARIO ESQUIVEL LIZONDO,H,REGIÓN DE MAGALLANES Y DE LA ANTÁRTICA CHILENA,MAGALLANES,F,PARTIDO SOCIAL CRISTIANO E INDEPENDIENTES,,IND,INDEPENDIENTES,107,5,No,5,10,557,3829,14.546879,No
EMILIO_GINOUVES_ALFARO__MAGALLANES,EMILIO GINOUVES ALFARO,H,REGIÓN DE MAGALLANES Y DE LA ANTÁRTICA CHILENA,MAGALLANES,I,CHILE VAMOS RENOVACION NACIONAL - INDEPENDIENTES,,RN,RENOVACION NACIONAL,108,1,Sí,7,10,648,7737,8.375339,No
SEGUNDO_ALVAREZ_SANCHEZ__MAGALLANES,SEGUNDO ALVAREZ SANCHEZ,H,REGIÓN DE MAGALLANES Y DE LA ANTÁRTICA CHILENA,MAGALLANES,I,CHILE VAMOS RENOVACION NACIONAL - INDEPENDIENTES,,RN,RENOVACION NACIONAL,109,2,No,7,10,797,7737,10.30115,No
NANO_SOTO_MUNOZ__MAGALLANES,NANO SOTO MUÑOZ,H,REGIÓN DE MAGALLANES Y DE LA ANTÁRTICA CHILENA,MAGALLANES,I,CHILE VAMOS RENOVACION NACIONAL - INDEPENDIENTES,,RN,RENOVACION NACIONAL,110,3,No,7,10,1281,7737,16.556805,Sí
JORGE_BALICH_ROJEL__MAGALLANES,JORGE BALICH ROJEL,H,REGIÓN DE MAGALLANES Y DE LA ANTÁRTICA CHILENA,MAGALLANES,I,CHILE VAMOS RENOVACION NACIONAL - INDEPENDIENTES,,RN,RENOVACION NACIONAL,111,4,No,7,10,1131,7737,14.618069,No
SALVADOR_HARAMBOUR_PALMA__MAGALLANES,SALVADOR HARAMBOUR PALMA,H,REGIÓN DE MAGALLANES Y DE LA ANTÁRTICA CHILENA,MAGALLANES,I,CHILE VAMOS RENOVACION NACIONAL - INDEPENDIENTES,,IND,INDEPENDIENTES,112,5,No,7,10,1783,7737,23.045108,No
CLAUDIA_MOLKEMBUHR_SAPUNAR__MAGALLANES,CLAUDIA MOLKEMBUHR SAPUNAR,M,REGIÓN DE MAGALLANES Y DE LA ANTÁRTICA CHILENA,MAGALLANES,I,CHILE VAMOS RENOVACION NACIONAL - INDEPENDIENTES,,IND,INDEPENDIENTES,113,6,No,7,10,1338,7737,17.293525,No
CHRISTIAN_ANTONIO_ZAMBRA_DONOSO__MAGALLANES,CHRISTIAN ANTONIO ZAMBRA DONOSO,H,REGIÓN DE MAGALLANES Y DE LA ANTÁRTICA CHILENA,MAGALLANES,I,CHILE VAMOS RENOVACION NACIONAL - INDEPENDIENTES,,IND,INDEPENDIENTES,114,7,No,7,10,759,7737,9.810004,No
JUAN_MAGALLANES_DIAZ_BAHAMONDE__MAGALLANES,JUAN MAGALLANES DIAZ BAHAMONDE,H,REGIÓN DE MAGALLANES Y DE LA ANTÁRTICA CHILENA,MAGALLANES,L,TU REGION RADICAL,,PR,PARTIDO RADICAL DE CHILE,115,1,Sí,2,10,928,2598,35.719784,No
ALFREDO_HUMBERTO_AGUERO_GARRIDO__MAGALLANES,ALFREDO HUMBERTO AGUERO GARRIDO,H,REGIÓN DE MAGALLANES Y DE LA ANTÁRTICA CHILENA,MAGALLANES,L,TU REGION RADICAL,,IND,INDEPENDIENTES,116,2,No,2,10,1670,2598,64.280216,No
ANTONIO_BRADASIC_SILLARD__MAGALLANES,ANTONIO BRADASIC SILLARD,H,REGIÓN DE MAGALLANES Y DE LA ANTÁRTICA CHILENA,MAGALLANES,N,LO MEJOR PARA CHILE,PS E INDEPENDIENTES,PS,PARTIDO SOCIALISTA DE CHILE,117,1,Sí,7,10,3501,9533,36.72506,Sí
MOISES_OJEDA_CALISTO__MAGALLANES,MOISES OJEDA CALISTO,H,REGIÓN DE MAGALLANES Y DE LA ANTÁRTICA CHILENA,MAGALLANES,N,LO MEJOR PARA CHILE,PS E INDEPENDIENTES,PS,PARTIDO SOCIALISTA DE CHILE,118,2,No,7,10,627,9533,6.577153,No
FERNANDO_HARO_MENESES__MAGALLANES,FERNANDO HARO MENESES,H,REGIÓN DE MAGALLANES Y DE LA ANTÁRTICA CHILENA,MAGALLANES,N,LO MEJOR PARA CHILE,PS E INDEPENDIENTES,PS,PARTIDO SOCIALISTA DE CHILE,119,3,No,7,10,656,9533,6.881359,No
BALDOVINO_GOMEZ_ALBA__MAGALLANES,BALDOVINO GOMEZ ALBA,H,REGIÓN DE MAGALLANES Y DE LA ANTÁRTICA CHILENA,MAGALLANES,N,LO MEJOR PARA CHILE,PS E INDEPENDIENTES,PS,PARTIDO SOCIALISTA DE CHILE,120,4,No,7,10,1183,9533,12.409525,No
ALEJANDRA_DEL_PILAR_CARROZA_LLANCALAHUEN__MAGALLANES,ALEJANDRA DEL PILAR CARROZA LLANCALAHUEN,M,REGIÓN DE MAGALLANES Y DE LA ANTÁRTICA CHILENA,MAGALLANES,N,LO MEJOR PARA CHILE,PPD E INDEPENDIENTES,IND,INDEPENDIENTES,121,5,No,7,10,673,9533,7.059687,No
LILIAN_LORETO_RIQUELME_OSTORNOL__MAGALLANES,LILIAN LORETO RIQUELME OSTORNOL,M,REGIÓN DE MAGALLANES Y DE LA ANTÁRTICA CHILENA,MAGALLANES,N,LO MEJOR PARA CHILE,PPD E INDEPENDIENTES,IND,INDEPENDIENTES,122,6,No,7,10,350,9533,3.671457,No
PATRICIA_AMARALES_OSORIO__MAGALLANES,PATRICIA AMARALES OSORIO,M,REGIÓN DE MAGALLANES Y DE LA ANTÁRTICA CHILENA,MAGALLANES,N,LO MEJOR PARA CHILE,PPD E INDEPENDIENTES,IND,INDEPENDIENTES,123,7,No,7,10,2543,9533,26.675758,No
JUAN_ENRIQUE_MORANO_CORNEJO__MAGALLANES,JUAN ENRIQUE MORANO CORNEJO,H,REGIÓN DE MAGALLANES Y DE LA ANTÁRTICA CHILENA,MAGALLANES,Q,POR UN CHILE MEJOR,,PDC,PARTIDO DEMOCRATA CRISTIANO,124,1,Sí,5,10,2816,6173,45.618014,Sí
JOHANA_ALEJANDRA_OLAVARRIA_ALVARADO__MAGALLANES,JOHANA ALEJANDRA OLAVARRIA ALVARADO,M,REGIÓN DE MAGALLANES Y DE LA ANTÁRTICA CHILENA,MAGALLANES,Q,POR UN CHILE MEJOR,,PDC,PARTIDO DEMOCRATA CRISTIANO,125,2,No,5,10,800,6173,12.959663,No
VICTOR_ARNOLDO_LOW_OYARZUN__MAGALLANES,VICTOR ARNOLDO LOW OYARZUN,H,REGIÓN DE MAGALLANES Y DE LA ANTÁRTICA CHILENA,MAGALLANES,Q,POR UN CHILE MEJOR,,PDC,PARTIDO DEMOCRATA CRISTIANO,126,3,No,5,10,872,6173,14.126033,No
IDILIA_DEL_CARMEN_LLAIQUEL_VERA__MAGALLANES,IDILIA DEL CARMEN LLAIQUEL VERA,M,REGIÓN DE MAGALLANES Y DE LA ANTÁRTICA CHILENA,MAGALLANES,Q,POR UN CHILE MEJOR,,PDC,PARTIDO DEMOCRATA CRISTIANO,127,4,No,5,10,244,6173,3.952697,No
JUAN_LUIS_OYARZO_GALVEZ__MAGALLANES,JUAN LUIS OYARZO GALVEZ,H,REGIÓN DE MAGALLANES Y DE LA ANTÁRTICA CHILENA,MAGALLANES,Q,POR UN CHILE MEJOR,,PDC,PARTIDO DEMOCRATA CRISTIANO,128,5,No,5,10,1441,6173,23.343593,No
ARTURO_ARMANDO_DIAZ_VALDERRAMA__MAGALLANES,ARTURO ARMANDO DIAZ VALDERRAMA,H,REGIÓN DE MAGALLANES Y DE LA ANTÁRTICA CHILENA,MAGALLANES,S,FRENTE AMPLIO,FRENTE AMPLIO E INDEPENDIENTES,FA,FRENTE AMPLIO,129,1,Sí,7,10,2623,6959,37.692197,Sí
JAVIERA_ROMAN_AMARALES__MAGALLANES,JAVIERA ROMAN AMARALES,M,REGIÓN DE MAGALLANES Y DE LA ANTÁRTICA CHILENA,MAGALLANES,S,FRENTE AMPLIO,FRENTE AMPLIO E INDEPENDIENTES,FA,FRENTE AMPLIO,130,2,No,7,10,2117,6959,30.421038,No
NORA_MARGOT_MARIN_MUNOZ__MAGALLANES,NORA MARGOT MARIN MUÑOZ,M,REGIÓN DE MAGALLANES Y DE LA ANTÁRTICA CHILENA,MAGALLANES,S,FRENTE AMPLIO,FRENTE AMPLIO E INDEPENDIENTES,FA,FRENTE AMPLIO,131,3,No,7,10,322,6959,4.627102,No
SEBASTIAN_FELIPE_VARGAS_UYEVICH__MAGALLANES,SEBASTIAN FELIPE VARGAS UYEVICH,H,REGIÓN DE MAGALLANES Y DE LA ANTÁRTICA CHILENA,MAGALLANES,S,FRENTE AMPLIO,FRENTE AMPLIO E INDEPENDIENTES,FA,FRENTE AMPLIO,132,4,No,7,10,505,6959,7.25679,No
PAMELA_BEATRIZ_DOMINGUEZ_BASTIDAS__MAGALLANES,PAMELA BEATRIZ DOMINGUEZ BASTIDAS,M,REGIÓN DE MAGALLANES Y DE LA ANTÁRTICA CHILENA,MAGALLANES,S,FRENTE AMPLIO,FRENTE AMPLIO E INDEPENDIENTES,FA,FRENTE AMPLIO,133,5,No,7,10,590,6959,8.47823,No
NATALIA_BELEN_GONZALEZ_AVENDANO__MAGALLANES,NATALIA BELEN GONZALEZ AVENDAÑO,M,REGIÓN DE MAGALLANES Y DE LA ANTÁRTICA CHILENA,MAGALLANES,S,FRENTE AMPLIO,FRENTE AMPLIO E INDEPENDIENTES,FA,FRENTE AMPLIO,134,6,No,7,10,418,6959,6.00661,No
NICOLAS_ANTONIO_DE_JESUS_VERA_DOS_SANTOS__MAGALLANES,NICOLAS ANTONIO DE JESUS VERA DOS SANTOS,H,REGIÓN DE MAGALLANES Y DE LA ANTÁRTICA CHILENA,MAGALLANES,S,FRENTE AMPLIO,FRENTE AMPLIO E INDEPENDIENTES,FA,FRENTE AMPLIO,135,7,No,7,10,384,6959,5.518034,No
ROXANA_GALLARDO_CONCHA__MAGALLANES,ROXANA GALLARDO CONCHA,M,REGIÓN DE MAGALLANES Y DE LA ANTÁRTICA CHILENA,MAGALLANES,V,CHILE VAMOS UDI - INDEPENDIENTES,,IND,INDEPENDIENTES,136,1,Sí,4,10,4611,7506,61.430855,Sí
SERGIO_BECERRA_DIAZ__MAGALLANES,SERGIO BECERRA DIAZ,H,REGIÓN DE MAGALLANES Y DE LA ANTÁRTICA CHILENA,MAGALLANES,V,CHILE VAMOS UDI - INDEPENDIENTES,,IND,INDEPENDIENTES,137,2,No,4,10,1738,7506,23.154809,No
GONZALO_ROSENFELD_SEKULOVIC__MAGALLANES,GONZALO ROSENFELD SEKULOVIC,H,REGIÓN DE MAGALLANES Y DE LA ANTÁRTICA CHILENA,MAGALLANES,V,CHILE VAMOS UDI - INDEPENDIENTES,,IND,INDEPENDIENTES,138,3,No,4,10,683,7506,9.099387,No
MANUEL_ALEJANDRO_GIRALDO_JARAMILLO__MAGALLANES,MANUEL ALEJANDRO GIRALDO JARAMILLO,H,REGIÓN DE MAGALLANES Y DE LA ANTÁRTICA CHILENA,MAGALLANES,V,CHILE VAMOS UDI - INDEPENDIENTES,,IND,INDEPENDIENTES,139,4,No,4,10,474,7506,6.314948,No
RODOLFO_ESTEBAN_ARECHETA_BALETA__MAGALLANES,RODOLFO ESTEBAN ARECHETA BALETA,H,REGIÓN DE MAGALLANES Y DE LA ANTÁRTICA CHILENA,MAGALLANES,W,CHILE VAMOS EVOPOLI - INDEPENDIENTES,,EVOPOLI,EVOLUCION POLITICA,140,1,Sí,7,10,4045,8341,48.495384,Sí
JACQUES_MICHEL_ROUX_VIDAL__MAGALLANES,JACQUES MICHEL ROUX VIDAL,H,REGIÓN DE MAGALLANES Y DE LA ANTÁRTICA CHILENA,MAGALLANES,W,CHILE VAMOS EVOPOLI - INDEPENDIENTES,,EVOPOLI,EVOLUCION POLITICA,141,2,No,7,10,1217,8341,14.590577,No
MARCELO_ENRIQUE_CREMASCHI_OJEDA__MAGALLANES,MARCELO ENRIQUE CREMASCHI OJEDA,H,REGIÓN DE MAGALLANES Y DE LA ANTÁRTICA CHILENA,MAGALLANES,W,CHILE VAMOS EVOPOLI - INDEPENDIENTES,,EVOPOLI,EVOLUCION POLITICA,142,3,No,7,10,782,8341,9.375375,No
ORLOV_ANDRES_ADOLFO_DUBROCK_MARTINEZ__MAGALLANES,ORLOV ANDRES ADOLFO DUBROCK MARTINEZ,H,REGIÓN DE MAGALLANES Y DE LA ANTÁRTICA CHILENA,MAGALLANES,W,CHILE VAMOS EVOPOLI - INDEPENDIENTES,,IND,INDEPENDIENTES,143,4,No,7,10,1022,8341,12.252727,No
GABRIELA_BERNARDA_SANDOVAL_DIAZ__MAGALLANES,GABRIELA BERNARDA SANDOVAL DIAZ,M,REGIÓN DE MAGALLANES Y DE LA ANTÁRTICA CHILENA,MAGALLANES,W,CHILE VAMOS EVOPOLI - INDEPENDIENTES,,IND,INDEPENDIENTES,144,5,No,7,10,472,8341,5.658794,No
MARIA_ALEJANDRA_BABAICH_CATANEO__MAGALLANES,MARIA ALEJANDRA BABAICH CATANEO,M,REGIÓN DE MAGALLANES Y DE LA ANTÁRTICA CHILENA,MAGALLANES,W,CHILE VAMOS EVOPOLI - INDEPENDIENTES,,IND,INDEPENDIENTES,145,6,No,7,10,532,8341,6.378132,No
NICOLAS_MATIAS_PEREZ_MONTT_ARANA__MAGALLANES,NICOLAS MATIAS PEREZ-MONTT ARANA,H,REGIÓN DE MAGALLANES Y DE LA ANTÁRTICA CHILENA,MAGALLANES,W,CHILE VAMOS EVOPOLI - INDEPENDIENTES,,IND,INDEPENDIENTES,146,7,No,7,10,271,8341,3.249011,No
ALLAN_MANUEL_STOWHAS_ALVARADO__MAGALLANES,ALLAN MANUEL STOWHAS ALVARADO,H,REGIÓN DE MAGALLANES Y DE LA ANTÁRTICA CHILENA,MAGALLANES,Y,REPUBLICANOS E INDEPENDIENTES,,REPUBLICANO,PARTIDO REPUBLICANO DE CHILE,147,1,Sí,7,10,2488,10918,22.788056,No
ROBERT_KURT_WEISSOHN_HECK__MAGALLANES,ROBERT KURT WEISSOHN HECK,H,REGIÓN DE MAGALLANES Y DE LA ANTÁRTICA CHILENA,MAGALLANES,Y,REPUBLICANOS E INDEPENDIENTES,,REPUBLICANO,PARTIDO REPUBLICANO DE CHILE,148,2,No,7,10,3327,10918,30.472614,Sí
LUZ_HELENA_GUZMAN_GARCIA__MAGALLANES,LUZ HELENA GUZMAN GARCIA,M,REGIÓN DE MAGALLANES Y DE LA ANTÁRTICA CHILENA,MAGALLANES,Y,REPUBLICANOS E INDEPENDIENTES,,REPUBLICANO,PARTIDO REPUBLICANO DE CHILE,149,3,No,7,10,919,10918,8.417293,No
SEBASTIAN_ORLANDO_OYARZO_OJEDA__MAGALLANES,SEBASTIAN ORLANDO OYARZO OJEDA,H,REGIÓN DE MAGALLANES Y DE LA ANTÁRTICA CHILENA,MAGALLANES,Y,REPUBLICANOS E INDEPENDIENTES,,REPUBLICANO,PARTIDO REPUBLICANO DE CHILE,150,4,No,7,10,1528,10918,13.995237,No
MIGUEL_ANGEL_PRIETO_QUEZADA__MAGALLANES,MIGUEL ANGEL PRIETO QUEZADA,H,REGIÓN DE MAGALLANES Y DE LA ANTÁRTICA CHILENA,MAGALLANES,Y,REPUBLICANOS E INDEPENDIENTES,,REPUBLICANO,PARTIDO REPUBLICANO DE CHILE,151,5,No,7,10,797,10918,7.299872,No
EVELYN_KARINA_ARAVENA_GUTIERREZ__MAGALLANES,EVELYN KARINA ARAVENA GUTIERREZ,M,REGIÓN DE MAGALLANES Y DE LA ANTÁRTICA CHILENA,MAGALLANES,Y,REPUBLICANOS E INDEPENDIENTES,,REPUBLICANO,PARTIDO REPUBLICANO DE CHILE,152,6,No,7,10,952,10918,8.719546,No
PAMELA_ALEJANDRA_COSSIO_BAOS__MAGALLANES,PAMELA ALEJANDRA COSSIO BAOS,M,REGIÓN DE MAGALLANES Y DE LA ANTÁRTICA CHILENA,MAGALLANES,Y,REPUBLICANOS E INDEPENDIENTES,,REPUBLICANO,PARTIDO REPUBLICANO DE CHILE,153,7,No,7,10,907,10918,8.307382,No
NEFTALI_TAPIA_POBLETE__TIERRA_DEL_FUEGO,NEFTALI TAPIA POBLETE,H,REGIÓN DE MAGALLANES Y DE LA ANTÁRTICA CHILENA,TIERRA DEL FUEGO,C,TODAS Y TODOS POR CHILE,PARTIDO COMUNISTA E INDEPENDIENTES,PCCH,PARTIDO COMUNISTA DE CHILE,100,1,Sí,2,4,102,637,16.012559,No
ALEJANDRO_ENRIQUE_NUNEZ_GUERRERO__TIERRA_DEL_FUEGO,ALEJANDRO ENRIQUE NUÑEZ GUERRERO,H,REGIÓN DE MAGALLANES Y DE LA ANTÁRTICA CHILENA,TIERRA DEL FUEGO,C,TODAS Y TODOS POR CHILE,PARTIDO COMUNISTA E INDEPENDIENTES,IND,INDEPENDIENTES,101,2,No,2,4,535,637,83.987441,No
RODOLFO_MARCELO_CARDENAS_ALVARADO__TIERRA_DEL_FUEGO,RODOLFO MARCELO CARDENAS ALVARADO,H,REGIÓN DE MAGALLANES Y DE LA ANTÁRTICA CHILENA,TIERRA DEL FUEGO,L,TU REGION RADICAL,,PR,PARTIDO RADICAL DE CHILE,102,1,Sí,2,4,1324,1760,75.227273,Sí
CARMEN_REBECA_SEKULOVIC_MATTUS__TIERRA_DEL_FUEGO,CARMEN REBECA SEKULOVIC MATTUS,M,REGIÓN DE MAGALLANES Y DE LA ANTÁRTICA CHILENA,TIERRA DEL FUEGO,L,TU REGION RADICAL,,IND,INDEPENDIENTES,103,2,No,2,4,436,1760,24.772727,No
ANDRES_NESTOR_FRANCISCO_LOPEZ_ESPANA__TIERRA_DEL_FUEGO,ANDRES NESTOR FRANCISCO LOPEZ ESPAÑA,H,REGIÓN DE MAGALLANES Y DE LA ANTÁRTICA CHILENA,TIERRA DEL FUEGO,N,LO MEJOR PARA CHILE,PPD E INDEPENDIENTES,PPD,PARTIDO POR LA DEMOCRACIA,104,1,Sí,2,4,1417,1624,87.253695,Sí
JORGE_FIERRO_ANDRADE__TIERRA_DEL_FUEGO,JORGE FIERRO ANDRADE,H,REGIÓN DE MAGALLANES Y DE LA ANTÁRTICA CHILENA,TIERRA DEL FUEGO,N,LO MEJOR PARA CHILE,PS E INDEPENDIENTES,IND,INDEPENDIENTES,105,2,No,2,4,207,1624,12.746305,No
CHRISTIAN_GONZALO_DEMANGEL_GONZALEZ__TIERRA_DEL_FUEGO,CHRISTIAN GONZALO DEMANGEL GONZALEZ,H,REGIÓN DE MAGALLANES Y DE LA ANTÁRTICA CHILENA,TIERRA DEL FUEGO,Y,REPUBLICANOS E INDEPENDIENTES,,REPUBLICANO,PARTIDO REPUBLICANO DE CHILE,106,1,Sí,2,4,331,561,59.001783,No
RODRIGO_FELIPE_MULLER_SANHUEZA__TIERRA_DEL_FUEGO,RODRIGO FELIPE MULLER SANHUEZA,H,REGIÓN DE MAGALLANES Y DE LA ANTÁRTICA CHILENA,TIERRA DEL FUEGO,Y,REPUBLICANOS E INDEPENDIENTES,,REPUBLICANO,PARTIDO REPUBLICANO DE CHILE,107,2,No,2,4,230,561,40.998217,No
MAX_SALAS_ILLANES__ULTIMA_ESPERANZA,MAX SALAS ILLANES,H,REGIÓN DE MAGALLANES Y DE LA ANTÁRTICA CHILENA,ULTIMA ESPERANZA,I,CHILE VAMOS RENOVACION NACIONAL - INDEPENDIENTES,,IND,INDEPENDIENTES,100,1,Sí,3,9,1312,2733,48.005854,Sí
CRISTIAN_YANEZ_RIQUELME__ULTIMA_ESPERANZA,CRISTIAN YAÑEZ RIQUELME,H,REGIÓN DE MAGALLANES Y DE LA ANTÁRTICA CHILENA,ULTIMA ESPERANZA,I,CHILE VAMOS RENOVACION NACIONAL - INDEPENDIENTES,,IND,INDEPENDIENTES,101,2,No,3,9,232,2733,8.48884,No
RODRIGO_UTZ_CONTRERAS__ULTIMA_ESPERANZA,RODRIGO UTZ CONTRERAS,H,REGIÓN DE MAGALLANES Y DE LA ANTÁRTICA CHILENA,ULTIMA ESPERANZA,I,CHILE VAMOS RENOVACION NACIONAL - INDEPENDIENTES,,IND,INDEPENDIENTES,102,3,No,3,9,1189,2733,43.505306,No
SANTIAGO_BENITO_RUIZ_MUNOZ__ULTIMA_ESPERANZA,SANTIAGO BENITO RUIZ MUÑOZ,H,REGIÓN DE MAGALLANES Y DE LA ANTÁRTICA CHILENA,ULTIMA ESPERANZA,L,TU REGION RADICAL,,IND,INDEPENDIENTES,103,1,Sí,3,9,149,843,17.67497,No
GUILLERMO_ANDRES_LOPEZ_JARA__ULTIMA_ESPERANZA,GUILLERMO ANDRES LOPEZ JARA,H,REGIÓN DE MAGALLANES Y DE LA ANTÁRTICA CHILENA,ULTIMA ESPERANZA,L,TU REGION RADICAL,,IND,INDEPENDIENTES,104,2,No,3,9,479,843,56.820878,No
FRANCISCO_SEGUNDO_COLIVORO_VARGAS__ULTIMA_ESPERANZA,FRANCISCO SEGUNDO COLIVORO VARGAS,H,REGIÓN DE MAGALLANES Y DE LA ANTÁRTICA CHILENA,ULTIMA ESPERANZA,L,TU REGION RADICAL,,IND,INDEPENDIENTES,105,3,No,3,9,215,843,25.504152,No
CLAUDIA_HERNANDEZ_OYARZO__ULTIMA_ESPERANZA,CLAUDIA HERNANDEZ OYARZO,M,REGIÓN DE MAGALLANES Y DE LA ANTÁRTICA CHILENA,ULTIMA ESPERANZA,N,LO MEJOR PARA CHILE,PS E INDEPENDIENTES,PS,PARTIDO SOCIALISTA DE CHILE,106,1,Sí,2,9,951,1938,49.071207,No
JOSE_ALMONACID_VARGAS__ULTIMA_ESPERANZA,JOSE ALMONACID VARGAS,H,REGIÓN DE MAGALLANES Y DE LA ANTÁRTICA CHILENA,ULTIMA ESPERANZA,N,LO MEJOR PARA CHILE,PS E INDEPENDIENTES,IND,INDEPENDIENTES,107,2,No,2,9,987,1938,50.928793,No
ABEL_ALEJANDRO_FERNANDEZ_TRAIPE__ULTIMA_ESPERANZA,ABEL ALEJANDRO FERNANDEZ TRAIPE,H,REGIÓN DE MAGALLANES Y DE LA ANTÁRTICA CHILENA,ULTIMA ESPERANZA,P,PARTIDO DE LA GENTE E INDEPENDIENTES,,PDG,PARTIDO DE LA GENTE,108,1,Sí,1,9,290,290,100.0,No
PATRICIO_GAMIN_BUSTAMANTE__ULTIMA_ESPERANZA,PATRICIO GAMIN BUSTAMANTE,H,REGIÓN DE MAGALLANES Y DE LA ANTÁRTICA CHILENA,ULTIMA ESPERANZA,Q,POR UN CHILE MEJOR,,PDC,PARTIDO DEMOCRATA CRISTIANO,109,1,Sí,3,9,2054,2970,69.158249,Sí
JOVITO_GONZALEZ_CHAMBLA__ULTIMA_ESPERANZA,JOVITO GONZALEZ CHAMBLA,H,REGIÓN DE MAGALLANES Y DE LA ANTÁRTICA CHILENA,ULTIMA ESPERANZA,Q,POR UN CHILE MEJOR,,PDC,PARTIDO DEMOCRATA CRISTIANO,110,2,No,3,9,363,2970,12.222222,No
SERGIO_PAINEL_MONTIEL__ULTIMA_ESPERANZA,SERGIO PAINEL MONTIEL,H,REGIÓN DE MAGALLANES Y DE LA ANTÁRTICA CHILENA,ULTIMA ESPERANZA,Q,POR UN CHILE MEJOR,,PDC,PARTIDO DEMOCRATA CRISTIANO,111,3,No,3,9,553,2970,18.619529,No
XIMENA_ELSA_MONTANA_VELASQUEZ__ULTIMA_ESPERANZA,XIMENA ELSA MONTAÑA VELASQUEZ,M,REGIÓN DE MAGALLANES Y DE LA ANTÁRTICA CHILENA,ULTIMA ESPERANZA,S,FRENTE AMPLIO,FRENTE AMPLIO E INDEPENDIENTES,IND,INDEPENDIENTES,112,1,Sí,2,9,1421,2502,56.794564,Sí
CRISTHIAN_ALEXIS_CATRIN_BARRIENTOS__ULTIMA_ESPERANZA,CRISTHIAN ALEXIS CATRIN BARRIENTOS,H,REGIÓN DE MAGALLANES Y DE LA ANTÁRTICA CHILENA,ULTIMA ESPERANZA,S,FRENTE AMPLIO,FRENTE AMPLIO E INDEPENDIENTES,IND,INDEPENDIENTES,113,2,No,2,9,1081,2502,43.205436,No
ALEXIS_VILLALOBOS_FLORES__ULTIMA_ESPERANZA,ALEXIS VILLALOBOS FLORES,H,REGIÓN DE MAGALLANES Y DE LA ANTÁRTICA CHILENA,ULTIMA ESPERANZA,V,CHILE VAMOS UDI - INDEPENDIENTES,,IND,INDEPENDIENTES,114,1,Sí,2,9,266,494,53.846154,No
FELIPE_MUNOZ_MUNOZ__ULTIMA_ESPERANZA,FELIPE MUÑOZ MUÑOZ,H,REGIÓN DE MAGALLANES Y DE LA ANTÁRTICA CHILENA,ULTIMA ESPERANZA,V,CHILE VAMOS UDI - INDEPENDIENTES,,IND,INDEPENDIENTES,115,2,No,2,9,228,494,46.153846,No
JULIO_CESAR_DIAZ_FERNANDEZ__ULTIMA_ESPERANZA,JULIO CESAR DIAZ FERNANDEZ,H,REGIÓN DE MAGALLANES Y DE LA ANTÁRTICA CHILENA,ULTIMA ESPERANZA,Y,REPUBLICANOS E INDEPENDIENTES,,REPUBLICANO,PARTIDO REPUBLICANO DE CHILE,116,1,Sí,3,9,629,1189,52.901598,No
JORGE_RICARDO_CANTILLANO_NUNEZ__ULTIMA_ESPERANZA,JORGE RICARDO CANTILLANO NUÑEZ,H,REGIÓN DE MAGALLANES Y DE LA ANTÁRTICA CHILENA,ULTIMA ESPERANZA,Y,REPUBLICANOS E INDEPENDIENTES,,REPUBLICANO,PARTIDO REPUBLICANO DE CHILE,117,2,No,3,9,359,1189,30.19344,No
SERGIO_IVAN_RETAMALES_CAMPOS__ULTIMA_ESPERANZA,SERGIO IVAN RETAMALES CAMPOS,H,REGIÓN DE MAGALLANES Y DE LA ANTÁRTICA CHILENA,ULTIMA ESPERANZA,Y,REPUBLICANOS E INDEPENDIENTES,,REPUBLICANO,PARTIDO REPUBLICANO DE CHILE,118,3,No,3,9,201,1189,16.904962,No
CARLOS_ENRIQUE_MANDRIAZA_MUNOZ__ULTIMA_ESPERANZA,CARLOS ENRIQUE MANDRIAZA MUÑOZ,H,REGIÓN DE MAGALLANES Y DE LA ANTÁRTICA CHILENA,ULTIMA ESPERANZA,,CANDIDATURA INDEPENDIENTE,,IND,INDEPENDIENTES,119,1,Sí,1,9,649,649,100.0,No
